"fdc_id","display_name","data_type","reference_dataset","reference_edition","publication_date","identity_description_match","food_category_match","calories_catalog","calories_reference","calories_delta","calories_tolerance","calories_status","calories_ref_nutrient_id","calories_ref_unit","calories_converted_from","calories_estimate_kcal","protein_g_catalog","protein_g_reference","protein_g_delta","protein_g_tolerance","protein_g_status","protein_g_ref_nutrient_id","protein_g_ref_unit","protein_g_converted_from","protein_g_estimate_kcal","carbs_g_catalog","carbs_g_reference","carbs_g_delta","carbs_g_tolerance","carbs_g_status","carbs_g_ref_nutrient_id","carbs_g_ref_unit","carbs_g_converted_from","carbs_g_estimate_kcal","fat_g_catalog","fat_g_reference","fat_g_delta","fat_g_tolerance","fat_g_status","fat_g_ref_nutrient_id","fat_g_ref_unit","fat_g_converted_from","fat_g_estimate_kcal","fiber_g_catalog","fiber_g_reference","fiber_g_delta","fiber_g_tolerance","fiber_g_status","fiber_g_ref_nutrient_id","fiber_g_ref_unit","fiber_g_converted_from","fiber_g_estimate_kcal","sugar_g_catalog","sugar_g_reference","sugar_g_delta","sugar_g_tolerance","sugar_g_status","sugar_g_ref_nutrient_id","sugar_g_ref_unit","sugar_g_converted_from","sugar_g_estimate_kcal","sodium_g_catalog","sodium_g_reference","sodium_g_delta","sodium_g_tolerance","sodium_g_status","sodium_g_ref_nutrient_id","sodium_g_ref_unit","sodium_g_converted_from","sodium_g_estimate_kcal","energy_estimate_kcal","verdict","flags"
"167606","Sweet Potato Fries (Frozen)","SR Legacy","sr_legacy","SR Legacy 2021-10-28","4/1/2019","True","True","182.0","182.0","0.0","0.5","verified","1008","kcal","","231.24","2.16","2.16","0.0","0.005","verified","1003","g","","","35.58","35.6","-0.02","0.05","verified","1005","g","","","8.92","8.92","0.0","0.005","verified","1004","g","","","5.7","5.7","0.0","0.005","verified","1079","g","","","12.9","12.9","0.0","0.05","verified","2000","g","","","0.146","0.146","0.0","0.0005","verified","1093","g","mg","","231.24","verified",""
"167687","Whipped Topping (Frozen, Low-Fat)","SR Legacy","sr_legacy","SR Legacy 2021-10-28","4/1/2019","True","True","224.0","224.0","0.0","0.5","verified","1008","kcal","","224.3","3.0","3.0","0.0","0.005","verified","1003","g","","","23.6","23.6","0.0","0.05","verified","1005","g","","","13.1","13.1","0.0","0.05","verified","1004","g","","","0.0","0.0","0.0","5e-05","genuine_zero","1079","g","","","23.6","23.6","0.0","0.05","verified","2000","g","","","0.072","0.072","0.0","5e-05","verified","1093","g","mg","","224.3","verified",""
"167692","Blue Or Roquefort Cheese Dressing Dressing","SR Legacy","sr_legacy","SR Legacy 2021-10-28","4/1/2019","True","True","86.0","86.0","0.0","0.05","verified","1008","kcal","","85.5","2.1","2.1","0.0","0.005","verified","1003","g","","","13.2","13.2","0.0","0.05","verified","1005","g","","","2.7","2.7","0.0","0.005","verified","1004","g","","","0.0","0.0","0.0","5e-05","genuine_zero","1079","g","","","3.6","3.6","0.0","0.005","verified","2000","g","","","0.939","0.939","0.0","0.0005","verified","1093","g","mg","","85.5","verified",""
"167695","Mayonnaise (Made With Tofu)","SR Legacy","sr_legacy","SR Legacy 2021-10-28","4/1/2019","True","True","322.0","322.0","0.0","0.5","verified","1008","kcal","","322.15","5.95","5.95","0.0","0.005","verified","1003","g","","","3.06","3.06","0.0","0.005","verified","1005","g","","","31.79","31.8","-0.01","0.05","verified","1004","g","","","1.1","1.1","0.0","0.005","verified","1079","g","","","0.85","0.85","0.0","0.0005","verified","2000","g","","","0.773","0.773","0.0","0.0005","verified","1093","g","mg","","322.15","verified",""
"167702","Flaxseed Oil (Cold-Pressed)","SR Legacy","sr_legacy","SR Legacy 2021-10-28","4/1/2019","True","True","884.0","884.0","0.0","0.5","verified","1008","kcal","","900.26","0.11","0.11","0.0","0.0005","verified","1003","g","","","0.0","0.0","0.0","5e-05","genuine_zero","1005","g","","","99.98","100.0","-0.02","0.5","verified","1004","g","","","0.0","0.0","0.0","5e-05","genuine_zero","1079","g","","","0.0","0.0","0.0","5e-05","genuine_zero","2000","g","","","0.0","0.0","0.0","5e-05","genuine_zero","1093","g","mg","","900.26","verified",""
"167704","Bacon And Tomato Dressing","SR Legacy","sr_legacy","SR Legacy 2021-10-28","4/1/2019","True","True","326.0","326.0","0.0","0.5","verified","1008","kcal","","330.2","1.8","1.8","0.0","0.005","verified","1003","g","","","2.0","2.0","0.0","0.005","verified","1005","g","","","35.0","35.0","0.0","0.05","verified","1004","g","","","0.2","0.2","0.0","0.0005","verified","1079","g","","","2.0","2.0","0.0","0.005","verified","2000","g","","","0.905","0.905","0.0","0.0005","verified","1093","g","mg","","330.2","verified",""
"167709","Turkey Wing (Smoked, Cooked)","SR Legacy","sr_legacy","SR Legacy 2021-10-28","4/1/2019","True","True","221.0","221.0","0.0","0.5","verified","1008","kcal","","221.29","27.4","27.4","0.0","0.05","verified","1003","g","","","0.0","0.0","0.0","5e-05","genuine_zero","1005","g","","","12.41","12.4","0.01","0.05","verified","1004","g","","","0.0","0.0","0.0","5e-05","genuine_zero","1079","g","","","0.0","0.0","0.0","5e-05","genuine_zero","2000","g","","","0.996","0.996","0.0","0.0005","verified","1093","g","mg","","221.29","verified",""
"167713","Turkey (Smoked, Cooked)","SR Legacy","sr_legacy","SR Legacy 2021-10-28","4/1/2019","True","True","162.0","162.0","0.0","0.5","verified","1008","kcal","","162.2","29.3","29.3","0.0","0.05","verified","1003","g","","","0.0","0.0","0.0","5e-05","genuine_zero","1005","g","","","5.0","5.0","0.0","0.005","verified","1004","g","","","0.0","0.0","0.0","5e-05","genuine_zero","1079","g","","","0.0","0.0","0.0","5e-05","genuine_zero","2000","g","","","0.996","0.996","0.0","0.0005","verified","1093","g","mg","","162.2","verified",""
"167714","Hearts of Palm (Raw)","SR Legacy","sr_legacy","SR Legacy 2021-10-28","4/1/2019","True","True","115.0","115.0","0.0","0.5","verified","1008","kcal","","115.04","2.7","2.7","0.0","0.005","verified","1003","g","","","25.61","25.6","0.01","0.05","verified","1005","g","","","0.2","0.2","0.0","0.0005","verified","1004","g","","","1.5","1.5","0.0","0.005","verified","1079","g","","","17.16","17.2","-0.04","0.05","verified","2000","g","","","0.014","0.014","0.0","5e-05","verified","1093","g","mg","","115.04","verified",""
"167717","Yeast Extract Spread","SR Legacy","sr_legacy","SR Legacy 2021-10-28","4/1/2019","True","True","185.0","185.0","0.0","0.5","verified","1008","kcal","","185.3","23.88","23.9","-0.02","0.05","verified","1003","g","","","20.42","20.4","0.02","0.05","verified","1005","g","","","0.9","0.9","0.0","0.0005","verified","1004","g","","","6.5","6.5","0.0","0.005","verified","1079","g","","","1.6","1.6","0.0","0.005","verified","2000","g","","","3.38","3.38","0.0","0.005","verified","1093","g","mg","","185.3","verified",""
"167722","Tofu Yogurt","SR Legacy","sr_legacy","SR Legacy 2021-10-28","4/1/2019","True","True","94.0","94.0","0.0","0.05","verified","1008","kcal","","94.04","3.5","3.5","0.0","0.005","verified","1003","g","","","15.96","16.0","-0.04","0.05","verified","1005","g","","","1.8","1.8","0.0","0.005","verified","1004","g","","","0.2","0.2","0.0","0.0005","verified","1079","g","","","1.24","1.24","0.0","0.005","verified","2000","g","","","0.035","0.035","0.0","5e-05","verified","1093","g","mg","","94.04","verified",""
"167736","Mayonnaise Dressing (No Cholesterol)","SR Legacy","sr_legacy","SR Legacy 2021-10-28","4/1/2019","True","True","688.0","688.0","0.0","0.5","verified","1008","kcal","","701.4","0.0","0.0","0.0","5e-05","genuine_zero","1003","g","","","0.3","0.3","0.0","0.0005","verified","1005","g","","","77.8","77.8","0.0","0.05","verified","1004","g","","","0.0","0.0","0.0","5e-05","genuine_zero","1079","g","","","0.3","0.3","0.0","0.0005","verified","2000","g","","","0.486","0.486","0.0","0.0005","verified","1093","g","mg","","701.4","verified",""
"167737","Corn-Peanut-Olive Oil Blend","SR Legacy","sr_legacy","SR Legacy 2021-10-28","4/1/2019","True","True","884.0","884.0","0.0","0.5","verified","1008","kcal","","900.0","0.0","0.0","0.0","5e-05","genuine_zero","1003","g","","","0.0","0.0","0.0","5e-05","genuine_zero","1005","g","","","100.0","100.0","0.0","0.5","verified","1004","g","","","0.0","0.0","0.0","5e-05","genuine_zero","1079","g","","","0.0","0.0","0.0","5e-05","genuine_zero","2000","g","","","0.0","0.0","0.0","5e-05","genuine_zero","1093","g","mg","","900.0","verified",""
"167742","Scallops (Steamed)","SR Legacy","sr_legacy","SR Legacy 2021-10-28","4/1/2019","True","True","111.0","111.0","0.0","0.5","verified","1008","kcal","","111.36","20.54","20.5","0.04","0.05","verified","1003","g","","","5.41","5.41","0.0","0.005","verified","1005","g","","","0.84","0.84","0.0","0.0005","verified","1004","g","","","0.0","0.0","0.0","5e-05","genuine_zero","1079","g","","","0.0","0.0","0.0","5e-05","genuine_zero","2000","g","","","0.667","0.667","0.0","0.0005","verified","1093","g","mg","","111.36","verified",""
"167744","Snail (Raw)","SR Legacy","sr_legacy","SR Legacy 2021-10-28","4/1/2019","True","True","90.0","90.0","0.0","0.05","verified","1008","kcal","","85.0","16.1","16.1","0.0","0.05","verified","1003","g","","","2.0","2.0","0.0","0.005","verified","1005","g","","","1.4","1.4","0.0","0.005","verified","1004","g","","","0.0","0.0","0.0","5e-05","genuine_zero","1079","g","","","0.0","0.0","0.0","5e-05","genuine_zero","2000","g","","","0.07","0.07","0.0","5e-05","verified","1093","g","mg","","85.0","verified",""
"167745","Turtle (Green, Raw)","SR Legacy","sr_legacy","SR Legacy 2021-10-28","4/1/2019","True","True","89.0","89.0","0.0","0.05","verified","1008","kcal","","83.7","19.8","19.8","0.0","0.05","verified","1003","g","","","0.0","0.0","0.0","5e-05","genuine_zero","1005","g","","","0.5","0.5","0.0","0.0005","verified","1004","g","","","0.0","0.0","0.0","5e-05","genuine_zero","1079","g","","","0.0","0.0","0.0","5e-05","genuine_zero","2000","g","","","0.068","0.068","0.0","5e-05","verified","1093","g","mg","","83.7","verified",""
"167746","Lemons (Without Peel, Raw)","SR Legacy","sr_legacy","SR Legacy 2021-10-28","4/1/2019","True","True","29.0","29.0","0.0","0.05","verified","1008","kcal","","44.38","1.1","1.1","0.0","0.005","verified","1003","g","","","9.32","9.32","0.0","0.005","verified","1005","g","","","0.3","0.3","0.0","0.0005","verified","1004","g","","","2.8","2.8","0.0","0.005","verified","1079","g","","","2.5","2.5","0.0","0.005","verified","2000","g","","","0.002","0.002","0.0","5e-05","verified","1093","g","mg","","44.38","verified",""
"167747","Lemon Juice (Raw)","SR Legacy","sr_legacy","SR Legacy 2021-10-28","4/1/2019","True","True","22.0","22.0","0.0","0.05","verified","1008","kcal","","31.16","0.35","0.35","0.0","0.0005","verified","1003","g","","","6.9","6.9","0.0","0.005","verified","1005","g","","","0.24","0.24","0.0","0.0005","verified","1004","g","","","0.3","0.3","0.0","0.0005","verified","1079","g","","","2.52","2.52","0.0","0.005","verified","2000","g","","","0.001","0.001","0.0","5e-05","verified","1093","g","mg","","31.16","verified",""
"167748","Lemon Juice (From Concentrate)","SR Legacy","sr_legacy","SR Legacy 2021-10-28","4/1/2019","True","True","17.0","17.0","0.0","0.05","verified","1008","kcal","","24.91","0.45","0.45","0.0","0.0005","verified","1003","g","","","5.62","5.62","0.0","0.005","verified","1005","g","","","0.07","0.07","0.0","5e-05","verified","1004","g","","","0.7","0.7","0.0","0.0005","verified","1079","g","","","1.53","1.53","0.0","0.005","verified","2000","g","","","0.024","0.024","0.0","5e-05","verified","1093","g","mg","","24.91","verified",""
"167749","Lemon Peel (Raw)","SR Legacy","sr_legacy","SR Legacy 2021-10-28","4/1/2019","True","True","47.0","47.0","0.0","0.05","verified","1008","kcal","","72.7","1.5","1.5","0.0","0.005","verified","1003","g","","","16.0","16.0","0.0","0.05","verified","1005","g","","","0.3","0.3","0.0","0.0005","verified","1004","g","","","10.6","10.6","0.0","0.05","verified","1079","g","","","4.17","4.17","0.0","0.005","verified","2000","g","","","0.006","0.006","0.0","5e-05","verified","1093","g","mg","","72.7","verified",""
"167750","Prickly Pears (Raw)","SR Legacy","sr_legacy","SR Legacy 2021-10-28","4/1/2019","True","True","41.0","41.0","0.0","0.05","verified","1008","kcal","","45.79","0.73","0.73","0.0","0.0005","verified","1003","g","","","9.57","9.57","0.0","0.005","verified","1005","g","","","0.51","0.51","0.0","0.0005","verified","1004","g","","","3.6","3.6","0.0","0.005","verified","1079","g","","","0.0","","","5e-05","missing_in_reference","","","","","0.005","0.005","0.0","5e-05","verified","1093","g","mg","","45.79","verified_with_gaps","macro_gap:sugar_g"
"167753","Prune Juice (Canned)","SR Legacy","sr_legacy","SR Legacy 2021-10-28","4/1/2019","True","True","71.0","71.0","0.0","0.05","verified","1008","kcal","","72.31","0.61","0.61","0.0","0.0005","verified","1003","g","","","17.4","17.4","0.0","0.05","verified","1005","g","","","0.03","0.03","0.0","5e-05","verified","1004","g","","","1.0","1.0","0.0","0.005","verified","1079","g","","","16.4","16.4","0.0","0.05","verified","2000","g","","","0.004","0.004","0.0","5e-05","verified","1093","g","mg","","72.31","verified",""
"167754","Pomelo (Raw)","SR Legacy","sr_legacy","SR Legacy 2021-10-28","4/1/2019","True","True","38.0","38.0","0.0","0.05","verified","1008","kcal","","41.88","0.76","0.76","0.0","0.0005","verified","1003","g","","","9.62","9.62","0.0","0.005","verified","1005","g","","","0.04","0.04","0.0","5e-05","verified","1004","g","","","1.0","1.0","0.0","0.005","verified","1079","g","","","0.0","","","5e-05","missing_in_reference","","","","","0.001","0.001","0.0","5e-05","verified","1093","g","mg","","41.88","verified_with_gaps","macro_gap:sugar_g"
"167755","Raspberries (Raw)","SR Legacy","sr_legacy","SR Legacy 2021-10-28","4/1/2019","True","True","52.0","52.0","0.0","0.05","verified","1008","kcal","","58.41","1.2","1.2","0.0","0.005","verified","1003","g","","","11.94","11.9","0.04","0.05","verified","1005","g","","","0.65","0.65","0.0","0.0005","verified","1004","g","","","6.5","6.5","0.0","0.005","verified","1079","g","","","4.42","4.42","0.0","0.005","verified","2000","g","","","0.001","0.001","0.0","5e-05","verified","1093","g","mg","","58.41","verified",""
"167757","Raspberries (Frozen, Sweetened)","SR Legacy","sr_legacy","SR Legacy 2021-10-28","4/1/2019","True","True","103.0","103.0","0.0","0.5","verified","1008","kcal","","108.88","0.7","0.7","0.0","0.0005","verified","1003","g","","","26.16","26.2","-0.04","0.05","verified","1005","g","","","0.16","0.16","0.0","0.0005","verified","1004","g","","","4.4","4.4","0.0","0.005","verified","1079","g","","","21.76","21.8","-0.04","0.05","verified","2000","g","","","0.001","0.001","0.0","5e-05","verified","1093","g","mg","","108.88","verified",""
"167758","Rhubarb (Raw)","SR Legacy","sr_legacy","SR Legacy 2021-10-28","4/1/2019","True","True","21.0","21.0","0.0","0.05","verified","1008","kcal","","23.56","0.9","0.9","0.0","0.0005","verified","1003","g","","","4.54","4.54","0.0","0.005","verified","1005","g","","","0.2","0.2","0.0","0.0005","verified","1004","g","","","1.8","1.8","0.0","0.005","verified","1079","g","","","1.1","1.1","0.0","0.005","verified","2000","g","","","0.004","0.004","0.0","5e-05","verified","1093","g","mg","","23.56","verified",""
"167759","Sapodilla (Raw)","SR Legacy","sr_legacy","SR Legacy 2021-10-28","4/1/2019","True","True","83.0","83.0","0.0","0.05","verified","1008","kcal","","91.5","0.44","0.44","0.0","0.0005","verified","1003","g","","","19.96","20.0","-0.04","0.05","verified","1005","g","","","1.1","1.1","0.0","0.005","verified","1004","g","","","5.3","5.3","0.0","0.005","verified","1079","g","","","0.0","","","5e-05","missing_in_reference","","","","","0.012","0.012","0.0","5e-05","verified","1093","g","mg","","91.5","verified_with_gaps","macro_gap:sugar_g"
"167760","Mamey Sapote (Raw)","SR Legacy","sr_legacy","SR Legacy 2021-10-28","4/1/2019","True","True","124.0","124.0","0.0","0.5","verified","1008","kcal","","138.34","1.45","1.45","0.0","0.005","verified","1003","g","","","32.1","32.1","0.0","0.05","verified","1005","g","","","0.46","0.46","0.0","0.0005","verified","1004","g","","","5.4","5.4","0.0","0.005","verified","1079","g","","","20.14","20.1","0.04","0.05","verified","2000","g","","","0.007","0.007","0.0","5e-05","verified","1093","g","mg","","138.34","verified",""
"167761","Soursop (Raw)","SR Legacy","sr_legacy","SR Legacy 2021-10-28","4/1/2019","True","True","66.0","66.0","0.0","0.05","verified","1008","kcal","","74.06","1.0","1.0","0.0","0.005","verified","1003","g","","","16.84","16.8","0.04","0.05","verified","1005","g","","","0.3","0.3","0.0","0.0005","verified","1004","g","","","3.3","3.3","0.0","0.005","verified","1079","g","","","13.54","13.5","0.04","0.05","verified","2000","g","","","0.014","0.014","0.0","5e-05","verified","1093","g","mg","","74.06","verified",""
"167762","Strawberries (Raw)","SR Legacy","sr_legacy","SR Legacy 2021-10-28","4/1/2019","True","True","32.0","32.0","0.0","0.05","verified","1008","kcal","","36.1","0.67","0.67","0.0","0.0005","verified","1003","g","","","7.68","7.68","0.0","0.005","verified","1005","g","","","0.3","0.3","0.0","0.0005","verified","1004","g","","","2.0","2.0","0.0","0.005","verified","1079","g","","","4.89","4.89","0.0","0.005","verified","2000","g","","","0.001","0.001","0.0","5e-05","verified","1093","g","mg","","36.1","verified",""
"167763","Tamarind (Raw)","SR Legacy","sr_legacy","SR Legacy 2021-10-28","4/1/2019","True","True","239.0","239.0","0.0","0.5","verified","1008","kcal","","266.6","2.8","2.8","0.0","0.005","verified","1003","g","","","62.5","62.5","0.0","0.05","verified","1005","g","","","0.6","0.6","0.0","0.0005","verified","1004","g","","","5.1","5.1","0.0","0.005","verified","1079","g","","","38.8","38.8","0.0","0.05","verified","2000","g","","","0.028","0.028","0.0","5e-05","verified","1093","g","mg","","266.6","verified",""
"167764","Tropical Fruit Salad (Heavy Syrup)","SR Legacy","sr_legacy","SR Legacy 2021-10-28","4/1/2019","True","True","86.0","86.0","0.0","0.05","verified","1008","kcal","","91.98","0.41","0.41","0.0","0.0005","verified","1003","g","","","22.36","22.4","-0.04","0.05","verified","1005","g","","","0.1","0.1","0.0","0.0005","verified","1004","g","","","1.3","1.3","0.0","0.005","verified","1079","g","","","0.0","","","5e-05","missing_in_reference","","","","","0.002","0.002","0.0","5e-05","verified","1093","g","mg","","91.98","verified_with_gaps","macro_gap:sugar_g"
"167765","Watermelon (Raw)","SR Legacy","sr_legacy","SR Legacy 2021-10-28","4/1/2019","True","True","30.0","30.0","0.0","0.05","verified","1008","kcal","","33.99","0.61","0.61","0.0","0.0005","verified","1003","g","","","7.55","7.55","0.0","0.005","verified","1005","g","","","0.15","0.15","0.0","0.0005","verified","1004","g","","","0.4","0.4","0.0","0.0005","verified","1079","g","","","6.2","6.2","0.0","0.005","verified","2000","g","","","0.001","0.001","0.0","5e-05","verified","1093","g","mg","","33.99","verified",""
"167766","Maraschino Cherries (Canned, Drained)","SR Legacy","sr_legacy","SR Legacy 2021-10-28","4/1/2019","True","True","165.0","165.0","0.0","0.5","verified","1008","kcal","","170.65","0.22","0.22","0.0","0.0005","verified","1003","g","","","41.97","42.0","-0.03","0.05","verified","1005","g","","","0.21","0.21","0.0","0.0005","verified","1004","g","","","3.2","3.2","0.0","0.005","verified","1079","g","","","38.77","38.8","-0.03","0.05","verified","2000","g","","","0.004","0.004","0.0","5e-05","verified","1093","g","mg","","170.65","verified",""
"167767","Pineapple (Canned, Juice Pack, Drained)","SR Legacy","sr_legacy","SR Legacy 2021-10-28","4/1/2019","True","True","60.0","60.0","0.0","0.05","verified","1008","kcal","","65.27","0.51","0.51","0.0","0.0005","verified","1003","g","","","15.56","15.6","-0.04","0.05","verified","1005","g","","","0.11","0.11","0.0","0.0005","verified","1004","g","","","1.3","1.3","0.0","0.005","verified","1079","g","","","14.26","14.3","-0.04","0.05","verified","2000","g","","","0.001","0.001","0.0","5e-05","verified","1093","g","mg","","65.27","verified",""
"167768","Apricots (Canned, Heavy Syrup, Drained)","SR Legacy","sr_legacy","SR Legacy 2021-10-28","4/1/2019","True","True","83.0","83.0","0.0","0.05","verified","1008","kcal","","88.79","0.64","0.64","0.0","0.0005","verified","1003","g","","","21.31","21.3","0.01","0.05","verified","1005","g","","","0.11","0.11","0.0","0.0005","verified","1004","g","","","2.7","2.7","0.0","0.005","verified","1079","g","","","18.65","18.6","0.05","0.05","verified","2000","g","","","0.004","0.004","0.0","5e-05","verified","1093","g","mg","","88.79","verified",""
"167769","Cherries (Sour, Water Pack, Drained)","SR Legacy","sr_legacy","SR Legacy 2021-10-28","4/1/2019","True","True","42.0","42.0","0.0","0.05","verified","1008","kcal","","46.45","0.69","0.69","0.0","0.0005","verified","1003","g","","","10.45","10.4","0.05","0.05","verified","1005","g","","","0.21","0.21","0.0","0.0005","verified","1004","g","","","1.2","1.2","0.0","0.005","verified","1079","g","","","6.99","6.99","0.0","0.005","verified","2000","g","","","0.004","0.004","0.0","5e-05","verified","1093","g","mg","","46.45","verified",""
"167770","Cherries (Sweet, Heavy Syrup, Drained)","SR Legacy","sr_legacy","SR Legacy 2021-10-28","4/1/2019","True","True","83.0","83.0","0.0","0.05","verified","1008","kcal","","89.09","0.73","0.73","0.0","0.0005","verified","1003","g","","","21.07","21.1","-0.03","0.05","verified","1005","g","","","0.21","0.21","0.0","0.0005","verified","1004","g","","","2.3","2.3","0.0","0.005","verified","1079","g","","","16.18","16.2","-0.02","0.05","verified","2000","g","","","0.003","0.003","0.0","5e-05","verified","1093","g","mg","","89.09","verified",""
"167771","Apple Juice (Canned/Bottled)","SR Legacy","sr_legacy","SR Legacy 2021-10-28","4/1/2019","True","True","46.0","46.0","0.0","0.05","verified","1008","kcal","","46.77","0.1","0.1","0.0","0.0005","verified","1003","g","","","11.3","11.3","0.0","0.05","verified","1005","g","","","0.13","0.13","0.0","0.0005","verified","1004","g","","","0.2","0.2","0.0","0.0005","verified","1079","g","","","9.62","9.62","0.0","0.005","verified","2000","g","","","0.004","0.004","0.0","5e-05","verified","1093","g","mg","","46.77","verified",""
"167772","Applesauce (Canned, Unsweetened)","SR Legacy","sr_legacy","SR Legacy 2021-10-28","4/1/2019","True","True","42.0","42.0","0.0","0.05","verified","1008","kcal","","46.66","0.17","0.17","0.0","0.0005","verified","1003","g","","","11.27","11.3","-0.03","0.05","verified","1005","g","","","0.1","0.1","0.0","0.0005","verified","1004","g","","","1.1","1.1","0.0","0.005","verified","1079","g","","","9.39","9.39","0.0","0.005","verified","2000","g","","","0.002","0.002","0.0","5e-05","verified","1093","g","mg","","46.66","verified",""
"167773","Applesauce (Canned, Sweetened)","SR Legacy","sr_legacy","SR Legacy 2021-10-28","4/1/2019","True","True","76.0","76.0","0.0","0.05","verified","1008","kcal","","81.98","0.18","0.18","0.0","0.0005","verified","1003","g","","","19.91","19.9","0.01","0.05","verified","1005","g","","","0.18","0.18","0.0","0.0005","verified","1004","g","","","1.2","1.2","0.0","0.005","verified","1079","g","","","0.0","","","5e-05","missing_in_reference","","","","","0.028","0.028","0.0","5e-05","verified","1093","g","mg","","81.98","verified_with_gaps","macro_gap:sugar_g"
"167774","Grapefruit Juice (Pink, Raw)","SR Legacy","sr_legacy","SR Legacy 2021-10-28","4/1/2019","True","True","39.0","39.0","0.0","0.05","verified","1008","kcal","","39.7","0.5","0.5","0.0","0.0005","verified","1003","g","","","9.2","9.2","0.0","0.005","verified","1005","g","","","0.1","0.1","0.0","0.0005","verified","1004","g","","","0.0","","","5e-05","missing_in_reference","","","","","0.0","","","5e-05","missing_in_reference","","","","","0.001","0.001","0.0","5e-05","verified","1093","g","mg","","39.7","verified_with_gaps","macro_gap:fiber_g,sugar_g"
"167775","Apple Juice (Frozen Concentrate, Reconstituted)","SR Legacy","sr_legacy","SR Legacy 2021-10-28","4/1/2019","True","True","47.0","47.0","0.0","0.05","verified","1008","kcal","","47.62","0.14","0.14","0.0","0.0005","verified","1003","g","","","11.54","11.5","0.04","0.05","verified","1005","g","","","0.1","0.1","0.0","0.0005","verified","1004","g","","","0.1","0.1","0.0","0.0005","verified","1079","g","","","0.0","","","5e-05","missing_in_reference","","","","","0.007","0.007","0.0","5e-05","verified","1093","g","mg","","47.62","verified_with_gaps","macro_gap:sugar_g"
"167777","Red Anjou Pear (Raw)","SR Legacy","sr_legacy","SR Legacy 2021-10-28","4/1/2019","True","True","62.0","62.0","0.0","0.05","verified","1008","kcal","","62.34","0.33","0.33","0.0","0.0005","verified","1003","g","","","14.94","14.9","0.04","0.05","verified","1005","g","","","0.14","0.14","0.0","0.0005","verified","1004","g","","","3.0","3.0","0.0","0.005","verified","1079","g","","","9.54","9.54","0.0","0.005","verified","2000","g","","","0.001","0.001","0.0","5e-05","verified","1093","g","mg","","62.34","verified",""
"167780","Prune Puree","SR Legacy","sr_legacy","SR Legacy 2021-10-28","4/1/2019","True","True","257.0","257.0","0.0","0.5","verified","1008","kcal","","270.6","2.1","2.1","0.0","0.005","verified","1003","g","","","65.1","65.1","0.0","0.05","verified","1005","g","","","0.2","0.2","0.0","0.0005","verified","1004","g","","","3.3","3.3","0.0","0.005","verified","1079","g","","","39.0","39.0","0.0","0.05","verified","2000","g","","","0.023","0.023","0.0","5e-05","verified","1093","g","mg","","270.6","verified",""
"167782","Abiyuch Fruit (Raw)","SR Legacy","sr_legacy","SR Legacy 2021-10-28","4/1/2019","True","True","69.0","69.0","0.0","0.05","verified","1008","kcal","","77.3","1.5","1.5","0.0","0.005","verified","1003","g","","","17.6","17.6","0.0","0.05","verified","1005","g","","","0.1","0.1","0.0","0.0005","verified","1004","g","","","5.3","5.3","0.0","0.005","verified","1079","g","","","8.55","8.55","0.0","0.005","verified","2000","g","","","0.02","0.02","0.0","5e-05","verified","1093","g","mg","","77.3","verified",""
"167783","Rowal Fruit (Raw)","SR Legacy","sr_legacy","SR Legacy 2021-10-28","4/1/2019","True","True","111.0","111.0","0.0","0.5","verified","1008","kcal","","122.8","2.3","2.3","0.0","0.005","verified","1003","g","","","23.9","23.9","0.0","0.05","verified","1005","g","","","2.0","2.0","0.0","0.005","verified","1004","g","","","6.2","6.2","0.0","0.005","verified","1079","g","","","14.1","14.1","0.0","0.05","verified","2000","g","","","0.004","0.004","0.0","5e-05","verified","1093","g","mg","","122.8","verified",""
"167784","Guava Nectar (Canned)","SR Legacy","sr_legacy","SR Legacy 2021-10-28","4/1/2019","True","True","63.0","63.0","0.0","0.05","verified","1008","kcal","","65.7","0.09","0.09","0.0","5e-05","verified","1003","g","","","16.2","16.2","0.0","0.05","verified","1005","g","","","0.06","0.06","0.0","5e-05","verified","1004","g","","","1.0","1.0","0.0","0.005","verified","1079","g","","","13.0","13.0","0.0","0.05","verified","2000","g","","","0.006","0.006","0.0","5e-05","verified","1093","g","mg","","65.7","verified",""
"167785","Mango Nectar (Canned)","SR Legacy","sr_legacy","SR Legacy 2021-10-28","4/1/2019","True","True","51.0","51.0","0.0","0.05","verified","1008","kcal","","53.46","0.11","0.11","0.0","0.0005","verified","1003","g","","","13.12","13.1","0.02","0.05","verified","1005","g","","","0.06","0.06","0.0","5e-05","verified","1004","g","","","0.3","0.3","0.0","0.0005","verified","1079","g","","","12.45","12.4","0.05","0.05","verified","2000","g","","","0.005","0.005","0.0","5e-05","verified","1093","g","mg","","53.46","verified",""
"167786","Tamarind Nectar (Canned)","SR Legacy","sr_legacy","SR Legacy 2021-10-28","4/1/2019","True","True","57.0","57.0","0.0","0.05","verified","1008","kcal","","60.36","0.09","0.09","0.0","5e-05","verified","1003","g","","","14.73","14.7","0.03","0.05","verified","1005","g","","","0.12","0.12","0.0","0.0005","verified","1004","g","","","0.5","0.5","0.0","0.0005","verified","1079","g","","","12.7","12.7","0.0","0.05","verified","2000","g","","","0.007","0.007","0.0","5e-05","verified","1093","g","mg","","60.36","verified",""
"167787","Pomegranate Juice (Bottled)","SR Legacy","sr_legacy","SR Legacy 2021-10-28","4/1/2019","True","True","54.0","54.0","0.0","0.05","verified","1008","kcal","","55.73","0.15","0.15","0.0","0.0005","verified","1003","g","","","13.13","13.1","0.03","0.05","verified","1005","g","","","0.29","0.29","0.0","0.0005","verified","1004","g","","","0.1","0.1","0.0","0.0005","verified","1079","g","","","12.6","12.6","0.0","0.05","verified","2000","g","","","0.009","0.009","0.0","5e-05","verified","1093","g","mg","","55.73","verified",""
"167788","Nance (Canned, Syrup, Drained)","SR Legacy","sr_legacy","SR Legacy 2021-10-28","4/1/2019","True","True","95.0","95.0","0.0","0.05","verified","1008","kcal","","104.92","0.56","0.56","0.0","0.0005","verified","1003","g","","","22.79","22.8","-0.01","0.05","verified","1005","g","","","1.28","1.28","0.0","0.005","verified","1004","g","","","7.0","7.0","0.0","0.005","verified","1079","g","","","15.66","15.7","-0.04","0.05","verified","2000","g","","","0.008","0.008","0.0","5e-05","verified","1093","g","mg","","104.92","verified",""
"167789","Nance (Frozen, Unsweetened)","SR Legacy","sr_legacy","SR Legacy 2021-10-28","4/1/2019","True","True","73.0","73.0","0.0","0.05","verified","1008","kcal","","80.96","0.66","0.66","0.0","0.0005","verified","1003","g","","","16.97","17.0","-0.03","0.05","verified","1005","g","","","1.16","1.16","0.0","0.005","verified","1004","g","","","7.5","7.5","0.0","0.005","verified","1079","g","","","8.31","8.31","0.0","0.005","verified","2000","g","","","0.003","0.003","0.0","5e-05","verified","1093","g","mg","","80.96","verified",""
"167790","Naranjilla Lulo Pulp (Frozen)","SR Legacy","sr_legacy","SR Legacy 2021-10-28","4/1/2019","True","True","25.0","25.0","0.0","0.05","verified","1008","kcal","","27.34","0.44","0.44","0.0","0.0005","verified","1003","g","","","5.9","5.9","0.0","0.005","verified","1005","g","","","0.22","0.22","0.0","0.0005","verified","1004","g","","","1.1","1.1","0.0","0.005","verified","1079","g","","","3.74","3.74","0.0","0.005","verified","2000","g","","","0.004","0.004","0.0","5e-05","verified","1093","g","mg","","27.34","verified",""
"167791","Horned Melon (Kiwano)","SR Legacy","sr_legacy","SR Legacy 2021-10-28","4/1/2019","True","True","44.0","44.0","0.0","0.05","verified","1008","kcal","","48.7","1.78","1.78","0.0","0.005","verified","1003","g","","","7.56","7.56","0.0","0.005","verified","1005","g","","","1.26","1.26","0.0","0.005","verified","1004","g","","","0.0","","","5e-05","missing_in_reference","","","","","0.0","","","5e-05","missing_in_reference","","","","","0.002","0.002","0.0","5e-05","verified","1093","g","mg","","48.7","verified_with_gaps","macro_gap:fiber_g,sugar_g"
"167792","Orange Pineapple Juice Blend","SR Legacy","sr_legacy","SR Legacy 2021-10-28","4/1/2019","True","True","51.0","51.0","0.0","0.05","verified","1008","kcal","","51.16","0.41","0.41","0.0","0.0005","verified","1003","g","","","12.2","12.2","0.0","0.05","verified","1005","g","","","0.08","0.08","0.0","5e-05","verified","1004","g","","","0.2","0.2","0.0","0.0005","verified","1079","g","","","10.57","10.6","-0.03","0.05","verified","2000","g","","","0.004","0.004","0.0","5e-05","verified","1093","g","mg","","51.16","verified",""
"167806","Baobab Powder","SR Legacy","sr_legacy","SR Legacy 2021-10-28","4/1/2019","True","True","250.0","250.0","0.0","0.5","verified","1008","kcal","","337.39","3.69","3.69","0.0","0.005","verified","1003","g","","","79.6","79.6","0.0","0.05","verified","1005","g","","","0.47","0.47","0.0","0.0005","verified","1004","g","","","44.5","44.5","0.0","0.05","verified","1079","g","","","0.0","","","5e-05","missing_in_reference","","","","","0.01","0.01","0.0","5e-05","verified","1093","g","mg","","337.39","verified_with_gaps","macro_gap:sugar_g"
"167807","Cherry Juice (Tart)","SR Legacy","sr_legacy","SR Legacy 2021-10-28","4/1/2019","True","True","59.0","59.0","0.0","0.05","verified","1008","kcal","","60.9","0.31","0.31","0.0","0.0005","verified","1003","g","","","13.7","13.7","0.0","0.05","verified","1005","g","","","0.54","0.54","0.0","0.0005","verified","1004","g","","","0.0","","","5e-05","missing_in_reference","","","","","12.21","12.2","0.01","0.05","verified","2000","g","","","0.004","0.004","0.0","5e-05","verified","1093","g","mg","","60.9","verified_with_gaps","macro_gap:fiber_g"
"167808","Raspberry Puree (Seedless)","SR Legacy","sr_legacy","SR Legacy 2021-10-28","4/1/2019","True","True","41.0","41.0","0.0","0.05","verified","1008","kcal","","43.87","1.02","1.02","0.0","0.005","verified","1003","g","","","7.99","7.99","0.0","0.005","verified","1005","g","","","0.87","0.87","0.0","0.0005","verified","1004","g","","","0.9","0.9","0.0","0.0005","verified","1079","g","","","6.04","6.04","0.0","0.005","verified","2000","g","","","0.004","0.004","0.0","5e-05","verified","1093","g","mg","","43.87","verified",""
"167811","Pork Backfat (Raw)","SR Legacy","sr_legacy","SR Legacy 2021-10-28","4/1/2019","True","True","812.0","812.0","0.0","0.5","verified","1008","kcal","","809.89","2.92","2.92","0.0","0.005","verified","1003","g","","","0.0","0.0","0.0","5e-05","genuine_zero","1005","g","","","88.69","88.7","-0.01","0.05","verified","1004","g","","","0.0","0.0","0.0","5e-05","genuine_zero","1079","g","","","0.0","0.0","0.0","5e-05","genuine_zero","2000","g","","","0.011","0.011","0.0","5e-05","verified","1093","g","mg","","809.89","verified",""
"167812","Pork Belly (Raw)","SR Legacy","sr_legacy","SR Legacy 2021-10-28","4/1/2019","True","True","518.0","518.0","0.0","0.5","verified","1008","kcal","","514.45","9.34","9.34","0.0","0.005","verified","1003","g","","","0.0","0.0","0.0","5e-05","genuine_zero","1005","g","","","53.01","53.0","0.01","0.05","verified","1004","g","","","0.0","0.0","0.0","5e-05","genuine_zero","1079","g","","","0.0","0.0","0.0","5e-05","genuine_zero","2000","g","","","0.032","0.032","0.0","5e-05","verified","1093","g","mg","","514.45","verified",""
"167813","Pork Fat (Raw)","SR Legacy","sr_legacy","SR Legacy 2021-10-28","4/1/2019","True","True","632.0","632.0","0.0","0.5","verified","1008","kcal","","628.3","9.25","9.25","0.0","0.005","verified","1003","g","","","0.0","0.0","0.0","5e-05","genuine_zero","1005","g","","","65.7","65.7","0.0","0.05","verified","1004","g","","","0.0","0.0","0.0","5e-05","genuine_zero","1079","g","","","0.0","0.0","0.0","5e-05","genuine_zero","2000","g","","","0.047","0.047","0.0","5e-05","verified","1093","g","mg","","628.3","verified",""
"167845","Pork Shoulder (Lean, Raw)","SR Legacy","sr_legacy","SR Legacy 2021-10-28","4/1/2019","True","True","148.0","148.0","0.0","0.5","verified","1008","kcal","","142.66","19.6","19.6","0.0","0.05","verified","1003","g","","","0.0","0.0","0.0","5e-05","genuine_zero","1005","g","","","7.14","7.14","0.0","0.005","verified","1004","g","","","0.0","0.0","0.0","5e-05","genuine_zero","1079","g","","","0.0","","","5e-05","missing_in_reference","","","","","0.076","0.076","0.0","5e-05","verified","1093","g","mg","","142.66","verified_with_gaps","macro_gap:sugar_g"
"167853","Pork Spareribs (Raw)","SR Legacy","sr_legacy","SR Legacy 2021-10-28","4/1/2019","True","True","277.0","277.0","0.0","0.5","verified","1008","kcal","","272.48","15.47","15.5","-0.03","0.05","verified","1003","g","","","0.0","0.0","0.0","5e-05","genuine_zero","1005","g","","","23.4","23.4","0.0","0.05","verified","1004","g","","","0.0","0.0","0.0","5e-05","genuine_zero","1079","g","","","0.0","0.0","0.0","5e-05","genuine_zero","2000","g","","","0.081","0.081","0.0","5e-05","verified","1093","g","mg","","272.48","verified",""
"167859","Pork Feet (Raw)","SR Legacy","sr_legacy","SR Legacy 2021-10-28","4/1/2019","True","True","212.0","212.0","0.0","0.5","verified","1008","kcal","","205.95","23.16","23.2","-0.04","0.05","verified","1003","g","","","0.0","0.0","0.0","5e-05","genuine_zero","1005","g","","","12.59","12.6","-0.01","0.05","verified","1004","g","","","0.0","0.0","0.0","5e-05","genuine_zero","1079","g","","","0.0","0.0","0.0","5e-05","genuine_zero","2000","g","","","0.132","0.132","0.0","0.0005","verified","1093","g","mg","","205.95","verified",""
"167902","Pork Ground (Raw)","SR Legacy","sr_legacy","SR Legacy 2021-10-28","4/1/2019","True","True","263.0","263.0","0.0","0.5","verified","1008","kcal","","258.23","16.88","16.9","-0.02","0.05","verified","1003","g","","","0.0","0.0","0.0","5e-05","genuine_zero","1005","g","","","21.19","21.2","-0.01","0.05","verified","1004","g","","","0.0","0.0","0.0","5e-05","genuine_zero","1079","g","","","0.0","","","5e-05","missing_in_reference","","","","","0.056","0.056","0.0","5e-05","verified","1093","g","mg","","258.23","verified_with_gaps","macro_gap:sugar_g"
"168093","Peppercorn Dressing Dressing","SR Legacy","sr_legacy","SR Legacy 2021-10-28","4/1/2019","True","True","564.0","564.0","0.0","0.5","verified","1008","kcal","","571.4","1.2","1.2","0.0","0.005","verified","1003","g","","","3.5","3.5","0.0","0.005","verified","1005","g","","","61.4","61.4","0.0","0.05","verified","1004","g","","","0.0","0.0","0.0","5e-05","genuine_zero","1079","g","","","2.45","2.45","0.0","0.005","verified","2000","g","","","1.103","1.1","0.003","0.005","verified","1093","g","mg","","571.4","verified",""
"168106","Papad","SR Legacy","sr_legacy","SR Legacy 2021-10-28","4/1/2019","True","True","371.0","371.0","0.0","0.5","verified","1008","kcal","","370.97","25.56","25.6","-0.04","0.05","verified","1003","g","","","59.87","59.9","-0.03","0.05","verified","1005","g","","","3.25","3.25","0.0","0.005","verified","1004","g","","","18.6","18.6","0.0","0.05","verified","1079","g","","","0.0","0.0","0.0","5e-05","genuine_zero","2000","g","","","1.74","1.74","0.0","0.005","verified","1093","g","mg","","370.97","verified",""
"168112","Mayonnaise And Mayonnaise-type Dressing","SR Legacy","sr_legacy","SR Legacy 2021-10-28","4/1/2019","True","True","263.0","263.0","0.0","0.5","verified","1008","kcal","","270.2","0.9","0.9","0.0","0.0005","verified","1003","g","","","23.9","23.9","0.0","0.05","verified","1005","g","","","19.0","19.0","0.0","0.05","verified","1004","g","","","0.0","0.0","0.0","5e-05","genuine_zero","1079","g","","","4.34","4.34","0.0","0.005","verified","2000","g","","","0.837","0.837","0.0","0.0005","verified","1093","g","mg","","270.2","verified",""
"168117","Cranberry Juice (Unsweetened)","SR Legacy","sr_legacy","SR Legacy 2021-10-28","4/1/2019","True","True","46.0","46.0","0.0","0.05","verified","1008","kcal","","51.53","0.39","0.39","0.0","0.0005","verified","1003","g","","","12.2","12.2","0.0","0.05","verified","1005","g","","","0.13","0.13","0.0","0.0005","verified","1004","g","","","0.1","0.1","0.0","0.0005","verified","1079","g","","","12.1","12.1","0.0","0.05","verified","2000","g","","","0.002","0.002","0.0","5e-05","verified","1093","g","mg","","51.53","verified",""
"168128","Baked Beans (No Salt Added)","SR Legacy","sr_legacy","SR Legacy 2021-10-28","4/1/2019","True","True","105.0","105.0","0.0","0.5","verified","1008","kcal","","104.76","4.8","4.8","0.0","0.005","verified","1003","g","","","20.49","20.5","-0.01","0.05","verified","1005","g","","","0.4","0.4","0.0","0.0005","verified","1004","g","","","5.5","5.5","0.0","0.005","verified","1079","g","","","7.78","7.78","0.0","0.005","verified","2000","g","","","0.001","0.001","0.0","5e-05","verified","1093","g","mg","","104.76","verified",""
"168129","Jellyfish (Salted, Dried)","SR Legacy","sr_legacy","SR Legacy 2021-10-28","4/1/2019","True","True","36.0","36.0","0.0","0.05","verified","1008","kcal","","34.6","5.5","5.5","0.0","0.005","verified","1003","g","","","0.0","0.0","0.0","5e-05","genuine_zero","1005","g","","","1.4","1.4","0.0","0.005","verified","1004","g","","","0.0","0.0","0.0","5e-05","genuine_zero","1079","g","","","0.0","0.0","0.0","5e-05","genuine_zero","2000","g","","","9.69","9.69","0.0","0.005","verified","1093","g","mg","","34.6","verified",""
"168141","Cheese (Swiss, Low Fat)","SR Legacy","sr_legacy","SR Legacy 2021-10-28","4/1/2019","True","True","179.0","179.0","0.0","0.5","verified","1008","kcal","","173.1","28.4","28.4","0.0","0.05","verified","1003","g","","","3.4","3.4","0.0","0.005","verified","1005","g","","","5.1","5.1","0.0","0.005","verified","1004","g","","","0.0","0.0","0.0","5e-05","genuine_zero","1079","g","","","1.33","1.33","0.0","0.005","verified","2000","g","","","0.199","0.199","0.0","0.0005","verified","1093","g","mg","","173.1","verified",""
"168147","Vital Wheat Gluten","SR Legacy","sr_legacy","SR Legacy 2021-10-28","4/1/2019","True","True","370.0","370.0","0.0","0.5","verified","1008","kcal","","372.45","75.16","75.2","-0.04","0.05","verified","1003","g","","","13.79","13.8","-0.01","0.05","verified","1005","g","","","1.85","1.85","0.0","0.005","verified","1004","g","","","0.6","0.6","0.0","0.0005","verified","1079","g","","","0.0","0.0","0.0","5e-05","genuine_zero","2000","g","","","0.029","0.029","0.0","5e-05","verified","1093","g","mg","","372.45","verified",""
"168148","Frog Legs (Raw)","SR Legacy","sr_legacy","SR Legacy 2021-10-28","4/1/2019","True","True","73.0","73.0","0.0","0.05","verified","1008","kcal","","68.3","16.4","16.4","0.0","0.05","verified","1003","g","","","0.0","0.0","0.0","5e-05","genuine_zero","1005","g","","","0.3","0.3","0.0","0.0005","verified","1004","g","","","0.0","0.0","0.0","5e-05","genuine_zero","1079","g","","","0.0","0.0","0.0","5e-05","genuine_zero","2000","g","","","0.058","0.058","0.0","5e-05","verified","1093","g","mg","","68.3","verified",""
"168149","Mackerel (Salted)","SR Legacy","sr_legacy","SR Legacy 2021-10-28","4/1/2019","True","True","305.0","305.0","0.0","0.5","verified","1008","kcal","","299.9","18.5","18.5","0.0","0.05","verified","1003","g","","","0.0","0.0","0.0","5e-05","genuine_zero","1005","g","","","25.1","25.1","0.0","0.05","verified","1004","g","","","0.0","0.0","0.0","5e-05","genuine_zero","1079","g","","","0.0","0.0","0.0","5e-05","genuine_zero","2000","g","","","4.45","4.45","0.0","0.005","verified","1093","g","mg","","299.9","verified",""
"168150","Java Plum (Jambolan, Raw)","SR Legacy","sr_legacy","SR Legacy 2021-10-28","4/1/2019","True","True","60.0","60.0","0.0","0.05","verified","1008","kcal","","67.19","0.72","0.72","0.0","0.0005","verified","1003","g","","","15.56","15.6","-0.04","0.05","verified","1005","g","","","0.23","0.23","0.0","0.0005","verified","1004","g","","","0.0","","","5e-05","missing_in_reference","","","","","0.0","","","5e-05","missing_in_reference","","","","","0.014","0.014","0.0","5e-05","verified","1093","g","mg","","67.19","verified_with_gaps","macro_gap:fiber_g,sugar_g"
"168151","Jujube (Raw)","SR Legacy","sr_legacy","SR Legacy 2021-10-28","4/1/2019","True","True","79.0","79.0","0.0","0.05","verified","1008","kcal","","87.52","1.2","1.2","0.0","0.005","verified","1003","g","","","20.23","20.2","0.03","0.05","verified","1005","g","","","0.2","0.2","0.0","0.0005","verified","1004","g","","","0.0","","","5e-05","missing_in_reference","","","","","0.0","","","5e-05","missing_in_reference","","","","","0.003","0.003","0.0","5e-05","verified","1093","g","mg","","87.52","verified_with_gaps","macro_gap:fiber_g,sugar_g"
"168152","Chinese Jujube (Fresh and Dried)","SR Legacy","sr_legacy","SR Legacy 2021-10-28","4/1/2019","True","True","281.0","281.0","0.0","0.5","verified","1008","kcal","","313.46","4.72","4.72","0.0","0.005","verified","1003","g","","","72.52","72.5","0.02","0.05","verified","1005","g","","","0.5","0.5","0.0","0.0005","verified","1004","g","","","6.0","6.0","0.0","0.005","verified","1079","g","","","0.0","","","5e-05","missing_in_reference","","","","","0.005","0.005","0.0","5e-05","verified","1093","g","mg","","313.46","verified_with_gaps","macro_gap:sugar_g"
"168153","Kiwifruit (Green, Raw)","SR Legacy","sr_legacy","SR Legacy 2021-10-28","4/1/2019","True","True","61.0","61.0","0.0","0.05","verified","1008","kcal","","67.88","1.14","1.14","0.0","0.005","verified","1003","g","","","14.66","14.7","-0.04","0.05","verified","1005","g","","","0.52","0.52","0.0","0.0005","verified","1004","g","","","3.0","3.0","0.0","0.005","verified","1079","g","","","8.99","8.99","0.0","0.005","verified","2000","g","","","0.003","0.003","0.0","5e-05","verified","1093","g","mg","","67.88","verified",""
"168154","Kumquats (Raw)","SR Legacy","sr_legacy","SR Legacy 2021-10-28","4/1/2019","True","True","71.0","71.0","0.0","0.05","verified","1008","kcal","","78.86","1.88","1.88","0.0","0.005","verified","1003","g","","","15.9","15.9","0.0","0.05","verified","1005","g","","","0.86","0.86","0.0","0.0005","verified","1004","g","","","6.5","6.5","0.0","0.005","verified","1079","g","","","9.36","9.36","0.0","0.005","verified","2000","g","","","0.01","0.01","0.0","5e-05","verified","1093","g","mg","","78.86","verified",""
"168155","Limes (Raw)","SR Legacy","sr_legacy","SR Legacy 2021-10-28","4/1/2019","True","True","30.0","30.0","0.0","0.05","verified","1008","kcal","","46.76","0.7","0.7","0.0","0.0005","verified","1003","g","","","10.54","10.5","0.04","0.05","verified","1005","g","","","0.2","0.2","0.0","0.0005","verified","1004","g","","","2.8","2.8","0.0","0.005","verified","1079","g","","","1.69","1.69","0.0","0.005","verified","2000","g","","","0.002","0.002","0.0","5e-05","verified","1093","g","mg","","46.76","verified",""
"168156","Lime Juice (Raw)","SR Legacy","sr_legacy","SR Legacy 2021-10-28","4/1/2019","True","True","25.0","25.0","0.0","0.05","verified","1008","kcal","","35.99","0.42","0.42","0.0","0.0005","verified","1003","g","","","8.42","8.42","0.0","0.005","verified","1005","g","","","0.07","0.07","0.0","5e-05","verified","1004","g","","","0.4","0.4","0.0","0.0005","verified","1079","g","","","1.69","1.69","0.0","0.005","verified","2000","g","","","0.002","0.002","0.0","5e-05","verified","1093","g","mg","","35.99","verified",""
"168158","Blueberries (Dried)","SR Legacy","sr_legacy","SR Legacy 2021-10-28","4/1/2019","True","True","317.0","317.0","0.0","0.5","verified","1008","kcal","","352.5","2.5","2.5","0.0","0.005","verified","1003","g","","","80.0","80.0","0.0","0.05","verified","1005","g","","","2.5","2.5","0.0","0.005","verified","1004","g","","","7.5","7.5","0.0","0.005","verified","1079","g","","","67.5","67.5","0.0","0.05","verified","2000","g","","","0.003","0.003","0.0","5e-05","verified","1093","g","mg","","352.5","verified",""
"168159","Prunes (Canned, Heavy Syrup)","SR Legacy","sr_legacy","SR Legacy 2021-10-28","4/1/2019","True","True","105.0","105.0","0.0","0.5","verified","1008","kcal","","116.48","0.87","0.87","0.0","0.0005","verified","1003","g","","","27.8","27.8","0.0","0.05","verified","1005","g","","","0.2","0.2","0.0","0.0005","verified","1004","g","","","3.8","3.8","0.0","0.005","verified","1079","g","","","0.0","","","5e-05","missing_in_reference","","","","","0.003","0.003","0.0","5e-05","verified","1093","g","mg","","116.48","verified_with_gaps","macro_gap:sugar_g"
"168160","Prunes (Low-Moisture, Dried)","SR Legacy","sr_legacy","SR Legacy 2021-10-28","4/1/2019","True","True","339.0","339.0","0.0","0.5","verified","1008","kcal","","377.65","3.7","3.7","0.0","0.005","verified","1003","g","","","89.07","89.1","-0.03","0.05","verified","1005","g","","","0.73","0.73","0.0","0.0005","verified","1004","g","","","0.0","","","5e-05","missing_in_reference","","","","","0.0","","","5e-05","missing_in_reference","","","","","0.005","0.005","0.0","5e-05","verified","1093","g","mg","","377.65","verified_with_gaps","macro_gap:fiber_g,sugar_g"
"168162","Prunes (Dried Plums, Uncooked)","SR Legacy","sr_legacy","SR Legacy 2021-10-28","4/1/2019","True","True","240.0","240.0","0.0","0.5","verified","1008","kcal","","267.66","2.18","2.18","0.0","0.005","verified","1003","g","","","63.88","63.9","-0.02","0.05","verified","1005","g","","","0.38","0.38","0.0","0.0005","verified","1004","g","","","7.1","7.1","0.0","0.005","verified","1079","g","","","38.13","38.1","0.03","0.05","verified","2000","g","","","0.002","0.002","0.0","5e-05","verified","1093","g","mg","","267.66","verified",""
"168163","Quince (Raw)","SR Legacy","sr_legacy","SR Legacy 2021-10-28","4/1/2019","True","True","57.0","57.0","0.0","0.05","verified","1008","kcal","","63.7","0.4","0.4","0.0","0.0005","verified","1003","g","","","15.3","15.3","0.0","0.05","verified","1005","g","","","0.1","0.1","0.0","0.0005","verified","1004","g","","","1.9","1.9","0.0","0.005","verified","1079","g","","","0.0","","","5e-05","missing_in_reference","","","","","0.004","0.004","0.0","5e-05","verified","1093","g","mg","","63.7","verified_with_gaps","macro_gap:sugar_g"
"168164","Raisins (Golden, Seedless)","SR Legacy","sr_legacy","SR Legacy 2021-10-28","4/1/2019","True","True","301.0","301.0","0.0","0.5","verified","1008","kcal","","335.0","3.28","3.28","0.0","0.005","verified","1003","g","","","80.02","80.0","0.02","0.05","verified","1005","g","","","0.2","0.2","0.0","0.0005","verified","1004","g","","","3.3","3.3","0.0","0.005","verified","1079","g","","","65.7","65.7","0.0","0.05","verified","2000","g","","","0.024","0.024","0.0","5e-05","verified","1093","g","mg","","335.0","verified",""
"168166","Raisins (Seeded)","SR Legacy","sr_legacy","SR Legacy 2021-10-28","4/1/2019","True","True","296.0","296.0","0.0","0.5","verified","1008","kcal","","328.82","2.52","2.52","0.0","0.005","verified","1003","g","","","78.47","78.5","-0.03","0.05","verified","1005","g","","","0.54","0.54","0.0","0.0005","verified","1004","g","","","6.8","6.8","0.0","0.005","verified","1079","g","","","0.0","","","5e-05","missing_in_reference","","","","","0.028","0.028","0.0","5e-05","verified","1093","g","mg","","328.82","verified_with_gaps","macro_gap:sugar_g"
"168167","Rambutan (Canned, Syrup Pack)","SR Legacy","sr_legacy","SR Legacy 2021-10-28","4/1/2019","True","True","82.0","82.0","0.0","0.05","verified","1008","kcal","","87.97","0.65","0.65","0.0","0.0005","verified","1003","g","","","20.87","20.9","-0.03","0.05","verified","1005","g","","","0.21","0.21","0.0","0.0005","verified","1004","g","","","0.9","0.9","0.0","0.0005","verified","1079","g","","","0.0","","","5e-05","missing_in_reference","","","","","0.011","0.011","0.0","5e-05","verified","1093","g","mg","","87.97","verified_with_gaps","macro_gap:sugar_g"
"168169","Rhubarb (Frozen, Cooked with Sugar)","SR Legacy","sr_legacy","SR Legacy 2021-10-28","4/1/2019","True","True","116.0","116.0","0.0","0.5","verified","1008","kcal","","126.81","0.39","0.39","0.0","0.0005","verified","1003","g","","","31.2","31.2","0.0","0.05","verified","1005","g","","","0.05","0.05","0.0","5e-05","verified","1004","g","","","2.0","2.0","0.0","0.005","verified","1079","g","","","28.7","28.7","0.0","0.05","verified","2000","g","","","0.001","0.001","0.0","5e-05","verified","1093","g","mg","","126.81","verified",""
"168170","Roselle (Raw)","SR Legacy","sr_legacy","SR Legacy 2021-10-28","4/1/2019","True","True","49.0","49.0","0.0","0.05","verified","1008","kcal","","54.84","0.96","0.96","0.0","0.0005","verified","1003","g","","","11.31","11.3","0.01","0.05","verified","1005","g","","","0.64","0.64","0.0","0.0005","verified","1004","g","","","0.0","","","5e-05","missing_in_reference","","","","","0.0","","","5e-05","missing_in_reference","","","","","0.006","0.006","0.0","5e-05","verified","1093","g","mg","","54.84","verified_with_gaps","macro_gap:fiber_g,sugar_g"
"168171","Rose Apple (Raw)","SR Legacy","sr_legacy","SR Legacy 2021-10-28","4/1/2019","True","True","25.0","25.0","0.0","0.05","verified","1008","kcal","","27.9","0.6","0.6","0.0","0.0005","verified","1003","g","","","5.7","5.7","0.0","0.005","verified","1005","g","","","0.3","0.3","0.0","0.0005","verified","1004","g","","","0.0","","","5e-05","missing_in_reference","","","","","0.0","","","5e-05","missing_in_reference","","","","","0.0","0.0","0.0","5e-05","genuine_zero","1093","g","mg","","27.9","verified_with_gaps","macro_gap:fiber_g,sugar_g"
"168174","Strawberries (Frozen, Sweetened)","SR Legacy","sr_legacy","SR Legacy 2021-10-28","4/1/2019","True","True","96.0","96.0","0.0","0.05","verified","1008","kcal","","106.97","0.53","0.53","0.0","0.0005","verified","1003","g","","","25.92","25.9","0.02","0.05","verified","1005","g","","","0.13","0.13","0.0","0.0005","verified","1004","g","","","1.9","1.9","0.0","0.005","verified","1079","g","","","24.01","24.0","0.01","0.05","verified","2000","g","","","0.003","0.003","0.0","5e-05","verified","1093","g","mg","","106.97","verified",""
"168175","Sugar Apple (Sweetsop, Raw)","SR Legacy","sr_legacy","SR Legacy 2021-10-28","4/1/2019","True","True","94.0","94.0","0.0","0.05","verified","1008","kcal","","105.41","2.06","2.06","0.0","0.005","verified","1003","g","","","23.64","23.6","0.04","0.05","verified","1005","g","","","0.29","0.29","0.0","0.0005","verified","1004","g","","","4.4","4.4","0.0","0.005","verified","1079","g","","","0.0","","","5e-05","missing_in_reference","","","","","0.009","0.009","0.0","5e-05","verified","1093","g","mg","","105.41","verified_with_gaps","macro_gap:sugar_g"
"168176","Feijoa (Raw)","SR Legacy","sr_legacy","SR Legacy 2021-10-28","4/1/2019","True","True","61.0","61.0","0.0","0.05","verified","1008","kcal","","67.46","0.71","0.71","0.0","0.0005","verified","1003","g","","","15.21","15.2","0.01","0.05","verified","1005","g","","","0.42","0.42","0.0","0.0005","verified","1004","g","","","6.4","6.4","0.0","0.005","verified","1079","g","","","8.2","8.2","0.0","0.005","verified","2000","g","","","0.003","0.003","0.0","5e-05","verified","1093","g","mg","","67.46","verified",""
"168177","Asian Pear (Raw)","SR Legacy","sr_legacy","SR Legacy 2021-10-28","4/1/2019","True","True","42.0","42.0","0.0","0.05","verified","1008","kcal","","46.47","0.5","0.5","0.0","0.0005","verified","1003","g","","","10.6","10.6","0.0","0.05","verified","1005","g","","","0.23","0.23","0.0","0.0005","verified","1004","g","","","3.6","3.6","0.0","0.005","verified","1079","g","","","7.05","7.05","0.0","0.005","verified","2000","g","","","0.0","0.0","0.0","5e-05","genuine_zero","1093","g","mg","","46.47","verified",""
"168179","Blueberries (Canned, Light Syrup)","SR Legacy","sr_legacy","SR Legacy 2021-10-28","4/1/2019","True","True","88.0","88.0","0.0","0.05","verified","1008","kcal","","98.4","1.04","1.04","0.0","0.005","verified","1003","g","","","22.66","22.7","-0.04","0.05","verified","1005","g","","","0.4","0.4","0.0","0.0005","verified","1004","g","","","2.6","2.6","0.0","0.005","verified","1079","g","","","17.4","17.4","0.0","0.05","verified","2000","g","","","0.003","0.003","0.0","5e-05","verified","1093","g","mg","","98.4","verified",""
"168180","Blueberries (Wild, Heavy Syrup)","SR Legacy","sr_legacy","SR Legacy 2021-10-28","4/1/2019","True","True","107.0","107.0","0.0","0.5","verified","1008","kcal","","118.58","0.56","0.56","0.0","0.0005","verified","1003","g","","","28.32","28.3","0.02","0.05","verified","1005","g","","","0.34","0.34","0.0","0.0005","verified","1004","g","","","4.9","4.9","0.0","0.005","verified","1079","g","","","19.28","19.3","-0.02","0.05","verified","2000","g","","","0.001","0.001","0.0","5e-05","verified","1093","g","mg","","118.58","verified",""
"168181","Peaches (Canned, Heavy Syrup, Drained)","SR Legacy","sr_legacy","SR Legacy 2021-10-28","4/1/2019","True","True","72.0","72.0","0.0","0.05","verified","1008","kcal","","77.42","0.52","0.52","0.0","0.0005","verified","1003","g","","","18.43","18.4","0.03","0.05","verified","1005","g","","","0.18","0.18","0.0","0.0005","verified","1004","g","","","1.2","1.2","0.0","0.005","verified","1079","g","","","14.66","14.7","-0.04","0.05","verified","2000","g","","","0.006","0.006","0.0","5e-05","verified","1093","g","mg","","77.42","verified",""
"168185","Peach Nectar (Canned, Ascorbic Acid)","SR Legacy","sr_legacy","SR Legacy 2021-10-28","4/1/2019","True","True","50.0","50.0","0.0","0.05","verified","1008","kcal","","53.15","0.21","0.21","0.0","0.0005","verified","1003","g","","","11.93","11.9","0.03","0.05","verified","1005","g","","","0.51","0.51","0.0","0.0005","verified","1004","g","","","0.1","0.1","0.0","0.0005","verified","1079","g","","","11.16","11.2","-0.04","0.05","verified","2000","g","","","0.008","0.008","0.0","5e-05","verified","1093","g","mg","","53.15","verified",""
"168186","Pear Nectar (Canned)","SR Legacy","sr_legacy","SR Legacy 2021-10-28","4/1/2019","True","True","60.0","60.0","0.0","0.05","verified","1008","kcal","","63.57","0.11","0.11","0.0","0.0005","verified","1003","g","","","15.76","15.8","-0.04","0.05","verified","1005","g","","","0.01","0.01","0.0","5e-05","verified","1004","g","","","0.6","0.6","0.0","0.0005","verified","1079","g","","","15.16","15.2","-0.04","0.05","verified","2000","g","","","0.004","0.004","0.0","5e-05","verified","1093","g","mg","","63.57","verified",""
"168187","Pineapple Juice (Canned/Bottled)","SR Legacy","sr_legacy","SR Legacy 2021-10-28","4/1/2019","True","True","53.0","53.0","0.0","0.05","verified","1008","kcal","","54.0","0.36","0.36","0.0","0.0005","verified","1003","g","","","12.87","12.9","-0.03","0.05","verified","1005","g","","","0.12","0.12","0.0","0.0005","verified","1004","g","","","0.2","0.2","0.0","0.0005","verified","1079","g","","","9.98","9.98","0.0","0.005","verified","2000","g","","","0.002","0.002","0.0","5e-05","verified","1093","g","mg","","54.0","verified",""
"168188","Apple Juice Concentrate (Frozen, Undiluted)","SR Legacy","sr_legacy","SR Legacy 2021-10-28","4/1/2019","True","True","166.0","166.0","0.0","0.5","verified","1008","kcal","","169.37","0.51","0.51","0.0","0.0005","verified","1003","g","","","41.0","41.0","0.0","0.05","verified","1005","g","","","0.37","0.37","0.0","0.0005","verified","1004","g","","","0.0","","","5e-05","missing_in_reference","","","","","38.83","38.8","0.03","0.05","verified","2000","g","","","0.025","0.025","0.0","5e-05","verified","1093","g","mg","","169.37","verified_with_gaps","macro_gap:fiber_g"
"168190","Jackfruit (Canned, Syrup Pack)","SR Legacy","sr_legacy","SR Legacy 2021-10-28","4/1/2019","True","True","92.0","92.0","0.0","0.05","verified","1008","kcal","","98.46","0.36","0.36","0.0","0.0005","verified","1003","g","","","23.94","23.9","0.04","0.05","verified","1005","g","","","0.14","0.14","0.0","0.0005","verified","1004","g","","","0.9","0.9","0.0","0.0005","verified","1079","g","","","0.0","","","5e-05","missing_in_reference","","","","","0.011","0.011","0.0","5e-05","verified","1093","g","mg","","98.46","verified_with_gaps","macro_gap:sugar_g"
"168191","Dates (Medjool)","SR Legacy","sr_legacy","SR Legacy 2021-10-28","4/1/2019","True","True","277.0","277.0","0.0","0.5","verified","1008","kcal","","308.47","1.81","1.81","0.0","0.005","verified","1003","g","","","74.97","75.0","-0.03","0.05","verified","1005","g","","","0.15","0.15","0.0","0.0005","verified","1004","g","","","6.7","6.7","0.0","0.005","verified","1079","g","","","66.47","66.5","-0.03","0.05","verified","2000","g","","","0.001","0.001","0.0","5e-05","verified","1093","g","mg","","308.47","verified",""
"168192","Durian (Raw or Frozen)","SR Legacy","sr_legacy","SR Legacy 2021-10-28","4/1/2019","True","True","147.0","147.0","0.0","0.5","verified","1008","kcal","","162.21","1.47","1.47","0.0","0.005","verified","1003","g","","","27.09","27.1","-0.01","0.05","verified","1005","g","","","5.33","5.33","0.0","0.005","verified","1004","g","","","3.8","3.8","0.0","0.005","verified","1079","g","","","0.0","","","5e-05","missing_in_reference","","","","","0.002","0.002","0.0","5e-05","verified","1093","g","mg","","162.21","verified_with_gaps","macro_gap:sugar_g"
"168193","Pineapple (Traditional Varieties, Raw)","SR Legacy","sr_legacy","SR Legacy 2021-10-28","4/1/2019","True","True","45.0","45.0","0.0","0.05","verified","1008","kcal","","50.65","0.55","0.55","0.0","0.0005","verified","1003","g","","","11.82","11.8","0.02","0.05","verified","1005","g","","","0.13","0.13","0.0","0.0005","verified","1004","g","","","0.0","","","5e-05","missing_in_reference","","","","","8.29","8.29","0.0","0.005","verified","2000","g","","","0.001","0.001","0.0","5e-05","verified","1093","g","mg","","50.65","verified_with_gaps","macro_gap:fiber_g"
"168194","Pineapple (Extra Sweet Variety, Raw)","SR Legacy","sr_legacy","SR Legacy 2021-10-28","4/1/2019","True","True","51.0","51.0","0.0","0.05","verified","1008","kcal","","57.11","0.53","0.53","0.0","0.0005","verified","1003","g","","","13.5","13.5","0.0","0.05","verified","1005","g","","","0.11","0.11","0.0","0.0005","verified","1004","g","","","1.4","1.4","0.0","0.005","verified","1079","g","","","10.32","10.3","0.02","0.05","verified","2000","g","","","0.001","0.001","0.0","5e-05","verified","1093","g","mg","","57.11","verified",""
"168195","Clementines (Raw)","SR Legacy","sr_legacy","SR Legacy 2021-10-28","4/1/2019","True","True","47.0","47.0","0.0","0.05","verified","1008","kcal","","52.83","0.85","0.85","0.0","0.0005","verified","1003","g","","","12.02","12.0","0.02","0.05","verified","1005","g","","","0.15","0.15","0.0","0.0005","verified","1004","g","","","1.7","1.7","0.0","0.005","verified","1079","g","","","9.18","9.18","0.0","0.005","verified","2000","g","","","0.001","0.001","0.0","5e-05","verified","1093","g","mg","","52.83","verified",""
"168196","Guanabana Nectar (Canned)","SR Legacy","sr_legacy","SR Legacy 2021-10-28","4/1/2019","True","True","59.0","59.0","0.0","0.05","verified","1008","kcal","","61.69","0.11","0.11","0.0","0.0005","verified","1003","g","","","14.93","14.9","0.03","0.05","verified","1005","g","","","0.17","0.17","0.0","0.0005","verified","1004","g","","","0.1","0.1","0.0","0.0005","verified","1079","g","","","13.07","13.1","-0.03","0.05","verified","2000","g","","","0.008","0.008","0.0","5e-05","verified","1093","g","mg","","61.69","verified",""
"168197","Apple-Grape Juice Blend","SR Legacy","sr_legacy","SR Legacy 2021-10-28","4/1/2019","True","True","50.0","50.0","0.0","0.05","verified","1008","kcal","","51.56","0.16","0.16","0.0","0.0005","verified","1003","g","","","12.46","12.5","-0.04","0.05","verified","1005","g","","","0.12","0.12","0.0","0.0005","verified","1004","g","","","0.2","0.2","0.0","0.0005","verified","1079","g","","","10.92","10.9","0.02","0.05","verified","2000","g","","","0.007","0.007","0.0","5e-05","verified","1093","g","mg","","51.56","verified",""
"168198","Apple-Grape-Pear Juice Blend","SR Legacy","sr_legacy","SR Legacy 2021-10-28","4/1/2019","True","True","52.0","52.0","0.0","0.05","verified","1008","kcal","","53.6","0.17","0.17","0.0","0.0005","verified","1003","g","","","12.96","13.0","-0.04","0.05","verified","1005","g","","","0.12","0.12","0.0","0.0005","verified","1004","g","","","0.2","0.2","0.0","0.0005","verified","1079","g","","","9.95","9.95","0.0","0.005","verified","2000","g","","","0.005","0.005","0.0","5e-05","verified","1093","g","mg","","53.6","verified",""
"168202","Apples (Golden Delicious, Raw)","SR Legacy","sr_legacy","SR Legacy 2021-10-28","4/1/2019","True","True","57.0","57.0","0.0","0.05","verified","1008","kcal","","56.87","0.28","0.28","0.0","0.0005","verified","1003","g","","","13.6","13.6","0.0","0.05","verified","1005","g","","","0.15","0.15","0.0","0.0005","verified","1004","g","","","2.4","2.4","0.0","0.005","verified","1079","g","","","10.04","10.0","0.04","0.05","verified","2000","g","","","0.002","0.002","0.0","5e-05","verified","1093","g","mg","","56.87","verified",""
"168205","Pineapple Juice (Canned, Fortified)","SR Legacy","sr_legacy","SR Legacy 2021-10-28","4/1/2019","True","True","50.0","50.0","0.0","0.05","verified","1008","kcal","","51.42","0.36","0.36","0.0","0.0005","verified","1003","g","","","12.18","12.2","-0.02","0.05","verified","1005","g","","","0.14","0.14","0.0","0.0005","verified","1004","g","","","0.2","0.2","0.0","0.0005","verified","1079","g","","","9.98","9.98","0.0","0.005","verified","2000","g","","","0.003","0.003","0.0","5e-05","verified","1093","g","mg","","51.42","verified",""
"168207","Grape Juice (Unsweetened, Fortified)","SR Legacy","sr_legacy","SR Legacy 2021-10-28","4/1/2019","True","True","62.0","62.0","0.0","0.05","verified","1008","kcal","","61.73","0.37","0.37","0.0","0.0005","verified","1003","g","","","14.77","14.8","-0.03","0.05","verified","1005","g","","","0.13","0.13","0.0","0.0005","verified","1004","g","","","0.2","0.2","0.0","0.0005","verified","1079","g","","","14.2","14.2","0.0","0.05","verified","2000","g","","","0.005","0.005","0.0","5e-05","verified","1093","g","mg","","61.73","verified",""
"168210","Guava Nectar (Sucralose, Canned)","SR Legacy","sr_legacy","SR Legacy 2021-10-28","4/1/2019","True","True","48.0","48.0","0.0","0.05","verified","1008","kcal","","55.03","0.3","0.3","0.0","0.0005","verified","1003","g","","","13.3","13.3","0.0","0.05","verified","1005","g","","","0.07","0.07","0.0","5e-05","verified","1004","g","","","1.2","1.2","0.0","0.005","verified","1079","g","","","10.15","10.2","-0.05","0.05","verified","2000","g","","","0.006","0.006","0.0","5e-05","verified","1093","g","mg","","55.03","verified",""
"168212","Cranberry Juice Blend (100% Juice)","SR Legacy","sr_legacy","SR Legacy 2021-10-28","4/1/2019","True","True","45.0","45.0","0.0","0.05","verified","1008","kcal","","45.8","0.27","0.27","0.0","0.0005","verified","1003","g","","","10.91","10.9","0.01","0.05","verified","1005","g","","","0.12","0.12","0.0","0.0005","verified","1004","g","","","0.1","0.1","0.0","0.0005","verified","1079","g","","","9.8","9.8","0.0","0.005","verified","2000","g","","","0.006","0.006","0.0","5e-05","verified","1093","g","mg","","45.8","verified",""
"168215","Plantains (Green, Raw)","SR Legacy","sr_legacy","SR Legacy 2021-10-28","4/1/2019","True","True","152.0","152.0","0.0","0.5","verified","1008","kcal","","152.27","1.25","1.25","0.0","0.005","verified","1003","g","","","36.66","36.7","-0.04","0.05","verified","1005","g","","","0.07","0.07","0.0","5e-05","verified","1004","g","","","2.2","2.2","0.0","0.005","verified","1079","g","","","2.29","2.29","0.0","0.005","verified","2000","g","","","0.002","0.002","0.0","5e-05","verified","1093","g","mg","","152.27","verified",""
"168217","Raspberry Juice Concentrate","SR Legacy","sr_legacy","SR Legacy 2021-10-28","4/1/2019","True","True","221.0","221.0","0.0","0.5","verified","1008","kcal","","236.98","3.04","3.04","0.0","0.005","verified","1003","g","","","53.19","53.2","-0.01","0.05","verified","1005","g","","","1.34","1.34","0.0","0.005","verified","1004","g","","","1.1","1.1","0.0","0.005","verified","1079","g","","","38.21","38.2","0.01","0.05","verified","2000","g","","","0.01","0.01","0.0","5e-05","verified","1093","g","mg","","236.98","verified",""
"168224","Pork Ham (Lean, Raw)","SR Legacy","sr_legacy","SR Legacy 2021-10-28","4/1/2019","True","True","136.0","136.0","0.0","0.5","verified","1008","kcal","","130.61","20.48","20.5","-0.02","0.05","verified","1003","g","","","0.0","0.0","0.0","5e-05","genuine_zero","1005","g","","","5.41","5.41","0.0","0.005","verified","1004","g","","","0.0","0.0","0.0","5e-05","genuine_zero","1079","g","","","0.0","0.0","0.0","5e-05","genuine_zero","2000","g","","","0.055","0.055","0.0","5e-05","verified","1093","g","mg","","130.61","verified",""
"168230","Pork Loin (Lean, Raw)","SR Legacy","sr_legacy","SR Legacy 2021-10-28","4/1/2019","True","True","143.0","143.0","0.0","0.5","verified","1008","kcal","","136.66","21.43","21.4","0.03","0.05","verified","1003","g","","","0.0","0.0","0.0","5e-05","genuine_zero","1005","g","","","5.66","5.66","0.0","0.005","verified","1004","g","","","0.0","0.0","0.0","5e-05","genuine_zero","1079","g","","","0.0","0.0","0.0","5e-05","genuine_zero","2000","g","","","0.052","0.052","0.0","5e-05","verified","1093","g","mg","","136.66","verified",""
"168287","Salt Pork (Raw, Cured)","SR Legacy","sr_legacy","SR Legacy 2021-10-28","4/1/2019","True","True","748.0","748.0","0.0","0.5","verified","1008","kcal","","744.7","5.05","5.05","0.0","0.005","verified","1003","g","","","0.0","0.0","0.0","5e-05","genuine_zero","1005","g","","","80.5","80.5","0.0","0.05","verified","1004","g","","","0.0","0.0","0.0","5e-05","genuine_zero","1079","g","","","0.0","0.0","0.0","5e-05","genuine_zero","2000","g","","","2.684","2.68","0.004","0.005","verified","1093","g","mg","","744.7","verified",""
"168299","Pork Back Ribs (Raw)","SR Legacy","sr_legacy","SR Legacy 2021-10-28","4/1/2019","True","True","224.0","224.0","0.0","0.5","verified","1008","kcal","","223.25","19.07","19.1","-0.03","0.05","verified","1003","g","","","0.0","0.0","0.0","5e-05","genuine_zero","1005","g","","","16.33","16.3","0.03","0.05","verified","1004","g","","","0.0","0.0","0.0","5e-05","genuine_zero","1079","g","","","0.0","0.0","0.0","5e-05","genuine_zero","2000","g","","","0.087","0.087","0.0","5e-05","verified","1093","g","mg","","223.25","verified",""
"168324","Rendered Bacon Fat","SR Legacy","sr_legacy","SR Legacy 2021-10-28","4/1/2019","True","True","898.0","898.0","0.0","0.5","verified","1008","kcal","","895.78","0.07","0.07","0.0","5e-05","verified","1003","g","","","0.0","0.0","0.0","5e-05","genuine_zero","1005","g","","","99.5","99.5","0.0","0.05","verified","1004","g","","","0.0","0.0","0.0","5e-05","genuine_zero","1079","g","","","0.0","0.0","0.0","5e-05","genuine_zero","2000","g","","","0.027","0.027","0.0","5e-05","verified","1093","g","mg","","895.78","verified",""
"168361","Pork Tenderloin (Lean, Raw)","SR Legacy","sr_legacy","SR Legacy 2021-10-28","4/1/2019","True","True","106.0","106.0","0.0","0.5","verified","1008","kcal","","100.37","20.39","20.4","-0.01","0.05","verified","1003","g","","","0.0","0.0","0.0","5e-05","genuine_zero","1005","g","","","2.09","2.09","0.0","0.005","verified","1004","g","","","0.0","0.0","0.0","5e-05","genuine_zero","1079","g","","","0.0","0.0","0.0","5e-05","genuine_zero","2000","g","","","0.243","0.243","0.0","0.0005","verified","1093","g","mg","","100.37","verified",""
"168369","Pork Shoulder Petite Tender (Boneless, Raw)","SR Legacy","sr_legacy","SR Legacy 2021-10-28","4/1/2019","True","True","128.0","128.0","0.0","0.5","verified","1008","kcal","","121.79","21.65","21.6","0.05","0.05","verified","1003","g","","","0.0","0.0","0.0","5e-05","genuine_zero","1005","g","","","3.91","3.91","0.0","0.005","verified","1004","g","","","0.0","0.0","0.0","5e-05","genuine_zero","1079","g","","","0.0","0.0","0.0","5e-05","genuine_zero","2000","g","","","0.05","0.05","0.0","5e-05","verified","1093","g","mg","","121.79","verified",""
"168371","Pork Leg Sirloin Tip Roast (Boneless, Raw)","SR Legacy","sr_legacy","SR Legacy 2021-10-28","4/1/2019","True","True","113.0","113.0","0.0","0.5","verified","1008","kcal","","106.91","22.88","22.9","-0.02","0.05","verified","1003","g","","","0.0","0.0","0.0","5e-05","genuine_zero","1005","g","","","1.71","1.71","0.0","0.005","verified","1004","g","","","0.0","0.0","0.0","5e-05","genuine_zero","1079","g","","","0.0","0.0","0.0","5e-05","genuine_zero","2000","g","","","0.05","0.05","0.0","5e-05","verified","1093","g","mg","","106.91","verified",""
"168376","Pork Loin Backribs (Lean, Raw)","SR Legacy","sr_legacy","SR Legacy 2021-10-28","4/1/2019","True","True","172.0","172.0","0.0","0.5","verified","1008","kcal","","171.76","20.8","20.8","0.0","0.05","verified","1003","g","","","0.0","0.0","0.0","5e-05","genuine_zero","1005","g","","","9.84","9.84","0.0","0.005","verified","1004","g","","","0.0","0.0","0.0","5e-05","genuine_zero","1079","g","","","0.0","0.0","0.0","5e-05","genuine_zero","2000","g","","","0.095","0.095","0.0","5e-05","verified","1093","g","mg","","171.76","verified",""
"168380","Pork Blade Chops (Boneless, Broiled)","SR Legacy","sr_legacy","SR Legacy 2021-10-28","4/1/2019","True","True","202.0","202.0","0.0","0.5","verified","1008","kcal","","202.41","24.73","24.7","0.03","0.05","verified","1003","g","","","0.83","0.83","0.0","0.0005","verified","1005","g","","","11.13","11.1","0.03","0.05","verified","1004","g","","","0.0","0.0","0.0","5e-05","genuine_zero","1079","g","","","0.0","0.0","0.0","5e-05","genuine_zero","2000","g","","","0.058","0.058","0.0","5e-05","verified","1093","g","mg","","202.41","verified",""
"168383","Canadian Bacon (Pan-Fried)","SR Legacy","sr_legacy","SR Legacy 2021-10-28","4/1/2019","True","True","146.0","146.0","0.0","0.5","verified","1008","kcal","","145.46","28.31","28.3","0.01","0.05","verified","1003","g","","","1.8","1.8","0.0","0.005","verified","1005","g","","","2.78","2.78","0.0","0.005","verified","1004","g","","","0.0","0.0","0.0","5e-05","genuine_zero","1079","g","","","1.2","1.2","0.0","0.005","verified","2000","g","","","0.993","0.993","0.0","0.0005","verified","1093","g","mg","","145.46","verified",""
"168384","Alfalfa Sprouts (Raw)","SR Legacy","sr_legacy","SR Legacy 2021-10-28","4/1/2019","True","True","23.0","23.0","0.0","0.05","verified","1008","kcal","","30.57","3.99","3.99","0.0","0.005","verified","1003","g","","","2.1","2.1","0.0","0.005","verified","1005","g","","","0.69","0.69","0.0","0.0005","verified","1004","g","","","1.9","1.9","0.0","0.005","verified","1079","g","","","0.2","0.2","0.0","0.0005","verified","2000","g","","","0.006","0.006","0.0","5e-05","verified","1093","g","mg","","30.57","verified",""
"168385","Amaranth Leaves (Raw)","SR Legacy","sr_legacy","SR Legacy 2021-10-28","4/1/2019","True","True","23.0","23.0","0.0","0.05","verified","1008","kcal","","28.89","2.46","2.46","0.0","0.005","verified","1003","g","","","4.02","4.02","0.0","0.005","verified","1005","g","","","0.33","0.33","0.0","0.0005","verified","1004","g","","","0.0","","","5e-05","missing_in_reference","","","","","0.0","","","5e-05","missing_in_reference","","","","","0.02","0.02","0.0","5e-05","verified","1093","g","mg","","28.89","verified_with_gaps","macro_gap:fiber_g,sugar_g"
"168389","Asparagus (Raw)","SR Legacy","sr_legacy","SR Legacy 2021-10-28","4/1/2019","True","True","20.0","20.0","0.0","0.05","verified","1008","kcal","","25.4","2.2","2.2","0.0","0.005","verified","1003","g","","","3.88","3.88","0.0","0.005","verified","1005","g","","","0.12","0.12","0.0","0.0005","verified","1004","g","","","2.1","2.1","0.0","0.005","verified","1079","g","","","1.88","1.88","0.0","0.005","verified","2000","g","","","0.002","0.002","0.0","5e-05","verified","1093","g","mg","","25.4","verified",""
"168391","Bitter Melon Leaves (Raw)","SR Legacy","sr_legacy","SR Legacy 2021-10-28","4/1/2019","True","True","30.0","30.0","0.0","0.05","verified","1008","kcal","","40.57","5.3","5.3","0.0","0.005","verified","1003","g","","","3.29","3.29","0.0","0.005","verified","1005","g","","","0.69","0.69","0.0","0.0005","verified","1004","g","","","0.0","","","5e-05","missing_in_reference","","","","","0.0","","","5e-05","missing_in_reference","","","","","0.011","0.011","0.0","5e-05","verified","1093","g","mg","","40.57","verified_with_gaps","macro_gap:fiber_g,sugar_g"
"168393","Bitter Melon (Raw)","SR Legacy","sr_legacy","SR Legacy 2021-10-28","4/1/2019","True","True","17.0","17.0","0.0","0.05","verified","1008","kcal","","20.33","1.0","1.0","0.0","0.005","verified","1003","g","","","3.7","3.7","0.0","0.005","verified","1005","g","","","0.17","0.17","0.0","0.0005","verified","1004","g","","","2.8","2.8","0.0","0.005","verified","1079","g","","","0.0","","","5e-05","missing_in_reference","","","","","0.005","0.005","0.0","5e-05","verified","1093","g","mg","","20.33","verified_with_gaps","macro_gap:sugar_g"
"168396","Lima Beans (Immature Seeds, Raw)","SR Legacy","sr_legacy","SR Legacy 2021-10-28","4/1/2019","True","True","113.0","113.0","0.0","0.5","verified","1008","kcal","","115.78","6.84","6.84","0.0","0.005","verified","1003","g","","","20.17","20.2","-0.03","0.05","verified","1005","g","","","0.86","0.86","0.0","0.0005","verified","1004","g","","","4.9","4.9","0.0","0.005","verified","1079","g","","","1.48","1.48","0.0","0.005","verified","2000","g","","","0.008","0.008","0.0","5e-05","verified","1093","g","mg","","115.78","verified",""
"168405","Cowpeas (Young Pods With Seeds)","SR Legacy","sr_legacy","SR Legacy 2021-10-28","4/1/2019","True","True","44.0","44.0","0.0","0.05","verified","1008","kcal","","53.9","3.3","3.3","0.0","0.005","verified","1003","g","","","9.5","9.5","0.0","0.005","verified","1005","g","","","0.3","0.3","0.0","0.0005","verified","1004","g","","","3.3","3.3","0.0","0.005","verified","1079","g","","","5.04","5.04","0.0","0.005","verified","2000","g","","","0.004","0.004","0.0","5e-05","verified","1093","g","mg","","53.9","verified",""
"168407","Garden Cress (Raw)","SR Legacy","sr_legacy","SR Legacy 2021-10-28","4/1/2019","True","True","32.0","32.0","0.0","0.05","verified","1008","kcal","","38.7","2.6","2.6","0.0","0.005","verified","1003","g","","","5.5","5.5","0.0","0.005","verified","1005","g","","","0.7","0.7","0.0","0.0005","verified","1004","g","","","1.1","1.1","0.0","0.005","verified","1079","g","","","4.4","4.4","0.0","0.005","verified","2000","g","","","0.014","0.014","0.0","5e-05","verified","1093","g","mg","","38.7","verified",""
"168409","Cucumber (With Peel, Raw)","SR Legacy","sr_legacy","SR Legacy 2021-10-28","4/1/2019","True","True","15.0","15.0","0.0","0.05","verified","1008","kcal","","18.11","0.65","0.65","0.0","0.0005","verified","1003","g","","","3.63","3.63","0.0","0.005","verified","1005","g","","","0.11","0.11","0.0","0.0005","verified","1004","g","","","0.5","0.5","0.0","0.0005","verified","1079","g","","","1.67","1.67","0.0","0.005","verified","2000","g","","","0.002","0.002","0.0","5e-05","verified","1093","g","mg","","18.11","verified",""
"168412","Endive (Raw)","SR Legacy","sr_legacy","SR Legacy 2021-10-28","4/1/2019","True","True","17.0","17.0","0.0","0.05","verified","1008","kcal","","20.2","1.25","1.25","0.0","0.005","verified","1003","g","","","3.35","3.35","0.0","0.005","verified","1005","g","","","0.2","0.2","0.0","0.0005","verified","1004","g","","","3.1","3.1","0.0","0.005","verified","1079","g","","","0.25","0.25","0.0","0.0005","verified","2000","g","","","0.022","0.022","0.0","5e-05","verified","1093","g","mg","","20.2","verified",""
"168413","Escarole (Cooked, No Salt)","SR Legacy","sr_legacy","SR Legacy 2021-10-28","4/1/2019","True","True","15.0","15.0","0.0","0.05","verified","1008","kcal","","18.5","1.15","1.15","0.0","0.005","verified","1003","g","","","3.07","3.07","0.0","0.005","verified","1005","g","","","0.18","0.18","0.0","0.0005","verified","1004","g","","","2.8","2.8","0.0","0.005","verified","1079","g","","","0.23","0.23","0.0","0.0005","verified","2000","g","","","0.019","0.019","0.0","5e-05","verified","1093","g","mg","","18.5","verified",""
"168414","Luffa Gourd","SR Legacy","sr_legacy","SR Legacy 2021-10-28","4/1/2019","True","True","20.0","20.0","0.0","0.05","verified","1008","kcal","","24.0","1.2","1.2","0.0","0.005","verified","1003","g","","","4.35","4.35","0.0","0.005","verified","1005","g","","","0.2","0.2","0.0","0.0005","verified","1004","g","","","1.1","1.1","0.0","0.005","verified","1079","g","","","2.02","2.02","0.0","0.005","verified","2000","g","","","0.003","0.003","0.0","5e-05","verified","1093","g","mg","","24.0","verified",""
"168418","Pepeao (Dried)","SR Legacy","sr_legacy","SR Legacy 2021-10-28","4/1/2019","True","True","298.0","298.0","0.0","0.5","verified","1008","kcal","","347.36","4.82","4.82","0.0","0.005","verified","1003","g","","","81.03","81.0","0.03","0.05","verified","1005","g","","","0.44","0.44","0.0","0.0005","verified","1004","g","","","0.0","","","5e-05","missing_in_reference","","","","","0.0","","","5e-05","missing_in_reference","","","","","0.07","0.07","0.0","5e-05","verified","1093","g","mg","","347.36","verified_with_gaps","macro_gap:fiber_g,sugar_g"
"168419","Jute Leaves (Raw)","SR Legacy","sr_legacy","SR Legacy 2021-10-28","4/1/2019","True","True","34.0","34.0","0.0","0.05","verified","1008","kcal","","44.05","4.65","4.65","0.0","0.005","verified","1003","g","","","5.8","5.8","0.0","0.005","verified","1005","g","","","0.25","0.25","0.0","0.0005","verified","1004","g","","","0.0","","","5e-05","missing_in_reference","","","","","0.0","","","5e-05","missing_in_reference","","","","","0.008","0.008","0.0","5e-05","verified","1093","g","mg","","44.05","verified_with_gaps","macro_gap:fiber_g,sugar_g"
"168421","Kale (Raw)","SR Legacy","sr_legacy","SR Legacy 2021-10-28","4/1/2019","True","True","35.0","35.0","0.0","0.05","verified","1008","kcal","","42.77","2.92","2.92","0.0","0.005","verified","1003","g","","","4.42","4.42","0.0","0.005","verified","1005","g","","","1.49","1.49","0.0","0.005","verified","1004","g","","","4.1","4.1","0.0","0.005","verified","1079","g","","","0.99","0.99","0.0","0.0005","verified","2000","g","","","0.053","0.053","0.0","5e-05","verified","1093","g","mg","","42.77","verified",""
"168422","Mushrooms (Chanterelle, Raw)","SR Legacy","sr_legacy","SR Legacy 2021-10-28","4/1/2019","True","True","32.0","32.0","0.0","0.05","verified","1008","kcal","","38.17","1.49","1.49","0.0","0.005","verified","1003","g","","","6.86","6.86","0.0","0.005","verified","1005","g","","","0.53","0.53","0.0","0.0005","verified","1004","g","","","3.8","3.8","0.0","0.005","verified","1079","g","","","1.16","1.16","0.0","0.005","verified","2000","g","","","0.009","0.009","0.0","5e-05","verified","1093","g","mg","","38.17","verified",""
"168423","Morel Mushrooms (Raw)","SR Legacy","sr_legacy","SR Legacy 2021-10-28","4/1/2019","True","True","31.0","31.0","0.0","0.05","verified","1008","kcal","","38.01","3.12","3.12","0.0","0.005","verified","1003","g","","","5.1","5.1","0.0","0.005","verified","1005","g","","","0.57","0.57","0.0","0.0005","verified","1004","g","","","2.8","2.8","0.0","0.005","verified","1079","g","","","0.6","0.6","0.0","0.0005","verified","2000","g","","","0.021","0.021","0.0","5e-05","verified","1093","g","mg","","38.01","verified",""
"168424","Kohlrabi (Raw)","SR Legacy","sr_legacy","SR Legacy 2021-10-28","4/1/2019","True","True","27.0","27.0","0.0","0.05","verified","1008","kcal","","32.5","1.7","1.7","0.0","0.005","verified","1003","g","","","6.2","6.2","0.0","0.005","verified","1005","g","","","0.1","0.1","0.0","0.0005","verified","1004","g","","","3.6","3.6","0.0","0.005","verified","1079","g","","","2.6","2.6","0.0","0.005","verified","2000","g","","","0.02","0.02","0.0","5e-05","verified","1093","g","mg","","32.5","verified",""
"168427","Lentil Sprouts (Raw)","SR Legacy","sr_legacy","SR Legacy 2021-10-28","4/1/2019","True","True","106.0","106.0","0.0","0.5","verified","1008","kcal","","129.35","8.96","8.96","0.0","0.005","verified","1003","g","","","22.14","22.1","0.04","0.05","verified","1005","g","","","0.55","0.55","0.0","0.0005","verified","1004","g","","","0.0","","","5e-05","missing_in_reference","","","","","0.0","","","5e-05","missing_in_reference","","","","","0.011","0.011","0.0","5e-05","verified","1093","g","mg","","129.35","verified_with_gaps","macro_gap:fiber_g,sugar_g"
"168429","Lettuce (Butterhead)","SR Legacy","sr_legacy","SR Legacy 2021-10-28","4/1/2019","True","True","13.0","13.0","0.0","0.05","verified","1008","kcal","","16.3","1.35","1.35","0.0","0.005","verified","1003","g","","","2.23","2.23","0.0","0.005","verified","1005","g","","","0.22","0.22","0.0","0.0005","verified","1004","g","","","1.1","1.1","0.0","0.005","verified","1079","g","","","0.94","0.94","0.0","0.0005","verified","2000","g","","","0.005","0.005","0.0","5e-05","verified","1093","g","mg","","16.3","verified",""
"168431","Lettuce (Red Leaf)","SR Legacy","sr_legacy","SR Legacy 2021-10-28","4/1/2019","True","True","13.0","13.0","0.0","0.05","verified","1008","kcal","","16.34","1.33","1.33","0.0","0.005","verified","1003","g","","","2.26","2.26","0.0","0.005","verified","1005","g","","","0.22","0.22","0.0","0.0005","verified","1004","g","","","0.9","0.9","0.0","0.0005","verified","1079","g","","","0.48","0.48","0.0","0.0005","verified","2000","g","","","0.025","0.025","0.0","5e-05","verified","1093","g","mg","","16.34","verified",""
"168432","Mountain Yam (Hawaii, Raw)","SR Legacy","sr_legacy","SR Legacy 2021-10-28","4/1/2019","True","True","67.0","67.0","0.0","0.05","verified","1008","kcal","","71.46","1.34","1.34","0.0","0.005","verified","1003","g","","","16.3","16.3","0.0","0.05","verified","1005","g","","","0.1","0.1","0.0","0.0005","verified","1004","g","","","2.5","2.5","0.0","0.005","verified","1079","g","","","0.31","0.31","0.0","0.0005","verified","2000","g","","","0.013","0.013","0.0","5e-05","verified","1093","g","mg","","71.46","verified",""
"168434","Mushrooms (Brown/Crimini)","SR Legacy","sr_legacy","SR Legacy 2021-10-28","4/1/2019","True","True","22.0","22.0","0.0","0.05","verified","1008","kcal","","28.1","2.5","2.5","0.0","0.005","verified","1003","g","","","4.3","4.3","0.0","0.005","verified","1005","g","","","0.1","0.1","0.0","0.0005","verified","1004","g","","","0.6","0.6","0.0","0.0005","verified","1079","g","","","1.72","1.72","0.0","0.005","verified","2000","g","","","0.006","0.006","0.0","5e-05","verified","1093","g","mg","","28.1","verified",""
"168438","Mustard Spinach (Tendergreen, Raw)","SR Legacy","sr_legacy","SR Legacy 2021-10-28","4/1/2019","True","True","22.0","22.0","0.0","0.05","verified","1008","kcal","","27.1","2.2","2.2","0.0","0.005","verified","1003","g","","","3.9","3.9","0.0","0.005","verified","1005","g","","","0.3","0.3","0.0","0.0005","verified","1004","g","","","2.8","2.8","0.0","0.005","verified","1079","g","","","0.0","","","5e-05","missing_in_reference","","","","","0.021","0.021","0.0","5e-05","verified","1093","g","mg","","27.1","verified_with_gaps","macro_gap:sugar_g"
"168440","New Zealand Spinach (Raw)","SR Legacy","sr_legacy","SR Legacy 2021-10-28","4/1/2019","True","True","14.0","14.0","0.0","0.05","verified","1008","kcal","","17.8","1.5","1.5","0.0","0.005","verified","1003","g","","","2.5","2.5","0.0","0.005","verified","1005","g","","","0.2","0.2","0.0","0.0005","verified","1004","g","","","1.5","1.5","0.0","0.005","verified","1079","g","","","0.29","0.29","0.0","0.0005","verified","2000","g","","","0.13","0.13","0.0","0.0005","verified","1093","g","mg","","17.8","verified",""
"168445","Steak Fries (Frozen, Oven-Heated)","SR Legacy","sr_legacy","SR Legacy 2021-10-28","4/1/2019","True","True","148.0","148.0","0.0","0.5","verified","1008","kcal","","152.04","2.57","2.57","0.0","0.005","verified","1003","g","","","26.98","27.0","-0.02","0.05","verified","1005","g","","","3.76","3.76","0.0","0.005","verified","1004","g","","","2.6","2.6","0.0","0.005","verified","1079","g","","","0.25","0.25","0.0","0.0005","verified","2000","g","","","0.373","0.373","0.0","0.0005","verified","1093","g","mg","","152.04","verified",""
"168446","Potato Flour","SR Legacy","sr_legacy","SR Legacy 2021-10-28","4/1/2019","True","True","357.0","357.0","0.0","0.5","verified","1008","kcal","","363.06","6.9","6.9","0.0","0.005","verified","1003","g","","","83.1","83.1","0.0","0.05","verified","1005","g","","","0.34","0.34","0.0","0.0005","verified","1004","g","","","5.9","5.9","0.0","0.005","verified","1079","g","","","3.52","3.52","0.0","0.005","verified","2000","g","","","0.055","0.055","0.0","5e-05","verified","1093","g","mg","","363.06","verified",""
"168448","Pumpkin (Raw)","SR Legacy","sr_legacy","SR Legacy 2021-10-28","4/1/2019","True","True","26.0","26.0","0.0","0.05","verified","1008","kcal","","30.9","1.0","1.0","0.0","0.005","verified","1003","g","","","6.5","6.5","0.0","0.005","verified","1005","g","","","0.1","0.1","0.0","0.0005","verified","1004","g","","","0.5","0.5","0.0","0.0005","verified","1079","g","","","2.76","2.76","0.0","0.005","verified","2000","g","","","0.001","0.001","0.0","5e-05","verified","1093","g","mg","","30.9","verified",""
"168451","Oriental Radish (Raw)","SR Legacy","sr_legacy","SR Legacy 2021-10-28","4/1/2019","True","True","18.0","18.0","0.0","0.05","verified","1008","kcal","","19.7","0.6","0.6","0.0","0.0005","verified","1003","g","","","4.1","4.1","0.0","0.005","verified","1005","g","","","0.1","0.1","0.0","0.0005","verified","1004","g","","","1.6","1.6","0.0","0.005","verified","1079","g","","","2.5","2.5","0.0","0.005","verified","2000","g","","","0.021","0.021","0.0","5e-05","verified","1093","g","mg","","19.7","verified",""
"168454","Rutabaga (Raw)","SR Legacy","sr_legacy","SR Legacy 2021-10-28","4/1/2019","True","True","37.0","37.0","0.0","0.05","verified","1008","kcal","","40.24","1.08","1.08","0.0","0.005","verified","1003","g","","","8.62","8.62","0.0","0.005","verified","1005","g","","","0.16","0.16","0.0","0.0005","verified","1004","g","","","2.3","2.3","0.0","0.005","verified","1079","g","","","4.46","4.46","0.0","0.005","verified","2000","g","","","0.012","0.012","0.0","5e-05","verified","1093","g","mg","","40.24","verified",""
"168456","Irish Moss Seaweed (Raw)","SR Legacy","sr_legacy","SR Legacy 2021-10-28","4/1/2019","True","True","49.0","49.0","0.0","0.05","verified","1008","kcal","","56.64","1.51","1.51","0.0","0.005","verified","1003","g","","","12.29","12.3","-0.01","0.05","verified","1005","g","","","0.16","0.16","0.0","0.0005","verified","1004","g","","","1.3","1.3","0.0","0.005","verified","1079","g","","","0.61","0.61","0.0","0.0005","verified","2000","g","","","0.067","0.067","0.0","5e-05","verified","1093","g","mg","","56.64","verified",""
"168457","Kelp (Raw)","SR Legacy","sr_legacy","SR Legacy 2021-10-28","4/1/2019","True","True","43.0","43.0","0.0","0.05","verified","1008","kcal","","50.04","1.68","1.68","0.0","0.005","verified","1003","g","","","9.57","9.57","0.0","0.005","verified","1005","g","","","0.56","0.56","0.0","0.0005","verified","1004","g","","","1.3","1.3","0.0","0.005","verified","1079","g","","","0.6","0.6","0.0","0.0005","verified","2000","g","","","0.233","0.233","0.0","0.0005","verified","1093","g","mg","","50.04","verified",""
"168458","Laver Seaweed (Raw)","SR Legacy","sr_legacy","SR Legacy 2021-10-28","4/1/2019","True","True","35.0","35.0","0.0","0.05","verified","1008","kcal","","46.2","5.81","5.81","0.0","0.005","verified","1003","g","","","5.11","5.11","0.0","0.005","verified","1005","g","","","0.28","0.28","0.0","0.0005","verified","1004","g","","","0.3","0.3","0.0","0.0005","verified","1079","g","","","0.49","0.49","0.0","0.0005","verified","2000","g","","","0.048","0.048","0.0","5e-05","verified","1093","g","mg","","46.2","verified",""
"168459","Sesbania Flower (Raw)","SR Legacy","sr_legacy","SR Legacy 2021-10-28","4/1/2019","True","True","27.0","27.0","0.0","0.05","verified","1008","kcal","","32.4","1.28","1.28","0.0","0.005","verified","1003","g","","","6.73","6.73","0.0","0.005","verified","1005","g","","","0.04","0.04","0.0","5e-05","verified","1004","g","","","0.0","","","5e-05","missing_in_reference","","","","","0.0","","","5e-05","missing_in_reference","","","","","0.015","0.015","0.0","5e-05","verified","1093","g","mg","","32.4","verified_with_gaps","macro_gap:fiber_g,sugar_g"
"168462","Spinach (Raw)","SR Legacy","sr_legacy","SR Legacy 2021-10-28","4/1/2019","True","True","23.0","23.0","0.0","0.05","verified","1008","kcal","","29.47","2.86","2.86","0.0","0.005","verified","1003","g","","","3.63","3.63","0.0","0.005","verified","1005","g","","","0.39","0.39","0.0","0.0005","verified","1004","g","","","2.2","2.2","0.0","0.005","verified","1079","g","","","0.42","0.42","0.0","0.0005","verified","2000","g","","","0.079","0.079","0.0","5e-05","verified","1093","g","mg","","29.47","verified",""
"168472","Winter Squash (Acorn, Raw)","SR Legacy","sr_legacy","SR Legacy 2021-10-28","4/1/2019","True","True","40.0","40.0","0.0","0.05","verified","1008","kcal","","45.78","0.8","0.8","0.0","0.0005","verified","1003","g","","","10.42","10.4","0.02","0.05","verified","1005","g","","","0.1","0.1","0.0","0.0005","verified","1004","g","","","1.5","1.5","0.0","0.005","verified","1079","g","","","0.0","","","5e-05","missing_in_reference","","","","","0.003","0.003","0.0","5e-05","verified","1093","g","mg","","45.78","verified_with_gaps","macro_gap:sugar_g"
"168478","Succotash (Canned, Cream-Style)","SR Legacy","sr_legacy","SR Legacy 2021-10-28","4/1/2019","True","True","77.0","77.0","0.0","0.05","verified","1008","kcal","","85.86","2.64","2.64","0.0","0.005","verified","1003","g","","","17.61","17.6","0.01","0.05","verified","1005","g","","","0.54","0.54","0.0","0.0005","verified","1004","g","","","3.0","3.0","0.0","0.005","verified","1079","g","","","0.0","","","5e-05","missing_in_reference","","","","","0.245","0.245","0.0","0.0005","verified","1093","g","mg","","85.86","verified_with_gaps","macro_gap:sugar_g"
"168484","Sweet Potato (Boiled, No Skin)","SR Legacy","sr_legacy","SR Legacy 2021-10-28","4/1/2019","True","True","76.0","76.0","0.0","0.05","verified","1008","kcal","","77.62","1.37","1.37","0.0","0.005","verified","1003","g","","","17.72","17.7","0.02","0.05","verified","1005","g","","","0.14","0.14","0.0","0.0005","verified","1004","g","","","2.5","2.5","0.0","0.005","verified","1079","g","","","5.74","5.74","0.0","0.005","verified","2000","g","","","0.027","0.027","0.0","5e-05","verified","1093","g","mg","","77.62","verified",""
"168487","Taro Leaves (Raw)","SR Legacy","sr_legacy","SR Legacy 2021-10-28","4/1/2019","True","True","42.0","42.0","0.0","0.05","verified","1008","kcal","","53.38","4.98","4.98","0.0","0.005","verified","1003","g","","","6.7","6.7","0.0","0.005","verified","1005","g","","","0.74","0.74","0.0","0.0005","verified","1004","g","","","3.7","3.7","0.0","0.005","verified","1079","g","","","3.01","3.01","0.0","0.005","verified","2000","g","","","0.003","0.003","0.0","5e-05","verified","1093","g","mg","","53.38","verified",""
"168489","Taro Shoots (Raw)","SR Legacy","sr_legacy","SR Legacy 2021-10-28","4/1/2019","True","True","11.0","11.0","0.0","0.05","verified","1008","kcal","","13.77","0.92","0.92","0.0","0.0005","verified","1003","g","","","2.32","2.32","0.0","0.005","verified","1005","g","","","0.09","0.09","0.0","5e-05","verified","1004","g","","","0.0","","","5e-05","missing_in_reference","","","","","0.0","","","5e-05","missing_in_reference","","","","","0.001","0.001","0.0","5e-05","verified","1093","g","mg","","13.77","verified_with_gaps","macro_gap:fiber_g,sugar_g"
"168490","Arrowroot (Raw)","SR Legacy","sr_legacy","SR Legacy 2021-10-28","4/1/2019","True","True","65.0","65.0","0.0","0.05","verified","1008","kcal","","72.32","4.24","4.24","0.0","0.005","verified","1003","g","","","13.39","13.4","-0.01","0.05","verified","1005","g","","","0.2","0.2","0.0","0.0005","verified","1004","g","","","1.3","1.3","0.0","0.005","verified","1079","g","","","0.0","","","5e-05","missing_in_reference","","","","","0.026","0.026","0.0","5e-05","verified","1093","g","mg","","72.32","verified_with_gaps","macro_gap:sugar_g"
"168491","Chrysanthemum Leaves (Raw)","SR Legacy","sr_legacy","SR Legacy 2021-10-28","4/1/2019","True","True","24.0","24.0","0.0","0.05","verified","1008","kcal","","30.52","3.36","3.36","0.0","0.005","verified","1003","g","","","3.01","3.01","0.0","0.005","verified","1005","g","","","0.56","0.56","0.0","0.0005","verified","1004","g","","","3.0","3.0","0.0","0.005","verified","1079","g","","","0.0","","","5e-05","missing_in_reference","","","","","0.118","0.118","0.0","0.0005","verified","1093","g","mg","","30.52","verified_with_gaps","macro_gap:sugar_g"
"168511","Broccoli (Frozen, Chopped, Cooked)","SR Legacy","sr_legacy","SR Legacy 2021-10-28","4/1/2019","True","True","28.0","28.0","0.0","0.05","verified","1008","kcal","","34.88","3.1","3.1","0.0","0.005","verified","1003","g","","","5.35","5.35","0.0","0.005","verified","1005","g","","","0.12","0.12","0.0","0.0005","verified","1004","g","","","3.0","3.0","0.0","0.005","verified","1079","g","","","1.47","1.47","0.0","0.005","verified","2000","g","","","0.26","0.26","0.0","0.0005","verified","1093","g","mg","","34.88","verified",""
"168512","Broccoli (Frozen Spears, Cooked)","SR Legacy","sr_legacy","SR Legacy 2021-10-28","4/1/2019","True","True","28.0","28.0","0.0","0.05","verified","1008","kcal","","34.79","3.1","3.1","0.0","0.005","verified","1003","g","","","5.35","5.35","0.0","0.005","verified","1005","g","","","0.11","0.11","0.0","0.0005","verified","1004","g","","","3.0","3.0","0.0","0.005","verified","1079","g","","","1.44","1.44","0.0","0.005","verified","2000","g","","","0.26","0.26","0.0","0.0005","verified","1093","g","mg","","34.79","verified",""
"168524","Collards (Frozen, Cooked)","SR Legacy","sr_legacy","SR Legacy 2021-10-28","4/1/2019","True","True","36.0","36.0","0.0","0.05","verified","1008","kcal","","43.97","2.97","2.97","0.0","0.005","verified","1003","g","","","7.1","7.1","0.0","0.005","verified","1005","g","","","0.41","0.41","0.0","0.0005","verified","1004","g","","","2.8","2.8","0.0","0.005","verified","1079","g","","","0.57","0.57","0.0","0.0005","verified","2000","g","","","0.286","0.286","0.0","0.0005","verified","1093","g","mg","","43.97","verified",""
"168538","Corn (Sweet White, Raw)","SR Legacy","sr_legacy","SR Legacy 2021-10-28","4/1/2019","True","True","86.0","86.0","0.0","0.05","verified","1008","kcal","","99.58","3.22","3.22","0.0","0.005","verified","1003","g","","","19.02","19.0","0.02","0.05","verified","1005","g","","","1.18","1.18","0.0","0.005","verified","1004","g","","","2.7","2.7","0.0","0.005","verified","1079","g","","","3.22","3.22","0.0","0.005","verified","2000","g","","","0.015","0.015","0.0","5e-05","verified","1093","g","mg","","99.58","verified",""
"168553","Tree Fern (Cooked, Salted)","SR Legacy","sr_legacy","SR Legacy 2021-10-28","4/1/2019","True","True","40.0","40.0","0.0","0.05","verified","1008","kcal","","44.91","0.29","0.29","0.0","0.0005","verified","1003","g","","","10.78","10.8","-0.02","0.05","verified","1005","g","","","0.07","0.07","0.0","5e-05","verified","1004","g","","","3.7","3.7","0.0","0.005","verified","1079","g","","","0.0","","","5e-05","missing_in_reference","","","","","0.241","0.241","0.0","0.0005","verified","1093","g","mg","","44.91","verified_with_gaps","macro_gap:sugar_g"
"168556","Ketchup (Catsup)","SR Legacy","sr_legacy","SR Legacy 2021-10-28","4/1/2019","True","True","101.0","101.0","0.0","0.5","verified","1008","kcal","","114.66","1.04","1.04","0.0","0.005","verified","1003","g","","","27.4","27.4","0.0","0.05","verified","1005","g","","","0.1","0.1","0.0","0.0005","verified","1004","g","","","0.3","0.3","0.0","0.0005","verified","1079","g","","","21.27","21.3","-0.03","0.05","verified","2000","g","","","0.907","0.907","0.0","0.0005","verified","1093","g","mg","","114.66","verified",""
"168559","Pimento (Canned)","SR Legacy","sr_legacy","SR Legacy 2021-10-28","4/1/2019","True","True","23.0","23.0","0.0","0.05","verified","1008","kcal","","27.5","1.1","1.1","0.0","0.005","verified","1003","g","","","5.1","5.1","0.0","0.005","verified","1005","g","","","0.3","0.3","0.0","0.0005","verified","1004","g","","","1.9","1.9","0.0","0.005","verified","1079","g","","","2.71","2.71","0.0","0.005","verified","2000","g","","","0.014","0.014","0.0","5e-05","verified","1093","g","mg","","27.5","verified",""
"168560","Pickle Relish (Hot Dog)","SR Legacy","sr_legacy","SR Legacy 2021-10-28","4/1/2019","True","True","91.0","91.0","0.0","0.05","verified","1008","kcal","","103.54","1.5","1.5","0.0","0.005","verified","1003","g","","","23.35","23.4","-0.05","0.05","verified","1005","g","","","0.46","0.46","0.0","0.0005","verified","1004","g","","","1.5","1.5","0.0","0.005","verified","1079","g","","","0.0","","","5e-05","missing_in_reference","","","","","1.091","1.09","0.001","0.005","verified","1093","g","mg","","103.54","verified_with_gaps","macro_gap:sugar_g"
"168561","Pickle Relish (Sweet)","SR Legacy","sr_legacy","SR Legacy 2021-10-28","4/1/2019","True","True","130.0","130.0","0.0","0.5","verified","1008","kcal","","145.95","0.37","0.37","0.0","0.0005","verified","1003","g","","","35.06","35.1","-0.04","0.05","verified","1005","g","","","0.47","0.47","0.0","0.0005","verified","1004","g","","","1.1","1.1","0.0","0.005","verified","1079","g","","","29.13","29.1","0.03","0.05","verified","2000","g","","","0.811","0.811","0.0","0.0005","verified","1093","g","mg","","145.95","verified",""
"168564","Radicchio (Raw)","SR Legacy","sr_legacy","SR Legacy 2021-10-28","4/1/2019","True","True","23.0","23.0","0.0","0.05","verified","1008","kcal","","25.89","1.43","1.43","0.0","0.005","verified","1003","g","","","4.48","4.48","0.0","0.005","verified","1005","g","","","0.25","0.25","0.0","0.0005","verified","1004","g","","","0.9","0.9","0.0","0.0005","verified","1079","g","","","0.6","0.6","0.0","0.0005","verified","2000","g","","","0.022","0.022","0.0","5e-05","verified","1093","g","mg","","25.89","verified",""
"168565","Zucchini (Baby, Raw)","SR Legacy","sr_legacy","SR Legacy 2021-10-28","4/1/2019","True","True","21.0","21.0","0.0","0.05","verified","1008","kcal","","26.88","2.71","2.71","0.0","0.005","verified","1003","g","","","3.11","3.11","0.0","0.005","verified","1005","g","","","0.4","0.4","0.0","0.0005","verified","1004","g","","","1.1","1.1","0.0","0.005","verified","1079","g","","","0.0","","","5e-05","missing_in_reference","","","","","0.003","0.003","0.0","5e-05","verified","1093","g","mg","","26.88","verified_with_gaps","macro_gap:sugar_g"
"168566","Tomatillos (Raw)","SR Legacy","sr_legacy","SR Legacy 2021-10-28","4/1/2019","True","True","32.0","32.0","0.0","0.05","verified","1008","kcal","","36.38","0.96","0.96","0.0","0.0005","verified","1003","g","","","5.84","5.84","0.0","0.005","verified","1005","g","","","1.02","1.02","0.0","0.005","verified","1004","g","","","1.9","1.9","0.0","0.005","verified","1079","g","","","3.93","3.93","0.0","0.005","verified","2000","g","","","0.001","0.001","0.0","5e-05","verified","1093","g","mg","","36.38","verified",""
"168567","Tomatoes (Sun-Dried)","SR Legacy","sr_legacy","SR Legacy 2021-10-28","4/1/2019","True","True","258.0","258.0","0.0","0.5","verified","1008","kcal","","306.21","14.11","14.1","0.01","0.05","verified","1003","g","","","55.76","55.8","-0.04","0.05","verified","1005","g","","","2.97","2.97","0.0","0.005","verified","1004","g","","","12.3","12.3","0.0","0.05","verified","1079","g","","","37.59","37.6","-0.01","0.05","verified","2000","g","","","0.107","0.107","0.0","0.0005","verified","1093","g","mg","","306.21","verified",""
"168568","Carrots (Baby)","SR Legacy","sr_legacy","SR Legacy 2021-10-28","4/1/2019","True","True","35.0","35.0","0.0","0.05","verified","1008","kcal","","36.69","0.64","0.64","0.0","0.0005","verified","1003","g","","","8.24","8.24","0.0","0.005","verified","1005","g","","","0.13","0.13","0.0","0.0005","verified","1004","g","","","2.9","2.9","0.0","0.005","verified","1079","g","","","4.76","4.76","0.0","0.005","verified","2000","g","","","0.078","0.078","0.0","5e-05","verified","1093","g","mg","","36.69","verified",""
"168570","Hot Chile Peppers (Sun-Dried)","SR Legacy","sr_legacy","SR Legacy 2021-10-28","4/1/2019","True","True","324.0","324.0","0.0","0.5","verified","1008","kcal","","374.05","10.58","10.6","-0.02","0.05","verified","1003","g","","","69.86","69.9","-0.04","0.05","verified","1005","g","","","5.81","5.81","0.0","0.005","verified","1004","g","","","28.7","28.7","0.0","0.05","verified","1079","g","","","41.06","41.1","-0.04","0.05","verified","2000","g","","","0.091","0.091","0.0","5e-05","verified","1093","g","mg","","374.05","verified",""
"168571","Nopales (Raw)","SR Legacy","sr_legacy","SR Legacy 2021-10-28","4/1/2019","True","True","16.0","16.0","0.0","0.05","verified","1008","kcal","","19.41","1.32","1.32","0.0","0.005","verified","1003","g","","","3.33","3.33","0.0","0.005","verified","1005","g","","","0.09","0.09","0.0","5e-05","verified","1004","g","","","2.2","2.2","0.0","0.005","verified","1079","g","","","1.15","1.15","0.0","0.005","verified","2000","g","","","0.021","0.021","0.0","5e-05","verified","1093","g","mg","","19.41","verified",""
"168572","Cabbage (Napa, Cooked)","SR Legacy","sr_legacy","SR Legacy 2021-10-28","4/1/2019","True","True","12.0","12.0","0.0","0.05","verified","1008","kcal","","14.85","1.1","1.1","0.0","0.005","verified","1003","g","","","2.23","2.23","0.0","0.005","verified","1005","g","","","0.17","0.17","0.0","0.0005","verified","1004","g","","","0.0","","","5e-05","missing_in_reference","","","","","0.0","","","5e-05","missing_in_reference","","","","","0.011","0.011","0.0","5e-05","verified","1093","g","mg","","14.85","verified_with_gaps","macro_gap:fiber_g,sugar_g"
"168573","Lemongrass (Raw)","SR Legacy","sr_legacy","SR Legacy 2021-10-28","4/1/2019","True","True","99.0","99.0","0.0","0.05","verified","1008","kcal","","112.93","1.82","1.82","0.0","0.005","verified","1003","g","","","25.31","25.3","0.01","0.05","verified","1005","g","","","0.49","0.49","0.0","0.0005","verified","1004","g","","","0.0","","","5e-05","missing_in_reference","","","","","0.0","","","5e-05","missing_in_reference","","","","","0.006","0.006","0.0","5e-05","verified","1093","g","mg","","112.93","verified_with_gaps","macro_gap:fiber_g,sugar_g"
"168574","Fava Beans (In Pod, Raw)","SR Legacy","sr_legacy","SR Legacy 2021-10-28","4/1/2019","True","True","88.0","88.0","0.0","0.05","verified","1008","kcal","","108.77","7.92","7.92","0.0","0.005","verified","1003","g","","","17.63","17.6","0.03","0.05","verified","1005","g","","","0.73","0.73","0.0","0.0005","verified","1004","g","","","7.5","7.5","0.0","0.005","verified","1079","g","","","9.21","9.21","0.0","0.005","verified","2000","g","","","0.025","0.025","0.0","5e-05","verified","1093","g","mg","","108.77","verified",""
"168575","Grape Leaves (Raw)","SR Legacy","sr_legacy","SR Legacy 2021-10-28","4/1/2019","True","True","93.0","93.0","0.0","0.05","verified","1008","kcal","","110.72","5.6","5.6","0.0","0.005","verified","1003","g","","","17.31","17.3","0.01","0.05","verified","1005","g","","","2.12","2.12","0.0","0.005","verified","1004","g","","","11.0","11.0","0.0","0.05","verified","1079","g","","","6.3","6.3","0.0","0.005","verified","2000","g","","","0.009","0.009","0.0","5e-05","verified","1093","g","mg","","110.72","verified",""
"168576","Jalapeno Peppers (Raw)","SR Legacy","sr_legacy","SR Legacy 2021-10-28","4/1/2019","True","True","29.0","29.0","0.0","0.05","verified","1008","kcal","","32.97","0.91","0.91","0.0","0.0005","verified","1003","g","","","6.5","6.5","0.0","0.005","verified","1005","g","","","0.37","0.37","0.0","0.0005","verified","1004","g","","","2.8","2.8","0.0","0.005","verified","1079","g","","","4.12","4.12","0.0","0.005","verified","2000","g","","","0.003","0.003","0.0","5e-05","verified","1093","g","mg","","32.97","verified",""
"168578","Hungarian Peppers (Raw)","SR Legacy","sr_legacy","SR Legacy 2021-10-28","4/1/2019","True","True","29.0","29.0","0.0","0.05","verified","1008","kcal","","33.69","0.8","0.8","0.0","0.0005","verified","1003","g","","","6.7","6.7","0.0","0.005","verified","1005","g","","","0.41","0.41","0.0","0.0005","verified","1004","g","","","1.0","1.0","0.0","0.005","verified","1079","g","","","3.53","3.53","0.0","0.005","verified","2000","g","","","0.001","0.001","0.0","5e-05","verified","1093","g","mg","","33.69","verified",""
"168579","Pasilla Peppers (Dried)","SR Legacy","sr_legacy","SR Legacy 2021-10-28","4/1/2019","True","True","345.0","345.0","0.0","0.5","verified","1008","kcal","","396.77","12.4","12.4","0.0","0.05","verified","1003","g","","","51.13","51.1","0.03","0.05","verified","1005","g","","","15.85","15.8","0.05","0.05","verified","1004","g","","","26.8","26.8","0.0","0.05","verified","1079","g","","","0.0","","","5e-05","missing_in_reference","","","","","0.089","0.089","0.0","5e-05","verified","1093","g","mg","","396.77","verified_with_gaps","macro_gap:sugar_g"
"168580","Oyster Mushrooms (Raw)","SR Legacy","sr_legacy","SR Legacy 2021-10-28","4/1/2019","True","True","33.0","33.0","0.0","0.05","verified","1008","kcal","","41.29","3.31","3.31","0.0","0.005","verified","1003","g","","","6.09","6.09","0.0","0.005","verified","1005","g","","","0.41","0.41","0.0","0.0005","verified","1004","g","","","2.3","2.3","0.0","0.005","verified","1079","g","","","1.11","1.11","0.0","0.005","verified","2000","g","","","0.018","0.018","0.0","5e-05","verified","1093","g","mg","","41.29","verified",""
"168581","Cloud Ear Fungus (Dried)","SR Legacy","sr_legacy","SR Legacy 2021-10-28","4/1/2019","True","True","284.0","284.0","0.0","0.5","verified","1008","kcal","","335.61","9.25","9.25","0.0","0.005","verified","1003","g","","","73.01","73.0","0.01","0.05","verified","1005","g","","","0.73","0.73","0.0","0.0005","verified","1004","g","","","70.1","70.1","0.0","0.05","verified","1079","g","","","0.0","","","5e-05","missing_in_reference","","","","","0.035","0.035","0.0","5e-05","verified","1093","g","mg","","335.61","verified_with_gaps","macro_gap:sugar_g"
"168582","Mushrooms (Straw, Canned, Drained)","SR Legacy","sr_legacy","SR Legacy 2021-10-28","4/1/2019","True","True","32.0","32.0","0.0","0.05","verified","1008","kcal","","40.0","3.83","3.83","0.0","0.005","verified","1003","g","","","4.64","4.64","0.0","0.005","verified","1005","g","","","0.68","0.68","0.0","0.0005","verified","1004","g","","","2.5","2.5","0.0","0.005","verified","1079","g","","","0.0","","","5e-05","missing_in_reference","","","","","0.384","0.384","0.0","0.0005","verified","1093","g","mg","","40.0","verified_with_gaps","macro_gap:sugar_g"
"168583","Wasabi Root (Raw)","SR Legacy","sr_legacy","SR Legacy 2021-10-28","4/1/2019","True","True","109.0","109.0","0.0","0.5","verified","1008","kcal","","119.03","4.8","4.8","0.0","0.005","verified","1003","g","","","23.54","23.5","0.04","0.05","verified","1005","g","","","0.63","0.63","0.0","0.0005","verified","1004","g","","","7.8","7.8","0.0","0.005","verified","1079","g","","","0.0","","","5e-05","missing_in_reference","","","","","0.017","0.017","0.0","5e-05","verified","1093","g","mg","","119.03","verified_with_gaps","macro_gap:sugar_g"
"168585","Coconut Meat (Dried, Creamed)","SR Legacy","sr_legacy","SR Legacy 2021-10-28","4/1/2019","True","True","684.0","684.0","0.0","0.5","verified","1008","kcal","","729.0","5.3","5.3","0.0","0.005","verified","1003","g","","","21.52","21.5","0.02","0.05","verified","1005","g","","","69.08","69.1","-0.02","0.05","verified","1004","g","","","0.0","","","5e-05","missing_in_reference","","","","","0.0","","","5e-05","missing_in_reference","","","","","0.037","0.037","0.0","5e-05","verified","1093","g","mg","","729.0","verified_with_gaps","macro_gap:fiber_g,sugar_g"
"168587","Sisymbrium Seeds (Dried)","SR Legacy","sr_legacy","SR Legacy 2021-10-28","4/1/2019","True","True","318.0","318.0","0.0","0.5","verified","1008","kcal","","323.0","12.14","12.1","0.04","0.05","verified","1003","g","","","58.26","58.3","-0.04","0.05","verified","1005","g","","","4.6","4.6","0.0","0.005","verified","1004","g","","","0.0","","","5e-05","missing_in_reference","","","","","0.0","","","5e-05","missing_in_reference","","","","","0.092","0.092","0.0","5e-05","verified","1093","g","mg","","323.0","verified_with_gaps","macro_gap:fiber_g,sugar_g"
"168591","Lotus Seeds (Raw)","SR Legacy","sr_legacy","SR Legacy 2021-10-28","4/1/2019","True","True","89.0","89.0","0.0","0.05","verified","1008","kcal","","90.41","4.13","4.13","0.0","0.005","verified","1003","g","","","17.28","17.3","-0.02","0.05","verified","1005","g","","","0.53","0.53","0.0","0.0005","verified","1004","g","","","0.0","","","5e-05","missing_in_reference","","","","","0.0","","","5e-05","missing_in_reference","","","","","0.001","0.001","0.0","5e-05","verified","1093","g","mg","","90.41","verified_with_gaps","macro_gap:fiber_g,sugar_g"
"168596","Almonds (Dry Roasted, Salted)","SR Legacy","sr_legacy","SR Legacy 2021-10-28","4/1/2019","True","True","598.0","598.0","0.0","0.5","verified","1008","kcal","","640.74","20.96","21.0","-0.04","0.05","verified","1003","g","","","21.01","21.0","0.01","0.05","verified","1005","g","","","52.54","52.5","0.04","0.05","verified","1004","g","","","10.9","10.9","0.0","0.05","verified","1079","g","","","4.86","4.86","0.0","0.005","verified","2000","g","","","0.234","0.234","0.0","0.0005","verified","1093","g","mg","","640.74","verified",""
"168597","Cashew Butter (Salted)","SR Legacy","sr_legacy","SR Legacy 2021-10-28","4/1/2019","True","True","609.0","609.0","0.0","0.5","verified","1008","kcal","","646.95","12.12","12.1","0.02","0.05","verified","1003","g","","","30.3","30.3","0.0","0.05","verified","1005","g","","","53.03","53.0","0.03","0.05","verified","1004","g","","","3.0","3.0","0.0","0.005","verified","1079","g","","","9.09","9.09","0.0","0.005","verified","2000","g","","","0.295","0.295","0.0","0.0005","verified","1093","g","mg","","646.95","verified",""
"168599","Mixed Nuts (Dry Roasted, Salted)","SR Legacy","sr_legacy","SR Legacy 2021-10-28","4/1/2019","True","True","594.0","594.0","0.0","0.5","verified","1008","kcal","","633.2","17.3","17.3","0.0","0.05","verified","1003","g","","","25.35","25.4","-0.05","0.05","verified","1005","g","","","51.4","51.4","0.0","0.05","verified","1004","g","","","9.0","9.0","0.0","0.005","verified","1079","g","","","4.8","4.8","0.0","0.005","verified","2000","g","","","0.345","0.345","0.0","0.0005","verified","1093","g","mg","","633.2","verified",""
"168603","Almond Butter (Salted)","SR Legacy","sr_legacy","SR Legacy 2021-10-28","4/1/2019","True","True","614.0","614.0","0.0","0.5","verified","1008","kcal","","658.62","20.96","21.0","-0.04","0.05","verified","1003","g","","","18.82","18.8","0.02","0.05","verified","1005","g","","","55.5","55.5","0.0","0.05","verified","1004","g","","","10.3","10.3","0.0","0.05","verified","1079","g","","","6.27","6.27","0.0","0.005","verified","2000","g","","","0.227","0.227","0.0","0.0005","verified","1093","g","mg","","658.62","verified",""
"168605","Beef Fat Trimmings (Raw)","SR Legacy","sr_legacy","SR Legacy 2021-10-28","4/1/2019","True","True","674.0","674.0","0.0","0.5","verified","1008","kcal","","670.85","8.21","8.21","0.0","0.005","verified","1003","g","","","0.0","0.0","0.0","5e-05","genuine_zero","1005","g","","","70.89","70.9","-0.01","0.05","verified","1004","g","","","0.0","0.0","0.0","5e-05","genuine_zero","1079","g","","","0.0","0.0","0.0","5e-05","genuine_zero","2000","g","","","0.026","0.026","0.0","5e-05","verified","1093","g","mg","","670.85","verified",""
"168607","Beef Brisket (Raw, Lean Only)","SR Legacy","sr_legacy","SR Legacy 2021-10-28","4/1/2019","True","True","157.0","157.0","0.0","0.5","verified","1008","kcal","","151.61","20.72","20.7","0.02","0.05","verified","1003","g","","","0.6","0.6","0.0","0.0005","verified","1005","g","","","7.37","7.37","0.0","0.005","verified","1004","g","","","0.0","0.0","0.0","5e-05","genuine_zero","1079","g","","","0.0","0.0","0.0","5e-05","genuine_zero","2000","g","","","0.079","0.079","0.0","5e-05","verified","1093","g","mg","","151.61","verified",""
"168608","Ground Beef (Grass-Fed, Raw)","SR Legacy","sr_legacy","SR Legacy 2021-10-28","4/1/2019","True","True","198.0","198.0","0.0","0.5","verified","1008","kcal","","192.25","19.42","19.4","0.02","0.05","verified","1003","g","","","0.0","0.0","0.0","5e-05","genuine_zero","1005","g","","","12.73","12.7","0.03","0.05","verified","1004","g","","","0.0","0.0","0.0","5e-05","genuine_zero","1079","g","","","0.0","0.0","0.0","5e-05","genuine_zero","2000","g","","","0.068","0.068","0.0","5e-05","verified","1093","g","mg","","192.25","verified",""
"168609","Beef Flank Steak (Raw, Lean)","SR Legacy","sr_legacy","SR Legacy 2021-10-28","4/1/2019","True","True","149.0","149.0","0.0","0.5","verified","1008","kcal","","143.49","21.72","21.7","0.02","0.05","verified","1003","g","","","0.0","0.0","0.0","5e-05","genuine_zero","1005","g","","","6.29","6.29","0.0","0.005","verified","1004","g","","","0.0","0.0","0.0","5e-05","genuine_zero","1079","g","","","0.0","0.0","0.0","5e-05","genuine_zero","2000","g","","","0.057","0.057","0.0","5e-05","verified","1093","g","mg","","143.49","verified",""
"168614","Beef Short Ribs (Raw, Lean)","SR Legacy","sr_legacy","SR Legacy 2021-10-28","4/1/2019","True","True","175.0","175.0","0.0","0.5","verified","1008","kcal","","169.31","19.0","19.0","0.0","0.05","verified","1003","g","","","0.4","0.4","0.0","0.0005","verified","1005","g","","","10.19","10.2","-0.01","0.05","verified","1004","g","","","0.0","0.0","0.0","5e-05","genuine_zero","1079","g","","","0.0","","","5e-05","missing_in_reference","","","","","0.065","0.065","0.0","5e-05","verified","1093","g","mg","","169.31","verified_with_gaps","macro_gap:sugar_g"
"168621","Beef Ribeye Steak (Raw, Lean)","SR Legacy","sr_legacy","SR Legacy 2021-10-28","4/1/2019","True","True","149.0","149.0","0.0","0.5","verified","1008","kcal","","143.81","21.17","21.2","-0.03","0.05","verified","1003","g","","","0.0","0.0","0.0","5e-05","genuine_zero","1005","g","","","6.57","6.57","0.0","0.005","verified","1004","g","","","0.0","0.0","0.0","5e-05","genuine_zero","1079","g","","","0.0","0.0","0.0","5e-05","genuine_zero","2000","g","","","0.052","0.052","0.0","5e-05","verified","1093","g","mg","","143.81","verified",""
"168652","Ground Beef (70/30, Raw)","SR Legacy","sr_legacy","SR Legacy 2021-10-28","4/1/2019","True","True","332.0","332.0","0.0","0.5","verified","1008","kcal","","327.6","14.4","14.4","0.0","0.05","verified","1003","g","","","0.0","0.0","0.0","5e-05","genuine_zero","1005","g","","","30.0","30.0","0.0","0.05","verified","1004","g","","","0.0","0.0","0.0","5e-05","genuine_zero","1079","g","","","0.0","0.0","0.0","5e-05","genuine_zero","2000","g","","","0.066","0.066","0.0","5e-05","verified","1093","g","mg","","327.6","verified",""
"168655","Beef Top Blade Steak (Raw, Lean)","SR Legacy","sr_legacy","SR Legacy 2021-10-28","4/1/2019","True","True","133.0","133.0","0.0","0.5","verified","1008","kcal","","133.13","20.39","20.4","-0.01","0.05","verified","1003","g","","","0.0","0.0","0.0","5e-05","genuine_zero","1005","g","","","5.73","5.73","0.0","0.005","verified","1004","g","","","0.0","0.0","0.0","5e-05","genuine_zero","1079","g","","","0.0","0.0","0.0","5e-05","genuine_zero","2000","g","","","0.087","0.087","0.0","5e-05","verified","1093","g","mg","","133.13","verified",""
"168672","Beef Chuck Roast (Raw)","SR Legacy","sr_legacy","SR Legacy 2021-10-28","4/1/2019","True","True","230.0","230.0","0.0","0.5","verified","1008","kcal","","225.45","17.37","17.4","-0.03","0.05","verified","1003","g","","","0.0","0.0","0.0","5e-05","genuine_zero","1005","g","","","17.33","17.3","0.03","0.05","verified","1004","g","","","0.0","0.0","0.0","5e-05","genuine_zero","1079","g","","","0.0","0.0","0.0","5e-05","genuine_zero","2000","g","","","0.069","0.069","0.0","5e-05","verified","1093","g","mg","","225.45","verified",""
"168694","Beef Round Steak (Raw)","SR Legacy","sr_legacy","SR Legacy 2021-10-28","4/1/2019","True","True","195.0","195.0","0.0","0.5","verified","1008","kcal","","189.52","20.56","20.6","-0.04","0.05","verified","1003","g","","","0.0","0.0","0.0","5e-05","genuine_zero","1005","g","","","11.92","11.9","0.02","0.05","verified","1004","g","","","0.0","0.0","0.0","5e-05","genuine_zero","1079","g","","","0.0","0.0","0.0","5e-05","genuine_zero","2000","g","","","0.054","0.054","0.0","5e-05","verified","1093","g","mg","","189.52","verified",""
"168717","Beef T-Bone Steak (Raw)","SR Legacy","sr_legacy","SR Legacy 2021-10-28","4/1/2019","True","True","228.0","228.0","0.0","0.5","verified","1008","kcal","","222.47","20.0","20.0","0.0","0.05","verified","1003","g","","","0.0","0.0","0.0","5e-05","genuine_zero","1005","g","","","15.83","15.8","0.03","0.05","verified","1004","g","","","0.0","0.0","0.0","5e-05","genuine_zero","1079","g","","","0.0","0.0","0.0","5e-05","genuine_zero","2000","g","","","0.035","0.035","0.0","5e-05","verified","1093","g","mg","","222.47","verified",""
"168719","Beef Loin Steak (Raw)","SR Legacy","sr_legacy","SR Legacy 2021-10-28","4/1/2019","True","True","224.0","224.0","0.0","0.5","verified","1008","kcal","","217.72","20.59","20.6","-0.01","0.05","verified","1003","g","","","0.0","0.0","0.0","5e-05","genuine_zero","1005","g","","","15.04","15.0","0.04","0.05","verified","1004","g","","","0.0","0.0","0.0","5e-05","genuine_zero","1079","g","","","0.0","0.0","0.0","5e-05","genuine_zero","2000","g","","","0.052","0.052","0.0","5e-05","verified","1093","g","mg","","217.72","verified",""
"168728","Beef Top Sirloin Steak (Raw)","SR Legacy","sr_legacy","SR Legacy 2021-10-28","4/1/2019","True","True","214.0","214.0","0.0","0.5","verified","1008","kcal","","208.2","19.92","19.9","0.02","0.05","verified","1003","g","","","0.0","0.0","0.0","5e-05","genuine_zero","1005","g","","","14.28","14.3","-0.02","0.05","verified","1004","g","","","0.0","0.0","0.0","5e-05","genuine_zero","1079","g","","","0.0","0.0","0.0","5e-05","genuine_zero","2000","g","","","0.051","0.051","0.0","5e-05","verified","1093","g","mg","","208.2","verified",""
"168731","Beef Shoulder Steak (Cooked, Grilled)","SR Legacy","sr_legacy","SR Legacy 2021-10-28","4/1/2019","True","True","178.0","178.0","0.0","0.5","verified","1008","kcal","","170.41","28.54","28.5","0.04","0.05","verified","1003","g","","","0.0","0.0","0.0","5e-05","genuine_zero","1005","g","","","6.25","6.25","0.0","0.005","verified","1004","g","","","0.0","0.0","0.0","5e-05","genuine_zero","1079","g","","","0.0","0.0","0.0","5e-05","genuine_zero","2000","g","","","0.068","0.068","0.0","5e-05","verified","1093","g","mg","","170.41","verified",""
"168736","Beef Tri-Tip (Raw)","SR Legacy","sr_legacy","SR Legacy 2021-10-28","4/1/2019","True","True","174.0","174.0","0.0","0.5","verified","1008","kcal","","168.15","20.64","20.6","0.04","0.05","verified","1003","g","","","0.0","0.0","0.0","5e-05","genuine_zero","1005","g","","","9.51","9.51","0.0","0.005","verified","1004","g","","","0.0","0.0","0.0","5e-05","genuine_zero","1079","g","","","0.0","0.0","0.0","5e-05","genuine_zero","2000","g","","","0.051","0.051","0.0","5e-05","verified","1093","g","mg","","168.15","verified",""
"168742","Beef Chuck Eye Roast (Raw, Lean)","SR Legacy","sr_legacy","SR Legacy 2021-10-28","4/1/2019","True","True","133.0","133.0","0.0","0.5","verified","1008","kcal","","133.47","20.52","20.5","0.02","0.05","verified","1003","g","","","0.0","0.0","0.0","5e-05","genuine_zero","1005","g","","","5.71","5.71","0.0","0.005","verified","1004","g","","","0.0","0.0","0.0","5e-05","genuine_zero","1079","g","","","0.0","0.0","0.0","5e-05","genuine_zero","2000","g","","","0.086","0.086","0.0","5e-05","verified","1093","g","mg","","133.47","verified",""
"168870","Cornmeal (Yellow, Self-rising)","SR Legacy","sr_legacy","SR Legacy 2021-10-28","4/1/2019","True","True","355.0","355.0","0.0","0.5","verified","1008","kcal","","348.28","8.41","8.41","0.0","0.005","verified","1003","g","","","74.79","74.8","-0.01","0.05","verified","1005","g","","","1.72","1.72","0.0","0.005","verified","1004","g","","","7.1","7.1","0.0","0.005","verified","1079","g","","","0.0","","","5e-05","missing_in_reference","","","","","1.348","1.35","-0.002","0.005","verified","1093","g","mg","","348.28","verified_with_gaps","macro_gap:sugar_g"
"168872","Oat Bran (Raw)","SR Legacy","sr_legacy","SR Legacy 2021-10-28","4/1/2019","True","True","246.0","246.0","0.0","0.5","verified","1008","kcal","","397.35","17.3","17.3","0.0","0.05","verified","1003","g","","","66.22","66.2","0.02","0.05","verified","1005","g","","","7.03","7.03","0.0","0.005","verified","1004","g","","","15.4","15.4","0.0","0.05","verified","1079","g","","","1.45","1.45","0.0","0.005","verified","2000","g","","","0.004","0.004","0.0","5e-05","verified","1093","g","mg","","397.35","verified",""
"168874","Quinoa (Uncooked)","SR Legacy","sr_legacy","SR Legacy 2021-10-28","4/1/2019","True","True","368.0","368.0","0.0","0.5","verified","1008","kcal","","367.75","14.12","14.1","0.02","0.05","verified","1003","g","","","64.16","64.2","-0.04","0.05","verified","1005","g","","","6.07","6.07","0.0","0.005","verified","1004","g","","","7.0","7.0","0.0","0.005","verified","1079","g","","","0.0","","","5e-05","missing_in_reference","","","","","0.005","0.005","0.0","5e-05","verified","1093","g","mg","","367.75","verified_with_gaps","macro_gap:sugar_g"
"168877","White Rice (Raw)","SR Legacy","sr_legacy","SR Legacy 2021-10-28","4/1/2019","True","True","365.0","365.0","0.0","0.5","verified","1008","kcal","","354.26","7.13","7.13","0.0","0.005","verified","1003","g","","","79.95","80.0","-0.05","0.05","verified","1005","g","","","0.66","0.66","0.0","0.0005","verified","1004","g","","","1.3","1.3","0.0","0.005","verified","1079","g","","","0.12","0.12","0.0","0.0005","verified","2000","g","","","0.005","0.005","0.0","5e-05","verified","1093","g","mg","","354.26","verified",""
"168879","White Rice (Medium Grain, Raw)","SR Legacy","sr_legacy","SR Legacy 2021-10-28","4/1/2019","True","True","360.0","360.0","0.0","0.5","verified","1008","kcal","","349.02","6.61","6.61","0.0","0.005","verified","1003","g","","","79.34","79.3","0.04","0.05","verified","1005","g","","","0.58","0.58","0.0","0.0005","verified","1004","g","","","1.4","1.4","0.0","0.005","verified","1079","g","","","0.0","","","5e-05","missing_in_reference","","","","","0.001","0.001","0.0","5e-05","verified","1093","g","mg","","349.02","verified_with_gaps","macro_gap:sugar_g"
"168883","White Rice (Cooked)","SR Legacy","sr_legacy","SR Legacy 2021-10-28","4/1/2019","True","True","370.0","370.0","0.0","0.5","verified","1008","kcal","","358.91","6.81","6.81","0.0","0.005","verified","1003","g","","","81.68","81.7","-0.02","0.05","verified","1005","g","","","0.55","0.55","0.0","0.0005","verified","1004","g","","","2.8","2.8","0.0","0.005","verified","1079","g","","","0.0","","","5e-05","missing_in_reference","","","","","0.007","0.007","0.0","5e-05","verified","1093","g","mg","","358.91","verified_with_gaps","macro_gap:sugar_g"
"168884","Rye Grain (Raw)","SR Legacy","sr_legacy","SR Legacy 2021-10-28","4/1/2019","True","True","338.0","338.0","0.0","0.5","verified","1008","kcal","","359.47","10.34","10.3","0.04","0.05","verified","1003","g","","","75.86","75.9","-0.04","0.05","verified","1005","g","","","1.63","1.63","0.0","0.005","verified","1004","g","","","15.1","15.1","0.0","0.05","verified","1079","g","","","0.98","0.98","0.0","0.0005","verified","2000","g","","","0.002","0.002","0.0","5e-05","verified","1093","g","mg","","359.47","verified",""
"168885","Rye Flour (Dark)","SR Legacy","sr_legacy","SR Legacy 2021-10-28","4/1/2019","True","True","325.0","325.0","0.0","0.5","verified","1008","kcal","","358.14","15.91","15.9","0.01","0.05","verified","1003","g","","","68.63","68.6","0.03","0.05","verified","1005","g","","","2.22","2.22","0.0","0.005","verified","1004","g","","","23.8","23.8","0.0","0.05","verified","1079","g","","","2.31","2.31","0.0","0.005","verified","2000","g","","","0.002","0.002","0.0","5e-05","verified","1093","g","mg","","358.14","verified",""
"168886","Rye Flour (Medium)","SR Legacy","sr_legacy","SR Legacy 2021-10-28","4/1/2019","True","True","349.0","349.0","0.0","0.5","verified","1008","kcal","","358.92","10.88","10.9","-0.02","0.05","verified","1003","g","","","75.43","75.4","0.03","0.05","verified","1005","g","","","1.52","1.52","0.0","0.005","verified","1004","g","","","11.8","11.8","0.0","0.05","verified","1079","g","","","1.1","1.1","0.0","0.005","verified","2000","g","","","0.002","0.002","0.0","5e-05","verified","1093","g","mg","","358.92","verified",""
"168887","Rye Flour (Light)","SR Legacy","sr_legacy","SR Legacy 2021-10-28","4/1/2019","True","True","357.0","357.0","0.0","0.5","verified","1008","kcal","","357.97","9.82","9.82","0.0","0.005","verified","1003","g","","","76.68","76.7","-0.02","0.05","verified","1005","g","","","1.33","1.33","0.0","0.005","verified","1004","g","","","8.0","8.0","0.0","0.005","verified","1079","g","","","0.93","0.93","0.0","0.0005","verified","2000","g","","","0.002","0.002","0.0","5e-05","verified","1093","g","mg","","357.97","verified",""
"168888","Triticale Flour (Whole-Grain)","SR Legacy","sr_legacy","SR Legacy 2021-10-28","4/1/2019","True","True","338.0","338.0","0.0","0.5","verified","1008","kcal","","361.57","13.18","13.2","-0.02","0.05","verified","1003","g","","","73.14","73.1","0.04","0.05","verified","1005","g","","","1.81","1.81","0.0","0.005","verified","1004","g","","","14.6","14.6","0.0","0.05","verified","1079","g","","","0.0","","","5e-05","missing_in_reference","","","","","0.002","0.002","0.0","5e-05","verified","1093","g","mg","","361.57","verified_with_gaps","macro_gap:sugar_g"
"168889","Wheat Berries (Hard Red Spring)","SR Legacy","sr_legacy","SR Legacy 2021-10-28","4/1/2019","True","True","329.0","329.0","0.0","0.5","verified","1008","kcal","","351.0","15.4","15.4","0.0","0.05","verified","1003","g","","","68.03","68.0","0.03","0.05","verified","1005","g","","","1.92","1.92","0.0","0.005","verified","1004","g","","","12.2","12.2","0.0","0.05","verified","1079","g","","","0.41","0.41","0.0","0.0005","verified","2000","g","","","0.002","0.002","0.0","5e-05","verified","1093","g","mg","","351.0","verified",""
"168890","Wheat Berries (Hard Red Winter)","SR Legacy","sr_legacy","SR Legacy 2021-10-28","4/1/2019","True","True","327.0","327.0","0.0","0.5","verified","1008","kcal","","349.02","12.61","12.6","0.01","0.05","verified","1003","g","","","71.18","71.2","-0.02","0.05","verified","1005","g","","","1.54","1.54","0.0","0.005","verified","1004","g","","","12.2","12.2","0.0","0.05","verified","1079","g","","","0.41","0.41","0.0","0.0005","verified","2000","g","","","0.002","0.002","0.0","5e-05","verified","1093","g","mg","","349.02","verified",""
"168891","Wheat Berries (Soft Red Winter)","SR Legacy","sr_legacy","SR Legacy 2021-10-28","4/1/2019","True","True","331.0","331.0","0.0","0.5","verified","1008","kcal","","352.6","10.4","10.4","0.0","0.05","verified","1003","g","","","74.24","74.2","0.04","0.05","verified","1005","g","","","1.56","1.56","0.0","0.005","verified","1004","g","","","12.5","12.5","0.0","0.05","verified","1079","g","","","0.41","0.41","0.0","0.0005","verified","2000","g","","","0.002","0.002","0.0","5e-05","verified","1093","g","mg","","352.6","verified",""
"168892","Wheat Germ (Crude)","SR Legacy","sr_legacy","SR Legacy 2021-10-28","4/1/2019","True","True","360.0","360.0","0.0","0.5","verified","1008","kcal","","387.48","23.2","23.2","0.0","0.05","verified","1003","g","","","51.8","51.8","0.0","0.05","verified","1005","g","","","9.72","9.72","0.0","0.005","verified","1004","g","","","13.2","13.2","0.0","0.05","verified","1079","g","","","0.0","","","5e-05","missing_in_reference","","","","","0.012","0.012","0.0","5e-05","verified","1093","g","mg","","387.48","verified_with_gaps","macro_gap:sugar_g"
"168896","Wheat Flour (White Bread, Enriched)","SR Legacy","sr_legacy","SR Legacy 2021-10-28","4/1/2019","True","True","361.0","361.0","0.0","0.5","verified","1008","kcal","","352.98","11.98","12.0","-0.02","0.05","verified","1003","g","","","72.53","72.5","0.03","0.05","verified","1005","g","","","1.66","1.66","0.0","0.005","verified","1004","g","","","2.4","2.4","0.0","0.005","verified","1079","g","","","0.31","0.31","0.0","0.0005","verified","2000","g","","","0.002","0.002","0.0","5e-05","verified","1093","g","mg","","352.98","verified",""
"168898","Brown Rice Flour","SR Legacy","sr_legacy","SR Legacy 2021-10-28","4/1/2019","True","True","363.0","363.0","0.0","0.5","verified","1008","kcal","","359.86","7.23","7.23","0.0","0.005","verified","1003","g","","","76.48","76.5","-0.02","0.05","verified","1005","g","","","2.78","2.78","0.0","0.005","verified","1004","g","","","4.6","4.6","0.0","0.005","verified","1079","g","","","0.66","0.66","0.0","0.0005","verified","2000","g","","","0.008","0.008","0.0","5e-05","verified","1093","g","mg","","359.86","verified",""
"168900","Pasta (Gluten-Free Corn, Cooked)","SR Legacy","sr_legacy","SR Legacy 2021-10-28","4/1/2019","True","True","126.0","126.0","0.0","0.5","verified","1008","kcal","","128.73","2.63","2.63","0.0","0.005","verified","1003","g","","","27.91","27.9","0.01","0.05","verified","1005","g","","","0.73","0.73","0.0","0.0005","verified","1004","g","","","4.8","4.8","0.0","0.005","verified","1079","g","","","0.0","","","5e-05","missing_in_reference","","","","","0.0","0.0","0.0","5e-05","genuine_zero","1093","g","mg","","128.73","verified_with_gaps","macro_gap:sugar_g"
"168901","Pasta (Homemade Egg, Cooked)","SR Legacy","sr_legacy","SR Legacy 2021-10-28","4/1/2019","True","True","130.0","130.0","0.0","0.5","verified","1008","kcal","","130.94","5.28","5.28","0.0","0.005","verified","1003","g","","","23.54","23.5","0.04","0.05","verified","1005","g","","","1.74","1.74","0.0","0.005","verified","1004","g","","","0.0","","","5e-05","missing_in_reference","","","","","0.0","","","5e-05","missing_in_reference","","","","","0.083","0.083","0.0","5e-05","verified","1093","g","mg","","130.94","verified_with_gaps","macro_gap:fiber_g,sugar_g"
"168904","Vegetable Macaroni (Cooked)","SR Legacy","sr_legacy","SR Legacy 2021-10-28","4/1/2019","True","True","128.0","128.0","0.0","0.5","verified","1008","kcal","","125.55","4.53","4.53","0.0","0.005","verified","1003","g","","","26.61","26.6","0.01","0.05","verified","1005","g","","","0.11","0.11","0.0","0.0005","verified","1004","g","","","4.3","4.3","0.0","0.005","verified","1079","g","","","1.15","1.15","0.0","0.005","verified","2000","g","","","0.006","0.006","0.0","5e-05","verified","1093","g","mg","","125.55","verified",""
"168905","Noodles (Chinese Chow Mein)","SR Legacy","sr_legacy","SR Legacy 2021-10-28","4/1/2019","True","True","471.0","471.0","0.0","0.5","verified","1008","kcal","","489.24","10.88","10.9","-0.02","0.05","verified","1003","g","","","63.64","63.6","0.04","0.05","verified","1005","g","","","21.24","21.2","0.04","0.05","verified","1004","g","","","6.7","6.7","0.0","0.005","verified","1079","g","","","0.0","0.0","0.0","5e-05","genuine_zero","2000","g","","","0.866","0.866","0.0","0.0005","verified","1093","g","mg","","489.24","verified",""
"168907","Soba Noodles (Cooked)","SR Legacy","sr_legacy","SR Legacy 2021-10-28","4/1/2019","True","True","99.0","99.0","0.0","0.05","verified","1008","kcal","","106.9","5.06","5.06","0.0","0.005","verified","1003","g","","","21.44","21.4","0.04","0.05","verified","1005","g","","","0.1","0.1","0.0","0.0005","verified","1004","g","","","0.0","","","5e-05","missing_in_reference","","","","","0.0","","","5e-05","missing_in_reference","","","","","0.06","0.06","0.0","5e-05","verified","1093","g","mg","","106.9","verified_with_gaps","macro_gap:fiber_g,sugar_g"
"168909","Somen Noodles (Cooked)","SR Legacy","sr_legacy","SR Legacy 2021-10-28","4/1/2019","True","True","131.0","131.0","0.0","0.5","verified","1008","kcal","","127.78","4.0","4.0","0.0","0.005","verified","1003","g","","","27.54","27.5","0.04","0.05","verified","1005","g","","","0.18","0.18","0.0","0.0005","verified","1004","g","","","0.0","","","5e-05","missing_in_reference","","","","","0.0","","","5e-05","missing_in_reference","","","","","0.161","0.161","0.0","0.0005","verified","1093","g","mg","","127.78","verified_with_gaps","macro_gap:fiber_g,sugar_g"
"168911","Spinach Spaghetti (Dry)","SR Legacy","sr_legacy","SR Legacy 2021-10-28","4/1/2019","True","True","372.0","372.0","0.0","0.5","verified","1008","kcal","","366.97","13.4","13.4","0.0","0.05","verified","1003","g","","","74.81","74.8","0.01","0.05","verified","1005","g","","","1.57","1.57","0.0","0.005","verified","1004","g","","","10.6","10.6","0.0","0.05","verified","1079","g","","","2.72","2.72","0.0","0.005","verified","2000","g","","","0.036","0.036","0.0","5e-05","verified","1093","g","mg","","366.97","verified",""
"168912","Spaghetti (Spinach, Cooked)","SR Legacy","sr_legacy","SR Legacy 2021-10-28","4/1/2019","True","True","130.0","130.0","0.0","0.5","verified","1008","kcal","","128.79","4.58","4.58","0.0","0.005","verified","1003","g","","","26.2","26.2","0.0","0.05","verified","1005","g","","","0.63","0.63","0.0","0.0005","verified","1004","g","","","0.0","","","5e-05","missing_in_reference","","","","","0.0","","","5e-05","missing_in_reference","","","","","0.014","0.014","0.0","5e-05","verified","1093","g","mg","","128.79","verified_with_gaps","macro_gap:fiber_g,sugar_g"
"168913","Wheat Flour (Bread, Unenriched)","SR Legacy","sr_legacy","SR Legacy 2021-10-28","4/1/2019","True","True","361.0","361.0","0.0","0.5","verified","1008","kcal","","352.98","11.98","12.0","-0.02","0.05","verified","1003","g","","","72.53","72.5","0.03","0.05","verified","1005","g","","","1.66","1.66","0.0","0.005","verified","1004","g","","","2.4","2.4","0.0","0.005","verified","1079","g","","","0.31","0.31","0.0","0.0005","verified","2000","g","","","0.002","0.002","0.0","5e-05","verified","1093","g","mg","","352.98","verified",""
"168914","Rice Noodles (Cooked)","SR Legacy","sr_legacy","SR Legacy 2021-10-28","4/1/2019","True","True","108.0","108.0","0.0","0.5","verified","1008","kcal","","105.0","1.79","1.79","0.0","0.005","verified","1003","g","","","24.01","24.0","0.01","0.05","verified","1005","g","","","0.2","0.2","0.0","0.0005","verified","1004","g","","","1.0","1.0","0.0","0.005","verified","1079","g","","","0.03","0.03","0.0","5e-05","verified","2000","g","","","0.019","0.019","0.0","5e-05","verified","1093","g","mg","","105.0","verified",""
"168916","Pasta (Whole Grain 51% Wheat, Cooked)","SR Legacy","sr_legacy","SR Legacy 2021-10-28","4/1/2019","True","True","159.0","159.0","0.0","0.5","verified","1008","kcal","","162.82","5.82","5.82","0.0","0.005","verified","1003","g","","","31.51","31.5","0.01","0.05","verified","1005","g","","","1.5","1.5","0.0","0.005","verified","1004","g","","","4.6","4.6","0.0","0.005","verified","1079","g","","","0.85","0.85","0.0","0.0005","verified","2000","g","","","0.006","0.006","0.0","5e-05","verified","1093","g","mg","","162.82","verified",""
"168920","Corn Grain (White)","SR Legacy","sr_legacy","SR Legacy 2021-10-28","4/1/2019","True","True","365.0","365.0","0.0","0.5","verified","1008","kcal","","377.38","9.42","9.42","0.0","0.005","verified","1003","g","","","74.26","74.3","-0.04","0.05","verified","1005","g","","","4.74","4.74","0.0","0.005","verified","1004","g","","","0.0","","","5e-05","missing_in_reference","","","","","0.0","","","5e-05","missing_in_reference","","","","","0.035","0.035","0.0","5e-05","verified","1093","g","mg","","377.38","verified_with_gaps","macro_gap:fiber_g,sugar_g"
"168921","Corn Flour (Whole-grain Blue)","SR Legacy","sr_legacy","SR Legacy 2021-10-28","4/1/2019","True","True","364.0","364.0","0.0","0.5","verified","1008","kcal","","376.37","8.75","8.75","0.0","0.005","verified","1003","g","","","73.89","73.9","-0.01","0.05","verified","1005","g","","","5.09","5.09","0.0","0.005","verified","1004","g","","","8.4","8.4","0.0","0.005","verified","1079","g","","","0.0","","","5e-05","missing_in_reference","","","","","0.005","0.005","0.0","5e-05","verified","1093","g","mg","","376.37","verified_with_gaps","macro_gap:sugar_g"
"168922","Cornmeal (Degermed White)","SR Legacy","sr_legacy","SR Legacy 2021-10-28","4/1/2019","True","True","370.0","370.0","0.0","0.5","verified","1008","kcal","","361.99","7.11","7.11","0.0","0.005","verified","1003","g","","","79.45","79.4","0.05","0.05","verified","1005","g","","","1.75","1.75","0.0","0.005","verified","1004","g","","","3.9","3.9","0.0","0.005","verified","1079","g","","","1.61","1.61","0.0","0.005","verified","2000","g","","","0.007","0.007","0.0","5e-05","verified","1093","g","mg","","361.99","verified",""
"168925","Cornmeal (White, Self-rising)","SR Legacy","sr_legacy","SR Legacy 2021-10-28","4/1/2019","True","True","355.0","355.0","0.0","0.5","verified","1008","kcal","","348.28","8.41","8.41","0.0","0.005","verified","1003","g","","","74.79","74.8","-0.01","0.05","verified","1005","g","","","1.72","1.72","0.0","0.005","verified","1004","g","","","7.1","7.1","0.0","0.005","verified","1079","g","","","0.0","","","5e-05","missing_in_reference","","","","","1.348","1.35","-0.002","0.005","verified","1093","g","mg","","348.28","verified_with_gaps","macro_gap:sugar_g"
"168927","Pasta (Dry, Unenriched)","SR Legacy","sr_legacy","SR Legacy 2021-10-28","4/1/2019","True","True","371.0","371.0","0.0","0.5","verified","1008","kcal","","364.43","13.04","13.0","0.04","0.05","verified","1003","g","","","74.67","74.7","-0.03","0.05","verified","1005","g","","","1.51","1.51","0.0","0.005","verified","1004","g","","","3.2","3.2","0.0","0.005","verified","1079","g","","","2.67","2.67","0.0","0.005","verified","2000","g","","","0.006","0.006","0.0","5e-05","verified","1093","g","mg","","364.43","verified",""
"168928","Pasta (Cooked Unenriched, No Added Salt)","SR Legacy","sr_legacy","SR Legacy 2021-10-28","4/1/2019","True","True","158.0","158.0","0.0","0.5","verified","1008","kcal","","155.01","5.8","5.8","0.0","0.005","verified","1003","g","","","30.86","30.9","-0.04","0.05","verified","1005","g","","","0.93","0.93","0.0","0.0005","verified","1004","g","","","1.8","1.8","0.0","0.005","verified","1079","g","","","0.56","0.56","0.0","0.0005","verified","2000","g","","","0.001","0.001","0.0","5e-05","verified","1093","g","mg","","155.01","verified",""
"168929","Degermed Yellow Cornmeal (Unenriched)","SR Legacy","sr_legacy","SR Legacy 2021-10-28","4/1/2019","True","True","370.0","370.0","0.0","0.5","verified","1008","kcal","","361.99","7.11","7.11","0.0","0.005","verified","1003","g","","","79.45","79.4","0.05","0.05","verified","1005","g","","","1.75","1.75","0.0","0.005","verified","1004","g","","","3.9","3.9","0.0","0.005","verified","1079","g","","","1.61","1.61","0.0","0.005","verified","2000","g","","","0.007","0.007","0.0","5e-05","verified","1093","g","mg","","361.99","verified",""
"168931","White Rice (Short Grain, Raw)","SR Legacy","sr_legacy","SR Legacy 2021-10-28","4/1/2019","True","True","358.0","358.0","0.0","0.5","verified","1008","kcal","","347.28","6.5","6.5","0.0","0.005","verified","1003","g","","","79.15","79.2","-0.05","0.05","verified","1005","g","","","0.52","0.52","0.0","0.0005","verified","1004","g","","","0.0","","","5e-05","missing_in_reference","","","","","0.0","","","5e-05","missing_in_reference","","","","","0.001","0.001","0.0","5e-05","verified","1093","g","mg","","347.28","verified_with_gaps","macro_gap:fiber_g,sugar_g"
"168933","Semolina (Unenriched)","SR Legacy","sr_legacy","SR Legacy 2021-10-28","4/1/2019","True","True","360.0","360.0","0.0","0.5","verified","1008","kcal","","351.49","12.68","12.7","-0.02","0.05","verified","1003","g","","","72.83","72.8","0.03","0.05","verified","1005","g","","","1.05","1.05","0.0","0.005","verified","1004","g","","","3.9","3.9","0.0","0.005","verified","1079","g","","","0.0","","","5e-05","missing_in_reference","","","","","0.001","0.001","0.0","5e-05","verified","1093","g","mg","","351.49","verified_with_gaps","macro_gap:sugar_g"
"168934","Spaghetti (Protein-Fortified, Cooked)","SR Legacy","sr_legacy","SR Legacy 2021-10-28","4/1/2019","True","True","164.0","164.0","0.0","0.5","verified","1008","kcal","","160.85","8.86","8.86","0.0","0.005","verified","1003","g","","","30.88","30.9","-0.02","0.05","verified","1005","g","","","0.21","0.21","0.0","0.0005","verified","1004","g","","","2.0","2.0","0.0","0.005","verified","1079","g","","","0.0","","","5e-05","missing_in_reference","","","","","0.005","0.005","0.0","5e-05","verified","1093","g","mg","","160.85","verified_with_gaps","macro_gap:sugar_g"
"168937","Spaghetti (Protein-Fortified, Dry)","SR Legacy","sr_legacy","SR Legacy 2021-10-28","4/1/2019","True","True","374.0","374.0","0.0","0.5","verified","1008","kcal","","369.59","21.78","21.8","-0.02","0.05","verified","1003","g","","","65.6","65.6","0.0","0.05","verified","1005","g","","","2.23","2.23","0.0","0.005","verified","1004","g","","","2.4","2.4","0.0","0.005","verified","1079","g","","","0.0","","","5e-05","missing_in_reference","","","","","0.008","0.008","0.0","5e-05","verified","1093","g","mg","","369.59","verified_with_gaps","macro_gap:sugar_g"
"168942","Wheat Flour (White Industrial, 13% Protein)","SR Legacy","sr_legacy","SR Legacy 2021-10-28","4/1/2019","True","True","362.0","362.0","0.0","0.5","verified","1008","kcal","","353.5","13.07","13.1","-0.03","0.05","verified","1003","g","","","72.2","72.2","0.0","0.05","verified","1005","g","","","1.38","1.38","0.0","0.005","verified","1004","g","","","2.4","2.4","0.0","0.005","verified","1079","g","","","1.1","1.1","0.0","0.005","verified","2000","g","","","0.002","0.002","0.0","5e-05","verified","1093","g","mg","","353.5","verified",""
"168943","Sorghum Flour (Whole-Grain)","SR Legacy","sr_legacy","SR Legacy 2021-10-28","4/1/2019","True","True","359.0","359.0","0.0","0.5","verified","1008","kcal","","370.34","8.43","8.43","0.0","0.005","verified","1003","g","","","76.64","76.6","0.04","0.05","verified","1005","g","","","3.34","3.34","0.0","0.005","verified","1004","g","","","6.6","6.6","0.0","0.005","verified","1079","g","","","1.94","1.94","0.0","0.005","verified","2000","g","","","0.003","0.003","0.0","5e-05","verified","1093","g","mg","","370.34","verified",""
"168944","Wheat Flour (Whole-Grain, Soft Wheat)","SR Legacy","sr_legacy","SR Legacy 2021-10-28","4/1/2019","True","True","332.0","332.0","0.0","0.5","verified","1008","kcal","","353.91","9.61","9.61","0.0","0.005","verified","1003","g","","","74.48","74.5","-0.02","0.05","verified","1005","g","","","1.95","1.95","0.0","0.005","verified","1004","g","","","13.1","13.1","0.0","0.05","verified","1079","g","","","1.02","1.02","0.0","0.005","verified","2000","g","","","0.003","0.003","0.0","5e-05","verified","1093","g","mg","","353.91","verified",""
"169050","Cheese (Muenster, Low Fat)","SR Legacy","sr_legacy","SR Legacy 2021-10-28","4/1/2019","True","True","271.0","271.0","0.0","0.5","verified","1008","kcal","","271.2","24.7","24.7","0.0","0.05","verified","1003","g","","","3.5","3.5","0.0","0.005","verified","1005","g","","","17.6","17.6","0.0","0.05","verified","1004","g","","","0.0","0.0","0.0","5e-05","genuine_zero","1079","g","","","3.5","3.5","0.0","0.005","verified","2000","g","","","0.6","0.6","0.0","0.0005","verified","1093","g","mg","","271.2","verified",""
"169051","Cheese (Mozzarella, Nonfat)","SR Legacy","sr_legacy","SR Legacy 2021-10-28","4/1/2019","True","True","141.0","141.0","0.0","0.5","verified","1008","kcal","","140.8","31.7","31.7","0.0","0.05","verified","1003","g","","","3.5","3.5","0.0","0.005","verified","1005","g","","","0.0","0.0","0.0","5e-05","genuine_zero","1004","g","","","1.8","1.8","0.0","0.005","verified","1079","g","","","1.48","1.48","0.0","0.005","verified","2000","g","","","0.743","0.743","0.0","0.0005","verified","1093","g","mg","","140.8","verified",""
"169052","Margarine-Butter Blend (80% Fat)","SR Legacy","sr_legacy","SR Legacy 2021-10-28","4/1/2019","True","True","718.0","718.0","0.0","0.5","verified","1008","kcal","","732.3","0.9","0.9","0.0","0.0005","verified","1003","g","","","0.6","0.6","0.0","0.0005","verified","1005","g","","","80.7","80.7","0.0","0.05","verified","1004","g","","","0.0","0.0","0.0","5e-05","genuine_zero","1079","g","","","0.0","0.0","0.0","5e-05","genuine_zero","2000","g","","","0.028","0.028","0.0","5e-05","verified","1093","g","mg","","732.3","verified",""
"169055","Caesar Dressing Dressing","SR Legacy","sr_legacy","SR Legacy 2021-10-28","4/1/2019","True","True","542.0","542.0","0.0","0.5","verified","1008","kcal","","542.08","2.17","2.17","0.0","0.005","verified","1003","g","","","3.3","3.3","0.0","0.005","verified","1005","g","","","57.8","57.8","0.0","0.05","verified","1004","g","","","0.5","0.5","0.0","0.0005","verified","1079","g","","","2.81","2.81","0.0","0.005","verified","2000","g","","","1.209","1.21","-0.001","0.005","verified","1093","g","mg","","542.08","verified",""
"169056","Coleslaw Dressing","SR Legacy","sr_legacy","SR Legacy 2021-10-28","4/1/2019","True","True","404.0","404.0","0.0","0.5","verified","1008","kcal","","403.77","0.85","0.85","0.0","0.0005","verified","1003","g","","","22.4","22.4","0.0","0.05","verified","1005","g","","","34.53","34.5","0.03","0.05","verified","1004","g","","","0.0","0.0","0.0","5e-05","genuine_zero","1079","g","","","21.23","21.2","0.03","0.05","verified","2000","g","","","0.85","0.85","0.0","0.0005","verified","1093","g","mg","","403.77","verified",""
"169057","Green Goddess Dressing","SR Legacy","sr_legacy","SR Legacy 2021-10-28","4/1/2019","True","True","427.0","427.0","0.0","0.5","verified","1008","kcal","","427.01","1.9","1.9","0.0","0.005","verified","1003","g","","","7.36","7.36","0.0","0.005","verified","1005","g","","","43.33","43.3","0.03","0.05","verified","1004","g","","","0.1","0.1","0.0","0.0005","verified","1079","g","","","6.67","6.67","0.0","0.005","verified","2000","g","","","0.867","0.867","0.0","0.0005","verified","1093","g","mg","","427.01","verified",""
"169068","Vegetarian Fillets","SR Legacy","sr_legacy","SR Legacy 2021-10-28","4/1/2019","True","True","290.0","290.0","0.0","0.5","verified","1008","kcal","","290.0","23.0","23.0","0.0","0.05","verified","1003","g","","","9.0","9.0","0.0","0.005","verified","1005","g","","","18.0","18.0","0.0","0.05","verified","1004","g","","","6.1","6.1","0.0","0.005","verified","1079","g","","","0.8","0.8","0.0","0.0005","verified","2000","g","","","0.49","0.49","0.0","0.0005","verified","1093","g","mg","","290.0","verified",""
"169074","Tomato Sauce (No Salt Added, Canned)","SR Legacy","sr_legacy","SR Legacy 2021-10-28","4/1/2019","True","True","24.0","24.0","0.0","0.05","verified","1008","kcal","","28.74","1.2","1.2","0.0","0.005","verified","1003","g","","","5.31","5.31","0.0","0.005","verified","1005","g","","","0.3","0.3","0.0","0.0005","verified","1004","g","","","1.5","1.5","0.0","0.005","verified","1079","g","","","3.56","3.56","0.0","0.005","verified","2000","g","","","0.011","0.011","0.0","5e-05","verified","1093","g","mg","","28.74","verified",""
"169078","Cheese (Cottage, With Vegetables)","SR Legacy","sr_legacy","SR Legacy 2021-10-28","4/1/2019","True","True","95.0","95.0","0.0","0.05","verified","1008","kcal","","93.4","10.9","10.9","0.0","0.05","verified","1003","g","","","3.0","3.0","0.0","0.005","verified","1005","g","","","4.2","4.2","0.0","0.005","verified","1004","g","","","0.1","0.1","0.0","0.0005","verified","1079","g","","","0.37","0.37","0.0","0.0005","verified","2000","g","","","0.403","0.403","0.0","0.0005","verified","1093","g","mg","","93.4","verified",""
"169079","Cheese (Cream, Low Fat)","SR Legacy","sr_legacy","SR Legacy 2021-10-28","4/1/2019","True","True","208.0","208.0","0.0","0.5","verified","1008","kcal","","208.35","7.85","7.85","0.0","0.005","verified","1003","g","","","6.73","6.73","0.0","0.005","verified","1005","g","","","16.67","16.7","-0.03","0.05","verified","1004","g","","","0.0","0.0","0.0","5e-05","genuine_zero","1079","g","","","3.3","3.3","0.0","0.005","verified","2000","g","","","0.317","0.317","0.0","0.0005","verified","1093","g","mg","","208.35","verified",""
"169081","Cheese Spread (Cream Cheese Base)","SR Legacy","sr_legacy","SR Legacy 2021-10-28","4/1/2019","True","True","295.0","295.0","0.0","0.5","verified","1008","kcal","","299.8","7.1","7.1","0.0","0.005","verified","1003","g","","","3.5","3.5","0.0","0.005","verified","1005","g","","","28.6","28.6","0.0","0.05","verified","1004","g","","","0.0","0.0","0.0","5e-05","genuine_zero","1079","g","","","3.5","3.5","0.0","0.005","verified","2000","g","","","0.436","0.436","0.0","0.0005","verified","1093","g","mg","","299.8","verified",""
"169083","Soy Curd Cheese","SR Legacy","sr_legacy","SR Legacy 2021-10-28","4/1/2019","True","True","151.0","151.0","0.0","0.5","verified","1008","kcal","","150.5","12.5","12.5","0.0","0.05","verified","1003","g","","","6.9","6.9","0.0","0.005","verified","1005","g","","","8.1","8.1","0.0","0.005","verified","1004","g","","","0.0","0.0","0.0","5e-05","genuine_zero","1079","g","","","1.6","1.6","0.0","0.005","verified","2000","g","","","0.02","0.02","0.0","5e-05","verified","1093","g","mg","","150.5","verified",""
"169085","Mixed Vegetables with Corn (Canned, No Salt)","SR Legacy","sr_legacy","SR Legacy 2021-10-28","4/1/2019","True","True","37.0","37.0","0.0","0.05","verified","1008","kcal","","36.64","1.4","1.4","0.0","0.005","verified","1003","g","","","7.31","7.31","0.0","0.005","verified","1005","g","","","0.2","0.2","0.0","0.0005","verified","1004","g","","","3.1","3.1","0.0","0.005","verified","1079","g","","","2.41","2.41","0.0","0.005","verified","2000","g","","","0.026","0.026","0.0","5e-05","verified","1093","g","mg","","36.64","verified",""
"169086","Lychee (Raw)","SR Legacy","sr_legacy","SR Legacy 2021-10-28","4/1/2019","True","True","66.0","66.0","0.0","0.05","verified","1008","kcal","","73.4","0.83","0.83","0.0","0.0005","verified","1003","g","","","16.53","16.5","0.03","0.05","verified","1005","g","","","0.44","0.44","0.0","0.0005","verified","1004","g","","","1.3","1.3","0.0","0.005","verified","1079","g","","","15.23","15.2","0.03","0.05","verified","2000","g","","","0.001","0.001","0.0","5e-05","verified","1093","g","mg","","73.4","verified",""
"169087","Litchis (Dried)","SR Legacy","sr_legacy","SR Legacy 2021-10-28","4/1/2019","True","True","277.0","277.0","0.0","0.5","verified","1008","kcal","","308.8","3.8","3.8","0.0","0.005","verified","1003","g","","","70.7","70.7","0.0","0.05","verified","1005","g","","","1.2","1.2","0.0","0.005","verified","1004","g","","","4.6","4.6","0.0","0.005","verified","1079","g","","","66.1","66.1","0.0","0.05","verified","2000","g","","","0.003","0.003","0.0","5e-05","verified","1093","g","mg","","308.8","verified",""
"169088","Loganberries (Frozen)","SR Legacy","sr_legacy","SR Legacy 2021-10-28","4/1/2019","True","True","55.0","55.0","0.0","0.05","verified","1008","kcal","","60.95","1.52","1.52","0.0","0.005","verified","1003","g","","","13.02","13.0","0.02","0.05","verified","1005","g","","","0.31","0.31","0.0","0.0005","verified","1004","g","","","5.3","5.3","0.0","0.005","verified","1079","g","","","7.7","7.7","0.0","0.005","verified","2000","g","","","0.001","0.001","0.0","5e-05","verified","1093","g","mg","","60.95","verified",""
"169089","Longan (Raw)","SR Legacy","sr_legacy","SR Legacy 2021-10-28","4/1/2019","True","True","60.0","60.0","0.0","0.05","verified","1008","kcal","","66.7","1.31","1.31","0.0","0.005","verified","1003","g","","","15.14","15.1","0.04","0.05","verified","1005","g","","","0.1","0.1","0.0","0.0005","verified","1004","g","","","1.1","1.1","0.0","0.005","verified","1079","g","","","0.0","","","5e-05","missing_in_reference","","","","","0.0","0.0","0.0","5e-05","genuine_zero","1093","g","mg","","66.7","verified_with_gaps","macro_gap:sugar_g"
"169090","Mangosteen (Canned, Syrup Pack)","SR Legacy","sr_legacy","SR Legacy 2021-10-28","4/1/2019","True","True","73.0","73.0","0.0","0.05","verified","1008","kcal","","78.5","0.41","0.41","0.0","0.0005","verified","1003","g","","","17.91","17.9","0.01","0.05","verified","1005","g","","","0.58","0.58","0.0","0.0005","verified","1004","g","","","1.8","1.8","0.0","0.005","verified","1079","g","","","0.0","","","5e-05","missing_in_reference","","","","","0.007","0.007","0.0","5e-05","verified","1093","g","mg","","78.5","verified_with_gaps","macro_gap:sugar_g"
"169091","Mango (Dried, Sweetened)","SR Legacy","sr_legacy","SR Legacy 2021-10-28","4/1/2019","True","True","319.0","319.0","0.0","0.5","verified","1008","kcal","","334.74","2.45","2.45","0.0","0.005","verified","1003","g","","","78.58","78.6","-0.02","0.05","verified","1005","g","","","1.18","1.18","0.0","0.005","verified","1004","g","","","2.4","2.4","0.0","0.005","verified","1079","g","","","66.27","66.3","-0.03","0.05","verified","2000","g","","","0.162","0.162","0.0","0.0005","verified","1093","g","mg","","334.74","verified",""
"169092","Melons (Cantaloupe, Raw)","SR Legacy","sr_legacy","SR Legacy 2021-10-28","4/1/2019","True","True","34.0","34.0","0.0","0.05","verified","1008","kcal","","37.71","0.84","0.84","0.0","0.0005","verified","1003","g","","","8.16","8.16","0.0","0.005","verified","1005","g","","","0.19","0.19","0.0","0.0005","verified","1004","g","","","0.9","0.9","0.0","0.0005","verified","1079","g","","","7.86","7.86","0.0","0.005","verified","2000","g","","","0.016","0.016","0.0","5e-05","verified","1093","g","mg","","37.71","verified",""
"169093","Melons (Casaba, Raw)","SR Legacy","sr_legacy","SR Legacy 2021-10-28","4/1/2019","True","True","28.0","28.0","0.0","0.05","verified","1008","kcal","","31.66","1.11","1.11","0.0","0.005","verified","1003","g","","","6.58","6.58","0.0","0.005","verified","1005","g","","","0.1","0.1","0.0","0.0005","verified","1004","g","","","0.9","0.9","0.0","0.0005","verified","1079","g","","","5.69","5.69","0.0","0.005","verified","2000","g","","","0.009","0.009","0.0","5e-05","verified","1093","g","mg","","31.66","verified",""
"169094","Ripe Olives (Canned)","SR Legacy","sr_legacy","SR Legacy 2021-10-28","4/1/2019","True","True","116.0","116.0","0.0","0.5","verified","1008","kcal","","125.62","0.84","0.84","0.0","0.0005","verified","1003","g","","","6.04","6.04","0.0","0.005","verified","1005","g","","","10.9","10.9","0.0","0.05","verified","1004","g","","","1.6","1.6","0.0","0.005","verified","1079","g","","","0.0","0.0","0.0","5e-05","genuine_zero","2000","g","","","0.735","0.735","0.0","0.0005","verified","1093","g","mg","","125.62","verified",""
"169096","Green Olives (Pickled)","SR Legacy","sr_legacy","SR Legacy 2021-10-28","4/1/2019","True","True","145.0","145.0","0.0","0.5","verified","1008","kcal","","157.36","1.03","1.03","0.0","0.005","verified","1003","g","","","3.84","3.84","0.0","0.005","verified","1005","g","","","15.32","15.3","0.02","0.05","verified","1004","g","","","3.3","3.3","0.0","0.005","verified","1079","g","","","0.54","0.54","0.0","0.0005","verified","2000","g","","","1.556","1.56","-0.004","0.005","verified","1093","g","mg","","157.36","verified",""
"169097","Oranges (Commercial Varieties, Raw)","SR Legacy","sr_legacy","SR Legacy 2021-10-28","4/1/2019","True","True","47.0","47.0","0.0","0.05","verified","1008","kcal","","52.04","0.94","0.94","0.0","0.0005","verified","1003","g","","","11.8","11.8","0.0","0.05","verified","1005","g","","","0.12","0.12","0.0","0.0005","verified","1004","g","","","2.4","2.4","0.0","0.005","verified","1079","g","","","9.35","9.35","0.0","0.005","verified","2000","g","","","0.0","0.0","0.0","5e-05","genuine_zero","1093","g","mg","","52.04","verified",""
"169099","Orange Juice (Canned, Unsweetened)","SR Legacy","sr_legacy","SR Legacy 2021-10-28","4/1/2019","True","True","47.0","47.0","0.0","0.05","verified","1008","kcal","","48.11","0.68","0.68","0.0","0.0005","verified","1003","g","","","11.01","11.0","0.01","0.05","verified","1005","g","","","0.15","0.15","0.0","0.0005","verified","1004","g","","","0.3","0.3","0.0","0.0005","verified","1079","g","","","8.76","8.76","0.0","0.005","verified","2000","g","","","0.004","0.004","0.0","5e-05","verified","1093","g","mg","","48.11","verified",""
"169100","Orange Juice (Chilled)","SR Legacy","sr_legacy","SR Legacy 2021-10-28","4/1/2019","True","True","49.0","49.0","0.0","0.05","verified","1008","kcal","","49.96","0.68","0.68","0.0","0.0005","verified","1003","g","","","11.54","11.5","0.04","0.05","verified","1005","g","","","0.12","0.12","0.0","0.0005","verified","1004","g","","","0.3","0.3","0.0","0.0005","verified","1079","g","","","8.31","8.31","0.0","0.005","verified","2000","g","","","0.002","0.002","0.0","5e-05","verified","1093","g","mg","","49.96","verified",""
"169102","Orange Juice Concentrate (Diluted)","SR Legacy","sr_legacy","SR Legacy 2021-10-28","4/1/2019","True","True","37.0","37.0","0.0","0.05","verified","1008","kcal","","38.14","0.6","0.6","0.0","0.0005","verified","1003","g","","","8.8","8.8","0.0","0.005","verified","1005","g","","","0.06","0.06","0.0","5e-05","verified","1004","g","","","0.2","0.2","0.0","0.0005","verified","1079","g","","","7.42","7.42","0.0","0.005","verified","2000","g","","","0.004","0.004","0.0","5e-05","verified","1093","g","mg","","38.14","verified",""
"169103","Orange Peel (Raw)","SR Legacy","sr_legacy","SR Legacy 2021-10-28","4/1/2019","True","True","97.0","97.0","0.0","0.05","verified","1008","kcal","","107.8","1.5","1.5","0.0","0.005","verified","1003","g","","","25.0","25.0","0.0","0.05","verified","1005","g","","","0.2","0.2","0.0","0.0005","verified","1004","g","","","10.6","10.6","0.0","0.05","verified","1079","g","","","0.0","","","5e-05","missing_in_reference","","","","","0.003","0.003","0.0","5e-05","verified","1093","g","mg","","107.8","verified_with_gaps","macro_gap:sugar_g"
"169104","Orange-Grapefruit Juice (Unsweetened)","SR Legacy","sr_legacy","SR Legacy 2021-10-28","4/1/2019","True","True","43.0","43.0","0.0","0.05","verified","1008","kcal","","44.42","0.6","0.6","0.0","0.0005","verified","1003","g","","","10.28","10.3","-0.02","0.05","verified","1005","g","","","0.1","0.1","0.0","0.0005","verified","1004","g","","","0.1","0.1","0.0","0.0005","verified","1079","g","","","10.18","10.2","-0.02","0.05","verified","2000","g","","","0.003","0.003","0.0","5e-05","verified","1093","g","mg","","44.42","verified",""
"169105","Mandarin Orange (Raw)","SR Legacy","sr_legacy","SR Legacy 2021-10-28","4/1/2019","True","True","53.0","53.0","0.0","0.05","verified","1008","kcal","","59.39","0.81","0.81","0.0","0.0005","verified","1003","g","","","13.34","13.3","0.04","0.05","verified","1005","g","","","0.31","0.31","0.0","0.0005","verified","1004","g","","","1.8","1.8","0.0","0.005","verified","1079","g","","","10.58","10.6","-0.02","0.05","verified","2000","g","","","0.002","0.002","0.0","5e-05","verified","1093","g","mg","","59.39","verified",""
"169106","Mandarin Oranges (Canned in Juice)","SR Legacy","sr_legacy","SR Legacy 2021-10-28","4/1/2019","True","True","37.0","37.0","0.0","0.05","verified","1008","kcal","","41.03","0.62","0.62","0.0","0.0005","verified","1003","g","","","9.57","9.57","0.0","0.005","verified","1005","g","","","0.03","0.03","0.0","5e-05","verified","1004","g","","","0.7","0.7","0.0","0.0005","verified","1079","g","","","8.87","8.87","0.0","0.005","verified","2000","g","","","0.005","0.005","0.0","5e-05","verified","1093","g","mg","","41.03","verified",""
"169107","Papaya Nectar (Canned)","SR Legacy","sr_legacy","SR Legacy 2021-10-28","4/1/2019","True","True","57.0","57.0","0.0","0.05","verified","1008","kcal","","60.07","0.17","0.17","0.0","0.0005","verified","1003","g","","","14.51","14.5","0.01","0.05","verified","1005","g","","","0.15","0.15","0.0","0.0005","verified","1004","g","","","0.6","0.6","0.0","0.0005","verified","1079","g","","","13.91","13.9","0.01","0.05","verified","2000","g","","","0.005","0.005","0.0","5e-05","verified","1093","g","mg","","60.07","verified",""
"169108","Passion Fruit (Purple, Raw)","SR Legacy","sr_legacy","SR Legacy 2021-10-28","4/1/2019","True","True","97.0","97.0","0.0","0.05","verified","1008","kcal","","108.62","2.2","2.2","0.0","0.005","verified","1003","g","","","23.38","23.4","-0.02","0.05","verified","1005","g","","","0.7","0.7","0.0","0.0005","verified","1004","g","","","10.4","10.4","0.0","0.05","verified","1079","g","","","11.2","11.2","0.0","0.05","verified","2000","g","","","0.028","0.028","0.0","5e-05","verified","1093","g","mg","","108.62","verified",""
"169109","Passion Fruit Juice (Purple, Raw)","SR Legacy","sr_legacy","SR Legacy 2021-10-28","4/1/2019","True","True","51.0","51.0","0.0","0.05","verified","1008","kcal","","56.41","0.39","0.39","0.0","0.0005","verified","1003","g","","","13.6","13.6","0.0","0.05","verified","1005","g","","","0.05","0.05","0.0","5e-05","verified","1004","g","","","0.2","0.2","0.0","0.0005","verified","1079","g","","","13.4","13.4","0.0","0.05","verified","2000","g","","","0.006","0.006","0.0","5e-05","verified","1093","g","mg","","56.41","verified",""
"169110","Passion Fruit Juice (Yellow, Raw)","SR Legacy","sr_legacy","SR Legacy 2021-10-28","4/1/2019","True","True","60.0","60.0","0.0","0.05","verified","1008","kcal","","62.1","0.67","0.67","0.0","0.0005","verified","1003","g","","","14.45","14.4","0.05","0.05","verified","1005","g","","","0.18","0.18","0.0","0.0005","verified","1004","g","","","0.2","0.2","0.0","0.0005","verified","1079","g","","","14.2","14.2","0.0","0.05","verified","2000","g","","","0.006","0.006","0.0","5e-05","verified","1093","g","mg","","62.1","verified",""
"169114","Peaches (Spiced, Canned, Heavy Syrup)","SR Legacy","sr_legacy","SR Legacy 2021-10-28","4/1/2019","True","True","75.0","75.0","0.0","0.05","verified","1008","kcal","","82.86","0.41","0.41","0.0","0.0005","verified","1003","g","","","20.08","20.1","-0.02","0.05","verified","1005","g","","","0.1","0.1","0.0","0.0005","verified","1004","g","","","1.3","1.3","0.0","0.005","verified","1079","g","","","18.78","18.8","-0.02","0.05","verified","2000","g","","","0.004","0.004","0.0","5e-05","verified","1093","g","mg","","82.86","verified",""
"169116","Peaches (Frozen, Sliced, Sweetened)","SR Legacy","sr_legacy","SR Legacy 2021-10-28","4/1/2019","True","True","94.0","94.0","0.0","0.05","verified","1008","kcal","","99.61","0.63","0.63","0.0","0.0005","verified","1003","g","","","23.98","24.0","-0.02","0.05","verified","1005","g","","","0.13","0.13","0.0","0.0005","verified","1004","g","","","1.8","1.8","0.0","0.005","verified","1079","g","","","22.18","22.2","-0.02","0.05","verified","2000","g","","","0.006","0.006","0.0","5e-05","verified","1093","g","mg","","99.61","verified",""
"169117","Peach Nectar (Canned, Sucralose)","SR Legacy","sr_legacy","SR Legacy 2021-10-28","4/1/2019","True","True","49.0","49.0","0.0","0.05","verified","1008","kcal","","51.97","0.1","0.1","0.0","0.0005","verified","1003","g","","","11.61","11.6","0.01","0.05","verified","1005","g","","","0.57","0.57","0.0","0.0005","verified","1004","g","","","0.1","0.1","0.0","0.0005","verified","1079","g","","","12.08","12.1","-0.02","0.05","verified","2000","g","","","0.011","0.011","0.0","5e-05","verified","1093","g","mg","","51.97","verified",""
"169118","Pear (Raw)","SR Legacy","sr_legacy","SR Legacy 2021-10-28","4/1/2019","True","True","57.0","57.0","0.0","0.05","verified","1008","kcal","","63.62","0.36","0.36","0.0","0.0005","verified","1003","g","","","15.23","15.2","0.03","0.05","verified","1005","g","","","0.14","0.14","0.0","0.0005","verified","1004","g","","","3.1","3.1","0.0","0.005","verified","1079","g","","","9.75","9.75","0.0","0.005","verified","2000","g","","","0.001","0.001","0.0","5e-05","verified","1093","g","mg","","63.62","verified",""
"169121","Pears (Dried, Sulfured)","SR Legacy","sr_legacy","SR Legacy 2021-10-28","4/1/2019","True","True","262.0","262.0","0.0","0.5","verified","1008","kcal","","291.95","1.87","1.87","0.0","0.005","verified","1003","g","","","69.7","69.7","0.0","0.05","verified","1005","g","","","0.63","0.63","0.0","0.0005","verified","1004","g","","","7.5","7.5","0.0","0.005","verified","1079","g","","","62.2","62.2","0.0","0.05","verified","2000","g","","","0.006","0.006","0.0","5e-05","verified","1093","g","mg","","291.95","verified",""
"169124","Pineapple (Raw, All Varieties)","SR Legacy","sr_legacy","SR Legacy 2021-10-28","4/1/2019","True","True","50.0","50.0","0.0","0.05","verified","1008","kcal","","55.72","0.54","0.54","0.0","0.0005","verified","1003","g","","","13.12","13.1","0.02","0.05","verified","1005","g","","","0.12","0.12","0.0","0.0005","verified","1004","g","","","1.4","1.4","0.0","0.005","verified","1079","g","","","9.85","9.85","0.0","0.005","verified","2000","g","","","0.001","0.001","0.0","5e-05","verified","1093","g","mg","","55.72","verified",""
"169125","Pineapple (Canned, Water Pack)","SR Legacy","sr_legacy","SR Legacy 2021-10-28","4/1/2019","True","True","32.0","32.0","0.0","0.05","verified","1008","kcal","","35.73","0.43","0.43","0.0","0.0005","verified","1003","g","","","8.3","8.3","0.0","0.005","verified","1005","g","","","0.09","0.09","0.0","5e-05","verified","1004","g","","","0.8","0.8","0.0","0.0005","verified","1079","g","","","7.5","7.5","0.0","0.005","verified","2000","g","","","0.001","0.001","0.0","5e-05","verified","1093","g","mg","","35.73","verified",""
"169128","Pineapple Juice Concentrate (Diluted)","SR Legacy","sr_legacy","SR Legacy 2021-10-28","4/1/2019","True","True","51.0","51.0","0.0","0.05","verified","1008","kcal","","52.55","0.4","0.4","0.0","0.0005","verified","1003","g","","","12.67","12.7","-0.03","0.05","verified","1005","g","","","0.03","0.03","0.0","5e-05","verified","1004","g","","","0.2","0.2","0.0","0.0005","verified","1079","g","","","12.47","12.5","-0.03","0.05","verified","2000","g","","","0.001","0.001","0.0","5e-05","verified","1093","g","mg","","52.55","verified",""
"169129","Pitanga (Surinam Cherry, Raw)","SR Legacy","sr_legacy","SR Legacy 2021-10-28","4/1/2019","True","True","33.0","33.0","0.0","0.05","verified","1008","kcal","","36.76","0.8","0.8","0.0","0.0005","verified","1003","g","","","7.49","7.49","0.0","0.005","verified","1005","g","","","0.4","0.4","0.0","0.0005","verified","1004","g","","","0.0","","","5e-05","missing_in_reference","","","","","0.0","","","5e-05","missing_in_reference","","","","","0.003","0.003","0.0","5e-05","verified","1093","g","mg","","36.76","verified_with_gaps","macro_gap:fiber_g,sugar_g"
"169130","Plantains (Yellow, Raw)","SR Legacy","sr_legacy","SR Legacy 2021-10-28","4/1/2019","True","True","122.0","122.0","0.0","0.5","verified","1008","kcal","","135.91","1.3","1.3","0.0","0.005","verified","1003","g","","","31.89","31.9","-0.01","0.05","verified","1005","g","","","0.35","0.35","0.0","0.0005","verified","1004","g","","","1.7","1.7","0.0","0.005","verified","1079","g","","","17.51","17.5","0.01","0.05","verified","2000","g","","","0.004","0.004","0.0","5e-05","verified","1093","g","mg","","135.91","verified",""
"169134","Pomegranate (Raw)","SR Legacy","sr_legacy","SR Legacy 2021-10-28","4/1/2019","True","True","83.0","83.0","0.0","0.05","verified","1008","kcal","","92.01","1.67","1.67","0.0","0.005","verified","1003","g","","","18.7","18.7","0.0","0.05","verified","1005","g","","","1.17","1.17","0.0","0.005","verified","1004","g","","","4.0","4.0","0.0","0.005","verified","1079","g","","","13.67","13.7","-0.03","0.05","verified","2000","g","","","0.003","0.003","0.0","5e-05","verified","1093","g","mg","","92.01","verified",""
"169139","Navy Bean Sprouts (Raw)","SR Legacy","sr_legacy","SR Legacy 2021-10-28","4/1/2019","True","True","67.0","67.0","0.0","0.05","verified","1008","kcal","","82.9","6.15","6.15","0.0","0.005","verified","1003","g","","","13.0","13.0","0.0","0.05","verified","1005","g","","","0.7","0.7","0.0","0.0005","verified","1004","g","","","0.0","","","5e-05","missing_in_reference","","","","","0.0","","","5e-05","missing_in_reference","","","","","0.013","0.013","0.0","5e-05","verified","1093","g","mg","","82.9","verified_with_gaps","macro_gap:fiber_g,sugar_g"
"169145","Beetroot (Raw)","SR Legacy","sr_legacy","SR Legacy 2021-10-28","4/1/2019","True","True","43.0","43.0","0.0","0.05","verified","1008","kcal","","46.21","1.61","1.61","0.0","0.005","verified","1003","g","","","9.56","9.56","0.0","0.005","verified","1005","g","","","0.17","0.17","0.0","0.0005","verified","1004","g","","","2.8","2.8","0.0","0.005","verified","1079","g","","","6.76","6.76","0.0","0.005","verified","2000","g","","","0.078","0.078","0.0","5e-05","verified","1093","g","mg","","46.21","verified",""
"169157","Pickled Pork Hocks","SR Legacy","sr_legacy","SR Legacy 2021-10-28","4/1/2019","True","True","171.0","171.0","0.0","0.5","verified","1008","kcal","","171.3","19.11","19.1","0.01","0.05","verified","1003","g","","","0.0","0.0","0.0","5e-05","genuine_zero","1005","g","","","10.54","10.5","0.04","0.05","verified","1004","g","","","0.0","0.0","0.0","5e-05","genuine_zero","1079","g","","","0.0","0.0","0.0","5e-05","genuine_zero","2000","g","","","1.05","1.05","0.0","0.005","verified","1093","g","mg","","171.3","verified",""
"169186","Pork Leg Cap Steak (Boneless, Raw)","SR Legacy","sr_legacy","SR Legacy 2021-10-28","4/1/2019","True","True","123.0","123.0","0.0","0.5","verified","1008","kcal","","117.07","21.64","21.6","0.04","0.05","verified","1003","g","","","0.0","0.0","0.0","5e-05","genuine_zero","1005","g","","","3.39","3.39","0.0","0.005","verified","1004","g","","","0.0","0.0","0.0","5e-05","genuine_zero","1079","g","","","0.0","0.0","0.0","5e-05","genuine_zero","2000","g","","","0.073","0.073","0.0","5e-05","verified","1093","g","mg","","117.07","verified",""
"169187","Pork Shoulder Breast (Boneless, Raw)","SR Legacy","sr_legacy","SR Legacy 2021-10-28","4/1/2019","True","True","127.0","127.0","0.0","0.5","verified","1008","kcal","","120.76","22.54","22.5","0.04","0.05","verified","1003","g","","","0.0","0.0","0.0","5e-05","genuine_zero","1005","g","","","3.4","3.4","0.0","0.005","verified","1004","g","","","0.0","0.0","0.0","5e-05","genuine_zero","1079","g","","","0.0","0.0","0.0","5e-05","genuine_zero","2000","g","","","0.054","0.054","0.0","5e-05","verified","1093","g","mg","","120.76","verified",""
"169203","Arrowhead Root (Raw)","SR Legacy","sr_legacy","SR Legacy 2021-10-28","4/1/2019","True","True","99.0","99.0","0.0","0.05","verified","1008","kcal","","104.85","5.33","5.33","0.0","0.005","verified","1003","g","","","20.23","20.2","0.03","0.05","verified","1005","g","","","0.29","0.29","0.0","0.0005","verified","1004","g","","","0.0","","","5e-05","missing_in_reference","","","","","0.0","","","5e-05","missing_in_reference","","","","","0.022","0.022","0.0","5e-05","verified","1093","g","mg","","104.85","verified_with_gaps","macro_gap:fiber_g,sugar_g"
"169205","Artichoke (Globe, Raw)","SR Legacy","sr_legacy","SR Legacy 2021-10-28","4/1/2019","True","True","47.0","47.0","0.0","0.05","verified","1008","kcal","","56.47","3.27","3.27","0.0","0.005","verified","1003","g","","","10.51","10.5","0.01","0.05","verified","1005","g","","","0.15","0.15","0.0","0.0005","verified","1004","g","","","5.4","5.4","0.0","0.005","verified","1079","g","","","0.99","0.99","0.0","0.0005","verified","2000","g","","","0.094","0.094","0.0","5e-05","verified","1093","g","mg","","56.47","verified",""
"169210","Bamboo Shoots (Raw)","SR Legacy","sr_legacy","SR Legacy 2021-10-28","4/1/2019","True","True","27.0","27.0","0.0","0.05","verified","1008","kcal","","33.9","2.6","2.6","0.0","0.005","verified","1003","g","","","5.2","5.2","0.0","0.005","verified","1005","g","","","0.3","0.3","0.0","0.0005","verified","1004","g","","","2.2","2.2","0.0","0.005","verified","1079","g","","","3.0","3.0","0.0","0.005","verified","2000","g","","","0.004","0.004","0.0","5e-05","verified","1093","g","mg","","33.9","verified",""
"169213","Kidney Bean Sprouts (Raw)","SR Legacy","sr_legacy","SR Legacy 2021-10-28","4/1/2019","True","True","29.0","29.0","0.0","0.05","verified","1008","kcal","","37.7","4.2","4.2","0.0","0.005","verified","1003","g","","","4.1","4.1","0.0","0.005","verified","1005","g","","","0.5","0.5","0.0","0.0005","verified","1004","g","","","0.0","","","5e-05","missing_in_reference","","","","","0.0","","","5e-05","missing_in_reference","","","","","0.006","0.006","0.0","5e-05","verified","1093","g","mg","","37.7","verified_with_gaps","macro_gap:fiber_g,sugar_g"
"169217","Corn (Yellow, Frozen, Microwaved)","SR Legacy","sr_legacy","SR Legacy 2021-10-28","4/1/2019","True","True","113.0","113.0","0.0","0.5","verified","1008","kcal","","130.74","3.62","3.62","0.0","0.005","verified","1003","g","","","25.87","25.9","-0.03","0.05","verified","1005","g","","","1.42","1.42","0.0","0.005","verified","1004","g","","","2.6","2.6","0.0","0.005","verified","1079","g","","","3.36","3.36","0.0","0.005","verified","2000","g","","","0.004","0.004","0.0","5e-05","verified","1093","g","mg","","130.74","verified",""
"169218","Corn With Red And Green Peppers (Canned)","SR Legacy","sr_legacy","SR Legacy 2021-10-28","4/1/2019","True","True","75.0","75.0","0.0","0.05","verified","1008","kcal","","86.95","2.33","2.33","0.0","0.005","verified","1003","g","","","18.17","18.2","-0.03","0.05","verified","1005","g","","","0.55","0.55","0.0","0.0005","verified","1004","g","","","0.0","","","5e-05","missing_in_reference","","","","","0.0","","","5e-05","missing_in_reference","","","","","0.347","0.347","0.0","0.0005","verified","1093","g","mg","","86.95","verified_with_gaps","macro_gap:fiber_g,sugar_g"
"169219","Cornsalad (Raw)","SR Legacy","sr_legacy","SR Legacy 2021-10-28","4/1/2019","True","True","21.0","21.0","0.0","0.05","verified","1008","kcal","","26.0","2.0","2.0","0.0","0.005","verified","1003","g","","","3.6","3.6","0.0","0.005","verified","1005","g","","","0.4","0.4","0.0","0.0005","verified","1004","g","","","0.0","","","5e-05","missing_in_reference","","","","","0.0","","","5e-05","missing_in_reference","","","","","0.004","0.004","0.0","5e-05","verified","1093","g","mg","","26.0","verified_with_gaps","macro_gap:fiber_g,sugar_g"
"169220","Cowpeas Blackeyes (Immature Seeds)","SR Legacy","sr_legacy","SR Legacy 2021-10-28","4/1/2019","True","True","90.0","90.0","0.0","0.05","verified","1008","kcal","","90.27","2.95","2.95","0.0","0.005","verified","1003","g","","","18.83","18.8","0.03","0.05","verified","1005","g","","","0.35","0.35","0.0","0.0005","verified","1004","g","","","5.0","5.0","0.0","0.005","verified","1079","g","","","3.0","3.0","0.0","0.005","verified","2000","g","","","0.004","0.004","0.0","5e-05","verified","1093","g","mg","","90.27","verified",""
"169222","Yardlong Bean (Raw)","SR Legacy","sr_legacy","SR Legacy 2021-10-28","4/1/2019","True","True","47.0","47.0","0.0","0.05","verified","1008","kcal","","48.2","2.8","2.8","0.0","0.005","verified","1003","g","","","8.35","8.35","0.0","0.005","verified","1005","g","","","0.4","0.4","0.0","0.0005","verified","1004","g","","","0.0","","","5e-05","missing_in_reference","","","","","0.0","","","5e-05","missing_in_reference","","","","","0.004","0.004","0.0","5e-05","verified","1093","g","mg","","48.2","verified_with_gaps","macro_gap:fiber_g,sugar_g"
"169224","Cowpeas (Leafy Tips)","SR Legacy","sr_legacy","SR Legacy 2021-10-28","4/1/2019","True","True","29.0","29.0","0.0","0.05","verified","1008","kcal","","37.93","4.1","4.1","0.0","0.005","verified","1003","g","","","4.82","4.82","0.0","0.005","verified","1005","g","","","0.25","0.25","0.0","0.0005","verified","1004","g","","","0.0","","","5e-05","missing_in_reference","","","","","0.0","","","5e-05","missing_in_reference","","","","","0.007","0.007","0.0","5e-05","verified","1093","g","mg","","37.93","verified_with_gaps","macro_gap:fiber_g,sugar_g"
"169225","Cucumber (Peeled, Raw)","SR Legacy","sr_legacy","SR Legacy 2021-10-28","4/1/2019","True","True","10.0","10.0","0.0","0.05","verified","1008","kcal","","12.44","0.59","0.59","0.0","0.0005","verified","1003","g","","","2.16","2.16","0.0","0.005","verified","1005","g","","","0.16","0.16","0.0","0.0005","verified","1004","g","","","0.7","0.7","0.0","0.0005","verified","1079","g","","","1.38","1.38","0.0","0.005","verified","2000","g","","","0.002","0.002","0.0","5e-05","verified","1093","g","mg","","12.44","verified",""
"169226","Dandelion Greens (Raw)","SR Legacy","sr_legacy","SR Legacy 2021-10-28","4/1/2019","True","True","45.0","45.0","0.0","0.05","verified","1008","kcal","","53.9","2.7","2.7","0.0","0.005","verified","1003","g","","","9.2","9.2","0.0","0.005","verified","1005","g","","","0.7","0.7","0.0","0.0005","verified","1004","g","","","3.5","3.5","0.0","0.005","verified","1079","g","","","0.71","0.71","0.0","0.0005","verified","2000","g","","","0.076","0.076","0.0","5e-05","verified","1093","g","mg","","53.9","verified",""
"169228","Eggplant (Raw)","SR Legacy","sr_legacy","SR Legacy 2021-10-28","4/1/2019","True","True","25.0","25.0","0.0","0.05","verified","1008","kcal","","29.06","0.98","0.98","0.0","0.0005","verified","1003","g","","","5.88","5.88","0.0","0.005","verified","1005","g","","","0.18","0.18","0.0","0.0005","verified","1004","g","","","3.0","3.0","0.0","0.005","verified","1079","g","","","3.53","3.53","0.0","0.005","verified","2000","g","","","0.002","0.002","0.0","5e-05","verified","1093","g","mg","","29.06","verified",""
"169230","Garlic (Raw)","SR Legacy","sr_legacy","SR Legacy 2021-10-28","4/1/2019","True","True","149.0","149.0","0.0","0.5","verified","1008","kcal","","162.18","6.36","6.36","0.0","0.005","verified","1003","g","","","33.06","33.1","-0.04","0.05","verified","1005","g","","","0.5","0.5","0.0","0.0005","verified","1004","g","","","2.1","2.1","0.0","0.005","verified","1079","g","","","1.0","1.0","0.0","0.005","verified","2000","g","","","0.017","0.017","0.0","5e-05","verified","1093","g","mg","","162.18","verified",""
"169231","Ginger Root (Raw)","SR Legacy","sr_legacy","SR Legacy 2021-10-28","4/1/2019","True","True","80.0","80.0","0.0","0.05","verified","1008","kcal","","85.11","1.82","1.82","0.0","0.005","verified","1003","g","","","17.77","17.8","-0.03","0.05","verified","1005","g","","","0.75","0.75","0.0","0.0005","verified","1004","g","","","2.0","2.0","0.0","0.005","verified","1079","g","","","1.7","1.7","0.0","0.005","verified","2000","g","","","0.013","0.013","0.0","5e-05","verified","1093","g","mg","","85.11","verified",""
"169232","Calabash Gourd","SR Legacy","sr_legacy","SR Legacy 2021-10-28","4/1/2019","True","True","14.0","14.0","0.0","0.05","verified","1008","kcal","","16.22","0.62","0.62","0.0","0.0005","verified","1003","g","","","3.39","3.39","0.0","0.005","verified","1005","g","","","0.02","0.02","0.0","5e-05","verified","1004","g","","","0.5","0.5","0.0","0.0005","verified","1079","g","","","0.0","","","5e-05","missing_in_reference","","","","","0.002","0.002","0.0","5e-05","verified","1093","g","mg","","16.22","verified_with_gaps","macro_gap:sugar_g"
"169234","Hyacinth Beans (Immature Seeds, Raw)","SR Legacy","sr_legacy","SR Legacy 2021-10-28","4/1/2019","True","True","46.0","46.0","0.0","0.05","verified","1008","kcal","","46.96","2.1","2.1","0.0","0.005","verified","1003","g","","","9.19","9.19","0.0","0.005","verified","1005","g","","","0.2","0.2","0.0","0.0005","verified","1004","g","","","3.3","3.3","0.0","0.005","verified","1079","g","","","4.08","4.08","0.0","0.005","verified","2000","g","","","0.002","0.002","0.0","5e-05","verified","1093","g","mg","","46.96","verified",""
"169236","Jerusalem Artichoke (Raw)","SR Legacy","sr_legacy","SR Legacy 2021-10-28","4/1/2019","True","True","73.0","73.0","0.0","0.05","verified","1008","kcal","","77.85","2.0","2.0","0.0","0.005","verified","1003","g","","","17.44","17.4","0.04","0.05","verified","1005","g","","","0.01","0.01","0.0","5e-05","verified","1004","g","","","1.6","1.6","0.0","0.005","verified","1079","g","","","9.6","9.6","0.0","0.005","verified","2000","g","","","0.004","0.004","0.0","5e-05","verified","1093","g","mg","","77.85","verified",""
"169237","Wood Ear Mushroom (Raw)","SR Legacy","sr_legacy","SR Legacy 2021-10-28","4/1/2019","True","True","25.0","25.0","0.0","0.05","verified","1008","kcal","","29.28","0.48","0.48","0.0","0.0005","verified","1003","g","","","6.75","6.75","0.0","0.005","verified","1005","g","","","0.04","0.04","0.0","5e-05","verified","1004","g","","","0.0","","","5e-05","missing_in_reference","","","","","0.0","","","5e-05","missing_in_reference","","","","","0.009","0.009","0.0","5e-05","verified","1093","g","mg","","29.28","verified_with_gaps","macro_gap:fiber_g,sugar_g"
"169241","Kanpyo (Dried Gourd Strips)","SR Legacy","sr_legacy","SR Legacy 2021-10-28","4/1/2019","True","True","258.0","258.0","0.0","0.5","verified","1008","kcal","","299.48","8.58","8.58","0.0","0.005","verified","1003","g","","","65.03","65.0","0.03","0.05","verified","1005","g","","","0.56","0.56","0.0","0.0005","verified","1004","g","","","9.8","9.8","0.0","0.005","verified","1079","g","","","0.0","","","5e-05","missing_in_reference","","","","","0.015","0.015","0.0","5e-05","verified","1093","g","mg","","299.48","verified_with_gaps","macro_gap:sugar_g"
"169242","Shiitake Mushrooms (Raw)","SR Legacy","sr_legacy","SR Legacy 2021-10-28","4/1/2019","True","True","34.0","34.0","0.0","0.05","verified","1008","kcal","","40.53","2.24","2.24","0.0","0.005","verified","1003","g","","","6.79","6.79","0.0","0.005","verified","1005","g","","","0.49","0.49","0.0","0.0005","verified","1004","g","","","2.5","2.5","0.0","0.005","verified","1079","g","","","2.38","2.38","0.0","0.005","verified","2000","g","","","0.009","0.009","0.0","5e-05","verified","1093","g","mg","","40.53","verified",""
"169244","Lambsquarters (Raw)","SR Legacy","sr_legacy","SR Legacy 2021-10-28","4/1/2019","True","True","43.0","43.0","0.0","0.05","verified","1008","kcal","","53.2","4.2","4.2","0.0","0.005","verified","1003","g","","","7.3","7.3","0.0","0.005","verified","1005","g","","","0.8","0.8","0.0","0.0005","verified","1004","g","","","4.0","4.0","0.0","0.005","verified","1079","g","","","0.0","","","5e-05","missing_in_reference","","","","","0.043","0.043","0.0","5e-05","verified","1093","g","mg","","53.2","verified_with_gaps","macro_gap:sugar_g"
"169246","Leeks (Bulb and Lower Leaf, Raw)","SR Legacy","sr_legacy","SR Legacy 2021-10-28","4/1/2019","True","True","61.0","61.0","0.0","0.05","verified","1008","kcal","","65.3","1.5","1.5","0.0","0.005","verified","1003","g","","","14.15","14.2","-0.05","0.05","verified","1005","g","","","0.3","0.3","0.0","0.0005","verified","1004","g","","","1.8","1.8","0.0","0.005","verified","1079","g","","","3.9","3.9","0.0","0.005","verified","2000","g","","","0.02","0.02","0.0","5e-05","verified","1093","g","mg","","65.3","verified",""
"169247","Lettuce (Romaine)","SR Legacy","sr_legacy","SR Legacy 2021-10-28","4/1/2019","True","True","17.0","17.0","0.0","0.05","verified","1008","kcal","","20.78","1.23","1.23","0.0","0.005","verified","1003","g","","","3.29","3.29","0.0","0.005","verified","1005","g","","","0.3","0.3","0.0","0.0005","verified","1004","g","","","2.1","2.1","0.0","0.005","verified","1079","g","","","1.19","1.19","0.0","0.005","verified","2000","g","","","0.008","0.008","0.0","5e-05","verified","1093","g","mg","","20.78","verified",""
"169248","Lettuce (Iceberg)","SR Legacy","sr_legacy","SR Legacy 2021-10-28","4/1/2019","True","True","14.0","14.0","0.0","0.05","verified","1008","kcal","","16.74","0.9","0.9","0.0","0.0005","verified","1003","g","","","2.97","2.97","0.0","0.005","verified","1005","g","","","0.14","0.14","0.0","0.0005","verified","1004","g","","","1.2","1.2","0.0","0.005","verified","1079","g","","","1.97","1.97","0.0","0.005","verified","2000","g","","","0.01","0.01","0.0","5e-05","verified","1093","g","mg","","16.74","verified",""
"169249","Lettuce (Green Leaf)","SR Legacy","sr_legacy","SR Legacy 2021-10-28","4/1/2019","True","True","15.0","15.0","0.0","0.05","verified","1008","kcal","","18.27","1.36","1.36","0.0","0.005","verified","1003","g","","","2.87","2.87","0.0","0.005","verified","1005","g","","","0.15","0.15","0.0","0.0005","verified","1004","g","","","1.3","1.3","0.0","0.005","verified","1079","g","","","0.78","0.78","0.0","0.0005","verified","2000","g","","","0.028","0.028","0.0","5e-05","verified","1093","g","mg","","18.27","verified",""
"169250","Lotus Root (Raw)","SR Legacy","sr_legacy","SR Legacy 2021-10-28","4/1/2019","True","True","74.0","74.0","0.0","0.05","verified","1008","kcal","","80.22","2.6","2.6","0.0","0.005","verified","1003","g","","","17.23","17.2","0.03","0.05","verified","1005","g","","","0.1","0.1","0.0","0.0005","verified","1004","g","","","4.9","4.9","0.0","0.005","verified","1079","g","","","0.0","","","5e-05","missing_in_reference","","","","","0.04","0.04","0.0","5e-05","verified","1093","g","mg","","80.22","verified_with_gaps","macro_gap:sugar_g"
"169251","Mushrooms (White, Raw)","SR Legacy","sr_legacy","SR Legacy 2021-10-28","4/1/2019","True","True","22.0","22.0","0.0","0.05","verified","1008","kcal","","28.46","3.09","3.09","0.0","0.005","verified","1003","g","","","3.26","3.26","0.0","0.005","verified","1005","g","","","0.34","0.34","0.0","0.0005","verified","1004","g","","","1.0","1.0","0.0","0.005","verified","1079","g","","","1.98","1.98","0.0","0.005","verified","2000","g","","","0.005","0.005","0.0","5e-05","verified","1093","g","mg","","28.46","verified",""
"169254","Mushrooms (Canned, Drained)","SR Legacy","sr_legacy","SR Legacy 2021-10-28","4/1/2019","True","True","25.0","25.0","0.0","0.05","verified","1008","kcal","","30.45","1.87","1.87","0.0","0.005","verified","1003","g","","","5.09","5.09","0.0","0.005","verified","1005","g","","","0.29","0.29","0.0","0.0005","verified","1004","g","","","2.4","2.4","0.0","0.005","verified","1079","g","","","2.34","2.34","0.0","0.005","verified","2000","g","","","0.425","0.425","0.0","0.0005","verified","1093","g","mg","","30.45","verified",""
"169255","Portobello Mushrooms (Raw)","SR Legacy","sr_legacy","SR Legacy 2021-10-28","4/1/2019","True","True","22.0","22.0","0.0","0.05","verified","1008","kcal","","27.07","2.11","2.11","0.0","0.005","verified","1003","g","","","3.87","3.87","0.0","0.005","verified","1005","g","","","0.35","0.35","0.0","0.0005","verified","1004","g","","","1.3","1.3","0.0","0.005","verified","1079","g","","","2.5","2.5","0.0","0.005","verified","2000","g","","","0.009","0.009","0.0","5e-05","verified","1093","g","mg","","27.07","verified",""
"169256","Mustard Greens (Raw)","SR Legacy","sr_legacy","SR Legacy 2021-10-28","4/1/2019","True","True","27.0","27.0","0.0","0.05","verified","1008","kcal","","33.9","2.86","2.86","0.0","0.005","verified","1003","g","","","4.67","4.67","0.0","0.005","verified","1005","g","","","0.42","0.42","0.0","0.0005","verified","1004","g","","","3.2","3.2","0.0","0.005","verified","1079","g","","","1.32","1.32","0.0","0.005","verified","2000","g","","","0.02","0.02","0.0","5e-05","verified","1093","g","mg","","33.9","verified",""
"169260","Okra (Raw)","SR Legacy","sr_legacy","SR Legacy 2021-10-28","4/1/2019","True","True","33.0","33.0","0.0","0.05","verified","1008","kcal","","39.23","1.93","1.93","0.0","0.005","verified","1003","g","","","7.45","7.45","0.0","0.005","verified","1005","g","","","0.19","0.19","0.0","0.0005","verified","1004","g","","","3.2","3.2","0.0","0.005","verified","1079","g","","","1.48","1.48","0.0","0.005","verified","2000","g","","","0.007","0.007","0.0","5e-05","verified","1093","g","mg","","39.23","verified",""
"169266","French Fries (Cottage-Cut, Frozen, Oven-Heated)","SR Legacy","sr_legacy","SR Legacy 2021-10-28","4/1/2019","True","True","218.0","218.0","0.0","0.5","verified","1008","kcal","","223.68","3.44","3.44","0.0","0.005","verified","1003","g","","","34.03","34.0","0.03","0.05","verified","1005","g","","","8.2","8.2","0.0","0.005","verified","1004","g","","","3.2","3.2","0.0","0.005","verified","1079","g","","","0.0","","","5e-05","missing_in_reference","","","","","0.045","0.045","0.0","5e-05","verified","1093","g","mg","","223.68","verified_with_gaps","macro_gap:sugar_g"
"169270","Pumpkin Flowers (Raw)","SR Legacy","sr_legacy","SR Legacy 2021-10-28","4/1/2019","True","True","15.0","15.0","0.0","0.05","verified","1008","kcal","","17.87","1.03","1.03","0.0","0.005","verified","1003","g","","","3.28","3.28","0.0","0.005","verified","1005","g","","","0.07","0.07","0.0","5e-05","verified","1004","g","","","0.0","","","5e-05","missing_in_reference","","","","","0.0","","","5e-05","missing_in_reference","","","","","0.005","0.005","0.0","5e-05","verified","1093","g","mg","","17.87","verified_with_gaps","macro_gap:fiber_g,sugar_g"
"169272","Pumpkin Leaves (Raw)","SR Legacy","sr_legacy","SR Legacy 2021-10-28","4/1/2019","True","True","19.0","19.0","0.0","0.05","verified","1008","kcal","","25.52","3.15","3.15","0.0","0.005","verified","1003","g","","","2.33","2.33","0.0","0.005","verified","1005","g","","","0.4","0.4","0.0","0.0005","verified","1004","g","","","0.0","","","5e-05","missing_in_reference","","","","","0.0","","","5e-05","missing_in_reference","","","","","0.011","0.011","0.0","5e-05","verified","1093","g","mg","","25.52","verified_with_gaps","macro_gap:fiber_g,sugar_g"
"169273","Pumpkin Pie Mix (Canned)","SR Legacy","sr_legacy","SR Legacy 2021-10-28","4/1/2019","True","True","104.0","104.0","0.0","0.5","verified","1008","kcal","","111.09","1.09","1.09","0.0","0.005","verified","1003","g","","","26.39","26.4","-0.01","0.05","verified","1005","g","","","0.13","0.13","0.0","0.0005","verified","1004","g","","","8.3","8.3","0.0","0.005","verified","1079","g","","","0.0","","","5e-05","missing_in_reference","","","","","0.208","0.208","0.0","0.0005","verified","1093","g","mg","","111.09","verified_with_gaps","macro_gap:sugar_g"
"169274","Purslane (Raw)","SR Legacy","sr_legacy","SR Legacy 2021-10-28","4/1/2019","True","True","20.0","20.0","0.0","0.05","verified","1008","kcal","","24.92","2.03","2.03","0.0","0.005","verified","1003","g","","","3.39","3.39","0.0","0.005","verified","1005","g","","","0.36","0.36","0.0","0.0005","verified","1004","g","","","0.0","","","5e-05","missing_in_reference","","","","","0.0","","","5e-05","missing_in_reference","","","","","0.045","0.045","0.0","5e-05","verified","1093","g","mg","","24.92","verified_with_gaps","macro_gap:fiber_g,sugar_g"
"169276","Radishes (Raw)","SR Legacy","sr_legacy","SR Legacy 2021-10-28","4/1/2019","True","True","16.0","16.0","0.0","0.05","verified","1008","kcal","","17.22","0.68","0.68","0.0","0.0005","verified","1003","g","","","3.4","3.4","0.0","0.005","verified","1005","g","","","0.1","0.1","0.0","0.0005","verified","1004","g","","","1.6","1.6","0.0","0.005","verified","1079","g","","","1.86","1.86","0.0","0.005","verified","2000","g","","","0.039","0.039","0.0","5e-05","verified","1093","g","mg","","17.22","verified",""
"169277","Salsify (Raw)","SR Legacy","sr_legacy","SR Legacy 2021-10-28","4/1/2019","True","True","82.0","82.0","0.0","0.05","verified","1008","kcal","","89.4","3.3","3.3","0.0","0.005","verified","1003","g","","","18.6","18.6","0.0","0.05","verified","1005","g","","","0.2","0.2","0.0","0.0005","verified","1004","g","","","3.3","3.3","0.0","0.005","verified","1079","g","","","0.0","","","5e-05","missing_in_reference","","","","","0.02","0.02","0.0","5e-05","verified","1093","g","mg","","89.4","verified_with_gaps","macro_gap:sugar_g"
"169279","Sauerkraut (Canned)","SR Legacy","sr_legacy","SR Legacy 2021-10-28","4/1/2019","True","True","19.0","19.0","0.0","0.05","verified","1008","kcal","","22.02","0.91","0.91","0.0","0.0005","verified","1003","g","","","4.28","4.28","0.0","0.005","verified","1005","g","","","0.14","0.14","0.0","0.0005","verified","1004","g","","","2.9","2.9","0.0","0.005","verified","1079","g","","","1.78","1.78","0.0","0.005","verified","2000","g","","","0.661","0.661","0.0","0.0005","verified","1093","g","mg","","22.02","verified",""
"169280","Agar Seaweed (Raw)","SR Legacy","sr_legacy","SR Legacy 2021-10-28","4/1/2019","True","True","26.0","26.0","0.0","0.05","verified","1008","kcal","","29.43","0.54","0.54","0.0","0.0005","verified","1003","g","","","6.75","6.75","0.0","0.005","verified","1005","g","","","0.03","0.03","0.0","5e-05","verified","1004","g","","","0.5","0.5","0.0","0.0005","verified","1079","g","","","0.28","0.28","0.0","0.0005","verified","2000","g","","","0.009","0.009","0.0","5e-05","verified","1093","g","mg","","29.43","verified",""
"169282","Green Soybeans (Raw)","SR Legacy","sr_legacy","SR Legacy 2021-10-28","4/1/2019","True","True","147.0","147.0","0.0","0.5","verified","1008","kcal","","157.2","13.0","13.0","0.0","0.05","verified","1003","g","","","11.0","11.0","0.0","0.05","verified","1005","g","","","6.8","6.8","0.0","0.005","verified","1004","g","","","4.2","4.2","0.0","0.005","verified","1079","g","","","0.0","","","5e-05","missing_in_reference","","","","","0.015","0.015","0.0","5e-05","verified","1093","g","mg","","157.2","verified_with_gaps","macro_gap:sugar_g"
"169284","Soybean Sprouts (Raw)","SR Legacy","sr_legacy","SR Legacy 2021-10-28","4/1/2019","True","True","122.0","122.0","0.0","0.5","verified","1008","kcal","","150.94","13.09","13.1","-0.01","0.05","verified","1003","g","","","9.57","9.57","0.0","0.005","verified","1005","g","","","6.7","6.7","0.0","0.005","verified","1004","g","","","1.1","1.1","0.0","0.005","verified","1079","g","","","0.0","","","5e-05","missing_in_reference","","","","","0.014","0.014","0.0","5e-05","verified","1093","g","mg","","150.94","verified_with_gaps","macro_gap:sugar_g"
"169289","Summer Squash (Scallop, Raw)","SR Legacy","sr_legacy","SR Legacy 2021-10-28","4/1/2019","True","True","18.0","18.0","0.0","0.05","verified","1008","kcal","","21.96","1.2","1.2","0.0","0.005","verified","1003","g","","","3.84","3.84","0.0","0.005","verified","1005","g","","","0.2","0.2","0.0","0.0005","verified","1004","g","","","1.2","1.2","0.0","0.005","verified","1079","g","","","2.39","2.39","0.0","0.005","verified","2000","g","","","0.001","0.001","0.0","5e-05","verified","1093","g","mg","","21.96","verified",""
"169300","Succotash (Raw)","SR Legacy","sr_legacy","SR Legacy 2021-10-28","4/1/2019","True","True","99.0","99.0","0.0","0.05","verified","1008","kcal","","107.66","5.03","5.03","0.0","0.005","verified","1003","g","","","19.59","19.6","-0.01","0.05","verified","1005","g","","","1.02","1.02","0.0","0.005","verified","1004","g","","","3.8","3.8","0.0","0.005","verified","1079","g","","","0.0","","","5e-05","missing_in_reference","","","","","0.004","0.004","0.0","5e-05","verified","1093","g","mg","","107.66","verified_with_gaps","macro_gap:sugar_g"
"169303","Sweet Potato Leaves (Raw)","SR Legacy","sr_legacy","SR Legacy 2021-10-28","4/1/2019","True","True","42.0","42.0","0.0","0.05","verified","1008","kcal","","49.83","2.49","2.49","0.0","0.005","verified","1003","g","","","8.82","8.82","0.0","0.005","verified","1005","g","","","0.51","0.51","0.0","0.0005","verified","1004","g","","","5.3","5.3","0.0","0.005","verified","1079","g","","","0.0","","","5e-05","missing_in_reference","","","","","0.006","0.006","0.0","5e-05","verified","1093","g","mg","","49.83","verified_with_gaps","macro_gap:sugar_g"
"169305","Sweet Potato (Canned, Mashed)","SR Legacy","sr_legacy","SR Legacy 2021-10-28","4/1/2019","True","True","101.0","101.0","0.0","0.5","verified","1008","kcal","","102.48","1.98","1.98","0.0","0.005","verified","1003","g","","","23.19","23.2","-0.01","0.05","verified","1005","g","","","0.2","0.2","0.0","0.0005","verified","1004","g","","","1.7","1.7","0.0","0.005","verified","1079","g","","","5.45","5.45","0.0","0.005","verified","2000","g","","","0.075","0.075","0.0","5e-05","verified","1093","g","mg","","102.48","verified",""
"169308","Taro (Raw)","SR Legacy","sr_legacy","SR Legacy 2021-10-28","4/1/2019","True","True","112.0","112.0","0.0","0.5","verified","1008","kcal","","113.64","1.5","1.5","0.0","0.005","verified","1003","g","","","26.46","26.5","-0.04","0.05","verified","1005","g","","","0.2","0.2","0.0","0.0005","verified","1004","g","","","4.1","4.1","0.0","0.005","verified","1079","g","","","0.4","0.4","0.0","0.0005","verified","2000","g","","","0.011","0.011","0.0","5e-05","verified","1093","g","mg","","113.64","verified",""
"169310","Tahitian Taro (Raw)","SR Legacy","sr_legacy","SR Legacy 2021-10-28","4/1/2019","True","True","44.0","44.0","0.0","0.05","verified","1008","kcal","","47.53","2.79","2.79","0.0","0.005","verified","1003","g","","","6.91","6.91","0.0","0.005","verified","1005","g","","","0.97","0.97","0.0","0.0005","verified","1004","g","","","0.0","","","5e-05","missing_in_reference","","","","","0.0","","","5e-05","missing_in_reference","","","","","0.05","0.05","0.0","5e-05","verified","1093","g","mg","","47.53","verified_with_gaps","macro_gap:fiber_g,sugar_g"
"169329","Broccoli (Leaves)","SR Legacy","sr_legacy","SR Legacy 2021-10-28","4/1/2019","True","True","28.0","28.0","0.0","0.05","verified","1008","kcal","","35.31","2.98","2.98","0.0","0.005","verified","1003","g","","","5.06","5.06","0.0","0.005","verified","1005","g","","","0.35","0.35","0.0","0.0005","verified","1004","g","","","2.3","2.3","0.0","0.005","verified","1079","g","","","1.48","1.48","0.0","0.005","verified","2000","g","","","0.027","0.027","0.0","5e-05","verified","1093","g","mg","","35.31","verified",""
"169330","Broccoli (Flower Clusters)","SR Legacy","sr_legacy","SR Legacy 2021-10-28","4/1/2019","True","True","28.0","28.0","0.0","0.05","verified","1008","kcal","","35.31","2.98","2.98","0.0","0.005","verified","1003","g","","","5.06","5.06","0.0","0.005","verified","1005","g","","","0.35","0.35","0.0","0.0005","verified","1004","g","","","2.3","2.3","0.0","0.005","verified","1079","g","","","1.48","1.48","0.0","0.005","verified","2000","g","","","0.027","0.027","0.0","5e-05","verified","1093","g","mg","","35.31","verified",""
"169331","Broccoli (Stalks)","SR Legacy","sr_legacy","SR Legacy 2021-10-28","4/1/2019","True","True","28.0","28.0","0.0","0.05","verified","1008","kcal","","36.03","2.98","2.98","0.0","0.005","verified","1003","g","","","5.24","5.24","0.0","0.005","verified","1005","g","","","0.35","0.35","0.0","0.0005","verified","1004","g","","","0.0","","","5e-05","missing_in_reference","","","","","0.0","","","5e-05","missing_in_reference","","","","","0.027","0.027","0.0","5e-05","verified","1093","g","mg","","36.03","verified_with_gaps","macro_gap:fiber_g,sugar_g"
"169336","Cabbage (Green, Stored Raw)","SR Legacy","sr_legacy","SR Legacy 2021-10-28","4/1/2019","True","True","24.0","24.0","0.0","0.05","verified","1008","kcal","","27.94","1.21","1.21","0.0","0.005","verified","1003","g","","","5.37","5.37","0.0","0.005","verified","1005","g","","","0.18","0.18","0.0","0.0005","verified","1004","g","","","2.3","2.3","0.0","0.005","verified","1079","g","","","0.0","","","5e-05","missing_in_reference","","","","","0.018","0.018","0.0","5e-05","verified","1093","g","mg","","27.94","verified_with_gaps","macro_gap:sugar_g"
"169376","Mushrooms (White, UV-Exposed)","SR Legacy","sr_legacy","SR Legacy 2021-10-28","4/1/2019","True","True","22.0","22.0","0.0","0.05","verified","1008","kcal","","28.46","3.09","3.09","0.0","0.005","verified","1003","g","","","3.26","3.26","0.0","0.005","verified","1005","g","","","0.34","0.34","0.0","0.0005","verified","1004","g","","","1.0","1.0","0.0","0.005","verified","1079","g","","","1.98","1.98","0.0","0.005","verified","2000","g","","","0.005","0.005","0.0","5e-05","verified","1093","g","mg","","28.46","verified",""
"169379","Pickles (Cucumber, Sour)","SR Legacy","sr_legacy","SR Legacy 2021-10-28","4/1/2019","True","True","11.0","11.0","0.0","0.05","verified","1008","kcal","","12.16","0.33","0.33","0.0","0.0005","verified","1003","g","","","2.26","2.26","0.0","0.005","verified","1005","g","","","0.2","0.2","0.0","0.0005","verified","1004","g","","","1.2","1.2","0.0","0.005","verified","1079","g","","","1.06","1.06","0.0","0.005","verified","2000","g","","","1.208","1.21","-0.002","0.005","verified","1093","g","mg","","12.16","verified",""
"169382","Mushrooms (Enoki, Raw)","SR Legacy","sr_legacy","SR Legacy 2021-10-28","4/1/2019","True","True","37.0","37.0","0.0","0.05","verified","1008","kcal","","44.49","2.66","2.66","0.0","0.005","verified","1003","g","","","7.81","7.81","0.0","0.005","verified","1005","g","","","0.29","0.29","0.0","0.0005","verified","1004","g","","","2.7","2.7","0.0","0.005","verified","1079","g","","","0.22","0.22","0.0","0.0005","verified","2000","g","","","0.003","0.003","0.0","5e-05","verified","1093","g","mg","","44.49","verified",""
"169385","Fennel Bulb (Raw)","SR Legacy","sr_legacy","SR Legacy 2021-10-28","4/1/2019","True","True","31.0","31.0","0.0","0.05","verified","1008","kcal","","35.96","1.24","1.24","0.0","0.005","verified","1003","g","","","7.3","7.3","0.0","0.005","verified","1005","g","","","0.2","0.2","0.0","0.0005","verified","1004","g","","","3.1","3.1","0.0","0.005","verified","1079","g","","","3.93","3.93","0.0","0.005","verified","2000","g","","","0.052","0.052","0.0","5e-05","verified","1093","g","mg","","35.96","verified",""
"169387","Arugula","SR Legacy","sr_legacy","SR Legacy 2021-10-28","4/1/2019","True","True","25.0","25.0","0.0","0.05","verified","1008","kcal","","30.86","2.58","2.58","0.0","0.005","verified","1003","g","","","3.65","3.65","0.0","0.005","verified","1005","g","","","0.66","0.66","0.0","0.0005","verified","1004","g","","","1.6","1.6","0.0","0.005","verified","1079","g","","","2.05","2.05","0.0","0.005","verified","2000","g","","","0.027","0.027","0.0","5e-05","verified","1093","g","mg","","30.86","verified",""
"169389","Cauliflower (Green)","SR Legacy","sr_legacy","SR Legacy 2021-10-28","4/1/2019","True","True","31.0","31.0","0.0","0.05","verified","1008","kcal","","38.86","2.95","2.95","0.0","0.005","verified","1003","g","","","6.09","6.09","0.0","0.005","verified","1005","g","","","0.3","0.3","0.0","0.0005","verified","1004","g","","","3.2","3.2","0.0","0.005","verified","1079","g","","","3.03","3.03","0.0","0.005","verified","2000","g","","","0.023","0.023","0.0","5e-05","verified","1093","g","mg","","38.86","verified",""
"169394","Banana Pepper (Raw)","SR Legacy","sr_legacy","SR Legacy 2021-10-28","4/1/2019","True","True","27.0","27.0","0.0","0.05","verified","1008","kcal","","32.09","1.66","1.66","0.0","0.005","verified","1003","g","","","5.35","5.35","0.0","0.005","verified","1005","g","","","0.45","0.45","0.0","0.0005","verified","1004","g","","","3.4","3.4","0.0","0.005","verified","1079","g","","","1.95","1.95","0.0","0.005","verified","2000","g","","","0.013","0.013","0.0","5e-05","verified","1093","g","mg","","32.09","verified",""
"169395","Serrano Pepper (Raw)","SR Legacy","sr_legacy","SR Legacy 2021-10-28","4/1/2019","True","True","32.0","32.0","0.0","0.05","verified","1008","kcal","","37.72","1.74","1.74","0.0","0.005","verified","1003","g","","","6.7","6.7","0.0","0.005","verified","1005","g","","","0.44","0.44","0.0","0.0005","verified","1004","g","","","3.7","3.7","0.0","0.005","verified","1079","g","","","3.83","3.83","0.0","0.005","verified","2000","g","","","0.01","0.01","0.0","5e-05","verified","1093","g","mg","","37.72","verified",""
"169396","Ancho Peppers (Dried)","SR Legacy","sr_legacy","SR Legacy 2021-10-28","4/1/2019","True","True","281.0","281.0","0.0","0.5","verified","1008","kcal","","326.92","11.86","11.9","-0.04","0.05","verified","1003","g","","","51.42","51.4","0.02","0.05","verified","1005","g","","","8.2","8.2","0.0","0.005","verified","1004","g","","","21.6","21.6","0.0","0.05","verified","1079","g","","","0.0","","","5e-05","missing_in_reference","","","","","0.043","0.043","0.0","5e-05","verified","1093","g","mg","","326.92","verified_with_gaps","macro_gap:sugar_g"
"169397","Pickles (Chow-Chow Sweet)","SR Legacy","sr_legacy","SR Legacy 2021-10-28","4/1/2019","True","True","121.0","121.0","0.0","0.5","verified","1008","kcal","","120.66","1.5","1.5","0.0","0.005","verified","1003","g","","","26.64","26.6","0.04","0.05","verified","1005","g","","","0.9","0.9","0.0","0.0005","verified","1004","g","","","1.5","1.5","0.0","0.005","verified","1079","g","","","23.88","23.9","-0.02","0.05","verified","2000","g","","","0.527","0.527","0.0","0.0005","verified","1093","g","mg","","120.66","verified",""
"169398","Epazote (Raw)","SR Legacy","sr_legacy","SR Legacy 2021-10-28","4/1/2019","True","True","32.0","32.0","0.0","0.05","verified","1008","kcal","","35.76","0.33","0.33","0.0","0.0005","verified","1003","g","","","7.44","7.44","0.0","0.005","verified","1005","g","","","0.52","0.52","0.0","0.0005","verified","1004","g","","","3.8","3.8","0.0","0.005","verified","1079","g","","","0.0","","","5e-05","missing_in_reference","","","","","0.043","0.043","0.0","5e-05","verified","1093","g","mg","","35.76","verified_with_gaps","macro_gap:sugar_g"
"169399","Fireweed Leaves (Raw)","SR Legacy","sr_legacy","SR Legacy 2021-10-28","4/1/2019","True","True","103.0","103.0","0.0","0.5","verified","1008","kcal","","120.47","4.71","4.71","0.0","0.005","verified","1003","g","","","19.22","19.2","0.02","0.05","verified","1005","g","","","2.75","2.75","0.0","0.005","verified","1004","g","","","10.6","10.6","0.0","0.05","verified","1079","g","","","0.0","","","5e-05","missing_in_reference","","","","","0.034","0.034","0.0","5e-05","verified","1093","g","mg","","120.47","verified_with_gaps","macro_gap:sugar_g"
"169400","Malabar Spinach (Cooked)","SR Legacy","sr_legacy","SR Legacy 2021-10-28","4/1/2019","True","True","23.0","23.0","0.0","0.05","verified","1008","kcal","","29.78","2.98","2.98","0.0","0.005","verified","1003","g","","","2.71","2.71","0.0","0.005","verified","1005","g","","","0.78","0.78","0.0","0.0005","verified","1004","g","","","2.1","2.1","0.0","0.005","verified","1079","g","","","0.0","","","5e-05","missing_in_reference","","","","","0.055","0.055","0.0","5e-05","verified","1093","g","mg","","29.78","verified_with_gaps","macro_gap:sugar_g"
"169401","Yautia (Tannier, Raw)","SR Legacy","sr_legacy","SR Legacy 2021-10-28","4/1/2019","True","True","98.0","98.0","0.0","0.05","verified","1008","kcal","","103.96","1.46","1.46","0.0","0.005","verified","1003","g","","","23.63","23.6","0.03","0.05","verified","1005","g","","","0.4","0.4","0.0","0.0005","verified","1004","g","","","1.5","1.5","0.0","0.005","verified","1079","g","","","0.0","","","5e-05","missing_in_reference","","","","","0.021","0.021","0.0","5e-05","verified","1093","g","mg","","103.96","verified_with_gaps","macro_gap:sugar_g"
"169403","Maitake Mushrooms (Raw)","SR Legacy","sr_legacy","SR Legacy 2021-10-28","4/1/2019","True","True","31.0","31.0","0.0","0.05","verified","1008","kcal","","37.35","1.94","1.94","0.0","0.005","verified","1003","g","","","6.97","6.97","0.0","0.005","verified","1005","g","","","0.19","0.19","0.0","0.0005","verified","1004","g","","","2.7","2.7","0.0","0.005","verified","1079","g","","","2.07","2.07","0.0","0.005","verified","2000","g","","","0.001","0.001","0.0","5e-05","verified","1093","g","mg","","37.35","verified",""
"169404","Broccoli (Chinese)","SR Legacy","sr_legacy","SR Legacy 2021-10-28","4/1/2019","True","True","26.0","26.0","0.0","0.05","verified","1008","kcal","","30.32","1.2","1.2","0.0","0.005","verified","1003","g","","","4.67","4.67","0.0","0.005","verified","1005","g","","","0.76","0.76","0.0","0.0005","verified","1004","g","","","2.6","2.6","0.0","0.005","verified","1079","g","","","0.88","0.88","0.0","0.0005","verified","2000","g","","","0.007","0.007","0.0","5e-05","verified","1093","g","mg","","30.32","verified",""
"169405","Fiddlehead Ferns (Raw)","SR Legacy","sr_legacy","SR Legacy 2021-10-28","4/1/2019","True","True","34.0","34.0","0.0","0.05","verified","1008","kcal","","43.96","4.55","4.55","0.0","0.005","verified","1003","g","","","5.54","5.54","0.0","0.005","verified","1005","g","","","0.4","0.4","0.0","0.0005","verified","1004","g","","","0.0","","","5e-05","missing_in_reference","","","","","0.0","","","5e-05","missing_in_reference","","","","","0.001","0.001","0.0","5e-05","verified","1093","g","mg","","43.96","verified_with_gaps","macro_gap:fiber_g,sugar_g"
"169407","Watermelon Seed Kernels (Dried)","SR Legacy","sr_legacy","SR Legacy 2021-10-28","4/1/2019","True","True","557.0","557.0","0.0","0.5","verified","1008","kcal","","600.89","28.33","28.3","0.03","0.05","verified","1003","g","","","15.31","15.3","0.01","0.05","verified","1005","g","","","47.37","47.4","-0.03","0.05","verified","1004","g","","","0.0","","","5e-05","missing_in_reference","","","","","0.0","","","5e-05","missing_in_reference","","","","","0.099","0.099","0.0","5e-05","verified","1093","g","mg","","600.89","verified_with_gaps","macro_gap:fiber_g,sugar_g"
"169410","Tahini (Raw Stone-Ground)","SR Legacy","sr_legacy","SR Legacy 2021-10-28","4/1/2019","True","True","570.0","570.0","0.0","0.5","verified","1008","kcal","","608.0","17.81","17.8","0.01","0.05","verified","1003","g","","","26.19","26.2","-0.01","0.05","verified","1005","g","","","48.0","48.0","0.0","0.05","verified","1004","g","","","9.3","9.3","0.0","0.005","verified","1079","g","","","0.0","","","5e-05","missing_in_reference","","","","","0.074","0.074","0.0","5e-05","verified","1093","g","mg","","608.0","verified_with_gaps","macro_gap:sugar_g"
"169412","Sesame Seed Kernels (Dried)","SR Legacy","sr_legacy","SR Legacy 2021-10-28","4/1/2019","True","True","631.0","631.0","0.0","0.5","verified","1008","kcal","","679.41","20.4","20.4","0.0","0.05","verified","1003","g","","","11.73","11.7","0.03","0.05","verified","1005","g","","","61.21","61.2","0.01","0.05","verified","1004","g","","","11.6","11.6","0.0","0.05","verified","1079","g","","","0.48","0.48","0.0","0.0005","verified","2000","g","","","0.047","0.047","0.0","5e-05","verified","1093","g","mg","","679.41","verified",""
"169413","Japanese Chestnuts (Raw)","SR Legacy","sr_legacy","SR Legacy 2021-10-28","4/1/2019","True","True","154.0","154.0","0.0","0.5","verified","1008","kcal","","153.41","2.25","2.25","0.0","0.005","verified","1003","g","","","34.91","34.9","0.01","0.05","verified","1005","g","","","0.53","0.53","0.0","0.0005","verified","1004","g","","","0.0","","","5e-05","missing_in_reference","","","","","0.0","","","5e-05","missing_in_reference","","","","","0.014","0.014","0.0","5e-05","verified","1093","g","mg","","153.41","verified_with_gaps","macro_gap:fiber_g,sugar_g"
"169414","Flaxseeds","SR Legacy","sr_legacy","SR Legacy 2021-10-28","4/1/2019","True","True","534.0","534.0","0.0","0.5","verified","1008","kcal","","568.12","18.29","18.3","-0.01","0.05","verified","1003","g","","","28.88","28.9","-0.02","0.05","verified","1005","g","","","42.16","42.2","-0.04","0.05","verified","1004","g","","","27.3","27.3","0.0","0.05","verified","1079","g","","","1.55","1.55","0.0","0.005","verified","2000","g","","","0.03","0.03","0.0","5e-05","verified","1093","g","mg","","568.12","verified",""
"169417","Sunflower Seeds (Dry Roasted, Salted)","SR Legacy","sr_legacy","SR Legacy 2021-10-28","4/1/2019","True","True","546.0","546.0","0.0","0.5","verified","1008","kcal","","586.76","19.33","19.3","0.03","0.05","verified","1003","g","","","15.31","15.3","0.01","0.05","verified","1005","g","","","49.8","49.8","0.0","0.05","verified","1004","g","","","9.0","9.0","0.0","0.005","verified","1079","g","","","2.73","2.73","0.0","0.005","verified","2000","g","","","6.008","6.01","-0.002","0.005","verified","1093","g","mg","","586.76","verified",""
"169424","Pecans (Dry Roasted, Salted)","SR Legacy","sr_legacy","SR Legacy 2021-10-28","4/1/2019","True","True","710.0","710.0","0.0","0.5","verified","1008","kcal","","760.63","9.5","9.5","0.0","0.005","verified","1003","g","","","13.55","13.6","-0.05","0.05","verified","1005","g","","","74.27","74.3","-0.03","0.05","verified","1004","g","","","9.4","9.4","0.0","0.005","verified","1079","g","","","4.06","4.06","0.0","0.005","verified","2000","g","","","0.383","0.383","0.0","0.0005","verified","1093","g","mg","","760.63","verified",""
"169441","Beef Shank (Raw, Lean)","SR Legacy","sr_legacy","SR Legacy 2021-10-28","4/1/2019","True","True","128.0","128.0","0.0","0.5","verified","1008","kcal","","121.85","21.8","21.8","0.0","0.05","verified","1003","g","","","0.0","0.0","0.0","5e-05","genuine_zero","1005","g","","","3.85","3.85","0.0","0.005","verified","1004","g","","","0.0","0.0","0.0","5e-05","genuine_zero","1079","g","","","0.0","","","5e-05","missing_in_reference","","","","","0.063","0.063","0.0","5e-05","verified","1093","g","mg","","121.85","verified_with_gaps","macro_gap:sugar_g"
"169481","Beef Shoulder Pot Roast (Raw, Lean)","SR Legacy","sr_legacy","SR Legacy 2021-10-28","4/1/2019","True","True","125.0","125.0","0.0","0.5","verified","1008","kcal","","125.19","21.4","21.4","0.0","0.05","verified","1003","g","","","0.11","0.11","0.0","0.0005","verified","1005","g","","","4.35","4.35","0.0","0.005","verified","1004","g","","","0.0","0.0","0.0","5e-05","genuine_zero","1079","g","","","0.0","0.0","0.0","5e-05","genuine_zero","2000","g","","","0.074","0.074","0.0","5e-05","verified","1093","g","mg","","125.19","verified",""
"169547","Beef Tenderloin (Raw)","SR Legacy","sr_legacy","SR Legacy 2021-10-28","4/1/2019","True","True","274.0","274.0","0.0","0.5","verified","1008","kcal","","269.27","18.2","18.2","0.0","0.05","verified","1003","g","","","0.0","0.0","0.0","5e-05","genuine_zero","1005","g","","","21.83","21.8","0.03","0.05","verified","1004","g","","","0.0","0.0","0.0","5e-05","genuine_zero","1079","g","","","0.0","0.0","0.0","5e-05","genuine_zero","2000","g","","","0.049","0.049","0.0","5e-05","verified","1093","g","mg","","269.27","verified",""
"169694","Corn Flour (White Masa)","SR Legacy","sr_legacy","SR Legacy 2021-10-28","4/1/2019","True","True","363.0","363.0","0.0","0.5","verified","1008","kcal","","373.41","8.46","8.46","0.0","0.005","verified","1003","g","","","76.59","76.6","-0.01","0.05","verified","1005","g","","","3.69","3.69","0.0","0.005","verified","1004","g","","","6.4","6.4","0.0","0.005","verified","1079","g","","","1.61","1.61","0.0","0.005","verified","2000","g","","","0.005","0.005","0.0","5e-05","verified","1093","g","mg","","373.41","verified",""
"169695","Corn Flour (Yellow, Degermed)","SR Legacy","sr_legacy","SR Legacy 2021-10-28","4/1/2019","True","True","375.0","375.0","0.0","0.5","verified","1008","kcal","","365.87","5.59","5.59","0.0","0.005","verified","1003","g","","","82.75","82.8","-0.05","0.05","verified","1005","g","","","1.39","1.39","0.0","0.005","verified","1004","g","","","1.9","1.9","0.0","0.005","verified","1079","g","","","0.64","0.64","0.0","0.0005","verified","2000","g","","","0.001","0.001","0.0","5e-05","verified","1093","g","mg","","365.87","verified",""
"169696","Masa Harina (White Corn Flour)","SR Legacy","sr_legacy","SR Legacy 2021-10-28","4/1/2019","True","True","363.0","363.0","0.0","0.5","verified","1008","kcal","","373.41","8.46","8.46","0.0","0.005","verified","1003","g","","","76.59","76.6","-0.01","0.05","verified","1005","g","","","3.69","3.69","0.0","0.005","verified","1004","g","","","6.4","6.4","0.0","0.005","verified","1079","g","","","1.61","1.61","0.0","0.005","verified","2000","g","","","0.005","0.005","0.0","5e-05","verified","1093","g","mg","","373.41","verified",""
"169697","Cornmeal (Whole-Grain, Yellow)","SR Legacy","sr_legacy","SR Legacy 2021-10-28","4/1/2019","True","True","362.0","362.0","0.0","0.5","verified","1008","kcal","","372.35","8.12","8.12","0.0","0.005","verified","1003","g","","","76.89","76.9","-0.01","0.05","verified","1005","g","","","3.59","3.59","0.0","0.005","verified","1004","g","","","7.3","7.3","0.0","0.005","verified","1079","g","","","0.64","0.64","0.0","0.0005","verified","2000","g","","","0.035","0.035","0.0","5e-05","verified","1093","g","mg","","372.35","verified",""
"169698","Cornstarch","SR Legacy","sr_legacy","SR Legacy 2021-10-28","4/1/2019","True","True","381.0","381.0","0.0","0.5","verified","1008","kcal","","366.57","0.26","0.26","0.0","0.0005","verified","1003","g","","","91.27","91.3","-0.03","0.05","verified","1005","g","","","0.05","0.05","0.0","5e-05","verified","1004","g","","","0.9","0.9","0.0","0.0005","verified","1079","g","","","0.0","0.0","0.0","5e-05","genuine_zero","2000","g","","","0.009","0.009","0.0","5e-05","verified","1093","g","mg","","366.57","verified",""
"169699","Couscous (Dry)","SR Legacy","sr_legacy","SR Legacy 2021-10-28","4/1/2019","True","True","376.0","376.0","0.0","0.5","verified","1008","kcal","","366.52","12.76","12.8","-0.04","0.05","verified","1003","g","","","77.43","77.4","0.03","0.05","verified","1005","g","","","0.64","0.64","0.0","0.0005","verified","1004","g","","","5.0","5.0","0.0","0.005","verified","1079","g","","","0.0","","","5e-05","missing_in_reference","","","","","0.01","0.01","0.0","5e-05","verified","1093","g","mg","","366.52","verified_with_gaps","macro_gap:sugar_g"
"169700","Couscous (Cooked)","SR Legacy","sr_legacy","SR Legacy 2021-10-28","4/1/2019","True","True","112.0","112.0","0.0","0.5","verified","1008","kcal","","109.48","3.79","3.79","0.0","0.005","verified","1003","g","","","23.22","23.2","0.02","0.05","verified","1005","g","","","0.16","0.16","0.0","0.0005","verified","1004","g","","","1.4","1.4","0.0","0.005","verified","1079","g","","","0.1","0.1","0.0","0.0005","verified","2000","g","","","0.005","0.005","0.0","5e-05","verified","1093","g","mg","","109.48","verified",""
"169701","Hominy (White, Canned)","SR Legacy","sr_legacy","SR Legacy 2021-10-28","4/1/2019","True","True","72.0","72.0","0.0","0.05","verified","1008","kcal","","70.88","1.48","1.48","0.0","0.005","verified","1003","g","","","14.26","14.3","-0.04","0.05","verified","1005","g","","","0.88","0.88","0.0","0.0005","verified","1004","g","","","2.5","2.5","0.0","0.005","verified","1079","g","","","1.51","1.51","0.0","0.005","verified","2000","g","","","0.267","0.267","0.0","0.0005","verified","1093","g","mg","","70.88","verified",""
"169702","Millet (Raw)","SR Legacy","sr_legacy","SR Legacy 2021-10-28","4/1/2019","True","True","378.0","378.0","0.0","0.5","verified","1008","kcal","","373.46","11.02","11.0","0.02","0.05","verified","1003","g","","","72.85","72.8","0.05","0.05","verified","1005","g","","","4.22","4.22","0.0","0.005","verified","1004","g","","","8.5","8.5","0.0","0.005","verified","1079","g","","","0.0","","","5e-05","missing_in_reference","","","","","0.005","0.005","0.0","5e-05","verified","1093","g","mg","","373.46","verified_with_gaps","macro_gap:sugar_g"
"169713","Rice Bran (Crude)","SR Legacy","sr_legacy","SR Legacy 2021-10-28","4/1/2019","True","True","316.0","316.0","0.0","0.5","verified","1008","kcal","","439.56","13.4","13.4","0.0","0.05","verified","1003","g","","","49.69","49.7","-0.01","0.05","verified","1005","g","","","20.8","20.8","0.0","0.05","verified","1004","g","","","21.0","21.0","0.0","0.05","verified","1079","g","","","0.9","0.9","0.0","0.0005","verified","2000","g","","","0.005","0.005","0.0","5e-05","verified","1093","g","mg","","439.56","verified",""
"169714","White Rice Flour (Unenriched)","SR Legacy","sr_legacy","SR Legacy 2021-10-28","4/1/2019","True","True","366.0","366.0","0.0","0.5","verified","1008","kcal","","357.1","5.95","5.95","0.0","0.005","verified","1003","g","","","80.13","80.1","0.03","0.05","verified","1005","g","","","1.42","1.42","0.0","0.005","verified","1004","g","","","2.4","2.4","0.0","0.005","verified","1079","g","","","0.12","0.12","0.0","0.0005","verified","2000","g","","","0.0","0.0","0.0","5e-05","genuine_zero","1093","g","mg","","357.1","verified",""
"169715","Semolina (Enriched)","SR Legacy","sr_legacy","SR Legacy 2021-10-28","4/1/2019","True","True","360.0","360.0","0.0","0.5","verified","1008","kcal","","351.49","12.68","12.7","-0.02","0.05","verified","1003","g","","","72.83","72.8","0.03","0.05","verified","1005","g","","","1.05","1.05","0.0","0.005","verified","1004","g","","","3.9","3.9","0.0","0.005","verified","1079","g","","","0.0","","","5e-05","missing_in_reference","","","","","0.001","0.001","0.0","5e-05","verified","1093","g","mg","","351.49","verified_with_gaps","macro_gap:sugar_g"
"169716","Sorghum Grain (Raw)","SR Legacy","sr_legacy","SR Legacy 2021-10-28","4/1/2019","True","True","329.0","329.0","0.0","0.5","verified","1008","kcal","","361.98","10.62","10.6","0.02","0.05","verified","1003","g","","","72.09","72.1","-0.01","0.05","verified","1005","g","","","3.46","3.46","0.0","0.005","verified","1004","g","","","6.7","6.7","0.0","0.005","verified","1079","g","","","2.53","2.53","0.0","0.005","verified","2000","g","","","0.002","0.002","0.0","5e-05","verified","1093","g","mg","","361.98","verified",""
"169717","Tapioca Pearls (Dry)","SR Legacy","sr_legacy","SR Legacy 2021-10-28","4/1/2019","True","True","358.0","358.0","0.0","0.5","verified","1008","kcal","","355.7","0.19","0.19","0.0","0.0005","verified","1003","g","","","88.69","88.7","-0.01","0.05","verified","1005","g","","","0.02","0.02","0.0","5e-05","verified","1004","g","","","0.9","0.9","0.0","0.0005","verified","1079","g","","","3.35","3.35","0.0","0.005","verified","2000","g","","","0.001","0.001","0.0","5e-05","verified","1093","g","mg","","355.7","verified",""
"169718","Triticale Grain","SR Legacy","sr_legacy","SR Legacy 2021-10-28","4/1/2019","True","True","336.0","336.0","0.0","0.5","verified","1008","kcal","","359.33","13.0","13.0","0.0","0.05","verified","1003","g","","","72.13","72.1","0.03","0.05","verified","1005","g","","","2.09","2.09","0.0","0.005","verified","1004","g","","","0.0","","","5e-05","missing_in_reference","","","","","0.0","","","5e-05","missing_in_reference","","","","","0.005","0.005","0.0","5e-05","verified","1093","g","mg","","359.33","verified_with_gaps","macro_gap:fiber_g,sugar_g"
"169719","Wheat Berries (Hard White)","SR Legacy","sr_legacy","SR Legacy 2021-10-28","4/1/2019","True","True","342.0","342.0","0.0","0.5","verified","1008","kcal","","364.23","11.31","11.3","0.01","0.05","verified","1003","g","","","75.9","75.9","0.0","0.05","verified","1005","g","","","1.71","1.71","0.0","0.005","verified","1004","g","","","12.2","12.2","0.0","0.05","verified","1079","g","","","0.41","0.41","0.0","0.0005","verified","2000","g","","","0.002","0.002","0.0","5e-05","verified","1093","g","mg","","364.23","verified",""
"169720","Wheat Berries (Soft White)","SR Legacy","sr_legacy","SR Legacy 2021-10-28","4/1/2019","True","True","340.0","340.0","0.0","0.5","verified","1008","kcal","","362.11","10.69","10.7","-0.01","0.05","verified","1003","g","","","75.36","75.4","-0.04","0.05","verified","1005","g","","","1.99","1.99","0.0","0.005","verified","1004","g","","","12.7","12.7","0.0","0.05","verified","1079","g","","","0.41","0.41","0.0","0.0005","verified","2000","g","","","0.002","0.002","0.0","5e-05","verified","1093","g","mg","","362.11","verified",""
"169722","Wheat Bran (Crude)","SR Legacy","sr_legacy","SR Legacy 2021-10-28","4/1/2019","True","True","216.0","216.0","0.0","0.5","verified","1008","kcal","","358.49","15.55","15.6","-0.05","0.05","verified","1003","g","","","64.51","64.5","0.01","0.05","verified","1005","g","","","4.25","4.25","0.0","0.005","verified","1004","g","","","42.8","42.8","0.0","0.05","verified","1079","g","","","0.41","0.41","0.0","0.0005","verified","2000","g","","","0.002","0.002","0.0","5e-05","verified","1093","g","mg","","358.49","verified",""
"169724","Wheat Flour (White, Tortilla Mix, Enriched)","SR Legacy","sr_legacy","SR Legacy 2021-10-28","4/1/2019","True","True","405.0","405.0","0.0","0.5","verified","1008","kcal","","402.87","9.66","9.66","0.0","0.005","verified","1003","g","","","67.14","67.1","0.04","0.05","verified","1005","g","","","10.63","10.6","0.03","0.05","verified","1004","g","","","0.0","","","5e-05","missing_in_reference","","","","","0.0","","","5e-05","missing_in_reference","","","","","0.677","0.677","0.0","0.0005","verified","1093","g","mg","","402.87","verified_with_gaps","macro_gap:fiber_g,sugar_g"
"169725","Sprouted Wheat","SR Legacy","sr_legacy","SR Legacy 2021-10-28","4/1/2019","True","True","198.0","198.0","0.0","0.5","verified","1008","kcal","","211.51","7.49","7.49","0.0","0.005","verified","1003","g","","","42.53","42.5","0.03","0.05","verified","1005","g","","","1.27","1.27","0.0","0.005","verified","1004","g","","","1.1","1.1","0.0","0.005","verified","1079","g","","","0.0","","","5e-05","missing_in_reference","","","","","0.016","0.016","0.0","5e-05","verified","1093","g","mg","","211.51","verified_with_gaps","macro_gap:sugar_g"
"169726","Wild Rice (Raw)","SR Legacy","sr_legacy","SR Legacy 2021-10-28","4/1/2019","True","True","357.0","357.0","0.0","0.5","verified","1008","kcal","","368.24","14.73","14.7","0.03","0.05","verified","1003","g","","","74.9","74.9","0.0","0.05","verified","1005","g","","","1.08","1.08","0.0","0.005","verified","1004","g","","","6.2","6.2","0.0","0.005","verified","1079","g","","","2.5","2.5","0.0","0.005","verified","2000","g","","","0.007","0.007","0.0","5e-05","verified","1093","g","mg","","368.24","verified",""
"169727","Fresh Refrigerated Pasta (Plain)","SR Legacy","sr_legacy","SR Legacy 2021-10-28","4/1/2019","True","True","288.0","288.0","0.0","0.5","verified","1008","kcal","","284.86","11.31","11.3","0.01","0.05","verified","1003","g","","","54.73","54.7","0.03","0.05","verified","1005","g","","","2.3","2.3","0.0","0.005","verified","1004","g","","","0.0","","","5e-05","missing_in_reference","","","","","0.0","","","5e-05","missing_in_reference","","","","","0.026","0.026","0.0","5e-05","verified","1093","g","mg","","284.86","verified_with_gaps","macro_gap:fiber_g,sugar_g"
"169728","Pasta (Fresh-Refrigerated, Plain, Cooked)","SR Legacy","sr_legacy","SR Legacy 2021-10-28","4/1/2019","True","True","131.0","131.0","0.0","0.5","verified","1008","kcal","","129.77","5.15","5.15","0.0","0.005","verified","1003","g","","","24.93","24.9","0.03","0.05","verified","1005","g","","","1.05","1.05","0.0","0.005","verified","1004","g","","","0.0","","","5e-05","missing_in_reference","","","","","0.0","","","5e-05","missing_in_reference","","","","","0.006","0.006","0.0","5e-05","verified","1093","g","mg","","129.77","verified_with_gaps","macro_gap:fiber_g,sugar_g"
"169729","Fresh Refrigerated Spinach Pasta","SR Legacy","sr_legacy","SR Legacy 2021-10-28","4/1/2019","True","True","289.0","289.0","0.0","0.5","verified","1008","kcal","","286.82","11.26","11.3","-0.04","0.05","verified","1003","g","","","55.72","55.7","0.02","0.05","verified","1005","g","","","2.1","2.1","0.0","0.005","verified","1004","g","","","0.0","","","5e-05","missing_in_reference","","","","","0.0","","","5e-05","missing_in_reference","","","","","0.027","0.027","0.0","5e-05","verified","1093","g","mg","","286.82","verified_with_gaps","macro_gap:fiber_g,sugar_g"
"169730","Pasta (Fresh-Refrigerated, Spinach, Cooked)","SR Legacy","sr_legacy","SR Legacy 2021-10-28","4/1/2019","True","True","130.0","130.0","0.0","0.5","verified","1008","kcal","","128.86","5.06","5.06","0.0","0.005","verified","1003","g","","","25.04","25.0","0.04","0.05","verified","1005","g","","","0.94","0.94","0.0","0.0005","verified","1004","g","","","0.0","","","5e-05","missing_in_reference","","","","","0.0","","","5e-05","missing_in_reference","","","","","0.006","0.006","0.0","5e-05","verified","1093","g","mg","","128.86","verified_with_gaps","macro_gap:fiber_g,sugar_g"
"169731","Egg Noodles (Dry, Enriched)","SR Legacy","sr_legacy","SR Legacy 2021-10-28","4/1/2019","True","True","384.0","384.0","0.0","0.5","verified","1008","kcal","","381.68","14.16","14.2","-0.04","0.05","verified","1003","g","","","71.27","71.3","-0.03","0.05","verified","1005","g","","","4.44","4.44","0.0","0.005","verified","1004","g","","","3.3","3.3","0.0","0.005","verified","1079","g","","","1.88","1.88","0.0","0.005","verified","2000","g","","","0.021","0.021","0.0","5e-05","verified","1093","g","mg","","381.68","verified",""
"169732","Egg Noodles (Cooked, Enriched)","SR Legacy","sr_legacy","SR Legacy 2021-10-28","4/1/2019","True","True","138.0","138.0","0.0","0.5","verified","1008","kcal","","137.43","4.54","4.54","0.0","0.005","verified","1003","g","","","25.16","25.2","-0.04","0.05","verified","1005","g","","","2.07","2.07","0.0","0.005","verified","1004","g","","","1.2","1.2","0.0","0.005","verified","1079","g","","","0.4","0.4","0.0","0.0005","verified","2000","g","","","0.005","0.005","0.0","5e-05","verified","1093","g","mg","","137.43","verified",""
"169733","Spinach Egg Noodles (Dry)","SR Legacy","sr_legacy","SR Legacy 2021-10-28","4/1/2019","True","True","382.0","382.0","0.0","0.5","verified","1008","kcal","","380.67","14.61","14.6","0.01","0.05","verified","1003","g","","","70.32","70.3","0.02","0.05","verified","1005","g","","","4.55","4.55","0.0","0.005","verified","1004","g","","","6.8","6.8","0.0","0.005","verified","1079","g","","","0.0","","","5e-05","missing_in_reference","","","","","0.072","0.072","0.0","5e-05","verified","1093","g","mg","","380.67","verified_with_gaps","macro_gap:sugar_g"
"169736","Pasta (Dry, Enriched)","SR Legacy","sr_legacy","SR Legacy 2021-10-28","4/1/2019","True","True","371.0","371.0","0.0","0.5","verified","1008","kcal","","364.43","13.04","13.0","0.04","0.05","verified","1003","g","","","74.67","74.7","-0.03","0.05","verified","1005","g","","","1.51","1.51","0.0","0.005","verified","1004","g","","","3.2","3.2","0.0","0.005","verified","1079","g","","","2.67","2.67","0.0","0.005","verified","2000","g","","","0.006","0.006","0.0","5e-05","verified","1093","g","mg","","364.43","verified",""
"169739","Barley Flour","SR Legacy","sr_legacy","SR Legacy 2021-10-28","4/1/2019","True","True","345.0","345.0","0.0","0.5","verified","1008","kcal","","354.48","10.5","10.5","0.0","0.05","verified","1003","g","","","74.52","74.5","0.02","0.05","verified","1005","g","","","1.6","1.6","0.0","0.005","verified","1004","g","","","10.1","10.1","0.0","0.05","verified","1079","g","","","0.8","0.8","0.0","0.0005","verified","2000","g","","","0.004","0.004","0.0","5e-05","verified","1093","g","mg","","354.48","verified",""
"169740","Barley Malt Flour","SR Legacy","sr_legacy","SR Legacy 2021-10-28","4/1/2019","True","True","361.0","361.0","0.0","0.5","verified","1008","kcal","","370.88","10.28","10.3","-0.02","0.05","verified","1003","g","","","78.3","78.3","0.0","0.05","verified","1005","g","","","1.84","1.84","0.0","0.005","verified","1004","g","","","7.1","7.1","0.0","0.005","verified","1079","g","","","0.8","0.8","0.0","0.0005","verified","2000","g","","","0.011","0.011","0.0","5e-05","verified","1093","g","mg","","370.88","verified",""
"169741","Oat Flour (Partially Debranned)","SR Legacy","sr_legacy","SR Legacy 2021-10-28","4/1/2019","True","True","404.0","404.0","0.0","0.5","verified","1008","kcal","","403.52","14.66","14.7","-0.04","0.05","verified","1003","g","","","65.7","65.7","0.0","0.05","verified","1005","g","","","9.12","9.12","0.0","0.005","verified","1004","g","","","6.5","6.5","0.0","0.005","verified","1079","g","","","0.8","0.8","0.0","0.0005","verified","2000","g","","","0.019","0.019","0.0","5e-05","verified","1093","g","mg","","403.52","verified",""
"169742","Rice Noodles (Dry)","SR Legacy","sr_legacy","SR Legacy 2021-10-28","4/1/2019","True","True","364.0","364.0","0.0","0.5","verified","1008","kcal","","349.56","5.95","5.95","0.0","0.005","verified","1003","g","","","80.18","80.2","-0.02","0.05","verified","1005","g","","","0.56","0.56","0.0","0.0005","verified","1004","g","","","1.6","1.6","0.0","0.005","verified","1079","g","","","0.12","0.12","0.0","0.0005","verified","2000","g","","","0.182","0.182","0.0","0.0005","verified","1093","g","mg","","349.56","verified",""
"169743","Khorasan Wheat (Uncooked)","SR Legacy","sr_legacy","SR Legacy 2021-10-28","4/1/2019","False","True","337.0","337.0","0.0","0.5","verified","1008","kcal","","359.65","14.54","14.5","0.04","0.05","verified","1003","g","","","70.58","70.6","-0.02","0.05","verified","1005","g","","","2.13","2.13","0.0","0.005","verified","1004","g","","","11.1","11.1","0.0","0.05","verified","1079","g","","","7.84","7.84","0.0","0.005","verified","2000","g","","","0.005","0.005","0.0","5e-05","verified","1093","g","mg","","359.65","identity_drift","identity_description_drift"
"169745","Spelt (Uncooked)","SR Legacy","sr_legacy","SR Legacy 2021-10-28","4/1/2019","True","True","338.0","338.0","0.0","0.5","verified","1008","kcal","","360.91","14.57","14.6","-0.03","0.05","verified","1003","g","","","70.19","70.2","-0.01","0.05","verified","1005","g","","","2.43","2.43","0.0","0.005","verified","1004","g","","","10.7","10.7","0.0","0.05","verified","1079","g","","","6.82","6.82","0.0","0.005","verified","2000","g","","","0.008","0.008","0.0","5e-05","verified","1093","g","mg","","360.91","verified",""
"169747","Teff (Uncooked)","SR Legacy","sr_legacy","SR Legacy 2021-10-28","4/1/2019","True","True","367.0","367.0","0.0","0.5","verified","1008","kcal","","367.14","13.3","13.3","0.0","0.05","verified","1003","g","","","73.13","73.1","0.03","0.05","verified","1005","g","","","2.38","2.38","0.0","0.005","verified","1004","g","","","8.0","8.0","0.0","0.005","verified","1079","g","","","1.84","1.84","0.0","0.005","verified","2000","g","","","0.012","0.012","0.0","5e-05","verified","1093","g","mg","","367.14","verified",""
"169748","Corn Flour (Whole-Grain, White)","SR Legacy","sr_legacy","SR Legacy 2021-10-28","4/1/2019","True","True","361.0","361.0","0.0","0.5","verified","1008","kcal","","369.86","6.93","6.93","0.0","0.005","verified","1003","g","","","76.85","76.8","0.05","0.05","verified","1005","g","","","3.86","3.86","0.0","0.005","verified","1004","g","","","7.3","7.3","0.0","0.005","verified","1079","g","","","0.64","0.64","0.0","0.0005","verified","2000","g","","","0.005","0.005","0.0","5e-05","verified","1093","g","mg","","369.86","verified",""
"169749","Corn Flour (Yellow Masa)","SR Legacy","sr_legacy","SR Legacy 2021-10-28","4/1/2019","True","True","363.0","363.0","0.0","0.5","verified","1008","kcal","","373.41","8.46","8.46","0.0","0.005","verified","1003","g","","","76.59","76.6","-0.01","0.05","verified","1005","g","","","3.69","3.69","0.0","0.005","verified","1004","g","","","6.4","6.4","0.0","0.005","verified","1079","g","","","0.0","","","5e-05","missing_in_reference","","","","","0.005","0.005","0.0","5e-05","verified","1093","g","mg","","373.41","verified_with_gaps","macro_gap:sugar_g"
"169750","Cornmeal (Whole-grain White)","SR Legacy","sr_legacy","SR Legacy 2021-10-28","4/1/2019","True","True","362.0","362.0","0.0","0.5","verified","1008","kcal","","372.35","8.12","8.12","0.0","0.005","verified","1003","g","","","76.89","76.9","-0.01","0.05","verified","1005","g","","","3.59","3.59","0.0","0.005","verified","1004","g","","","7.3","7.3","0.0","0.005","verified","1079","g","","","0.64","0.64","0.0","0.0005","verified","2000","g","","","0.035","0.035","0.0","5e-05","verified","1093","g","mg","","372.35","verified",""
"169751","Pasta (Cooked Enriched, Added Salt)","SR Legacy","sr_legacy","SR Legacy 2021-10-28","4/1/2019","True","True","157.0","157.0","0.0","0.5","verified","1008","kcal","","153.93","5.8","5.8","0.0","0.005","verified","1003","g","","","30.59","30.6","-0.01","0.05","verified","1005","g","","","0.93","0.93","0.0","0.0005","verified","1004","g","","","1.8","1.8","0.0","0.005","verified","1079","g","","","0.56","0.56","0.0","0.0005","verified","2000","g","","","0.131","0.131","0.0","0.0005","verified","1093","g","mg","","153.93","verified",""
"169752","Hominy (Yellow, Canned)","SR Legacy","sr_legacy","SR Legacy 2021-10-28","4/1/2019","True","True","72.0","72.0","0.0","0.05","verified","1008","kcal","","70.88","1.48","1.48","0.0","0.005","verified","1003","g","","","14.26","14.3","-0.04","0.05","verified","1005","g","","","0.88","0.88","0.0","0.0005","verified","1004","g","","","2.5","2.5","0.0","0.005","verified","1079","g","","","0.0","","","5e-05","missing_in_reference","","","","","0.345","0.345","0.0","0.0005","verified","1093","g","mg","","70.88","verified_with_gaps","macro_gap:sugar_g"
"169761","All-Purpose Wheat Flour","SR Legacy","sr_legacy","SR Legacy 2021-10-28","4/1/2019","True","True","364.0","364.0","0.0","0.5","verified","1008","kcal","","355.38","10.33","10.3","0.03","0.05","verified","1003","g","","","76.31","76.3","0.01","0.05","verified","1005","g","","","0.98","0.98","0.0","0.0005","verified","1004","g","","","2.7","2.7","0.0","0.005","verified","1079","g","","","0.27","0.27","0.0","0.0005","verified","2000","g","","","0.002","0.002","0.0","5e-05","verified","1093","g","mg","","355.38","verified",""
"169765","Pickled Ginger Root (Canned)","SR Legacy","sr_legacy","SR Legacy 2021-10-28","4/1/2019","True","True","20.0","20.0","0.0","0.05","verified","1008","kcal","","21.54","0.33","0.33","0.0","0.0005","verified","1003","g","","","4.83","4.83","0.0","0.005","verified","1005","g","","","0.1","0.1","0.0","0.0005","verified","1004","g","","","2.6","2.6","0.0","0.005","verified","1079","g","","","0.0","0.0","0.0","5e-05","genuine_zero","2000","g","","","0.906","0.906","0.0","0.0005","verified","1093","g","mg","","21.54","verified",""
"169766","Hot Pickled Peppers (Canned)","SR Legacy","sr_legacy","SR Legacy 2021-10-28","4/1/2019","True","True","22.0","22.0","0.0","0.05","verified","1008","kcal","","25.04","0.8","0.8","0.0","0.0005","verified","1003","g","","","4.56","4.56","0.0","0.005","verified","1005","g","","","0.4","0.4","0.0","0.0005","verified","1004","g","","","2.6","2.6","0.0","0.005","verified","1079","g","","","1.6","1.6","0.0","0.005","verified","2000","g","","","1.43","1.43","0.0","0.005","verified","1093","g","mg","","25.04","verified",""
"169768","Mashed Potatoes (Ready-to-Eat)","SR Legacy","sr_legacy","SR Legacy 2021-10-28","4/1/2019","True","True","106.0","106.0","0.0","0.5","verified","1008","kcal","","106.13","1.97","1.97","0.0","0.005","verified","1003","g","","","13.29","13.3","-0.01","0.05","verified","1005","g","","","5.01","5.01","0.0","0.005","verified","1004","g","","","1.9","1.9","0.0","0.005","verified","1079","g","","","1.76","1.76","0.0","0.005","verified","2000","g","","","0.298","0.298","0.0","0.0005","verified","1093","g","mg","","106.13","verified",""
"169860","Vegetable Oil Spread (Sweetened)","SR Legacy","sr_legacy","SR Legacy 2021-10-28","4/1/2019","True","True","534.0","534.0","0.0","0.5","verified","1008","kcal","","534.8","0.0","0.0","0.0","5e-05","genuine_zero","1003","g","","","16.7","16.7","0.0","0.05","verified","1005","g","","","52.0","52.0","0.0","0.05","verified","1004","g","","","0.0","0.0","0.0","5e-05","genuine_zero","1079","g","","","16.7","16.7","0.0","0.05","verified","2000","g","","","0.542","0.542","0.0","0.0005","verified","1093","g","mg","","534.8","verified",""
"169867","Corn and Canola Oil Blend","SR Legacy","sr_legacy","SR Legacy 2021-10-28","4/1/2019","True","True","884.0","884.0","0.0","0.5","verified","1008","kcal","","900.0","0.0","0.0","0.0","5e-05","genuine_zero","1003","g","","","0.0","0.0","0.0","5e-05","genuine_zero","1005","g","","","100.0","100.0","0.0","0.5","verified","1004","g","","","0.0","0.0","0.0","5e-05","genuine_zero","1079","g","","","0.0","0.0","0.0","5e-05","genuine_zero","2000","g","","","0.0","0.0","0.0","5e-05","genuine_zero","1093","g","mg","","900.0","verified",""
"169868","Milk (Skim, Fortified)","SR Legacy","sr_legacy","SR Legacy 2021-10-28","4/1/2019","True","True","35.0","35.0","0.0","0.05","verified","1008","kcal","","34.62","3.4","3.4","0.0","0.005","verified","1003","g","","","4.85","4.85","0.0","0.005","verified","1005","g","","","0.18","0.18","0.0","0.0005","verified","1004","g","","","0.0","0.0","0.0","5e-05","genuine_zero","1079","g","","","4.85","4.85","0.0","0.005","verified","2000","g","","","0.052","0.052","0.0","5e-05","verified","1093","g","mg","","34.62","verified",""
"169869","Peanut Butter (Reduced Sodium)","SR Legacy","sr_legacy","SR Legacy 2021-10-28","4/1/2019","True","True","590.0","590.0","0.0","0.5","verified","1008","kcal","","632.42","24.0","24.0","0.0","0.05","verified","1003","g","","","21.83","21.8","0.03","0.05","verified","1005","g","","","49.9","49.9","0.0","0.05","verified","1004","g","","","6.6","6.6","0.0","0.005","verified","1079","g","","","9.29","9.29","0.0","0.005","verified","2000","g","","","0.203","0.203","0.0","0.0005","verified","1093","g","mg","","632.42","verified",""
"169875","Sweet And Sour Dressing","SR Legacy","sr_legacy","SR Legacy 2021-10-28","4/1/2019","True","True","15.0","15.0","0.0","0.05","verified","1008","kcal","","15.2","0.1","0.1","0.0","0.0005","verified","1003","g","","","3.7","3.7","0.0","0.005","verified","1005","g","","","0.0","0.0","0.0","5e-05","genuine_zero","1004","g","","","0.0","0.0","0.0","5e-05","genuine_zero","1079","g","","","3.7","3.7","0.0","0.005","verified","2000","g","","","0.208","0.208","0.0","0.0005","verified","1093","g","mg","","15.2","verified",""
"169876","Blue Or Roquefort Cheese Dressing","SR Legacy","sr_legacy","SR Legacy 2021-10-28","4/1/2019","True","True","99.0","99.0","0.0","0.05","verified","1008","kcal","","96.8","5.1","5.1","0.0","0.005","verified","1003","g","","","2.9","2.9","0.0","0.005","verified","1005","g","","","7.2","7.2","0.0","0.005","verified","1004","g","","","0.0","0.0","0.0","5e-05","genuine_zero","1079","g","","","2.82","2.82","0.0","0.005","verified","2000","g","","","0.939","0.939","0.0","0.0005","verified","1093","g","mg","","96.8","verified",""
"169877","Caesar Dressing","SR Legacy","sr_legacy","SR Legacy 2021-10-28","4/1/2019","True","True","110.0","110.0","0.0","0.5","verified","1008","kcal","","115.2","0.3","0.3","0.0","0.0005","verified","1003","g","","","18.6","18.6","0.0","0.05","verified","1005","g","","","4.4","4.4","0.0","0.005","verified","1004","g","","","0.1","0.1","0.0","0.0005","verified","1079","g","","","16.32","16.3","0.02","0.05","verified","2000","g","","","1.148","1.15","-0.002","0.005","verified","1093","g","mg","","115.2","verified",""
"169884","Soy Vermicelli (Dry)","SR Legacy","sr_legacy","SR Legacy 2021-10-28","4/1/2019","True","True","331.0","331.0","0.0","0.5","verified","1008","kcal","","330.58","0.1","0.1","0.0","0.0005","verified","1003","g","","","82.32","82.3","0.02","0.05","verified","1005","g","","","0.1","0.1","0.0","0.0005","verified","1004","g","","","3.9","3.9","0.0","0.005","verified","1079","g","","","17.44","17.4","0.04","0.05","verified","2000","g","","","0.004","0.004","0.0","5e-05","verified","1093","g","mg","","330.58","verified",""
"169888","Vegetarian Meatloaf or Patties","SR Legacy","sr_legacy","SR Legacy 2021-10-28","4/1/2019","True","True","197.0","197.0","0.0","0.5","verified","1008","kcal","","197.0","21.0","21.0","0.0","0.05","verified","1003","g","","","8.0","8.0","0.0","0.005","verified","1005","g","","","9.0","9.0","0.0","0.005","verified","1004","g","","","4.6","4.6","0.0","0.005","verified","1079","g","","","1.2","1.2","0.0","0.005","verified","2000","g","","","0.55","0.55","0.0","0.0005","verified","1093","g","mg","","197.0","verified",""
"169889","Pickled Radishes (Hawaiian Style)","SR Legacy","sr_legacy","SR Legacy 2021-10-28","4/1/2019","True","True","28.0","28.0","0.0","0.05","verified","1008","kcal","","27.9","1.1","1.1","0.0","0.005","verified","1003","g","","","5.2","5.2","0.0","0.005","verified","1005","g","","","0.3","0.3","0.0","0.0005","verified","1004","g","","","2.2","2.2","0.0","0.005","verified","1079","g","","","2.0","2.0","0.0","0.005","verified","2000","g","","","0.789","0.789","0.0","0.0005","verified","1093","g","mg","","27.9","verified",""
"169890","Cabbage (Japanese Style, Pickled)","SR Legacy","sr_legacy","SR Legacy 2021-10-28","4/1/2019","True","True","30.0","30.0","0.0","0.05","verified","1008","kcal","","29.98","1.6","1.6","0.0","0.005","verified","1003","g","","","5.67","5.67","0.0","0.005","verified","1005","g","","","0.1","0.1","0.0","0.0005","verified","1004","g","","","3.1","3.1","0.0","0.005","verified","1079","g","","","1.3","1.3","0.0","0.005","verified","2000","g","","","0.277","0.277","0.0","0.0005","verified","1093","g","mg","","29.98","verified",""
"169891","Cabbage (Mustard, Salted)","SR Legacy","sr_legacy","SR Legacy 2021-10-28","4/1/2019","True","True","28.0","28.0","0.0","0.05","verified","1008","kcal","","27.82","1.1","1.1","0.0","0.005","verified","1003","g","","","5.63","5.63","0.0","0.005","verified","1005","g","","","0.1","0.1","0.0","0.0005","verified","1004","g","","","3.1","3.1","0.0","0.005","verified","1079","g","","","1.4","1.4","0.0","0.005","verified","2000","g","","","0.717","0.717","0.0","0.0005","verified","1093","g","mg","","27.82","verified",""
"169892","Pickled Eggplant","SR Legacy","sr_legacy","SR Legacy 2021-10-28","4/1/2019","True","True","49.0","49.0","0.0","0.05","verified","1008","kcal","","48.98","0.9","0.9","0.0","0.0005","verified","1003","g","","","9.77","9.77","0.0","0.005","verified","1005","g","","","0.7","0.7","0.0","0.0005","verified","1004","g","","","2.5","2.5","0.0","0.005","verified","1079","g","","","4.8","4.8","0.0","0.005","verified","2000","g","","","1.674","1.67","0.004","0.005","verified","1093","g","mg","","48.98","verified",""
"169895","Buttermilk Dressing","SR Legacy","sr_legacy","SR Legacy 2021-10-28","4/1/2019","True","True","202.0","202.0","0.0","0.5","verified","1008","kcal","","202.1","1.25","1.25","0.0","0.005","verified","1003","g","","","21.33","21.3","0.03","0.05","verified","1005","g","","","12.42","12.4","0.02","0.05","verified","1004","g","","","1.1","1.1","0.0","0.005","verified","1079","g","","","3.77","3.77","0.0","0.005","verified","2000","g","","","1.12","1.12","0.0","0.005","verified","1093","g","mg","","202.1","verified",""
"169898","Fruit Yogurt (Nonfat)","SR Legacy","sr_legacy","SR Legacy 2021-10-28","4/1/2019","True","True","95.0","95.0","0.0","0.05","verified","1008","kcal","","95.4","4.4","4.4","0.0","0.005","verified","1003","g","","","19.0","19.0","0.0","0.05","verified","1005","g","","","0.2","0.2","0.0","0.0005","verified","1004","g","","","0.0","0.0","0.0","5e-05","genuine_zero","1079","g","","","19.0","19.0","0.0","0.05","verified","2000","g","","","0.058","0.058","0.0","5e-05","verified","1093","g","mg","","95.4","verified",""
"169902","Quail (Cooked)","SR Legacy","sr_legacy","SR Legacy 2021-10-28","4/1/2019","True","True","227.0","227.0","0.0","0.5","verified","1008","kcal","","227.3","25.1","25.1","0.0","0.05","verified","1003","g","","","0.0","0.0","0.0","5e-05","genuine_zero","1005","g","","","14.1","14.1","0.0","0.05","verified","1004","g","","","0.0","0.0","0.0","5e-05","genuine_zero","1079","g","","","0.0","0.0","0.0","5e-05","genuine_zero","2000","g","","","0.052","0.052","0.0","5e-05","verified","1093","g","mg","","227.3","verified",""
"169903","Pheasant (Cooked)","SR Legacy","sr_legacy","SR Legacy 2021-10-28","4/1/2019","True","True","239.0","239.0","0.0","0.5","verified","1008","kcal","","238.5","32.4","32.4","0.0","0.05","verified","1003","g","","","0.0","0.0","0.0","5e-05","genuine_zero","1005","g","","","12.1","12.1","0.0","0.05","verified","1004","g","","","0.0","0.0","0.0","5e-05","genuine_zero","1079","g","","","0.0","0.0","0.0","5e-05","genuine_zero","2000","g","","","0.043","0.043","0.0","5e-05","verified","1093","g","mg","","238.5","verified",""
"169904","Scrambled Eggs (Frozen Mix)","SR Legacy","sr_legacy","SR Legacy 2021-10-28","4/1/2019","True","True","131.0","131.0","0.0","0.5","verified","1008","kcal","","132.8","13.1","13.1","0.0","0.05","verified","1003","g","","","7.5","7.5","0.0","0.005","verified","1005","g","","","5.6","5.6","0.0","0.005","verified","1004","g","","","0.0","0.0","0.0","5e-05","genuine_zero","1079","g","","","7.5","7.5","0.0","0.005","verified","2000","g","","","0.162","0.162","0.0","0.0005","verified","1093","g","mg","","132.8","verified",""
"169905","Dove (Cooked)","SR Legacy","sr_legacy","SR Legacy 2021-10-28","4/1/2019","True","True","213.0","213.0","0.0","0.5","verified","1008","kcal","","212.6","23.9","23.9","0.0","0.05","verified","1003","g","","","0.0","0.0","0.0","5e-05","genuine_zero","1005","g","","","13.0","13.0","0.0","0.05","verified","1004","g","","","0.0","0.0","0.0","5e-05","genuine_zero","1079","g","","","0.0","0.0","0.0","5e-05","genuine_zero","2000","g","","","0.057","0.057","0.0","5e-05","verified","1093","g","mg","","212.6","verified",""
"169907","Longans (Dried)","SR Legacy","sr_legacy","SR Legacy 2021-10-28","4/1/2019","True","True","286.0","286.0","0.0","0.5","verified","1008","kcal","","319.2","4.9","4.9","0.0","0.005","verified","1003","g","","","74.0","74.0","0.0","0.05","verified","1005","g","","","0.4","0.4","0.0","0.0005","verified","1004","g","","","0.0","","","5e-05","missing_in_reference","","","","","0.0","","","5e-05","missing_in_reference","","","","","0.048","0.048","0.0","5e-05","verified","1093","g","mg","","319.2","verified_with_gaps","macro_gap:fiber_g,sugar_g"
"169908","Loquat (Raw)","SR Legacy","sr_legacy","SR Legacy 2021-10-28","4/1/2019","True","True","47.0","47.0","0.0","0.05","verified","1008","kcal","","52.08","0.43","0.43","0.0","0.0005","verified","1003","g","","","12.14","12.1","0.04","0.05","verified","1005","g","","","0.2","0.2","0.0","0.0005","verified","1004","g","","","1.7","1.7","0.0","0.005","verified","1079","g","","","0.0","","","5e-05","missing_in_reference","","","","","0.001","0.001","0.0","5e-05","verified","1093","g","mg","","52.08","verified_with_gaps","macro_gap:sugar_g"
"169909","Mamey (Raw)","SR Legacy","sr_legacy","SR Legacy 2021-10-28","4/1/2019","True","True","51.0","51.0","0.0","0.05","verified","1008","kcal","","56.5","0.5","0.5","0.0","0.0005","verified","1003","g","","","12.5","12.5","0.0","0.05","verified","1005","g","","","0.5","0.5","0.0","0.0005","verified","1004","g","","","3.0","3.0","0.0","0.005","verified","1079","g","","","0.0","","","5e-05","missing_in_reference","","","","","0.015","0.015","0.0","5e-05","verified","1093","g","mg","","56.5","verified_with_gaps","macro_gap:sugar_g"
"169910","Mango (Raw)","SR Legacy","sr_legacy","SR Legacy 2021-10-28","4/1/2019","True","True","60.0","60.0","0.0","0.05","verified","1008","kcal","","66.62","0.82","0.82","0.0","0.0005","verified","1003","g","","","14.98","15.0","-0.02","0.05","verified","1005","g","","","0.38","0.38","0.0","0.0005","verified","1004","g","","","1.6","1.6","0.0","0.005","verified","1079","g","","","13.66","13.7","-0.04","0.05","verified","2000","g","","","0.001","0.001","0.0","5e-05","verified","1093","g","mg","","66.62","verified",""
"169911","Melons (Honeydew, Raw)","SR Legacy","sr_legacy","SR Legacy 2021-10-28","4/1/2019","True","True","36.0","36.0","0.0","0.05","verified","1008","kcal","","39.78","0.54","0.54","0.0","0.0005","verified","1003","g","","","9.09","9.09","0.0","0.005","verified","1005","g","","","0.14","0.14","0.0","0.0005","verified","1004","g","","","0.8","0.8","0.0","0.0005","verified","1079","g","","","8.12","8.12","0.0","0.005","verified","2000","g","","","0.018","0.018","0.0","5e-05","verified","1093","g","mg","","39.78","verified",""
"169912","Melon Balls (Frozen)","SR Legacy","sr_legacy","SR Legacy 2021-10-28","4/1/2019","True","True","33.0","33.0","0.0","0.05","verified","1008","kcal","","37.37","0.84","0.84","0.0","0.0005","verified","1003","g","","","7.94","7.94","0.0","0.005","verified","1005","g","","","0.25","0.25","0.0","0.0005","verified","1004","g","","","0.7","0.7","0.0","0.0005","verified","1079","g","","","0.0","","","5e-05","missing_in_reference","","","","","0.031","0.031","0.0","5e-05","verified","1093","g","mg","","37.37","verified_with_gaps","macro_gap:sugar_g"
"169913","Mulberries (Raw)","SR Legacy","sr_legacy","SR Legacy 2021-10-28","4/1/2019","True","True","43.0","43.0","0.0","0.05","verified","1008","kcal","","48.47","1.44","1.44","0.0","0.005","verified","1003","g","","","9.8","9.8","0.0","0.005","verified","1005","g","","","0.39","0.39","0.0","0.0005","verified","1004","g","","","1.7","1.7","0.0","0.005","verified","1079","g","","","8.1","8.1","0.0","0.005","verified","2000","g","","","0.01","0.01","0.0","5e-05","verified","1093","g","mg","","48.47","verified",""
"169914","Nectarines (Raw)","SR Legacy","sr_legacy","SR Legacy 2021-10-28","4/1/2019","True","True","44.0","44.0","0.0","0.05","verified","1008","kcal","","49.32","1.06","1.06","0.0","0.005","verified","1003","g","","","10.55","10.6","-0.05","0.05","verified","1005","g","","","0.32","0.32","0.0","0.0005","verified","1004","g","","","1.7","1.7","0.0","0.005","verified","1079","g","","","7.89","7.89","0.0","0.005","verified","2000","g","","","0.0","0.0","0.0","5e-05","genuine_zero","1093","g","mg","","49.32","verified",""
"169915","Ohelo Berries (Raw)","SR Legacy","sr_legacy","SR Legacy 2021-10-28","4/1/2019","True","True","28.0","28.0","0.0","0.05","verified","1008","kcal","","30.86","0.38","0.38","0.0","0.0005","verified","1003","g","","","6.84","6.84","0.0","0.005","verified","1005","g","","","0.22","0.22","0.0","0.0005","verified","1004","g","","","0.0","","","5e-05","missing_in_reference","","","","","0.0","","","5e-05","missing_in_reference","","","","","0.001","0.001","0.0","5e-05","verified","1093","g","mg","","30.86","verified_with_gaps","macro_gap:fiber_g,sugar_g"
"169916","Oranges (California Valencia, Raw)","SR Legacy","sr_legacy","SR Legacy 2021-10-28","4/1/2019","True","True","49.0","49.0","0.0","0.05","verified","1008","kcal","","54.42","1.04","1.04","0.0","0.005","verified","1003","g","","","11.89","11.9","-0.01","0.05","verified","1005","g","","","0.3","0.3","0.0","0.0005","verified","1004","g","","","2.5","2.5","0.0","0.005","verified","1079","g","","","0.0","","","5e-05","missing_in_reference","","","","","0.0","0.0","0.0","5e-05","genuine_zero","1093","g","mg","","54.42","verified_with_gaps","macro_gap:sugar_g"
"169918","Oranges (Florida, Raw)","SR Legacy","sr_legacy","SR Legacy 2021-10-28","4/1/2019","True","True","46.0","46.0","0.0","0.05","verified","1008","kcal","","50.85","0.7","0.7","0.0","0.0005","verified","1003","g","","","11.54","11.5","0.04","0.05","verified","1005","g","","","0.21","0.21","0.0","0.0005","verified","1004","g","","","2.4","2.4","0.0","0.005","verified","1079","g","","","9.14","9.14","0.0","0.005","verified","2000","g","","","0.0","0.0","0.0","5e-05","genuine_zero","1093","g","mg","","50.85","verified",""
"169919","Oranges (With Peel, Raw)","SR Legacy","sr_legacy","SR Legacy 2021-10-28","4/1/2019","True","True","63.0","63.0","0.0","0.05","verified","1008","kcal","","69.9","1.3","1.3","0.0","0.005","verified","1003","g","","","15.5","15.5","0.0","0.05","verified","1005","g","","","0.3","0.3","0.0","0.0005","verified","1004","g","","","4.5","4.5","0.0","0.005","verified","1079","g","","","0.0","","","5e-05","missing_in_reference","","","","","0.002","0.002","0.0","5e-05","verified","1093","g","mg","","69.9","verified_with_gaps","macro_gap:sugar_g"
"169923","Orange Juice Concentrate (Undiluted, Frozen)","SR Legacy","sr_legacy","SR Legacy 2021-10-28","4/1/2019","True","True","148.0","148.0","0.0","0.5","verified","1008","kcal","","152.61","2.4","2.4","0.0","0.005","verified","1003","g","","","35.19","35.2","-0.01","0.05","verified","1005","g","","","0.25","0.25","0.0","0.0005","verified","1004","g","","","1.0","1.0","0.0","0.005","verified","1079","g","","","29.68","29.7","-0.02","0.05","verified","2000","g","","","0.007","0.007","0.0","5e-05","verified","1093","g","mg","","152.61","verified",""
"169925","Tangerine Juice (Raw)","SR Legacy","sr_legacy","SR Legacy 2021-10-28","4/1/2019","True","True","43.0","43.0","0.0","0.05","verified","1008","kcal","","44.2","0.5","0.5","0.0","0.0005","verified","1003","g","","","10.1","10.1","0.0","0.05","verified","1005","g","","","0.2","0.2","0.0","0.0005","verified","1004","g","","","0.2","0.2","0.0","0.0005","verified","1079","g","","","9.9","9.9","0.0","0.005","verified","2000","g","","","0.001","0.001","0.0","5e-05","verified","1093","g","mg","","44.2","verified",""
"169926","Papaya (Raw)","SR Legacy","sr_legacy","SR Legacy 2021-10-28","4/1/2019","True","True","43.0","43.0","0.0","0.05","verified","1008","kcal","","47.5","0.47","0.47","0.0","0.0005","verified","1003","g","","","10.82","10.8","0.02","0.05","verified","1005","g","","","0.26","0.26","0.0","0.0005","verified","1004","g","","","1.7","1.7","0.0","0.005","verified","1079","g","","","7.82","7.82","0.0","0.005","verified","2000","g","","","0.008","0.008","0.0","5e-05","verified","1093","g","mg","","47.5","verified",""
"169927","Papaya (Canned, Heavy Syrup, Drained)","SR Legacy","sr_legacy","SR Legacy 2021-10-28","4/1/2019","True","True","206.0","206.0","0.0","0.5","verified","1008","kcal","","228.83","0.14","0.14","0.0","0.0005","verified","1003","g","","","55.83","55.8","0.03","0.05","verified","1005","g","","","0.55","0.55","0.0","0.0005","verified","1004","g","","","1.5","1.5","0.0","0.005","verified","1079","g","","","52.2","52.2","0.0","0.05","verified","2000","g","","","0.009","0.009","0.0","5e-05","verified","1093","g","mg","","228.83","verified",""
"169928","Peach (Yellow, Raw)","SR Legacy","sr_legacy","SR Legacy 2021-10-28","4/1/2019","True","True","39.0","39.0","0.0","0.05","verified","1008","kcal","","44.05","0.91","0.91","0.0","0.0005","verified","1003","g","","","9.54","9.54","0.0","0.005","verified","1005","g","","","0.25","0.25","0.0","0.0005","verified","1004","g","","","1.5","1.5","0.0","0.005","verified","1079","g","","","8.39","8.39","0.0","0.005","verified","2000","g","","","0.0","0.0","0.0","5e-05","genuine_zero","1093","g","mg","","44.05","verified",""
"169930","Peaches (Canned, Juice Pack)","SR Legacy","sr_legacy","SR Legacy 2021-10-28","4/1/2019","True","True","44.0","44.0","0.0","0.05","verified","1008","kcal","","49.07","0.63","0.63","0.0","0.0005","verified","1003","g","","","11.57","11.6","-0.03","0.05","verified","1005","g","","","0.03","0.03","0.0","5e-05","verified","1004","g","","","1.3","1.3","0.0","0.005","verified","1079","g","","","10.27","10.3","-0.03","0.05","verified","2000","g","","","0.004","0.004","0.0","5e-05","verified","1093","g","mg","","49.07","verified",""
"169932","Peaches (Dehydrated, Low-Moisture)","SR Legacy","sr_legacy","SR Legacy 2021-10-28","4/1/2019","True","True","325.0","325.0","0.0","0.5","verified","1008","kcal","","361.55","4.89","4.89","0.0","0.005","verified","1003","g","","","83.18","83.2","-0.02","0.05","verified","1005","g","","","1.03","1.03","0.0","0.005","verified","1004","g","","","0.0","","","5e-05","missing_in_reference","","","","","0.0","","","5e-05","missing_in_reference","","","","","0.01","0.01","0.0","5e-05","verified","1093","g","mg","","361.55","verified_with_gaps","macro_gap:fiber_g,sugar_g"
"169934","Peaches (Dried, Sulfured)","SR Legacy","sr_legacy","SR Legacy 2021-10-28","4/1/2019","True","True","239.0","239.0","0.0","0.5","verified","1008","kcal","","266.6","3.61","3.61","0.0","0.005","verified","1003","g","","","61.33","61.3","0.03","0.05","verified","1005","g","","","0.76","0.76","0.0","0.0005","verified","1004","g","","","8.2","8.2","0.0","0.005","verified","1079","g","","","41.74","41.7","0.04","0.05","verified","2000","g","","","0.007","0.007","0.0","5e-05","verified","1093","g","mg","","266.6","verified",""
"169936","Pears (Canned in Juice)","SR Legacy","sr_legacy","SR Legacy 2021-10-28","4/1/2019","True","True","50.0","50.0","0.0","0.05","verified","1008","kcal","","53.75","0.34","0.34","0.0","0.0005","verified","1003","g","","","12.94","12.9","0.04","0.05","verified","1005","g","","","0.07","0.07","0.0","5e-05","verified","1004","g","","","1.6","1.6","0.0","0.005","verified","1079","g","","","9.7","9.7","0.0","0.005","verified","2000","g","","","0.004","0.004","0.0","5e-05","verified","1093","g","mg","","53.75","verified",""
"169941","Persimmons (Japanese, Raw)","SR Legacy","sr_legacy","SR Legacy 2021-10-28","4/1/2019","True","True","70.0","70.0","0.0","0.05","verified","1008","kcal","","78.39","0.58","0.58","0.0","0.0005","verified","1003","g","","","18.59","18.6","-0.01","0.05","verified","1005","g","","","0.19","0.19","0.0","0.0005","verified","1004","g","","","3.6","3.6","0.0","0.005","verified","1079","g","","","12.53","12.5","0.03","0.05","verified","2000","g","","","0.001","0.001","0.0","5e-05","verified","1093","g","mg","","78.39","verified",""
"169943","Persimmons (Native, Raw)","SR Legacy","sr_legacy","SR Legacy 2021-10-28","4/1/2019","True","True","127.0","127.0","0.0","0.5","verified","1008","kcal","","140.8","0.8","0.8","0.0","0.0005","verified","1003","g","","","33.5","33.5","0.0","0.05","verified","1005","g","","","0.4","0.4","0.0","0.0005","verified","1004","g","","","0.0","","","5e-05","missing_in_reference","","","","","0.0","","","5e-05","missing_in_reference","","","","","0.001","0.001","0.0","5e-05","verified","1093","g","mg","","140.8","verified_with_gaps","macro_gap:fiber_g,sugar_g"
"169946","Pineapple (Frozen Chunks, Sweetened)","SR Legacy","sr_legacy","SR Legacy 2021-10-28","4/1/2019","True","True","86.0","86.0","0.0","0.05","verified","1008","kcal","","91.3","0.4","0.4","0.0","0.0005","verified","1003","g","","","22.2","22.2","0.0","0.05","verified","1005","g","","","0.1","0.1","0.0","0.0005","verified","1004","g","","","1.1","1.1","0.0","0.005","verified","1079","g","","","21.1","21.1","0.0","0.05","verified","2000","g","","","0.002","0.002","0.0","5e-05","verified","1093","g","mg","","91.3","verified",""
"169948","Pineapple Juice Concentrate (Undiluted, Frozen)","SR Legacy","sr_legacy","SR Legacy 2021-10-28","4/1/2019","True","True","179.0","179.0","0.0","0.5","verified","1008","kcal","","183.3","1.3","1.3","0.0","0.005","verified","1003","g","","","44.3","44.3","0.0","0.05","verified","1005","g","","","0.1","0.1","0.0","0.0005","verified","1004","g","","","0.7","0.7","0.0","0.0005","verified","1079","g","","","43.6","43.6","0.0","0.05","verified","2000","g","","","0.003","0.003","0.0","5e-05","verified","1093","g","mg","","183.3","verified",""
"169949","Plums (Raw)","SR Legacy","sr_legacy","SR Legacy 2021-10-28","4/1/2019","True","True","46.0","46.0","0.0","0.05","verified","1008","kcal","","51.0","0.7","0.7","0.0","0.0005","verified","1003","g","","","11.42","11.4","0.02","0.05","verified","1005","g","","","0.28","0.28","0.0","0.0005","verified","1004","g","","","1.4","1.4","0.0","0.005","verified","1079","g","","","9.92","9.92","0.0","0.005","verified","2000","g","","","0.0","0.0","0.0","5e-05","genuine_zero","1093","g","mg","","51.0","verified",""
"169950","Plums (Canned, Water Pack)","SR Legacy","sr_legacy","SR Legacy 2021-10-28","4/1/2019","True","True","41.0","41.0","0.0","0.05","verified","1008","kcal","","45.77","0.39","0.39","0.0","0.0005","verified","1003","g","","","11.03","11.0","0.03","0.05","verified","1005","g","","","0.01","0.01","0.0","5e-05","verified","1004","g","","","0.9","0.9","0.0","0.0005","verified","1079","g","","","10.1","10.1","0.0","0.05","verified","2000","g","","","0.001","0.001","0.0","5e-05","verified","1093","g","mg","","45.77","verified",""
"169957","Mung Bean Sprouts (Raw)","SR Legacy","sr_legacy","SR Legacy 2021-10-28","4/1/2019","True","True","30.0","30.0","0.0","0.05","verified","1008","kcal","","37.54","3.04","3.04","0.0","0.005","verified","1003","g","","","5.94","5.94","0.0","0.005","verified","1005","g","","","0.18","0.18","0.0","0.0005","verified","1004","g","","","1.8","1.8","0.0","0.005","verified","1079","g","","","4.13","4.13","0.0","0.005","verified","2000","g","","","0.006","0.006","0.0","5e-05","verified","1093","g","mg","","37.54","verified",""
"169960","Shellie Beans (Canned)","SR Legacy","sr_legacy","SR Legacy 2021-10-28","4/1/2019","True","True","30.0","30.0","0.0","0.05","verified","1008","kcal","","33.51","1.76","1.76","0.0","0.005","verified","1003","g","","","6.19","6.19","0.0","0.005","verified","1005","g","","","0.19","0.19","0.0","0.0005","verified","1004","g","","","3.4","3.4","0.0","0.005","verified","1079","g","","","0.63","0.63","0.0","0.0005","verified","2000","g","","","0.334","0.334","0.0","0.0005","verified","1093","g","mg","","33.51","verified",""
"169961","Green Beans (Raw)","SR Legacy","sr_legacy","SR Legacy 2021-10-28","4/1/2019","True","True","31.0","31.0","0.0","0.05","verified","1008","kcal","","37.18","1.83","1.83","0.0","0.005","verified","1003","g","","","6.97","6.97","0.0","0.005","verified","1005","g","","","0.22","0.22","0.0","0.0005","verified","1004","g","","","2.7","2.7","0.0","0.005","verified","1079","g","","","3.26","3.26","0.0","0.005","verified","2000","g","","","0.006","0.006","0.0","5e-05","verified","1093","g","mg","","37.18","verified",""
"169974","Burdock Root (Raw)","SR Legacy","sr_legacy","SR Legacy 2021-10-28","4/1/2019","True","True","72.0","72.0","0.0","0.05","verified","1008","kcal","","76.83","1.53","1.53","0.0","0.005","verified","1003","g","","","17.34","17.3","0.04","0.05","verified","1005","g","","","0.15","0.15","0.0","0.0005","verified","1004","g","","","3.3","3.3","0.0","0.005","verified","1079","g","","","2.9","2.9","0.0","0.005","verified","2000","g","","","0.005","0.005","0.0","5e-05","verified","1093","g","mg","","76.83","verified",""
"169975","Cabbage (Raw)","SR Legacy","sr_legacy","SR Legacy 2021-10-28","4/1/2019","True","True","25.0","25.0","0.0","0.05","verified","1008","kcal","","29.22","1.28","1.28","0.0","0.005","verified","1003","g","","","5.8","5.8","0.0","0.005","verified","1005","g","","","0.1","0.1","0.0","0.0005","verified","1004","g","","","2.5","2.5","0.0","0.005","verified","1079","g","","","3.2","3.2","0.0","0.005","verified","2000","g","","","0.018","0.018","0.0","5e-05","verified","1093","g","mg","","29.22","verified",""
"169977","Cabbage (Red)","SR Legacy","sr_legacy","SR Legacy 2021-10-28","4/1/2019","True","True","31.0","31.0","0.0","0.05","verified","1008","kcal","","36.64","1.43","1.43","0.0","0.005","verified","1003","g","","","7.37","7.37","0.0","0.005","verified","1005","g","","","0.16","0.16","0.0","0.0005","verified","1004","g","","","2.1","2.1","0.0","0.005","verified","1079","g","","","3.83","3.83","0.0","0.005","verified","2000","g","","","0.027","0.027","0.0","5e-05","verified","1093","g","mg","","36.64","verified",""
"169979","Cabbage (Chinese Pe-tsai)","SR Legacy","sr_legacy","SR Legacy 2021-10-28","4/1/2019","True","True","16.0","16.0","0.0","0.05","verified","1008","kcal","","19.52","1.2","1.2","0.0","0.005","verified","1003","g","","","3.23","3.23","0.0","0.005","verified","1005","g","","","0.2","0.2","0.0","0.0005","verified","1004","g","","","1.2","1.2","0.0","0.005","verified","1079","g","","","1.41","1.41","0.0","0.005","verified","2000","g","","","0.009","0.009","0.0","5e-05","verified","1093","g","mg","","19.52","verified",""
"169981","Cardoon (Raw)","SR Legacy","sr_legacy","SR Legacy 2021-10-28","4/1/2019","True","True","17.0","17.0","0.0","0.05","verified","1008","kcal","","19.98","0.7","0.7","0.0","0.0005","verified","1003","g","","","4.07","4.07","0.0","0.005","verified","1005","g","","","0.1","0.1","0.0","0.0005","verified","1004","g","","","1.6","1.6","0.0","0.005","verified","1079","g","","","0.0","","","5e-05","missing_in_reference","","","","","0.17","0.17","0.0","0.0005","verified","1093","g","mg","","19.98","verified_with_gaps","macro_gap:sugar_g"
"169985","Cassava (Raw)","SR Legacy","sr_legacy","SR Legacy 2021-10-28","4/1/2019","True","True","160.0","160.0","0.0","0.5","verified","1008","kcal","","160.2","1.36","1.36","0.0","0.005","verified","1003","g","","","38.06","38.1","-0.04","0.05","verified","1005","g","","","0.28","0.28","0.0","0.0005","verified","1004","g","","","1.8","1.8","0.0","0.005","verified","1079","g","","","1.7","1.7","0.0","0.005","verified","2000","g","","","0.014","0.014","0.0","5e-05","verified","1093","g","mg","","160.2","verified",""
"169986","Cauliflower (Raw)","SR Legacy","sr_legacy","SR Legacy 2021-10-28","4/1/2019","True","True","25.0","25.0","0.0","0.05","verified","1008","kcal","","30.08","1.92","1.92","0.0","0.005","verified","1003","g","","","4.97","4.97","0.0","0.005","verified","1005","g","","","0.28","0.28","0.0","0.0005","verified","1004","g","","","2.0","2.0","0.0","0.005","verified","1079","g","","","1.91","1.91","0.0","0.005","verified","2000","g","","","0.03","0.03","0.0","5e-05","verified","1093","g","mg","","30.08","verified",""
"169988","Celery (Raw)","SR Legacy","sr_legacy","SR Legacy 2021-10-28","4/1/2019","True","True","14.0","14.0","0.0","0.05","verified","1008","kcal","","16.17","0.69","0.69","0.0","0.0005","verified","1003","g","","","2.97","2.97","0.0","0.005","verified","1005","g","","","0.17","0.17","0.0","0.0005","verified","1004","g","","","1.6","1.6","0.0","0.005","verified","1079","g","","","1.34","1.34","0.0","0.005","verified","2000","g","","","0.08","0.08","0.0","5e-05","verified","1093","g","mg","","16.17","verified",""
"169990","Celtuce (Raw)","SR Legacy","sr_legacy","SR Legacy 2021-10-28","4/1/2019","True","True","18.0","18.0","0.0","0.05","verified","1008","kcal","","20.7","0.85","0.85","0.0","0.0005","verified","1003","g","","","3.65","3.65","0.0","0.005","verified","1005","g","","","0.3","0.3","0.0","0.0005","verified","1004","g","","","1.7","1.7","0.0","0.005","verified","1079","g","","","0.0","","","5e-05","missing_in_reference","","","","","0.011","0.011","0.0","5e-05","verified","1093","g","mg","","20.7","verified_with_gaps","macro_gap:sugar_g"
"169991","Chard (Swiss)","SR Legacy","sr_legacy","SR Legacy 2021-10-28","4/1/2019","True","True","19.0","19.0","0.0","0.05","verified","1008","kcal","","23.96","1.8","1.8","0.0","0.005","verified","1003","g","","","3.74","3.74","0.0","0.005","verified","1005","g","","","0.2","0.2","0.0","0.0005","verified","1004","g","","","1.6","1.6","0.0","0.005","verified","1079","g","","","1.1","1.1","0.0","0.005","verified","2000","g","","","0.213","0.213","0.0","0.0005","verified","1093","g","mg","","23.96","verified",""
"169992","Chicory Greens (Raw)","SR Legacy","sr_legacy","SR Legacy 2021-10-28","4/1/2019","True","True","23.0","23.0","0.0","0.05","verified","1008","kcal","","28.3","1.7","1.7","0.0","0.005","verified","1003","g","","","4.7","4.7","0.0","0.005","verified","1005","g","","","0.3","0.3","0.0","0.0005","verified","1004","g","","","4.0","4.0","0.0","0.005","verified","1079","g","","","0.7","0.7","0.0","0.0005","verified","2000","g","","","0.045","0.045","0.0","5e-05","verified","1093","g","mg","","28.3","verified",""
"169993","Chicory Roots (Raw)","SR Legacy","sr_legacy","SR Legacy 2021-10-28","4/1/2019","True","True","72.0","72.0","0.0","0.05","verified","1008","kcal","","77.44","1.4","1.4","0.0","0.005","verified","1003","g","","","17.51","17.5","0.01","0.05","verified","1005","g","","","0.2","0.2","0.0","0.0005","verified","1004","g","","","1.5","1.5","0.0","0.005","verified","1079","g","","","8.73","8.73","0.0","0.005","verified","2000","g","","","0.05","0.05","0.0","5e-05","verified","1093","g","mg","","77.44","verified",""
"169994","Chives (Raw)","SR Legacy","sr_legacy","SR Legacy 2021-10-28","4/1/2019","True","True","30.0","30.0","0.0","0.05","verified","1008","kcal","","37.05","3.27","3.27","0.0","0.005","verified","1003","g","","","4.35","4.35","0.0","0.005","verified","1005","g","","","0.73","0.73","0.0","0.0005","verified","1004","g","","","2.5","2.5","0.0","0.005","verified","1079","g","","","1.85","1.85","0.0","0.005","verified","2000","g","","","0.003","0.003","0.0","5e-05","verified","1093","g","mg","","37.05","verified",""
"169995","Chrysanthemum Greens (Garland)","SR Legacy","sr_legacy","SR Legacy 2021-10-28","4/1/2019","True","True","24.0","24.0","0.0","0.05","verified","1008","kcal","","30.56","3.36","3.36","0.0","0.005","verified","1003","g","","","3.02","3.02","0.0","0.005","verified","1005","g","","","0.56","0.56","0.0","0.0005","verified","1004","g","","","3.0","3.0","0.0","0.005","verified","1079","g","","","0.0","","","5e-05","missing_in_reference","","","","","0.118","0.118","0.0","0.0005","verified","1093","g","mg","","30.56","verified_with_gaps","macro_gap:sugar_g"
"169997","Coriander Leaves (Cilantro)","SR Legacy","sr_legacy","SR Legacy 2021-10-28","4/1/2019","True","True","23.0","23.0","0.0","0.05","verified","1008","kcal","","27.88","2.13","2.13","0.0","0.005","verified","1003","g","","","3.67","3.67","0.0","0.005","verified","1005","g","","","0.52","0.52","0.0","0.0005","verified","1004","g","","","2.8","2.8","0.0","0.005","verified","1079","g","","","0.87","0.87","0.0","0.0005","verified","2000","g","","","0.046","0.046","0.0","5e-05","verified","1093","g","mg","","27.88","verified",""
"170000","Onions (Raw)","SR Legacy","sr_legacy","SR Legacy 2021-10-28","4/1/2019","True","True","40.0","40.0","0.0","0.05","verified","1008","kcal","","42.66","1.1","1.1","0.0","0.005","verified","1003","g","","","9.34","9.34","0.0","0.005","verified","1005","g","","","0.1","0.1","0.0","0.0005","verified","1004","g","","","1.7","1.7","0.0","0.005","verified","1079","g","","","4.24","4.24","0.0","0.005","verified","2000","g","","","0.004","0.004","0.0","5e-05","verified","1093","g","mg","","42.66","verified",""
"170002","Onion Flakes (Dehydrated)","SR Legacy","sr_legacy","SR Legacy 2021-10-28","4/1/2019","True","True","349.0","349.0","0.0","0.5","verified","1008","kcal","","373.06","8.95","8.95","0.0","0.005","verified","1003","g","","","83.28","83.3","-0.02","0.05","verified","1005","g","","","0.46","0.46","0.0","0.0005","verified","1004","g","","","9.2","9.2","0.0","0.005","verified","1079","g","","","37.41","37.4","0.01","0.05","verified","2000","g","","","0.021","0.021","0.0","5e-05","verified","1093","g","mg","","373.06","verified",""
"170004","Yellow Onions (Sauteed)","SR Legacy","sr_legacy","SR Legacy 2021-10-28","4/1/2019","True","True","123.0","123.0","0.0","0.5","verified","1008","kcal","","132.44","0.95","0.95","0.0","0.0005","verified","1003","g","","","7.86","7.86","0.0","0.005","verified","1005","g","","","10.8","10.8","0.0","0.05","verified","1004","g","","","1.7","1.7","0.0","0.005","verified","1079","g","","","0.0","","","5e-05","missing_in_reference","","","","","0.012","0.012","0.0","5e-05","verified","1093","g","mg","","132.44","verified_with_gaps","macro_gap:sugar_g"
"170005","Green Onions (Scallions, Raw)","SR Legacy","sr_legacy","SR Legacy 2021-10-28","4/1/2019","True","True","32.0","32.0","0.0","0.05","verified","1008","kcal","","38.39","1.83","1.83","0.0","0.005","verified","1003","g","","","7.34","7.34","0.0","0.005","verified","1005","g","","","0.19","0.19","0.0","0.0005","verified","1004","g","","","2.6","2.6","0.0","0.005","verified","1079","g","","","2.33","2.33","0.0","0.005","verified","2000","g","","","0.016","0.016","0.0","5e-05","verified","1093","g","mg","","38.39","verified",""
"170006","Young Green Onions (Tops)","SR Legacy","sr_legacy","SR Legacy 2021-10-28","4/1/2019","True","True","27.0","27.0","0.0","0.05","verified","1008","kcal","","31.07","0.97","0.97","0.0","0.0005","verified","1003","g","","","5.74","5.74","0.0","0.005","verified","1005","g","","","0.47","0.47","0.0","0.0005","verified","1004","g","","","1.8","1.8","0.0","0.005","verified","1079","g","","","3.91","3.91","0.0","0.005","verified","2000","g","","","0.015","0.015","0.0","5e-05","verified","1093","g","mg","","31.07","verified",""
"170007","Welsh Onions (Raw)","SR Legacy","sr_legacy","SR Legacy 2021-10-28","4/1/2019","True","True","34.0","34.0","0.0","0.05","verified","1008","kcal","","37.2","1.9","1.9","0.0","0.005","verified","1003","g","","","6.5","6.5","0.0","0.005","verified","1005","g","","","0.4","0.4","0.0","0.0005","verified","1004","g","","","2.4","2.4","0.0","0.005","verified","1079","g","","","2.18","2.18","0.0","0.005","verified","2000","g","","","0.017","0.017","0.0","5e-05","verified","1093","g","mg","","37.2","verified",""
"170008","Sweet Onions (Raw)","SR Legacy","sr_legacy","SR Legacy 2021-10-28","4/1/2019","True","True","32.0","32.0","0.0","0.05","verified","1008","kcal","","34.12","0.8","0.8","0.0","0.0005","verified","1003","g","","","7.55","7.55","0.0","0.005","verified","1005","g","","","0.08","0.08","0.0","5e-05","verified","1004","g","","","0.9","0.9","0.0","0.0005","verified","1079","g","","","5.02","5.02","0.0","0.005","verified","2000","g","","","0.008","0.008","0.0","5e-05","verified","1093","g","mg","","34.12","verified",""
"170010","Edible-Podded Peas (Raw)","SR Legacy","sr_legacy","SR Legacy 2021-10-28","4/1/2019","True","True","42.0","42.0","0.0","0.05","verified","1008","kcal","","43.2","2.8","2.8","0.0","0.005","verified","1003","g","","","7.55","7.55","0.0","0.005","verified","1005","g","","","0.2","0.2","0.0","0.0005","verified","1004","g","","","2.6","2.6","0.0","0.005","verified","1079","g","","","4.0","4.0","0.0","0.005","verified","2000","g","","","0.004","0.004","0.0","5e-05","verified","1093","g","mg","","43.2","verified",""
"170025","Pigeonpeas (Immature Seeds, Raw)","SR Legacy","sr_legacy","SR Legacy 2021-10-28","4/1/2019","True","True","136.0","136.0","0.0","0.5","verified","1008","kcal","","139.08","7.2","7.2","0.0","0.005","verified","1003","g","","","23.88","23.9","-0.02","0.05","verified","1005","g","","","1.64","1.64","0.0","0.005","verified","1004","g","","","5.1","5.1","0.0","0.005","verified","1079","g","","","3.0","3.0","0.0","0.005","verified","2000","g","","","0.005","0.005","0.0","5e-05","verified","1093","g","mg","","139.08","verified",""
"170026","Potatoes (Raw, Flesh and Skin)","SR Legacy","sr_legacy","SR Legacy 2021-10-28","4/1/2019","True","True","77.0","77.0","0.0","0.05","verified","1008","kcal","","78.97","2.05","2.05","0.0","0.005","verified","1003","g","","","17.49","17.5","-0.01","0.05","verified","1005","g","","","0.09","0.09","0.0","5e-05","verified","1004","g","","","2.1","2.1","0.0","0.005","verified","1079","g","","","0.82","0.82","0.0","0.0005","verified","2000","g","","","0.006","0.006","0.0","5e-05","verified","1093","g","mg","","78.97","verified",""
"170028","White Potatoes (Raw, Flesh and Skin)","SR Legacy","sr_legacy","SR Legacy 2021-10-28","4/1/2019","True","True","69.0","69.0","0.0","0.05","verified","1008","kcal","","70.46","1.68","1.68","0.0","0.005","verified","1003","g","","","15.71","15.7","0.01","0.05","verified","1005","g","","","0.1","0.1","0.0","0.0005","verified","1004","g","","","2.4","2.4","0.0","0.005","verified","1079","g","","","1.15","1.15","0.0","0.005","verified","2000","g","","","0.016","0.016","0.0","5e-05","verified","1093","g","mg","","70.46","verified",""
"170029","Red Potatoes (Raw, Flesh and Skin)","SR Legacy","sr_legacy","SR Legacy 2021-10-28","4/1/2019","True","True","70.0","70.0","0.0","0.05","verified","1008","kcal","","72.42","1.89","1.89","0.0","0.005","verified","1003","g","","","15.9","15.9","0.0","0.05","verified","1005","g","","","0.14","0.14","0.0","0.0005","verified","1004","g","","","1.7","1.7","0.0","0.005","verified","1079","g","","","1.29","1.29","0.0","0.005","verified","2000","g","","","0.018","0.018","0.0","5e-05","verified","1093","g","mg","","72.42","verified",""
"170030","Russet Potatoes (Baked, Flesh and Skin)","SR Legacy","sr_legacy","SR Legacy 2021-10-28","4/1/2019","True","True","95.0","95.0","0.0","0.05","verified","1008","kcal","","97.45","2.63","2.63","0.0","0.005","verified","1003","g","","","21.44","21.4","0.04","0.05","verified","1005","g","","","0.13","0.13","0.0","0.0005","verified","1004","g","","","2.3","2.3","0.0","0.005","verified","1079","g","","","1.08","1.08","0.0","0.005","verified","2000","g","","","0.014","0.014","0.0","5e-05","verified","1093","g","mg","","97.45","verified",""
"170032","Potato Skins (Raw)","SR Legacy","sr_legacy","SR Legacy 2021-10-28","4/1/2019","True","True","58.0","58.0","0.0","0.05","verified","1008","kcal","","60.94","2.57","2.57","0.0","0.005","verified","1003","g","","","12.44","12.4","0.04","0.05","verified","1005","g","","","0.1","0.1","0.0","0.0005","verified","1004","g","","","2.5","2.5","0.0","0.005","verified","1079","g","","","0.0","","","5e-05","missing_in_reference","","","","","0.01","0.01","0.0","5e-05","verified","1093","g","mg","","60.94","verified_with_gaps","macro_gap:sugar_g"
"170048","Potato Puffs (Frozen, Oven-Heated)","SR Legacy","sr_legacy","SR Legacy 2021-10-28","4/1/2019","True","True","192.0","192.0","0.0","0.5","verified","1008","kcal","","199.13","2.13","2.13","0.0","0.005","verified","1003","g","","","27.29","27.3","-0.01","0.05","verified","1005","g","","","9.05","9.05","0.0","0.005","verified","1004","g","","","2.0","2.0","0.0","0.005","verified","1079","g","","","0.27","0.27","0.0","0.0005","verified","2000","g","","","0.463","0.463","0.0","0.0005","verified","1093","g","mg","","199.13","verified",""
"170054","Tomato Sauce (Canned)","SR Legacy","sr_legacy","SR Legacy 2021-10-28","4/1/2019","True","True","24.0","24.0","0.0","0.05","verified","1008","kcal","","28.74","1.2","1.2","0.0","0.005","verified","1003","g","","","5.31","5.31","0.0","0.005","verified","1005","g","","","0.3","0.3","0.0","0.0005","verified","1004","g","","","1.5","1.5","0.0","0.005","verified","1079","g","","","3.56","3.56","0.0","0.005","verified","2000","g","","","0.474","0.474","0.0","0.0005","verified","1093","g","mg","","28.74","verified",""
"170061","Turnip Greens (Raw)","SR Legacy","sr_legacy","SR Legacy 2021-10-28","4/1/2019","True","True","32.0","32.0","0.0","0.05","verified","1008","kcal","","37.22","1.5","1.5","0.0","0.005","verified","1003","g","","","7.13","7.13","0.0","0.005","verified","1005","g","","","0.3","0.3","0.0","0.0005","verified","1004","g","","","3.2","3.2","0.0","0.005","verified","1079","g","","","0.81","0.81","0.0","0.0005","verified","2000","g","","","0.04","0.04","0.0","5e-05","verified","1093","g","mg","","37.22","verified",""
"170066","Chinese Water Chestnuts (Raw)","SR Legacy","sr_legacy","SR Legacy 2021-10-28","4/1/2019","True","True","97.0","97.0","0.0","0.05","verified","1008","kcal","","102.26","1.4","1.4","0.0","0.005","verified","1003","g","","","23.94","23.9","0.04","0.05","verified","1005","g","","","0.1","0.1","0.0","0.0005","verified","1004","g","","","3.0","3.0","0.0","0.005","verified","1079","g","","","4.8","4.8","0.0","0.005","verified","2000","g","","","0.014","0.014","0.0","5e-05","verified","1093","g","mg","","102.26","verified",""
"170068","Watercress (Raw)","SR Legacy","sr_legacy","SR Legacy 2021-10-28","4/1/2019","True","True","11.0","11.0","0.0","0.05","verified","1008","kcal","","15.26","2.3","2.3","0.0","0.005","verified","1003","g","","","1.29","1.29","0.0","0.005","verified","1005","g","","","0.1","0.1","0.0","0.0005","verified","1004","g","","","0.5","0.5","0.0","0.0005","verified","1079","g","","","0.2","0.2","0.0","0.0005","verified","2000","g","","","0.041","0.041","0.0","5e-05","verified","1093","g","mg","","15.26","verified",""
"170069","Wax Gourd (Raw)","SR Legacy","sr_legacy","SR Legacy 2021-10-28","4/1/2019","True","True","13.0","13.0","0.0","0.05","verified","1008","kcal","","15.4","0.4","0.4","0.0","0.0005","verified","1003","g","","","3.0","3.0","0.0","0.005","verified","1005","g","","","0.2","0.2","0.0","0.0005","verified","1004","g","","","2.9","2.9","0.0","0.005","verified","1079","g","","","0.0","","","5e-05","missing_in_reference","","","","","0.111","0.111","0.0","0.0005","verified","1093","g","mg","","15.4","verified_with_gaps","macro_gap:sugar_g"
"170070","Winged Bean Tuber (Raw)","SR Legacy","sr_legacy","SR Legacy 2021-10-28","4/1/2019","True","True","148.0","148.0","0.0","0.5","verified","1008","kcal","","166.9","11.6","11.6","0.0","0.05","verified","1003","g","","","28.1","28.1","0.0","0.05","verified","1005","g","","","0.9","0.9","0.0","0.0005","verified","1004","g","","","0.0","","","5e-05","missing_in_reference","","","","","0.0","","","5e-05","missing_in_reference","","","","","0.035","0.035","0.0","5e-05","verified","1093","g","mg","","166.9","verified_with_gaps","macro_gap:fiber_g,sugar_g"
"170071","Yam (Raw)","SR Legacy","sr_legacy","SR Legacy 2021-10-28","4/1/2019","True","True","118.0","118.0","0.0","0.5","verified","1008","kcal","","119.17","1.53","1.53","0.0","0.005","verified","1003","g","","","27.88","27.9","-0.02","0.05","verified","1005","g","","","0.17","0.17","0.0","0.0005","verified","1004","g","","","4.1","4.1","0.0","0.005","verified","1079","g","","","0.5","0.5","0.0","0.0005","verified","2000","g","","","0.009","0.009","0.0","5e-05","verified","1093","g","mg","","119.17","verified",""
"170073","Jicama (Raw)","SR Legacy","sr_legacy","SR Legacy 2021-10-28","4/1/2019","True","True","38.0","38.0","0.0","0.05","verified","1008","kcal","","38.97","0.72","0.72","0.0","0.0005","verified","1003","g","","","8.82","8.82","0.0","0.005","verified","1005","g","","","0.09","0.09","0.0","5e-05","verified","1004","g","","","4.9","4.9","0.0","0.005","verified","1079","g","","","1.8","1.8","0.0","0.005","verified","2000","g","","","0.004","0.004","0.0","5e-05","verified","1093","g","mg","","38.97","verified",""
"170075","Chives (Freeze-dried)","SR Legacy","sr_legacy","SR Legacy 2021-10-28","4/1/2019","True","True","311.0","311.0","0.0","0.5","verified","1008","kcal","","373.46","21.2","21.2","0.0","0.05","verified","1003","g","","","64.29","64.3","-0.01","0.05","verified","1005","g","","","3.5","3.5","0.0","0.005","verified","1004","g","","","26.2","26.2","0.0","0.05","verified","1079","g","","","0.0","","","5e-05","missing_in_reference","","","","","0.07","0.07","0.0","5e-05","verified","1093","g","mg","","373.46","verified_with_gaps","macro_gap:sugar_g"
"170076","Dock Leaves (Raw)","SR Legacy","sr_legacy","SR Legacy 2021-10-28","4/1/2019","True","True","22.0","22.0","0.0","0.05","verified","1008","kcal","","27.1","2.0","2.0","0.0","0.005","verified","1003","g","","","3.2","3.2","0.0","0.005","verified","1005","g","","","0.7","0.7","0.0","0.0005","verified","1004","g","","","2.9","2.9","0.0","0.005","verified","1079","g","","","0.0","","","5e-05","missing_in_reference","","","","","0.004","0.004","0.0","5e-05","verified","1093","g","mg","","27.1","verified_with_gaps","macro_gap:sugar_g"
"170078","Eppaw (Raw)","SR Legacy","sr_legacy","SR Legacy 2021-10-28","4/1/2019","True","True","150.0","150.0","0.0","0.5","verified","1008","kcal","","161.32","4.6","4.6","0.0","0.005","verified","1003","g","","","31.68","31.7","-0.02","0.05","verified","1005","g","","","1.8","1.8","0.0","0.005","verified","1004","g","","","0.0","","","5e-05","missing_in_reference","","","","","0.0","","","5e-05","missing_in_reference","","","","","0.012","0.012","0.0","5e-05","verified","1093","g","mg","","161.32","verified_with_gaps","macro_gap:fiber_g,sugar_g"
"170079","Mung Bean Sprouts (Canned)","SR Legacy","sr_legacy","SR Legacy 2021-10-28","4/1/2019","True","True","12.0","12.0","0.0","0.05","verified","1008","kcal","","14.7","1.4","1.4","0.0","0.005","verified","1003","g","","","2.14","2.14","0.0","0.005","verified","1005","g","","","0.06","0.06","0.0","5e-05","verified","1004","g","","","0.8","0.8","0.0","0.0005","verified","1079","g","","","0.7","0.7","0.0","0.0005","verified","2000","g","","","0.042","0.042","0.0","5e-05","verified","1093","g","mg","","14.7","verified",""
"170081","White Icicle Radish (Raw)","SR Legacy","sr_legacy","SR Legacy 2021-10-28","4/1/2019","True","True","14.0","14.0","0.0","0.05","verified","1008","kcal","","15.82","1.1","1.1","0.0","0.005","verified","1003","g","","","2.63","2.63","0.0","0.005","verified","1005","g","","","0.1","0.1","0.0","0.0005","verified","1004","g","","","1.4","1.4","0.0","0.005","verified","1079","g","","","0.0","","","5e-05","missing_in_reference","","","","","0.016","0.016","0.0","5e-05","verified","1093","g","mg","","15.82","verified_with_gaps","macro_gap:sugar_g"
"170082","Shallots (Freeze-Dried)","SR Legacy","sr_legacy","SR Legacy 2021-10-28","4/1/2019","True","True","348.0","348.0","0.0","0.5","verified","1008","kcal","","376.5","12.3","12.3","0.0","0.05","verified","1003","g","","","80.7","80.7","0.0","0.05","verified","1005","g","","","0.5","0.5","0.0","0.0005","verified","1004","g","","","15.7","15.7","0.0","0.05","verified","1079","g","","","38.16","38.2","-0.04","0.05","verified","2000","g","","","0.059","0.059","0.0","5e-05","verified","1093","g","mg","","376.5","verified",""
"170084","Sweet Potato (Canned, Syrup Pack)","SR Legacy","sr_legacy","SR Legacy 2021-10-28","4/1/2019","True","True","108.0","108.0","0.0","0.5","verified","1008","kcal","","109.44","1.28","1.28","0.0","0.005","verified","1003","g","","","25.36","25.4","-0.04","0.05","verified","1005","g","","","0.32","0.32","0.0","0.0005","verified","1004","g","","","3.0","3.0","0.0","0.005","verified","1079","g","","","5.74","5.74","0.0","0.005","verified","2000","g","","","0.039","0.039","0.0","5e-05","verified","1093","g","mg","","109.44","verified",""
"170086","Pinto Bean Sprouts (Raw)","SR Legacy","sr_legacy","SR Legacy 2021-10-28","4/1/2019","True","True","62.0","62.0","0.0","0.05","verified","1008","kcal","","75.5","5.25","5.25","0.0","0.005","verified","1003","g","","","11.6","11.6","0.0","0.05","verified","1005","g","","","0.9","0.9","0.0","0.0005","verified","1004","g","","","0.0","","","5e-05","missing_in_reference","","","","","0.0","","","5e-05","missing_in_reference","","","","","0.153","0.153","0.0","0.0005","verified","1093","g","mg","","75.5","verified_with_gaps","macro_gap:fiber_g,sugar_g"
"170091","Spirulina (Dried)","SR Legacy","sr_legacy","SR Legacy 2021-10-28","4/1/2019","True","True","26.0","26.0","0.0","0.05","verified","1008","kcal","","36.87","5.92","5.92","0.0","0.005","verified","1003","g","","","2.42","2.42","0.0","0.005","verified","1005","g","","","0.39","0.39","0.0","0.0005","verified","1004","g","","","0.4","0.4","0.0","0.0005","verified","1079","g","","","0.3","0.3","0.0","0.0005","verified","2000","g","","","0.098","0.098","0.0","5e-05","verified","1093","g","mg","","36.87","verified",""
"170095","Radish Sprouts (Raw)","SR Legacy","sr_legacy","SR Legacy 2021-10-28","4/1/2019","True","True","43.0","43.0","0.0","0.05","verified","1008","kcal","","52.41","3.81","3.81","0.0","0.005","verified","1003","g","","","3.6","3.6","0.0","0.005","verified","1005","g","","","2.53","2.53","0.0","0.005","verified","1004","g","","","0.0","","","5e-05","missing_in_reference","","","","","0.0","","","5e-05","missing_in_reference","","","","","0.006","0.006","0.0","5e-05","verified","1093","g","mg","","52.41","verified_with_gaps","macro_gap:fiber_g,sugar_g"
"170096","Yellow Tomatoes (Raw)","SR Legacy","sr_legacy","SR Legacy 2021-10-28","4/1/2019","True","True","15.0","15.0","0.0","0.05","verified","1008","kcal","","18.18","0.98","0.98","0.0","0.0005","verified","1003","g","","","2.98","2.98","0.0","0.005","verified","1005","g","","","0.26","0.26","0.0","0.0005","verified","1004","g","","","0.7","0.7","0.0","0.0005","verified","1079","g","","","0.0","","","5e-05","missing_in_reference","","","","","0.023","0.023","0.0","5e-05","verified","1093","g","mg","","18.18","verified_with_gaps","macro_gap:sugar_g"
"170101","Onions (Frozen Chopped, Cooked)","SR Legacy","sr_legacy","SR Legacy 2021-10-28","4/1/2019","True","True","26.0","26.0","0.0","0.05","verified","1008","kcal","","27.98","0.77","0.77","0.0","0.0005","verified","1003","g","","","6.0","6.0","0.0","0.005","verified","1005","g","","","0.1","0.1","0.0","0.0005","verified","1004","g","","","1.7","1.7","0.0","0.005","verified","1079","g","","","2.9","2.9","0.0","0.005","verified","2000","g","","","0.248","0.248","0.0","0.0005","verified","1093","g","mg","","27.98","verified",""
"170105","Green Peas (Frozen, Cooked with Salt)","SR Legacy","sr_legacy","SR Legacy 2021-10-28","4/1/2019","True","True","78.0","78.0","0.0","0.05","verified","1008","kcal","","80.07","5.15","5.15","0.0","0.005","verified","1003","g","","","14.26","14.3","-0.04","0.05","verified","1005","g","","","0.27","0.27","0.0","0.0005","verified","1004","g","","","4.5","4.5","0.0","0.005","verified","1079","g","","","4.4","4.4","0.0","0.005","verified","2000","g","","","0.323","0.323","0.0","0.0005","verified","1093","g","mg","","80.07","verified",""
"170108","Sweet Red Peppers (Raw)","SR Legacy","sr_legacy","SR Legacy 2021-10-28","4/1/2019","True","True","26.0","26.0","0.0","0.05","verified","1008","kcal","","30.78","0.99","0.99","0.0","0.0005","verified","1003","g","","","6.03","6.03","0.0","0.005","verified","1005","g","","","0.3","0.3","0.0","0.0005","verified","1004","g","","","2.1","2.1","0.0","0.005","verified","1079","g","","","4.2","4.2","0.0","0.005","verified","2000","g","","","0.004","0.004","0.0","5e-05","verified","1093","g","mg","","30.78","verified",""
"170112","Potato Flesh (Baked, Salted)","SR Legacy","sr_legacy","SR Legacy 2021-10-28","4/1/2019","True","True","93.0","93.0","0.0","0.05","verified","1008","kcal","","95.14","1.96","1.96","0.0","0.005","verified","1003","g","","","21.6","21.6","0.0","0.05","verified","1005","g","","","0.1","0.1","0.0","0.0005","verified","1004","g","","","1.5","1.5","0.0","0.005","verified","1079","g","","","1.7","1.7","0.0","0.005","verified","2000","g","","","0.241","0.241","0.0","0.0005","verified","1093","g","mg","","95.14","verified",""
"170113","Potato Skin (Baked, Salted)","SR Legacy","sr_legacy","SR Legacy 2021-10-28","4/1/2019","True","True","198.0","198.0","0.0","0.5","verified","1008","kcal","","202.3","4.29","4.29","0.0","0.005","verified","1003","g","","","46.06","46.1","-0.04","0.05","verified","1005","g","","","0.1","0.1","0.0","0.0005","verified","1004","g","","","7.9","7.9","0.0","0.005","verified","1079","g","","","1.4","1.4","0.0","0.005","verified","2000","g","","","0.257","0.257","0.0","0.0005","verified","1093","g","mg","","202.3","verified",""
"170115","Potato (Microwaved in Skin, Salted)","SR Legacy","sr_legacy","SR Legacy 2021-10-28","4/1/2019","True","True","132.0","132.0","0.0","0.5","verified","1008","kcal","","136.98","4.39","4.39","0.0","0.005","verified","1003","g","","","29.63","29.6","0.03","0.05","verified","1005","g","","","0.1","0.1","0.0","0.0005","verified","1004","g","","","5.5","5.5","0.0","0.005","verified","1079","g","","","0.0","","","5e-05","missing_in_reference","","","","","0.252","0.252","0.0","0.0005","verified","1093","g","mg","","136.98","verified_with_gaps","macro_gap:sugar_g"
"170116","Potatoes (Frozen, Whole, Cooked)","SR Legacy","sr_legacy","SR Legacy 2021-10-28","4/1/2019","True","True","63.0","63.0","0.0","0.05","verified","1008","kcal","","64.81","1.98","1.98","0.0","0.005","verified","1003","g","","","13.93","13.9","0.03","0.05","verified","1005","g","","","0.13","0.13","0.0","0.0005","verified","1004","g","","","1.4","1.4","0.0","0.005","verified","1079","g","","","0.0","","","5e-05","missing_in_reference","","","","","0.256","0.256","0.0","0.0005","verified","1093","g","mg","","64.81","verified_with_gaps","macro_gap:sugar_g"
"170118","French Fries (Frozen, Oven-Heated)","SR Legacy","sr_legacy","SR Legacy 2021-10-28","4/1/2019","True","True","168.0","168.0","0.0","0.5","verified","1008","kcal","","172.46","2.66","2.66","0.0","0.005","verified","1003","g","","","28.71","28.7","0.01","0.05","verified","1005","g","","","5.22","5.22","0.0","0.005","verified","1004","g","","","2.6","2.6","0.0","0.005","verified","1079","g","","","0.28","0.28","0.0","0.0005","verified","2000","g","","","0.032","0.032","0.0","5e-05","verified","1093","g","mg","","172.46","verified",""
"170124","Spinach (Frozen, Cooked)","SR Legacy","sr_legacy","SR Legacy 2021-10-28","4/1/2019","True","True","34.0","34.0","0.0","0.05","verified","1008","kcal","","43.07","4.01","4.01","0.0","0.005","verified","1003","g","","","4.8","4.8","0.0","0.005","verified","1005","g","","","0.87","0.87","0.0","0.0005","verified","1004","g","","","3.7","3.7","0.0","0.005","verified","1079","g","","","0.51","0.51","0.0","0.0005","verified","2000","g","","","0.322","0.322","0.0","0.0005","verified","1093","g","mg","","43.07","verified",""
"170132","Water Convolvulus (Cooked, Salted)","SR Legacy","sr_legacy","SR Legacy 2021-10-28","4/1/2019","True","True","20.0","20.0","0.0","0.05","verified","1008","kcal","","25.28","2.08","2.08","0.0","0.005","verified","1003","g","","","3.7","3.7","0.0","0.005","verified","1005","g","","","0.24","0.24","0.0","0.0005","verified","1004","g","","","1.9","1.9","0.0","0.005","verified","1079","g","","","0.0","","","5e-05","missing_in_reference","","","","","0.358","0.358","0.0","0.0005","verified","1093","g","mg","","25.28","verified_with_gaps","macro_gap:sugar_g"
"170134","Sweet Potato (Baked, Flesh with Salt)","SR Legacy","sr_legacy","SR Legacy 2021-10-28","4/1/2019","True","True","90.0","90.0","0.0","0.05","verified","1008","kcal","","92.23","2.01","2.01","0.0","0.005","verified","1003","g","","","20.71","20.7","0.01","0.05","verified","1005","g","","","0.15","0.15","0.0","0.0005","verified","1004","g","","","3.3","3.3","0.0","0.005","verified","1079","g","","","6.48","6.48","0.0","0.005","verified","2000","g","","","0.246","0.246","0.0","0.0005","verified","1093","g","mg","","92.23","verified",""
"170141","Turnip Greens and Turnips (Frozen, Cooked)","SR Legacy","sr_legacy","SR Legacy 2021-10-28","4/1/2019","True","True","34.0","34.0","0.0","0.05","verified","1008","kcal","","34.34","2.99","2.99","0.0","0.005","verified","1003","g","","","4.74","4.74","0.0","0.005","verified","1005","g","","","0.38","0.38","0.0","0.0005","verified","1004","g","","","3.1","3.1","0.0","0.005","verified","1079","g","","","0.95","0.95","0.0","0.0005","verified","2000","g","","","0.255","0.255","0.0","0.0005","verified","1093","g","mg","","34.34","verified",""
"170142","Mixed Vegetables (Frozen, Cooked)","SR Legacy","sr_legacy","SR Legacy 2021-10-28","4/1/2019","True","True","60.0","60.0","0.0","0.05","verified","1008","kcal","","65.15","2.86","2.86","0.0","0.005","verified","1003","g","","","13.09","13.1","-0.01","0.05","verified","1005","g","","","0.15","0.15","0.0","0.0005","verified","1004","g","","","4.4","4.4","0.0","0.005","verified","1079","g","","","3.12","3.12","0.0","0.005","verified","2000","g","","","0.271","0.271","0.0","0.0005","verified","1093","g","mg","","65.15","verified",""
"170144","Breadfruit Seeds (Raw)","SR Legacy","sr_legacy","SR Legacy 2021-10-28","4/1/2019","True","True","191.0","191.0","0.0","0.5","verified","1008","kcal","","196.87","7.4","7.4","0.0","0.005","verified","1003","g","","","29.24","29.2","0.04","0.05","verified","1005","g","","","5.59","5.59","0.0","0.005","verified","1004","g","","","5.2","5.2","0.0","0.005","verified","1079","g","","","0.0","","","5e-05","missing_in_reference","","","","","0.025","0.025","0.0","5e-05","verified","1093","g","mg","","196.87","verified_with_gaps","macro_gap:sugar_g"
"170146","Cottonseed Flour","SR Legacy","sr_legacy","SR Legacy 2021-10-28","4/1/2019","True","True","332.0","332.0","0.0","0.5","verified","1008","kcal","","356.41","49.83","49.8","0.03","0.05","verified","1003","g","","","36.1","36.1","0.0","0.05","verified","1005","g","","","1.41","1.41","0.0","0.005","verified","1004","g","","","0.0","","","5e-05","missing_in_reference","","","","","0.0","","","5e-05","missing_in_reference","","","","","0.035","0.035","0.0","5e-05","verified","1093","g","mg","","356.41","verified_with_gaps","macro_gap:fiber_g,sugar_g"
"170147","Cottonseed Meal","SR Legacy","sr_legacy","SR Legacy 2021-10-28","4/1/2019","True","True","367.0","367.0","0.0","0.5","verified","1008","kcal","","393.05","49.1","49.1","0.0","0.05","verified","1003","g","","","38.43","38.4","0.03","0.05","verified","1005","g","","","4.77","4.77","0.0","0.005","verified","1004","g","","","0.0","","","5e-05","missing_in_reference","","","","","0.0","","","5e-05","missing_in_reference","","","","","0.037","0.037","0.0","5e-05","verified","1093","g","mg","","393.05","verified_with_gaps","macro_gap:fiber_g,sugar_g"
"170148","Hulled Hemp Seeds","SR Legacy","sr_legacy","SR Legacy 2021-10-28","4/1/2019","True","True","553.0","553.0","0.0","0.5","verified","1008","kcal","","599.67","31.56","31.6","-0.04","0.05","verified","1003","g","","","8.67","8.67","0.0","0.005","verified","1005","g","","","48.75","48.8","-0.05","0.05","verified","1004","g","","","4.0","4.0","0.0","0.005","verified","1079","g","","","1.5","1.5","0.0","0.005","verified","2000","g","","","0.005","0.005","0.0","5e-05","verified","1093","g","mg","","599.67","verified",""
"170149","Lotus Seeds (Dried)","SR Legacy","sr_legacy","SR Legacy 2021-10-28","4/1/2019","True","True","332.0","332.0","0.0","0.5","verified","1008","kcal","","337.25","15.41","15.4","0.01","0.05","verified","1003","g","","","64.47","64.5","-0.03","0.05","verified","1005","g","","","1.97","1.97","0.0","0.005","verified","1004","g","","","0.0","","","5e-05","missing_in_reference","","","","","0.0","","","5e-05","missing_in_reference","","","","","0.005","0.005","0.0","5e-05","verified","1093","g","mg","","337.25","verified_with_gaps","macro_gap:fiber_g,sugar_g"
"170150","Sesame Seeds (Whole, Dried)","SR Legacy","sr_legacy","SR Legacy 2021-10-28","4/1/2019","True","True","573.0","573.0","0.0","0.5","verified","1008","kcal","","611.55","17.73","17.7","0.03","0.05","verified","1003","g","","","23.4","23.4","0.0","0.05","verified","1005","g","","","49.67","49.7","-0.03","0.05","verified","1004","g","","","11.8","11.8","0.0","0.05","verified","1079","g","","","0.3","0.3","0.0","0.0005","verified","2000","g","","","0.011","0.011","0.0","5e-05","verified","1093","g","mg","","611.55","verified",""
"170152","Sesame Kernels (Toasted, Hulled)","SR Legacy","sr_legacy","SR Legacy 2021-10-28","4/1/2019","True","True","567.0","567.0","0.0","0.5","verified","1008","kcal","","604.0","16.96","17.0","-0.04","0.05","verified","1003","g","","","26.04","26.0","0.04","0.05","verified","1005","g","","","48.0","48.0","0.0","0.05","verified","1004","g","","","16.9","16.9","0.0","0.05","verified","1079","g","","","0.48","0.48","0.0","0.0005","verified","2000","g","","","0.039","0.039","0.0","5e-05","verified","1093","g","mg","","604.0","verified",""
"170153","Sesame Flour (Partially Defatted)","SR Legacy","sr_legacy","SR Legacy 2021-10-28","4/1/2019","True","True","382.0","382.0","0.0","0.5","verified","1008","kcal","","408.85","40.32","40.3","0.02","0.05","verified","1003","g","","","35.14","35.1","0.04","0.05","verified","1005","g","","","11.89","11.9","-0.01","0.05","verified","1004","g","","","0.0","","","5e-05","missing_in_reference","","","","","0.0","","","5e-05","missing_in_reference","","","","","0.041","0.041","0.0","5e-05","verified","1093","g","mg","","408.85","verified_with_gaps","macro_gap:fiber_g,sugar_g"
"170154","Sunflower Kernels (Toasted)","SR Legacy","sr_legacy","SR Legacy 2021-10-28","4/1/2019","True","True","619.0","619.0","0.0","0.5","verified","1008","kcal","","662.4","17.21","17.2","0.01","0.05","verified","1003","g","","","20.59","20.6","-0.01","0.05","verified","1005","g","","","56.8","56.8","0.0","0.05","verified","1004","g","","","11.5","11.5","0.0","0.05","verified","1079","g","","","0.0","","","5e-05","missing_in_reference","","","","","0.003","0.003","0.0","5e-05","verified","1093","g","mg","","662.4","verified_with_gaps","macro_gap:sugar_g"
"170155","Sunflower Seed Butter","SR Legacy","sr_legacy","SR Legacy 2021-10-28","4/1/2019","True","True","617.0","617.0","0.0","0.5","verified","1008","kcal","","659.2","17.28","17.3","-0.02","0.05","verified","1003","g","","","23.32","23.3","0.02","0.05","verified","1005","g","","","55.2","55.2","0.0","0.05","verified","1004","g","","","5.7","5.7","0.0","0.005","verified","1079","g","","","10.54","10.5","0.04","0.05","verified","2000","g","","","0.003","0.003","0.0","5e-05","verified","1093","g","mg","","659.2","verified",""
"170156","Sunflower Seed Flour","SR Legacy","sr_legacy","SR Legacy 2021-10-28","4/1/2019","True","True","326.0","326.0","0.0","0.5","verified","1008","kcal","","350.05","48.06","48.1","-0.04","0.05","verified","1003","g","","","35.83","35.8","0.03","0.05","verified","1005","g","","","1.61","1.61","0.0","0.005","verified","1004","g","","","5.2","5.2","0.0","0.005","verified","1079","g","","","0.0","","","5e-05","missing_in_reference","","","","","0.003","0.003","0.0","5e-05","verified","1093","g","mg","","350.05","verified_with_gaps","macro_gap:sugar_g"
"170157","Acorns (Raw)","SR Legacy","sr_legacy","SR Legacy 2021-10-28","4/1/2019","True","True","387.0","387.0","0.0","0.5","verified","1008","kcal","","402.34","6.15","6.15","0.0","0.005","verified","1003","g","","","40.75","40.8","-0.05","0.05","verified","1005","g","","","23.86","23.9","-0.04","0.05","verified","1004","g","","","0.0","","","5e-05","missing_in_reference","","","","","0.0","","","5e-05","missing_in_reference","","","","","0.0","0.0","0.0","5e-05","genuine_zero","1093","g","mg","","402.34","verified_with_gaps","macro_gap:fiber_g,sugar_g"
"170160","Almond Paste","SR Legacy","sr_legacy","SR Legacy 2021-10-28","4/1/2019","True","True","458.0","458.0","0.0","0.5","verified","1008","kcal","","476.9","9.0","9.0","0.0","0.005","verified","1003","g","","","47.81","47.8","0.01","0.05","verified","1005","g","","","27.74","27.7","0.04","0.05","verified","1004","g","","","4.8","4.8","0.0","0.005","verified","1079","g","","","36.25","36.2","0.05","0.05","verified","2000","g","","","0.009","0.009","0.0","5e-05","verified","1093","g","mg","","476.9","verified",""
"170161","Beechnuts (Dried)","SR Legacy","sr_legacy","SR Legacy 2021-10-28","4/1/2019","True","True","576.0","576.0","0.0","0.5","verified","1008","kcal","","608.8","6.2","6.2","0.0","0.005","verified","1003","g","","","33.5","33.5","0.0","0.05","verified","1005","g","","","50.0","50.0","0.0","0.05","verified","1004","g","","","0.0","","","5e-05","missing_in_reference","","","","","0.0","","","5e-05","missing_in_reference","","","","","0.038","0.038","0.0","5e-05","verified","1093","g","mg","","608.8","verified_with_gaps","macro_gap:fiber_g,sugar_g"
"170162","Cashew Nuts (Raw)","SR Legacy","sr_legacy","SR Legacy 2021-10-28","4/1/2019","True","True","553.0","553.0","0.0","0.5","verified","1008","kcal","","587.84","18.22","18.2","0.02","0.05","verified","1003","g","","","30.19","30.2","-0.01","0.05","verified","1005","g","","","43.8","43.8","0.0","0.05","verified","1004","g","","","3.3","3.3","0.0","0.005","verified","1079","g","","","5.91","5.91","0.0","0.005","verified","2000","g","","","0.012","0.012","0.0","5e-05","verified","1093","g","mg","","587.84","verified",""
"170164","Chestnuts (Chinese, Raw)","SR Legacy","sr_legacy","SR Legacy 2021-10-28","4/1/2019","True","True","224.0","224.0","0.0","0.5","verified","1008","kcal","","223.07","4.2","4.2","0.0","0.005","verified","1003","g","","","49.07","49.1","-0.03","0.05","verified","1005","g","","","1.11","1.11","0.0","0.005","verified","1004","g","","","0.0","","","5e-05","missing_in_reference","","","","","0.0","","","5e-05","missing_in_reference","","","","","0.003","0.003","0.0","5e-05","verified","1093","g","mg","","223.07","verified_with_gaps","macro_gap:fiber_g,sugar_g"
"170169","Coconut Meat (Raw)","SR Legacy","sr_legacy","SR Legacy 2021-10-28","4/1/2019","True","True","354.0","354.0","0.0","0.5","verified","1008","kcal","","375.65","3.33","3.33","0.0","0.005","verified","1003","g","","","15.23","15.2","0.03","0.05","verified","1005","g","","","33.49","33.5","-0.01","0.05","verified","1004","g","","","9.0","9.0","0.0","0.005","verified","1079","g","","","6.23","6.23","0.0","0.005","verified","2000","g","","","0.02","0.02","0.0","5e-05","verified","1093","g","mg","","375.65","verified",""
"170172","Coconut Milk (Raw)","SR Legacy","sr_legacy","SR Legacy 2021-10-28","4/1/2019","True","True","230.0","230.0","0.0","0.5","verified","1008","kcal","","245.88","2.29","2.29","0.0","0.005","verified","1003","g","","","5.54","5.54","0.0","0.005","verified","1005","g","","","23.84","23.8","0.04","0.05","verified","1004","g","","","2.2","2.2","0.0","0.005","verified","1079","g","","","3.34","3.34","0.0","0.005","verified","2000","g","","","0.015","0.015","0.0","5e-05","verified","1093","g","mg","","245.88","verified",""
"170174","Coconut Water","SR Legacy","sr_legacy","SR Legacy 2021-10-28","4/1/2019","True","True","19.0","19.0","0.0","0.05","verified","1008","kcal","","19.52","0.72","0.72","0.0","0.0005","verified","1003","g","","","3.71","3.71","0.0","0.005","verified","1005","g","","","0.2","0.2","0.0","0.0005","verified","1004","g","","","1.1","1.1","0.0","0.005","verified","1079","g","","","2.61","2.61","0.0","0.005","verified","2000","g","","","0.105","0.105","0.0","0.0005","verified","1093","g","mg","","19.52","verified",""
"170175","Ginkgo Nuts (Dried)","SR Legacy","sr_legacy","SR Legacy 2021-10-28","4/1/2019","True","True","348.0","348.0","0.0","0.5","verified","1008","kcal","","349.4","10.4","10.4","0.0","0.05","verified","1003","g","","","72.45","72.4","0.05","0.05","verified","1005","g","","","2.0","2.0","0.0","0.005","verified","1004","g","","","0.0","","","5e-05","missing_in_reference","","","","","0.0","","","5e-05","missing_in_reference","","","","","0.013","0.013","0.0","5e-05","verified","1093","g","mg","","349.4","verified_with_gaps","macro_gap:fiber_g,sugar_g"
"170177","Hickorynuts (Dried)","SR Legacy","sr_legacy","SR Legacy 2021-10-28","4/1/2019","True","True","657.0","657.0","0.0","0.5","verified","1008","kcal","","703.01","12.72","12.7","0.02","0.05","verified","1003","g","","","18.2","18.2","0.0","0.05","verified","1005","g","","","64.37","64.4","-0.03","0.05","verified","1004","g","","","6.4","6.4","0.0","0.005","verified","1079","g","","","0.0","","","5e-05","missing_in_reference","","","","","0.001","0.001","0.0","5e-05","verified","1093","g","mg","","703.01","verified_with_gaps","macro_gap:sugar_g"
"170178","Macadamia Nuts (Raw)","SR Legacy","sr_legacy","SR Legacy 2021-10-28","4/1/2019","True","True","718.0","718.0","0.0","0.5","verified","1008","kcal","","768.85","7.91","7.91","0.0","0.005","verified","1003","g","","","13.82","13.8","0.02","0.05","verified","1005","g","","","75.77","75.8","-0.03","0.05","verified","1004","g","","","8.6","8.6","0.0","0.005","verified","1079","g","","","4.57","4.57","0.0","0.005","verified","2000","g","","","0.005","0.005","0.0","5e-05","verified","1093","g","mg","","768.85","verified",""
"170180","Formulated Wheat-Based Nuts (Salted)","SR Legacy","sr_legacy","SR Legacy 2021-10-28","4/1/2019","True","True","622.0","622.0","0.0","0.5","verified","1008","kcal","","669.3","13.82","13.8","0.02","0.05","verified","1003","g","","","23.68","23.7","-0.02","0.05","verified","1005","g","","","57.7","57.7","0.0","0.05","verified","1004","g","","","5.2","5.2","0.0","0.005","verified","1079","g","","","0.0","","","5e-05","missing_in_reference","","","","","0.505","0.505","0.0","0.0005","verified","1093","g","mg","","669.3","verified_with_gaps","macro_gap:sugar_g"
"170184","Pistachio Nuts (Raw)","SR Legacy","sr_legacy","SR Legacy 2021-10-28","4/1/2019","True","True","560.0","560.0","0.0","0.5","verified","1008","kcal","","597.2","20.16","20.2","-0.04","0.05","verified","1003","g","","","27.17","27.2","-0.03","0.05","verified","1005","g","","","45.32","45.3","0.02","0.05","verified","1004","g","","","10.6","10.6","0.0","0.05","verified","1079","g","","","7.66","7.66","0.0","0.005","verified","2000","g","","","0.001","0.001","0.0","5e-05","verified","1093","g","mg","","597.2","verified",""
"170186","Walnuts (Black, Dried)","SR Legacy","sr_legacy","SR Legacy 2021-10-28","4/1/2019","True","True","619.0","619.0","0.0","0.5","verified","1008","kcal","","668.53","24.06","24.1","-0.04","0.05","verified","1003","g","","","9.58","9.58","0.0","0.005","verified","1005","g","","","59.33","59.3","0.03","0.05","verified","1004","g","","","6.8","6.8","0.0","0.005","verified","1079","g","","","1.1","1.1","0.0","0.005","verified","2000","g","","","0.002","0.002","0.0","5e-05","verified","1093","g","mg","","668.53","verified",""
"170187","English Walnuts","SR Legacy","sr_legacy","SR Legacy 2021-10-28","4/1/2019","True","True","654.0","654.0","0.0","0.5","verified","1008","kcal","","702.65","15.23","15.2","0.03","0.05","verified","1003","g","","","13.71","13.7","0.01","0.05","verified","1005","g","","","65.21","65.2","0.01","0.05","verified","1004","g","","","6.7","6.7","0.0","0.005","verified","1079","g","","","2.61","2.61","0.0","0.005","verified","2000","g","","","0.002","0.002","0.0","5e-05","verified","1093","g","mg","","702.65","verified",""
"170188","Pumpkin and Squash Seeds (Roasted, Unsalted)","SR Legacy","sr_legacy","SR Legacy 2021-10-28","4/1/2019","True","True","446.0","446.0","0.0","0.5","verified","1008","kcal","","464.0","18.6","18.6","0.0","0.05","verified","1003","g","","","53.75","53.8","-0.05","0.05","verified","1005","g","","","19.4","19.4","0.0","0.05","verified","1004","g","","","18.4","18.4","0.0","0.05","verified","1079","g","","","0.0","","","5e-05","missing_in_reference","","","","","0.018","0.018","0.0","5e-05","verified","1093","g","mg","","464.0","verified_with_gaps","macro_gap:sugar_g"
"170191","Sesame Butter (Tahini)","SR Legacy","sr_legacy","SR Legacy 2021-10-28","4/1/2019","True","True","586.0","586.0","0.0","0.5","verified","1008","kcal","","626.15","18.08","18.1","-0.02","0.05","verified","1003","g","","","24.0","24.0","0.0","0.05","verified","1005","g","","","50.87","50.9","-0.03","0.05","verified","1004","g","","","5.5","5.5","0.0","0.005","verified","1079","g","","","0.0","","","5e-05","missing_in_reference","","","","","0.012","0.012","0.0","5e-05","verified","1093","g","mg","","626.15","verified_with_gaps","macro_gap:sugar_g"
"170193","Beef Suet","SR Legacy","sr_legacy","SR Legacy 2021-10-28","4/1/2019","True","True","854.0","854.0","0.0","0.5","verified","1008","kcal","","852.0","1.5","1.5","0.0","0.005","verified","1003","g","","","0.0","0.0","0.0","5e-05","genuine_zero","1005","g","","","94.0","94.0","0.0","0.05","verified","1004","g","","","0.0","0.0","0.0","5e-05","genuine_zero","1079","g","","","0.0","0.0","0.0","5e-05","genuine_zero","2000","g","","","0.007","0.007","0.0","5e-05","verified","1093","g","mg","","852.0","verified",""
"170199","Corned Beef Brisket (Raw)","SR Legacy","sr_legacy","SR Legacy 2021-10-28","4/1/2019","True","True","198.0","198.0","0.0","0.5","verified","1008","kcal","","193.38","14.68","14.7","-0.02","0.05","verified","1003","g","","","0.14","0.14","0.0","0.0005","verified","1005","g","","","14.9","14.9","0.0","0.05","verified","1004","g","","","0.0","0.0","0.0","5e-05","genuine_zero","1079","g","","","0.0","","","5e-05","missing_in_reference","","","","","1.217","1.22","-0.003","0.005","verified","1093","g","mg","","193.38","verified_with_gaps","macro_gap:sugar_g"
"170283","Barley (Hulled)","SR Legacy","sr_legacy","SR Legacy 2021-10-28","4/1/2019","True","True","354.0","354.0","0.0","0.5","verified","1008","kcal","","364.54","12.48","12.5","-0.02","0.05","verified","1003","g","","","73.48","73.5","-0.02","0.05","verified","1005","g","","","2.3","2.3","0.0","0.005","verified","1004","g","","","17.3","17.3","0.0","0.05","verified","1079","g","","","0.8","0.8","0.0","0.0005","verified","2000","g","","","0.012","0.012","0.0","5e-05","verified","1093","g","mg","","364.54","verified",""
"170284","Barley (Pearled, Raw)","SR Legacy","sr_legacy","SR Legacy 2021-10-28","4/1/2019","True","True","352.0","352.0","0.0","0.5","verified","1008","kcal","","360.96","9.91","9.91","0.0","0.005","verified","1003","g","","","77.72","77.7","0.02","0.05","verified","1005","g","","","1.16","1.16","0.0","0.005","verified","1004","g","","","15.6","15.6","0.0","0.05","verified","1079","g","","","0.8","0.8","0.0","0.0005","verified","2000","g","","","0.009","0.009","0.0","5e-05","verified","1093","g","mg","","360.96","verified",""
"170286","Buckwheat","SR Legacy","sr_legacy","SR Legacy 2021-10-28","4/1/2019","True","True","343.0","343.0","0.0","0.5","verified","1008","kcal","","369.4","13.2","13.2","0.0","0.05","verified","1003","g","","","71.5","71.5","0.0","0.05","verified","1005","g","","","3.4","3.4","0.0","0.005","verified","1004","g","","","10.0","10.0","0.0","0.05","verified","1079","g","","","0.0","","","5e-05","missing_in_reference","","","","","0.001","0.001","0.0","5e-05","verified","1093","g","mg","","369.4","verified_with_gaps","macro_gap:sugar_g"
"170287","Bulgur (Cooked)","SR Legacy","sr_legacy","SR Legacy 2021-10-28","4/1/2019","True","True","83.0","83.0","0.0","0.05","verified","1008","kcal","","88.8","3.08","3.08","0.0","0.005","verified","1003","g","","","18.58","18.6","-0.02","0.05","verified","1005","g","","","0.24","0.24","0.0","0.0005","verified","1004","g","","","4.5","4.5","0.0","0.005","verified","1079","g","","","0.1","0.1","0.0","0.0005","verified","2000","g","","","0.005","0.005","0.0","5e-05","verified","1093","g","mg","","88.8","verified",""
"170288","Corn Grain (Yellow)","SR Legacy","sr_legacy","SR Legacy 2021-10-28","4/1/2019","True","True","365.0","365.0","0.0","0.5","verified","1008","kcal","","377.38","9.42","9.42","0.0","0.005","verified","1003","g","","","74.26","74.3","-0.04","0.05","verified","1005","g","","","4.74","4.74","0.0","0.005","verified","1004","g","","","7.3","7.3","0.0","0.005","verified","1079","g","","","0.64","0.64","0.0","0.0005","verified","2000","g","","","0.035","0.035","0.0","5e-05","verified","1093","g","mg","","377.38","verified",""
"170289","Corn Bran (Crude)","SR Legacy","sr_legacy","SR Legacy 2021-10-28","4/1/2019","True","True","224.0","224.0","0.0","0.5","verified","1008","kcal","","384.28","8.36","8.36","0.0","0.005","verified","1003","g","","","85.64","85.6","0.04","0.05","verified","1005","g","","","0.92","0.92","0.0","0.0005","verified","1004","g","","","79.0","79.0","0.0","0.05","verified","1079","g","","","0.0","0.0","0.0","5e-05","genuine_zero","2000","g","","","0.007","0.007","0.0","5e-05","verified","1093","g","mg","","384.28","verified",""
"170290","Corn Flour (Whole-Grain, Yellow)","SR Legacy","sr_legacy","SR Legacy 2021-10-28","4/1/2019","True","True","361.0","361.0","0.0","0.5","verified","1008","kcal","","369.86","6.93","6.93","0.0","0.005","verified","1003","g","","","76.85","76.8","0.05","0.05","verified","1005","g","","","3.86","3.86","0.0","0.005","verified","1004","g","","","7.3","7.3","0.0","0.005","verified","1079","g","","","0.64","0.64","0.0","0.0005","verified","2000","g","","","0.005","0.005","0.0","5e-05","verified","1093","g","mg","","369.86","verified",""
"170355","Yogurt Parfait (Low-Fat, Fruit and Granola)","SR Legacy","sr_legacy","SR Legacy 2021-10-28","4/1/2019","True","True","84.0","84.0","0.0","0.05","verified","1008","kcal","","85.97","3.36","3.36","0.0","0.005","verified","1003","g","","","15.86","15.9","-0.04","0.05","verified","1005","g","","","1.01","1.01","0.0","0.005","verified","1004","g","","","1.1","1.1","0.0","0.005","verified","1079","g","","","11.68","11.7","-0.02","0.05","verified","2000","g","","","0.049","0.049","0.0","5e-05","verified","1093","g","mg","","85.97","verified",""
"170375","Beet Greens (Raw)","SR Legacy","sr_legacy","SR Legacy 2021-10-28","4/1/2019","True","True","22.0","22.0","0.0","0.05","verified","1008","kcal","","27.29","2.2","2.2","0.0","0.005","verified","1003","g","","","4.33","4.33","0.0","0.005","verified","1005","g","","","0.13","0.13","0.0","0.0005","verified","1004","g","","","3.7","3.7","0.0","0.005","verified","1079","g","","","0.5","0.5","0.0","0.0005","verified","2000","g","","","0.226","0.226","0.0","0.0005","verified","1093","g","mg","","27.29","verified",""
"170377","Broadbeans (Immature Seeds)","SR Legacy","sr_legacy","SR Legacy 2021-10-28","4/1/2019","True","True","72.0","72.0","0.0","0.05","verified","1008","kcal","","74.6","5.6","5.6","0.0","0.005","verified","1003","g","","","11.7","11.7","0.0","0.05","verified","1005","g","","","0.6","0.6","0.0","0.0005","verified","1004","g","","","4.2","4.2","0.0","0.005","verified","1079","g","","","0.0","","","5e-05","missing_in_reference","","","","","0.05","0.05","0.0","5e-05","verified","1093","g","mg","","74.6","verified_with_gaps","macro_gap:sugar_g"
"170379","Broccoli (Raw)","SR Legacy","sr_legacy","SR Legacy 2021-10-28","4/1/2019","True","True","34.0","34.0","0.0","0.05","verified","1008","kcal","","41.17","2.82","2.82","0.0","0.005","verified","1003","g","","","6.64","6.64","0.0","0.005","verified","1005","g","","","0.37","0.37","0.0","0.0005","verified","1004","g","","","2.6","2.6","0.0","0.005","verified","1079","g","","","1.7","1.7","0.0","0.005","verified","2000","g","","","0.033","0.033","0.0","5e-05","verified","1093","g","mg","","41.17","verified",""
"170381","Broccoli Rabe (Raw)","SR Legacy","sr_legacy","SR Legacy 2021-10-28","4/1/2019","True","True","22.0","22.0","0.0","0.05","verified","1008","kcal","","28.49","3.17","3.17","0.0","0.005","verified","1003","g","","","2.85","2.85","0.0","0.005","verified","1005","g","","","0.49","0.49","0.0","0.0005","verified","1004","g","","","2.7","2.7","0.0","0.005","verified","1079","g","","","0.38","0.38","0.0","0.0005","verified","2000","g","","","0.033","0.033","0.0","5e-05","verified","1093","g","mg","","28.49","verified",""
"170383","Brussels Sprouts (Raw)","SR Legacy","sr_legacy","SR Legacy 2021-10-28","4/1/2019","True","True","43.0","43.0","0.0","0.05","verified","1008","kcal","","52.02","3.38","3.38","0.0","0.005","verified","1003","g","","","8.95","8.95","0.0","0.005","verified","1005","g","","","0.3","0.3","0.0","0.0005","verified","1004","g","","","3.8","3.8","0.0","0.005","verified","1079","g","","","2.2","2.2","0.0","0.005","verified","2000","g","","","0.025","0.025","0.0","5e-05","verified","1093","g","mg","","52.02","verified",""
"170385","Butterbur (Fuki)","SR Legacy","sr_legacy","SR Legacy 2021-10-28","4/1/2019","True","True","14.0","14.0","0.0","0.05","verified","1008","kcal","","16.36","0.39","0.39","0.0","0.0005","verified","1003","g","","","3.61","3.61","0.0","0.005","verified","1005","g","","","0.04","0.04","0.0","5e-05","verified","1004","g","","","0.0","","","5e-05","missing_in_reference","","","","","0.0","","","5e-05","missing_in_reference","","","","","0.007","0.007","0.0","5e-05","verified","1093","g","mg","","16.36","verified_with_gaps","macro_gap:fiber_g,sugar_g"
"170388","Cabbage (Savoy)","SR Legacy","sr_legacy","SR Legacy 2021-10-28","4/1/2019","True","True","27.0","27.0","0.0","0.05","verified","1008","kcal","","33.3","2.0","2.0","0.0","0.005","verified","1003","g","","","6.1","6.1","0.0","0.005","verified","1005","g","","","0.1","0.1","0.0","0.0005","verified","1004","g","","","3.1","3.1","0.0","0.005","verified","1079","g","","","2.27","2.27","0.0","0.005","verified","2000","g","","","0.028","0.028","0.0","5e-05","verified","1093","g","mg","","33.3","verified",""
"170392","Cabbage (Kimchi)","SR Legacy","sr_legacy","SR Legacy 2021-10-28","4/1/2019","True","True","15.0","15.0","0.0","0.05","verified","1008","kcal","","18.5","1.1","1.1","0.0","0.005","verified","1003","g","","","2.4","2.4","0.0","0.005","verified","1005","g","","","0.5","0.5","0.0","0.0005","verified","1004","g","","","1.6","1.6","0.0","0.005","verified","1079","g","","","1.06","1.06","0.0","0.005","verified","2000","g","","","0.498","0.498","0.0","0.0005","verified","1093","g","mg","","18.5","verified",""
"170393","Carrots (Raw)","SR Legacy","sr_legacy","SR Legacy 2021-10-28","4/1/2019","True","True","41.0","41.0","0.0","0.05","verified","1008","kcal","","44.2","0.93","0.93","0.0","0.0005","verified","1003","g","","","9.58","9.58","0.0","0.005","verified","1005","g","","","0.24","0.24","0.0","0.0005","verified","1004","g","","","2.8","2.8","0.0","0.005","verified","1079","g","","","4.74","4.74","0.0","0.005","verified","2000","g","","","0.069","0.069","0.0","5e-05","verified","1093","g","mg","","44.2","verified",""
"170400","Celeriac (Raw)","SR Legacy","sr_legacy","SR Legacy 2021-10-28","4/1/2019","True","True","42.0","42.0","0.0","0.05","verified","1008","kcal","","45.5","1.5","1.5","0.0","0.005","verified","1003","g","","","9.2","9.2","0.0","0.005","verified","1005","g","","","0.3","0.3","0.0","0.0005","verified","1004","g","","","1.8","1.8","0.0","0.005","verified","1079","g","","","1.6","1.6","0.0","0.005","verified","2000","g","","","0.1","0.1","0.0","0.0005","verified","1093","g","mg","","45.5","verified",""
"170402","Chayote (Fruit)","SR Legacy","sr_legacy","SR Legacy 2021-10-28","4/1/2019","True","True","19.0","19.0","0.0","0.05","verified","1008","kcal","","22.49","0.82","0.82","0.0","0.0005","verified","1003","g","","","4.51","4.51","0.0","0.005","verified","1005","g","","","0.13","0.13","0.0","0.0005","verified","1004","g","","","1.7","1.7","0.0","0.005","verified","1079","g","","","1.66","1.66","0.0","0.005","verified","2000","g","","","0.002","0.002","0.0","5e-05","verified","1093","g","mg","","22.49","verified",""
"170404","Chicory (Witloof)","SR Legacy","sr_legacy","SR Legacy 2021-10-28","4/1/2019","True","True","17.0","17.0","0.0","0.05","verified","1008","kcal","","20.5","0.9","0.9","0.0","0.0005","verified","1003","g","","","4.0","4.0","0.0","0.005","verified","1005","g","","","0.1","0.1","0.0","0.0005","verified","1004","g","","","3.1","3.1","0.0","0.005","verified","1079","g","","","0.0","","","5e-05","missing_in_reference","","","","","0.002","0.002","0.0","5e-05","verified","1093","g","mg","","20.5","verified_with_gaps","macro_gap:sugar_g"
"170406","Collards (Raw)","SR Legacy","sr_legacy","SR Legacy 2021-10-28","4/1/2019","True","True","32.0","32.0","0.0","0.05","verified","1008","kcal","","39.25","3.02","3.02","0.0","0.005","verified","1003","g","","","5.42","5.42","0.0","0.005","verified","1005","g","","","0.61","0.61","0.0","0.0005","verified","1004","g","","","4.0","4.0","0.0","0.005","verified","1079","g","","","0.46","0.46","0.0","0.0005","verified","2000","g","","","0.017","0.017","0.0","5e-05","verified","1093","g","mg","","39.25","verified",""
"170416","Parsley (Fresh)","SR Legacy","sr_legacy","SR Legacy 2021-10-28","4/1/2019","True","True","36.0","36.0","0.0","0.05","verified","1008","kcal","","44.31","2.97","2.97","0.0","0.005","verified","1003","g","","","6.33","6.33","0.0","0.005","verified","1005","g","","","0.79","0.79","0.0","0.0005","verified","1004","g","","","3.3","3.3","0.0","0.005","verified","1079","g","","","0.85","0.85","0.0","0.0005","verified","2000","g","","","0.056","0.056","0.0","5e-05","verified","1093","g","mg","","44.31","verified",""
"170417","Parsnips (Raw)","SR Legacy","sr_legacy","SR Legacy 2021-10-28","4/1/2019","True","True","75.0","75.0","0.0","0.05","verified","1008","kcal","","79.46","1.2","1.2","0.0","0.005","verified","1003","g","","","17.99","18.0","-0.01","0.05","verified","1005","g","","","0.3","0.3","0.0","0.0005","verified","1004","g","","","4.9","4.9","0.0","0.005","verified","1079","g","","","4.8","4.8","0.0","0.005","verified","2000","g","","","0.01","0.01","0.0","5e-05","verified","1093","g","mg","","79.46","verified",""
"170419","Green Peas (Raw)","SR Legacy","sr_legacy","SR Legacy 2021-10-28","4/1/2019","True","True","81.0","81.0","0.0","0.05","verified","1008","kcal","","83.08","5.42","5.42","0.0","0.005","verified","1003","g","","","14.45","14.4","0.05","0.05","verified","1005","g","","","0.4","0.4","0.0","0.0005","verified","1004","g","","","5.7","5.7","0.0","0.005","verified","1079","g","","","5.67","5.67","0.0","0.005","verified","2000","g","","","0.005","0.005","0.0","5e-05","verified","1093","g","mg","","83.08","verified",""
"170422","Pea Sprouts (From Mature Seeds, Raw)","SR Legacy","sr_legacy","SR Legacy 2021-10-28","4/1/2019","True","True","124.0","124.0","0.0","0.5","verified","1008","kcal","","149.76","8.8","8.8","0.0","0.005","verified","1003","g","","","27.11","27.1","0.01","0.05","verified","1005","g","","","0.68","0.68","0.0","0.0005","verified","1004","g","","","0.0","","","5e-05","missing_in_reference","","","","","0.0","","","5e-05","missing_in_reference","","","","","0.02","0.02","0.0","5e-05","verified","1093","g","mg","","149.76","verified_with_gaps","macro_gap:fiber_g,sugar_g"
"170431","Poi","SR Legacy","sr_legacy","SR Legacy 2021-10-28","4/1/2019","True","True","112.0","112.0","0.0","0.5","verified","1008","kcal","","111.7","0.38","0.38","0.0","0.0005","verified","1003","g","","","27.23","27.2","0.03","0.05","verified","1005","g","","","0.14","0.14","0.0","0.0005","verified","1004","g","","","0.4","0.4","0.0","0.0005","verified","1079","g","","","0.39","0.39","0.0","0.0005","verified","2000","g","","","0.012","0.012","0.0","5e-05","verified","1093","g","mg","","111.7","verified",""
"170432","Pokeberry Shoots (Poke, Raw)","SR Legacy","sr_legacy","SR Legacy 2021-10-28","4/1/2019","True","True","23.0","23.0","0.0","0.05","verified","1008","kcal","","28.8","2.6","2.6","0.0","0.005","verified","1003","g","","","3.7","3.7","0.0","0.005","verified","1005","g","","","0.4","0.4","0.0","0.0005","verified","1004","g","","","1.7","1.7","0.0","0.005","verified","1079","g","","","0.0","","","5e-05","missing_in_reference","","","","","0.023","0.023","0.0","5e-05","verified","1093","g","mg","","28.8","verified_with_gaps","macro_gap:sugar_g"
"170444","Potatoes (Canned, Drained)","SR Legacy","sr_legacy","SR Legacy 2021-10-28","4/1/2019","True","True","60.0","60.0","0.0","0.05","verified","1008","kcal","","61.97","1.41","1.41","0.0","0.005","verified","1003","g","","","13.61","13.6","0.01","0.05","verified","1005","g","","","0.21","0.21","0.0","0.0005","verified","1004","g","","","2.3","2.3","0.0","0.005","verified","1079","g","","","0.0","","","5e-05","missing_in_reference","","","","","0.219","0.219","0.0","0.0005","verified","1093","g","mg","","61.97","verified_with_gaps","macro_gap:sugar_g"
"170456","Green Tomatoes (Raw)","SR Legacy","sr_legacy","SR Legacy 2021-10-28","4/1/2019","True","True","23.0","23.0","0.0","0.05","verified","1008","kcal","","27.0","1.2","1.2","0.0","0.005","verified","1003","g","","","5.1","5.1","0.0","0.005","verified","1005","g","","","0.2","0.2","0.0","0.0005","verified","1004","g","","","1.1","1.1","0.0","0.005","verified","1079","g","","","4.0","4.0","0.0","0.005","verified","2000","g","","","0.013","0.013","0.0","5e-05","verified","1093","g","mg","","27.0","verified",""
"170457","Tomatoes (Red, Ripe, Raw)","SR Legacy","sr_legacy","SR Legacy 2021-10-28","4/1/2019","True","True","18.0","18.0","0.0","0.05","verified","1008","kcal","","20.88","0.88","0.88","0.0","0.0005","verified","1003","g","","","3.89","3.89","0.0","0.005","verified","1005","g","","","0.2","0.2","0.0","0.0005","verified","1004","g","","","1.2","1.2","0.0","0.005","verified","1079","g","","","2.63","2.63","0.0","0.005","verified","2000","g","","","0.005","0.005","0.0","5e-05","verified","1093","g","mg","","20.88","verified",""
"170458","Tomato Juice (Canned, Salted)","SR Legacy","sr_legacy","SR Legacy 2021-10-28","4/1/2019","True","True","17.0","17.0","0.0","0.05","verified","1008","kcal","","20.13","0.85","0.85","0.0","0.0005","verified","1003","g","","","3.53","3.53","0.0","0.005","verified","1005","g","","","0.29","0.29","0.0","0.0005","verified","1004","g","","","0.4","0.4","0.0","0.0005","verified","1079","g","","","2.58","2.58","0.0","0.005","verified","2000","g","","","0.253","0.253","0.0","0.0005","verified","1093","g","mg","","20.13","verified",""
"170461","Tomato Powder","SR Legacy","sr_legacy","SR Legacy 2021-10-28","4/1/2019","True","True","302.0","302.0","0.0","0.5","verified","1008","kcal","","354.32","12.91","12.9","0.01","0.05","verified","1003","g","","","74.68","74.7","-0.02","0.05","verified","1005","g","","","0.44","0.44","0.0","0.0005","verified","1004","g","","","16.5","16.5","0.0","0.05","verified","1079","g","","","43.9","43.9","0.0","0.05","verified","2000","g","","","0.134","0.134","0.0","0.0005","verified","1093","g","mg","","354.32","verified",""
"170465","Turnips (Raw)","SR Legacy","sr_legacy","SR Legacy 2021-10-28","4/1/2019","True","True","28.0","28.0","0.0","0.05","verified","1008","kcal","","30.22","0.9","0.9","0.0","0.0005","verified","1003","g","","","6.43","6.43","0.0","0.005","verified","1005","g","","","0.1","0.1","0.0","0.0005","verified","1004","g","","","1.8","1.8","0.0","0.005","verified","1079","g","","","3.8","3.8","0.0","0.005","verified","2000","g","","","0.067","0.067","0.0","5e-05","verified","1093","g","mg","","30.22","verified",""
"170474","Vinespinach (Basella, Raw)","SR Legacy","sr_legacy","SR Legacy 2021-10-28","4/1/2019","True","True","19.0","19.0","0.0","0.05","verified","1008","kcal","","23.5","1.8","1.8","0.0","0.005","verified","1003","g","","","3.4","3.4","0.0","0.005","verified","1005","g","","","0.3","0.3","0.0","0.0005","verified","1004","g","","","0.0","","","5e-05","missing_in_reference","","","","","0.0","","","5e-05","missing_in_reference","","","","","0.024","0.024","0.0","5e-05","verified","1093","g","mg","","23.5","verified_with_gaps","macro_gap:fiber_g,sugar_g"
"170476","Winged Bean Seeds (Immature, Raw)","SR Legacy","sr_legacy","SR Legacy 2021-10-28","4/1/2019","True","True","49.0","49.0","0.0","0.05","verified","1008","kcal","","52.87","6.95","6.95","0.0","0.005","verified","1003","g","","","4.31","4.31","0.0","0.005","verified","1005","g","","","0.87","0.87","0.0","0.0005","verified","1004","g","","","0.0","","","5e-05","missing_in_reference","","","","","0.0","","","5e-05","missing_in_reference","","","","","0.004","0.004","0.0","5e-05","verified","1093","g","mg","","52.87","verified_with_gaps","macro_gap:fiber_g,sugar_g"
"170478","Winged Bean Leaves (Raw)","SR Legacy","sr_legacy","SR Legacy 2021-10-28","4/1/2019","True","True","74.0","74.0","0.0","0.05","verified","1008","kcal","","89.7","5.85","5.85","0.0","0.005","verified","1003","g","","","14.1","14.1","0.0","0.05","verified","1005","g","","","1.1","1.1","0.0","0.005","verified","1004","g","","","0.0","","","5e-05","missing_in_reference","","","","","0.0","","","5e-05","missing_in_reference","","","","","0.009","0.009","0.0","5e-05","verified","1093","g","mg","","89.7","verified_with_gaps","macro_gap:fiber_g,sugar_g"
"170479","Beets (Harvard, Canned)","SR Legacy","sr_legacy","SR Legacy 2021-10-28","4/1/2019","True","True","73.0","73.0","0.0","0.05","verified","1008","kcal","","76.62","0.84","0.84","0.0","0.0005","verified","1003","g","","","18.18","18.2","-0.02","0.05","verified","1005","g","","","0.06","0.06","0.0","5e-05","verified","1004","g","","","2.5","2.5","0.0","0.005","verified","1079","g","","","0.0","","","5e-05","missing_in_reference","","","","","0.162","0.162","0.0","0.0005","verified","1093","g","mg","","76.62","verified_with_gaps","macro_gap:sugar_g"
"170480","Beets (Pickled, Canned)","SR Legacy","sr_legacy","SR Legacy 2021-10-28","4/1/2019","True","True","65.0","65.0","0.0","0.05","verified","1008","kcal","","69.04","0.8","0.8","0.0","0.0005","verified","1003","g","","","16.28","16.3","-0.02","0.05","verified","1005","g","","","0.08","0.08","0.0","5e-05","verified","1004","g","","","0.8","0.8","0.0","0.0005","verified","1079","g","","","11.0","11.0","0.0","0.05","verified","2000","g","","","0.149","0.149","0.0","0.0005","verified","1093","g","mg","","69.04","verified",""
"170481","Borage (Raw)","SR Legacy","sr_legacy","SR Legacy 2021-10-28","4/1/2019","True","True","21.0","21.0","0.0","0.05","verified","1008","kcal","","25.74","1.8","1.8","0.0","0.005","verified","1003","g","","","3.06","3.06","0.0","0.005","verified","1005","g","","","0.7","0.7","0.0","0.0005","verified","1004","g","","","0.0","","","5e-05","missing_in_reference","","","","","0.0","","","5e-05","missing_in_reference","","","","","0.08","0.08","0.0","5e-05","verified","1093","g","mg","","25.74","verified_with_gaps","macro_gap:fiber_g,sugar_g"
"170485","Leeks (Freeze-Dried)","SR Legacy","sr_legacy","SR Legacy 2021-10-28","4/1/2019","True","True","321.0","321.0","0.0","0.5","verified","1008","kcal","","378.1","15.2","15.2","0.0","0.05","verified","1003","g","","","74.6","74.6","0.0","0.05","verified","1005","g","","","2.1","2.1","0.0","0.005","verified","1004","g","","","10.4","10.4","0.0","0.05","verified","1079","g","","","0.0","","","5e-05","missing_in_reference","","","","","0.035","0.035","0.0","5e-05","verified","1093","g","mg","","378.1","verified_with_gaps","macro_gap:sugar_g"
"170486","Parsley (Freeze-dried)","SR Legacy","sr_legacy","SR Legacy 2021-10-28","4/1/2019","True","True","271.0","271.0","0.0","0.5","verified","1008","kcal","","341.52","31.3","31.3","0.0","0.05","verified","1003","g","","","42.38","42.4","-0.02","0.05","verified","1005","g","","","5.2","5.2","0.0","0.005","verified","1004","g","","","32.7","32.7","0.0","0.05","verified","1079","g","","","0.0","","","5e-05","missing_in_reference","","","","","0.391","0.391","0.0","0.0005","verified","1093","g","mg","","341.52","verified_with_gaps","macro_gap:sugar_g"
"170491","Carrot Juice (Canned)","SR Legacy","sr_legacy","SR Legacy 2021-10-28","4/1/2019","True","True","40.0","40.0","0.0","0.05","verified","1008","kcal","","42.27","0.95","0.95","0.0","0.0005","verified","1003","g","","","9.28","9.28","0.0","0.005","verified","1005","g","","","0.15","0.15","0.0","0.0005","verified","1004","g","","","0.8","0.8","0.0","0.0005","verified","1079","g","","","3.91","3.91","0.0","0.005","verified","2000","g","","","0.066","0.066","0.0","5e-05","verified","1093","g","mg","","42.27","verified",""
"170494","Spinach Souffle","SR Legacy","sr_legacy","SR Legacy 2021-10-28","4/1/2019","True","True","172.0","172.0","0.0","0.5","verified","1008","kcal","","172.16","7.89","7.89","0.0","0.005","verified","1003","g","","","5.9","5.9","0.0","0.005","verified","1005","g","","","13.0","13.0","0.0","0.05","verified","1004","g","","","0.7","0.7","0.0","0.0005","verified","1079","g","","","1.85","1.85","0.0","0.005","verified","2000","g","","","0.566","0.566","0.0","0.0005","verified","1093","g","mg","","172.16","verified",""
"170496","Wakame Seaweed (Raw)","SR Legacy","sr_legacy","SR Legacy 2021-10-28","4/1/2019","True","True","45.0","45.0","0.0","0.05","verified","1008","kcal","","54.44","3.03","3.03","0.0","0.005","verified","1003","g","","","9.14","9.14","0.0","0.005","verified","1005","g","","","0.64","0.64","0.0","0.0005","verified","1004","g","","","0.5","0.5","0.0","0.0005","verified","1079","g","","","0.65","0.65","0.0","0.0005","verified","2000","g","","","0.872","0.872","0.0","0.0005","verified","1093","g","mg","","54.44","verified",""
"170499","Shallots (Raw)","SR Legacy","sr_legacy","SR Legacy 2021-10-28","4/1/2019","True","True","72.0","72.0","0.0","0.05","verified","1008","kcal","","78.1","2.5","2.5","0.0","0.005","verified","1003","g","","","16.8","16.8","0.0","0.05","verified","1005","g","","","0.1","0.1","0.0","0.0005","verified","1004","g","","","3.2","3.2","0.0","0.005","verified","1079","g","","","7.87","7.87","0.0","0.005","verified","2000","g","","","0.012","0.012","0.0","5e-05","verified","1093","g","mg","","78.1","verified",""
"170500","Carrot (Dehydrated)","SR Legacy","sr_legacy","SR Legacy 2021-10-28","4/1/2019","True","True","341.0","341.0","0.0","0.5","verified","1008","kcal","","364.09","8.1","8.1","0.0","0.005","verified","1003","g","","","79.57","79.6","-0.03","0.05","verified","1005","g","","","1.49","1.49","0.0","0.005","verified","1004","g","","","23.6","23.6","0.0","0.05","verified","1079","g","","","38.82","38.8","0.02","0.05","verified","2000","g","","","0.275","0.275","0.0","0.0005","verified","1093","g","mg","","364.09","verified",""
"170501","Tomatoes (Crushed, Canned)","SR Legacy","sr_legacy","SR Legacy 2021-10-28","4/1/2019","True","True","32.0","32.0","0.0","0.05","verified","1008","kcal","","38.24","1.64","1.64","0.0","0.005","verified","1003","g","","","7.29","7.29","0.0","0.005","verified","1005","g","","","0.28","0.28","0.0","0.0005","verified","1004","g","","","1.9","1.9","0.0","0.005","verified","1079","g","","","4.4","4.4","0.0","0.005","verified","2000","g","","","0.186","0.186","0.0","0.0005","verified","1093","g","mg","","38.24","verified",""
"170502","Orange Tomatoes (Raw)","SR Legacy","sr_legacy","SR Legacy 2021-10-28","4/1/2019","True","True","16.0","16.0","0.0","0.05","verified","1008","kcal","","19.07","1.16","1.16","0.0","0.005","verified","1003","g","","","3.18","3.18","0.0","0.005","verified","1005","g","","","0.19","0.19","0.0","0.0005","verified","1004","g","","","0.9","0.9","0.0","0.0005","verified","1079","g","","","0.0","","","5e-05","missing_in_reference","","","","","0.042","0.042","0.0","5e-05","verified","1093","g","mg","","19.07","verified_with_gaps","macro_gap:sugar_g"
"170507","Onions (Frozen Whole, Cooked)","SR Legacy","sr_legacy","SR Legacy 2021-10-28","4/1/2019","True","True","26.0","26.0","0.0","0.05","verified","1008","kcal","","27.73","0.71","0.71","0.0","0.0005","verified","1003","g","","","6.11","6.11","0.0","0.005","verified","1005","g","","","0.05","0.05","0.0","5e-05","verified","1004","g","","","1.4","1.4","0.0","0.005","verified","1079","g","","","2.9","2.9","0.0","0.005","verified","2000","g","","","0.244","0.244","0.0","0.0005","verified","1093","g","mg","","27.73","verified",""
"170513","Peas and Carrots (Frozen, Cooked)","SR Legacy","sr_legacy","SR Legacy 2021-10-28","4/1/2019","True","True","48.0","48.0","0.0","0.05","verified","1008","kcal","","56.62","3.09","3.09","0.0","0.005","verified","1003","g","","","10.12","10.1","0.02","0.05","verified","1005","g","","","0.42","0.42","0.0","0.0005","verified","1004","g","","","3.1","3.1","0.0","0.005","verified","1079","g","","","4.36","4.36","0.0","0.005","verified","2000","g","","","0.304","0.304","0.0","0.0005","verified","1093","g","mg","","56.62","verified",""
"170514","Peas and Onions (Frozen, Cooked)","SR Legacy","sr_legacy","SR Legacy 2021-10-28","4/1/2019","True","True","45.0","45.0","0.0","0.05","verified","1008","kcal","","46.48","2.54","2.54","0.0","0.005","verified","1003","g","","","8.63","8.63","0.0","0.005","verified","1005","g","","","0.2","0.2","0.0","0.0005","verified","1004","g","","","2.2","2.2","0.0","0.005","verified","1079","g","","","3.77","3.77","0.0","0.005","verified","2000","g","","","0.273","0.273","0.0","0.0005","verified","1093","g","mg","","46.48","verified",""
"170542","Sweet Potato (Frozen, Cooked)","SR Legacy","sr_legacy","SR Legacy 2021-10-28","4/1/2019","True","True","100.0","100.0","0.0","0.5","verified","1008","kcal","","101.52","1.71","1.71","0.0","0.005","verified","1003","g","","","23.4","23.4","0.0","0.05","verified","1005","g","","","0.12","0.12","0.0","0.0005","verified","1004","g","","","1.8","1.8","0.0","0.005","verified","1079","g","","","0.0","","","5e-05","missing_in_reference","","","","","0.244","0.244","0.0","0.0005","verified","1093","g","mg","","101.52","verified_with_gaps","macro_gap:sugar_g"
"170546","Tomato Puree (Canned, Salted)","SR Legacy","sr_legacy","SR Legacy 2021-10-28","4/1/2019","True","True","38.0","38.0","0.0","0.05","verified","1008","kcal","","44.41","1.65","1.65","0.0","0.005","verified","1003","g","","","8.98","8.98","0.0","0.005","verified","1005","g","","","0.21","0.21","0.0","0.0005","verified","1004","g","","","1.9","1.9","0.0","0.005","verified","1079","g","","","4.83","4.83","0.0","0.005","verified","2000","g","","","0.202","0.202","0.0","0.0005","verified","1093","g","mg","","44.41","verified",""
"170550","Winged Bean Seeds (Immature, Cooked)","SR Legacy","sr_legacy","SR Legacy 2021-10-28","4/1/2019","True","True","37.0","37.0","0.0","0.05","verified","1008","kcal","","40.02","5.31","5.31","0.0","0.005","verified","1003","g","","","3.21","3.21","0.0","0.005","verified","1005","g","","","0.66","0.66","0.0","0.0005","verified","1004","g","","","0.0","","","5e-05","missing_in_reference","","","","","0.0","","","5e-05","missing_in_reference","","","","","0.24","0.24","0.0","0.0005","verified","1093","g","mg","","40.02","verified_with_gaps","macro_gap:fiber_g,sugar_g"
"170552","Breadnut Seeds (Raw)","SR Legacy","sr_legacy","SR Legacy 2021-10-28","4/1/2019","True","True","217.0","217.0","0.0","0.5","verified","1008","kcal","","217.91","5.97","5.97","0.0","0.005","verified","1003","g","","","46.28","46.3","-0.02","0.05","verified","1005","g","","","0.99","0.99","0.0","0.0005","verified","1004","g","","","0.0","","","5e-05","missing_in_reference","","","","","0.0","","","5e-05","missing_in_reference","","","","","0.031","0.031","0.0","5e-05","verified","1093","g","mg","","217.91","verified_with_gaps","macro_gap:fiber_g,sugar_g"
"170553","Breadnut Seeds (Dried)","SR Legacy","sr_legacy","SR Legacy 2021-10-28","4/1/2019","True","True","367.0","367.0","0.0","0.5","verified","1008","kcal","","367.16","8.62","8.62","0.0","0.005","verified","1003","g","","","79.39","79.4","-0.01","0.05","verified","1005","g","","","1.68","1.68","0.0","0.005","verified","1004","g","","","14.9","14.9","0.0","0.05","verified","1079","g","","","0.0","","","5e-05","missing_in_reference","","","","","0.053","0.053","0.0","5e-05","verified","1093","g","mg","","367.16","verified_with_gaps","macro_gap:sugar_g"
"170554","Chia Seeds (Dried)","SR Legacy","sr_legacy","SR Legacy 2021-10-28","4/1/2019","True","True","486.0","486.0","0.0","0.5","verified","1008","kcal","","511.3","16.54","16.5","0.04","0.05","verified","1003","g","","","42.12","42.1","0.02","0.05","verified","1005","g","","","30.74","30.7","0.04","0.05","verified","1004","g","","","34.4","34.4","0.0","0.05","verified","1079","g","","","0.0","","","5e-05","missing_in_reference","","","","","0.016","0.016","0.0","5e-05","verified","1093","g","mg","","511.3","verified_with_gaps","macro_gap:sugar_g"
"170556","Pumpkin and Squash Seed Kernels (Dried)","SR Legacy","sr_legacy","SR Legacy 2021-10-28","4/1/2019","True","True","559.0","559.0","0.0","0.5","verified","1008","kcal","","605.21","30.23","30.2","0.03","0.05","verified","1003","g","","","10.71","10.7","0.01","0.05","verified","1005","g","","","49.05","49.0","0.05","0.05","verified","1004","g","","","6.0","6.0","0.0","0.005","verified","1079","g","","","1.4","1.4","0.0","0.005","verified","2000","g","","","0.007","0.007","0.0","5e-05","verified","1093","g","mg","","605.21","verified",""
"170557","Pumpkin Seeds (Roasted, Unsalted)","SR Legacy","sr_legacy","SR Legacy 2021-10-28","4/1/2019","True","True","574.0","574.0","0.0","0.5","verified","1008","kcal","","619.65","29.84","29.8","0.04","0.05","verified","1003","g","","","14.71","14.7","0.01","0.05","verified","1005","g","","","49.05","49.0","0.05","0.05","verified","1004","g","","","6.5","6.5","0.0","0.005","verified","1079","g","","","1.29","1.29","0.0","0.005","verified","2000","g","","","0.018","0.018","0.0","5e-05","verified","1093","g","mg","","619.65","verified",""
"170558","Safflower Seed Kernels (Dried)","SR Legacy","sr_legacy","SR Legacy 2021-10-28","4/1/2019","True","True","517.0","517.0","0.0","0.5","verified","1008","kcal","","547.48","16.18","16.2","-0.02","0.05","verified","1003","g","","","34.29","34.3","-0.01","0.05","verified","1005","g","","","38.4","38.4","0.0","0.05","verified","1004","g","","","0.0","","","5e-05","missing_in_reference","","","","","0.0","","","5e-05","missing_in_reference","","","","","0.003","0.003","0.0","5e-05","verified","1093","g","mg","","547.48","verified_with_gaps","macro_gap:fiber_g,sugar_g"
"170559","Safflower Seed Meal","SR Legacy","sr_legacy","SR Legacy 2021-10-28","4/1/2019","True","True","342.0","342.0","0.0","0.5","verified","1008","kcal","","358.91","35.62","35.6","0.02","0.05","verified","1003","g","","","48.73","48.7","0.03","0.05","verified","1005","g","","","2.39","2.39","0.0","0.005","verified","1004","g","","","0.0","","","5e-05","missing_in_reference","","","","","0.0","","","5e-05","missing_in_reference","","","","","0.003","0.003","0.0","5e-05","verified","1093","g","mg","","358.91","verified_with_gaps","macro_gap:fiber_g,sugar_g"
"170560","Sesame Flour (Low-Fat)","SR Legacy","sr_legacy","SR Legacy 2021-10-28","4/1/2019","True","True","333.0","333.0","0.0","0.5","verified","1008","kcal","","358.35","50.14","50.1","0.04","0.05","verified","1003","g","","","35.51","35.5","0.01","0.05","verified","1005","g","","","1.75","1.75","0.0","0.005","verified","1004","g","","","0.0","","","5e-05","missing_in_reference","","","","","0.0","","","5e-05","missing_in_reference","","","","","0.039","0.039","0.0","5e-05","verified","1093","g","mg","","358.35","verified_with_gaps","macro_gap:fiber_g,sugar_g"
"170561","Sesame Meal (Partially Defatted)","SR Legacy","sr_legacy","SR Legacy 2021-10-28","4/1/2019","True","True","567.0","567.0","0.0","0.5","verified","1008","kcal","","604.0","16.96","17.0","-0.04","0.05","verified","1003","g","","","26.04","26.0","0.04","0.05","verified","1005","g","","","48.0","48.0","0.0","0.05","verified","1004","g","","","0.0","","","5e-05","missing_in_reference","","","","","0.0","","","5e-05","missing_in_reference","","","","","0.039","0.039","0.0","5e-05","verified","1093","g","mg","","604.0","verified_with_gaps","macro_gap:fiber_g,sugar_g"
"170562","Sunflower Kernels (Dried)","SR Legacy","sr_legacy","SR Legacy 2021-10-28","4/1/2019","True","True","584.0","584.0","0.0","0.5","verified","1008","kcal","","626.26","20.78","20.8","-0.02","0.05","verified","1003","g","","","20.0","20.0","0.0","0.05","verified","1005","g","","","51.46","51.5","-0.04","0.05","verified","1004","g","","","8.6","8.6","0.0","0.005","verified","1079","g","","","2.62","2.62","0.0","0.005","verified","2000","g","","","0.009","0.009","0.0","5e-05","verified","1093","g","mg","","626.26","verified",""
"170563","Sunflower Kernels (Dry Roasted)","SR Legacy","sr_legacy","SR Legacy 2021-10-28","4/1/2019","True","True","582.0","582.0","0.0","0.5","verified","1008","kcal","","621.8","19.33","19.3","0.03","0.05","verified","1003","g","","","24.07","24.1","-0.03","0.05","verified","1005","g","","","49.8","49.8","0.0","0.05","verified","1004","g","","","11.1","11.1","0.0","0.05","verified","1079","g","","","2.73","2.73","0.0","0.005","verified","2000","g","","","0.003","0.003","0.0","5e-05","verified","1093","g","mg","","621.8","verified",""
"170565","Acorns (Dried)","SR Legacy","sr_legacy","SR Legacy 2021-10-28","4/1/2019","True","True","509.0","509.0","0.0","0.5","verified","1008","kcal","","529.73","8.1","8.1","0.0","0.005","verified","1003","g","","","53.66","53.7","-0.04","0.05","verified","1005","g","","","31.41","31.4","0.01","0.05","verified","1004","g","","","0.0","","","5e-05","missing_in_reference","","","","","0.0","","","5e-05","missing_in_reference","","","","","0.0","0.0","0.0","5e-05","genuine_zero","1093","g","mg","","529.73","verified_with_gaps","macro_gap:fiber_g,sugar_g"
"170566","Acorn Flour (Full Fat)","SR Legacy","sr_legacy","SR Legacy 2021-10-28","4/1/2019","True","True","501.0","501.0","0.0","0.5","verified","1008","kcal","","520.09","7.49","7.49","0.0","0.005","verified","1003","g","","","54.65","54.6","0.05","0.05","verified","1005","g","","","30.17","30.2","-0.03","0.05","verified","1004","g","","","0.0","","","5e-05","missing_in_reference","","","","","0.0","","","5e-05","missing_in_reference","","","","","0.0","0.0","0.0","5e-05","genuine_zero","1093","g","mg","","520.09","verified_with_gaps","macro_gap:fiber_g,sugar_g"
"170568","Blanched Almonds","SR Legacy","sr_legacy","SR Legacy 2021-10-28","4/1/2019","True","True","590.0","590.0","0.0","0.5","verified","1008","kcal","","632.96","21.4","21.4","0.0","0.05","verified","1003","g","","","18.67","18.7","-0.03","0.05","verified","1005","g","","","52.52","52.5","0.02","0.05","verified","1004","g","","","9.9","9.9","0.0","0.005","verified","1079","g","","","4.63","4.63","0.0","0.005","verified","2000","g","","","0.019","0.019","0.0","5e-05","verified","1093","g","mg","","632.96","verified",""
"170569","Brazil Nuts (Dried, Unblanched)","SR Legacy","sr_legacy","SR Legacy 2021-10-28","4/1/2019","True","True","659.0","659.0","0.0","0.5","verified","1008","kcal","","708.14","14.32","14.3","0.02","0.05","verified","1003","g","","","11.74","11.7","0.04","0.05","verified","1005","g","","","67.1","67.1","0.0","0.05","verified","1004","g","","","7.5","7.5","0.0","0.005","verified","1079","g","","","2.33","2.33","0.0","0.005","verified","2000","g","","","0.003","0.003","0.0","5e-05","verified","1093","g","mg","","708.14","verified",""
"170570","Butternuts (Dried)","SR Legacy","sr_legacy","SR Legacy 2021-10-28","4/1/2019","True","True","612.0","612.0","0.0","0.5","verified","1008","kcal","","660.42","24.9","24.9","0.0","0.05","verified","1003","g","","","12.0","12.0","0.0","0.05","verified","1005","g","","","56.98","57.0","-0.02","0.05","verified","1004","g","","","4.7","4.7","0.0","0.005","verified","1079","g","","","0.0","","","5e-05","missing_in_reference","","","","","0.001","0.001","0.0","5e-05","verified","1093","g","mg","","660.42","verified_with_gaps","macro_gap:sugar_g"
"170575","Chestnuts (European, Raw, Peeled)","SR Legacy","sr_legacy","SR Legacy 2021-10-28","4/1/2019","True","True","196.0","196.0","0.0","0.5","verified","1008","kcal","","194.45","1.63","1.63","0.0","0.005","verified","1003","g","","","44.17","44.2","-0.03","0.05","verified","1005","g","","","1.25","1.25","0.0","0.005","verified","1004","g","","","0.0","","","5e-05","missing_in_reference","","","","","0.0","","","5e-05","missing_in_reference","","","","","0.002","0.002","0.0","5e-05","verified","1093","g","mg","","194.45","verified_with_gaps","macro_gap:fiber_g,sugar_g"
"170580","Coconut Cream (Raw)","SR Legacy","sr_legacy","SR Legacy 2021-10-28","4/1/2019","True","True","330.0","330.0","0.0","0.5","verified","1008","kcal","","353.24","3.63","3.63","0.0","0.005","verified","1003","g","","","6.65","6.65","0.0","0.005","verified","1005","g","","","34.68","34.7","-0.02","0.05","verified","1004","g","","","2.2","2.2","0.0","0.005","verified","1079","g","","","0.0","","","5e-05","missing_in_reference","","","","","0.004","0.004","0.0","5e-05","verified","1093","g","mg","","353.24","verified_with_gaps","macro_gap:sugar_g"
"170582","Blanched Hazelnuts","SR Legacy","sr_legacy","SR Legacy 2021-10-28","4/1/2019","True","True","629.0","629.0","0.0","0.5","verified","1008","kcal","","673.6","13.7","13.7","0.0","0.05","verified","1003","g","","","17.0","17.0","0.0","0.05","verified","1005","g","","","61.2","61.2","0.0","0.05","verified","1004","g","","","11.0","11.0","0.0","0.05","verified","1079","g","","","3.49","3.49","0.0","0.005","verified","2000","g","","","0.0","0.0","0.0","5e-05","genuine_zero","1093","g","mg","","673.6","verified",""
"170583","Hazelnuts (Dry Roasted, Unsalted)","SR Legacy","sr_legacy","SR Legacy 2021-10-28","4/1/2019","True","True","646.0","646.0","0.0","0.5","verified","1008","kcal","","692.12","15.03","15.0","0.03","0.05","verified","1003","g","","","17.6","17.6","0.0","0.05","verified","1005","g","","","62.4","62.4","0.0","0.05","verified","1004","g","","","9.4","9.4","0.0","0.005","verified","1079","g","","","4.89","4.89","0.0","0.005","verified","2000","g","","","0.0","0.0","0.0","5e-05","genuine_zero","1093","g","mg","","692.12","verified",""
"170584","Ginkgo Nuts (Raw)","SR Legacy","sr_legacy","SR Legacy 2021-10-28","4/1/2019","True","True","182.0","182.0","0.0","0.5","verified","1008","kcal","","182.8","4.32","4.32","0.0","0.005","verified","1003","g","","","37.6","37.6","0.0","0.05","verified","1005","g","","","1.68","1.68","0.0","0.005","verified","1004","g","","","0.0","","","5e-05","missing_in_reference","","","","","0.0","","","5e-05","missing_in_reference","","","","","0.007","0.007","0.0","5e-05","verified","1093","g","mg","","182.8","verified_with_gaps","macro_gap:fiber_g,sugar_g"
"170590","Pilinuts (Dried)","SR Legacy","sr_legacy","SR Legacy 2021-10-28","4/1/2019","True","True","719.0","719.0","0.0","0.5","verified","1008","kcal","","775.07","10.8","10.8","0.0","0.05","verified","1003","g","","","3.98","3.98","0.0","0.005","verified","1005","g","","","79.55","79.6","-0.05","0.05","verified","1004","g","","","0.0","","","5e-05","missing_in_reference","","","","","0.0","","","5e-05","missing_in_reference","","","","","0.003","0.003","0.0","5e-05","verified","1093","g","mg","","775.07","verified_with_gaps","macro_gap:fiber_g,sugar_g"
"170591","Pine Nuts (Dried)","SR Legacy","sr_legacy","SR Legacy 2021-10-28","4/1/2019","True","True","673.0","673.0","0.0","0.5","verified","1008","kcal","","722.41","13.69","13.7","-0.01","0.05","verified","1003","g","","","13.08","13.1","-0.02","0.05","verified","1005","g","","","68.37","68.4","-0.03","0.05","verified","1004","g","","","3.7","3.7","0.0","0.005","verified","1079","g","","","3.59","3.59","0.0","0.005","verified","2000","g","","","0.002","0.002","0.0","5e-05","verified","1093","g","mg","","722.41","verified",""
"170592","Pinyon Pine Nuts (Dried)","SR Legacy","sr_legacy","SR Legacy 2021-10-28","4/1/2019","True","True","629.0","629.0","0.0","0.5","verified","1008","kcal","","672.3","11.57","11.6","-0.03","0.05","verified","1003","g","","","19.3","19.3","0.0","0.05","verified","1005","g","","","60.98","61.0","-0.02","0.05","verified","1004","g","","","10.7","10.7","0.0","0.05","verified","1079","g","","","0.0","","","5e-05","missing_in_reference","","","","","0.072","0.072","0.0","5e-05","verified","1093","g","mg","","672.3","verified_with_gaps","macro_gap:sugar_g"
"170594","Walnuts (Dry Roasted, Salted)","SR Legacy","sr_legacy","SR Legacy 2021-10-28","4/1/2019","True","True","643.0","643.0","0.0","0.5","verified","1008","kcal","","674.99","14.29","14.3","-0.01","0.05","verified","1003","g","","","17.86","17.9","-0.04","0.05","verified","1005","g","","","60.71","60.7","0.01","0.05","verified","1004","g","","","7.1","7.1","0.0","0.005","verified","1079","g","","","3.57","3.57","0.0","0.005","verified","2000","g","","","0.643","0.643","0.0","0.0005","verified","1093","g","mg","","674.99","verified",""
"170596","Cottonseed Kernels","SR Legacy","sr_legacy","SR Legacy 2021-10-28","4/1/2019","True","True","506.0","506.0","0.0","0.5","verified","1008","kcal","","544.57","32.59","32.6","-0.01","0.05","verified","1003","g","","","21.9","21.9","0.0","0.05","verified","1005","g","","","36.29","36.3","-0.01","0.05","verified","1004","g","","","5.5","5.5","0.0","0.005","verified","1079","g","","","0.0","","","5e-05","missing_in_reference","","","","","0.025","0.025","0.0","5e-05","verified","1093","g","mg","","544.57","verified_with_gaps","macro_gap:sugar_g"
"170682","Amaranth Grain (Dry)","SR Legacy","sr_legacy","SR Legacy 2021-10-28","4/1/2019","True","True","371.0","371.0","0.0","0.5","verified","1008","kcal","","378.42","13.56","13.6","-0.04","0.05","verified","1003","g","","","65.25","65.2","0.05","0.05","verified","1005","g","","","7.02","7.02","0.0","0.005","verified","1004","g","","","6.7","6.7","0.0","0.005","verified","1079","g","","","1.69","1.69","0.0","0.005","verified","2000","g","","","0.004","0.004","0.0","5e-05","verified","1093","g","mg","","378.42","verified",""
"170684","Arrowroot Flour","SR Legacy","sr_legacy","SR Legacy 2021-10-28","4/1/2019","True","True","357.0","357.0","0.0","0.5","verified","1008","kcal","","354.7","0.3","0.3","0.0","0.0005","verified","1003","g","","","88.15","88.2","-0.05","0.05","verified","1005","g","","","0.1","0.1","0.0","0.0005","verified","1004","g","","","3.4","3.4","0.0","0.005","verified","1079","g","","","0.0","","","5e-05","missing_in_reference","","","","","0.002","0.002","0.0","5e-05","verified","1093","g","mg","","354.7","verified_with_gaps","macro_gap:sugar_g"
"170685","Buckwheat Groats (Roasted, Dry)","SR Legacy","sr_legacy","SR Legacy 2021-10-28","4/1/2019","True","True","346.0","346.0","0.0","0.5","verified","1008","kcal","","371.11","11.73","11.7","0.03","0.05","verified","1003","g","","","74.95","75.0","-0.05","0.05","verified","1005","g","","","2.71","2.71","0.0","0.005","verified","1004","g","","","10.3","10.3","0.0","0.05","verified","1079","g","","","0.0","","","5e-05","missing_in_reference","","","","","0.011","0.011","0.0","5e-05","verified","1093","g","mg","","371.11","verified_with_gaps","macro_gap:sugar_g"
"170686","Buckwheat Groats (Roasted, Cooked)","SR Legacy","sr_legacy","SR Legacy 2021-10-28","4/1/2019","True","True","92.0","92.0","0.0","0.05","verified","1008","kcal","","98.86","3.38","3.38","0.0","0.005","verified","1003","g","","","19.94","19.9","0.04","0.05","verified","1005","g","","","0.62","0.62","0.0","0.0005","verified","1004","g","","","2.7","2.7","0.0","0.005","verified","1079","g","","","0.9","0.9","0.0","0.0005","verified","2000","g","","","0.004","0.004","0.0","5e-05","verified","1093","g","mg","","98.86","verified",""
"170687","Buckwheat Flour (Whole Groat)","SR Legacy","sr_legacy","SR Legacy 2021-10-28","4/1/2019","True","True","335.0","335.0","0.0","0.5","verified","1008","kcal","","360.74","12.62","12.6","0.02","0.05","verified","1003","g","","","70.59","70.6","-0.01","0.05","verified","1005","g","","","3.1","3.1","0.0","0.005","verified","1004","g","","","10.0","10.0","0.0","0.05","verified","1079","g","","","2.6","2.6","0.0","0.005","verified","2000","g","","","0.011","0.011","0.0","5e-05","verified","1093","g","mg","","360.74","verified",""
"170688","Bulgur (Dry)","SR Legacy","sr_legacy","SR Legacy 2021-10-28","4/1/2019","True","True","342.0","342.0","0.0","0.5","verified","1008","kcal","","364.61","12.29","12.3","-0.01","0.05","verified","1003","g","","","75.87","75.9","-0.03","0.05","verified","1005","g","","","1.33","1.33","0.0","0.005","verified","1004","g","","","12.5","12.5","0.0","0.05","verified","1079","g","","","0.41","0.41","0.0","0.0005","verified","2000","g","","","0.017","0.017","0.0","5e-05","verified","1093","g","mg","","364.61","verified",""
"170800","Beef Chuck Country-Style Ribs (Raw, Lean)","SR Legacy","sr_legacy","SR Legacy 2021-10-28","4/1/2019","True","True","152.0","152.0","0.0","0.5","verified","1008","kcal","","152.51","20.87","20.9","-0.03","0.05","verified","1003","g","","","0.0","0.0","0.0","5e-05","genuine_zero","1005","g","","","7.67","7.67","0.0","0.005","verified","1004","g","","","0.0","0.0","0.0","5e-05","genuine_zero","1079","g","","","0.0","0.0","0.0","5e-05","genuine_zero","2000","g","","","0.081","0.081","0.0","5e-05","verified","1093","g","mg","","152.51","verified",""
"170802","Beef Chuck Eye Steak (Raw, Lean)","SR Legacy","sr_legacy","SR Legacy 2021-10-28","4/1/2019","True","True","160.0","160.0","0.0","0.5","verified","1008","kcal","","159.85","21.31","21.3","0.01","0.05","verified","1003","g","","","0.0","0.0","0.0","5e-05","genuine_zero","1005","g","","","8.29","8.29","0.0","0.005","verified","1004","g","","","0.0","0.0","0.0","5e-05","genuine_zero","1079","g","","","0.0","0.0","0.0","5e-05","genuine_zero","2000","g","","","0.07","0.07","0.0","5e-05","verified","1093","g","mg","","159.85","verified",""
"170837","Beef Ribeye Roast (Cooked, Lean)","SR Legacy","sr_legacy","SR Legacy 2021-10-28","4/1/2019","True","True","219.0","219.0","0.0","0.5","verified","1008","kcal","","218.73","27.03","27.0","0.03","0.05","verified","1003","g","","","0.0","0.0","0.0","5e-05","genuine_zero","1005","g","","","12.29","12.3","-0.01","0.05","verified","1004","g","","","0.0","0.0","0.0","5e-05","genuine_zero","1079","g","","","0.0","0.0","0.0","5e-05","genuine_zero","2000","g","","","0.07","0.07","0.0","5e-05","verified","1093","g","mg","","218.73","verified",""
"170838","Beef Ribeye Roast (Raw, Lean)","SR Legacy","sr_legacy","SR Legacy 2021-10-28","4/1/2019","True","True","155.0","155.0","0.0","0.5","verified","1008","kcal","","155.36","21.65","21.6","0.05","0.05","verified","1003","g","","","0.0","0.0","0.0","5e-05","genuine_zero","1005","g","","","7.64","7.64","0.0","0.005","verified","1004","g","","","0.0","0.0","0.0","5e-05","genuine_zero","1079","g","","","0.0","0.0","0.0","5e-05","genuine_zero","2000","g","","","0.063","0.063","0.0","5e-05","verified","1093","g","mg","","155.36","verified",""
"170843","Cheese (Fontina)","SR Legacy","sr_legacy","SR Legacy 2021-10-28","4/1/2019","True","True","389.0","389.0","0.0","0.5","verified","1008","kcal","","388.86","25.6","25.6","0.0","0.05","verified","1003","g","","","1.55","1.55","0.0","0.005","verified","1005","g","","","31.14","31.1","0.04","0.05","verified","1004","g","","","0.0","0.0","0.0","5e-05","genuine_zero","1079","g","","","1.55","1.55","0.0","0.005","verified","2000","g","","","0.8","0.8","0.0","0.0005","verified","1093","g","mg","","388.86","verified",""
"170844","Cheese (Monterey)","SR Legacy","sr_legacy","SR Legacy 2021-10-28","4/1/2019","True","True","373.0","373.0","0.0","0.5","verified","1008","kcal","","373.16","24.48","24.5","-0.02","0.05","verified","1003","g","","","0.68","0.68","0.0","0.0005","verified","1005","g","","","30.28","30.3","-0.02","0.05","verified","1004","g","","","0.0","0.0","0.0","5e-05","genuine_zero","1079","g","","","0.5","0.5","0.0","0.0005","verified","2000","g","","","0.6","0.6","0.0","0.0005","verified","1093","g","mg","","373.16","verified",""
"170848","Cheese (Parmesan, Hard)","SR Legacy","sr_legacy","SR Legacy 2021-10-28","4/1/2019","True","True","392.0","392.0","0.0","0.5","verified","1008","kcal","","380.88","35.75","35.8","-0.05","0.05","verified","1003","g","","","3.22","3.22","0.0","0.005","verified","1005","g","","","25.0","25.0","0.0","0.05","verified","1004","g","","","0.0","0.0","0.0","5e-05","genuine_zero","1079","g","","","0.11","0.11","0.0","0.0005","verified","2000","g","","","1.175","1.18","-0.005","0.005","verified","1093","g","mg","","380.88","verified",""
"170849","Cheese (Port-Salut)","SR Legacy","sr_legacy","SR Legacy 2021-10-28","4/1/2019","True","True","352.0","352.0","0.0","0.5","verified","1008","kcal","","351.2","23.78","23.8","-0.02","0.05","verified","1003","g","","","0.57","0.57","0.0","0.0005","verified","1005","g","","","28.2","28.2","0.0","0.05","verified","1004","g","","","0.0","0.0","0.0","5e-05","genuine_zero","1079","g","","","0.57","0.57","0.0","0.0005","verified","2000","g","","","0.534","0.534","0.0","0.0005","verified","1093","g","mg","","351.2","verified",""
"170850","Cheese (Provolone)","SR Legacy","sr_legacy","SR Legacy 2021-10-28","4/1/2019","True","True","351.0","351.0","0.0","0.5","verified","1008","kcal","","350.46","25.58","25.6","-0.02","0.05","verified","1003","g","","","2.14","2.14","0.0","0.005","verified","1005","g","","","26.62","26.6","0.02","0.05","verified","1004","g","","","0.0","0.0","0.0","5e-05","genuine_zero","1079","g","","","0.56","0.56","0.0","0.0005","verified","2000","g","","","0.727","0.727","0.0","0.0005","verified","1093","g","mg","","350.46","verified",""
"170851","Cheese (Ricotta, Whole Milk)","SR Legacy","sr_legacy","SR Legacy 2021-10-28","4/1/2019","True","True","150.0","150.0","0.0","0.5","verified","1008","kcal","","150.86","7.54","7.54","0.0","0.005","verified","1003","g","","","7.27","7.27","0.0","0.005","verified","1005","g","","","10.18","10.2","-0.02","0.05","verified","1004","g","","","0.0","0.0","0.0","5e-05","genuine_zero","1079","g","","","0.27","0.27","0.0","0.0005","verified","2000","g","","","0.11","0.11","0.0","0.0005","verified","1093","g","mg","","150.86","verified",""
"170852","Cheese (Tilsit)","SR Legacy","sr_legacy","SR Legacy 2021-10-28","4/1/2019","True","True","340.0","340.0","0.0","0.5","verified","1008","kcal","","338.98","24.41","24.4","0.01","0.05","verified","1003","g","","","1.88","1.88","0.0","0.005","verified","1005","g","","","25.98","26.0","-0.02","0.05","verified","1004","g","","","0.0","0.0","0.0","5e-05","genuine_zero","1079","g","","","0.0","","","5e-05","missing_in_reference","","","","","0.753","0.753","0.0","0.0005","verified","1093","g","mg","","338.98","verified_with_gaps","macro_gap:sugar_g"
"170855","Cheese (Pasteurized Process, Swiss)","SR Legacy","sr_legacy","SR Legacy 2021-10-28","4/1/2019","True","True","334.0","334.0","0.0","0.5","verified","1008","kcal","","332.41","24.73","24.7","0.03","0.05","verified","1003","g","","","2.1","2.1","0.0","0.005","verified","1005","g","","","25.01","25.0","0.01","0.05","verified","1004","g","","","0.0","0.0","0.0","5e-05","genuine_zero","1079","g","","","1.23","1.23","0.0","0.005","verified","2000","g","","","1.37","1.37","0.0","0.005","verified","1093","g","mg","","332.41","verified",""
"170856","Cheese Food (Cold Pack, American)","SR Legacy","sr_legacy","SR Legacy 2021-10-28","4/1/2019","True","True","331.0","331.0","0.0","0.5","verified","1008","kcal","","332.06","19.66","19.7","-0.04","0.05","verified","1003","g","","","8.32","8.32","0.0","0.005","verified","1005","g","","","24.46","24.5","-0.04","0.05","verified","1004","g","","","0.0","0.0","0.0","5e-05","genuine_zero","1079","g","","","0.0","","","5e-05","missing_in_reference","","","","","0.966","0.966","0.0","0.0005","verified","1093","g","mg","","332.06","verified_with_gaps","macro_gap:sugar_g"
"170858","Light Cream","SR Legacy","sr_legacy","SR Legacy 2021-10-28","4/1/2019","True","True","292.0","292.0","0.0","0.5","verified","1008","kcal","","298.71","2.17","2.17","0.0","0.005","verified","1003","g","","","2.96","2.96","0.0","0.005","verified","1005","g","","","30.91","30.9","0.01","0.05","verified","1004","g","","","0.0","0.0","0.0","5e-05","genuine_zero","1079","g","","","2.96","2.96","0.0","0.005","verified","2000","g","","","0.034","0.034","0.0","5e-05","verified","1093","g","mg","","298.71","verified",""
"170865","Dessert Topping (Powdered)","SR Legacy","sr_legacy","SR Legacy 2021-10-28","4/1/2019","True","True","577.0","577.0","0.0","0.5","verified","1008","kcal","","589.04","4.9","4.9","0.0","0.005","verified","1003","g","","","52.54","52.5","0.04","0.05","verified","1005","g","","","39.92","39.9","0.02","0.05","verified","1004","g","","","0.0","0.0","0.0","5e-05","genuine_zero","1079","g","","","52.54","52.5","0.04","0.05","verified","2000","g","","","0.122","0.122","0.0","0.0005","verified","1093","g","mg","","589.04","verified",""
"170867","Dessert Topping (Pressurized)","SR Legacy","sr_legacy","SR Legacy 2021-10-28","4/1/2019","True","True","264.0","264.0","0.0","0.5","verified","1008","kcal","","268.9","0.98","0.98","0.0","0.0005","verified","1003","g","","","16.07","16.1","-0.03","0.05","verified","1005","g","","","22.3","22.3","0.0","0.05","verified","1004","g","","","0.0","0.0","0.0","5e-05","genuine_zero","1079","g","","","16.07","16.1","-0.03","0.05","verified","2000","g","","","0.062","0.062","0.0","5e-05","verified","1093","g","mg","","268.9","verified",""
"170868","Dessert Topping (Semi-Solid, Frozen)","SR Legacy","sr_legacy","SR Legacy 2021-10-28","4/1/2019","True","True","318.0","318.0","0.0","0.5","verified","1008","kcal","","324.79","1.25","1.25","0.0","0.005","verified","1003","g","","","23.0","23.0","0.0","0.05","verified","1005","g","","","25.31","25.3","0.01","0.05","verified","1004","g","","","0.0","0.0","0.0","5e-05","genuine_zero","1079","g","","","23.0","23.0","0.0","0.05","verified","2000","g","","","0.025","0.025","0.0","5e-05","verified","1093","g","mg","","324.79","verified",""
"170871","Milk (2% Reduced Fat)","SR Legacy","sr_legacy","SR Legacy 2021-10-28","4/1/2019","True","True","56.0","56.0","0.0","0.05","verified","1008","kcal","","55.58","3.95","3.95","0.0","0.005","verified","1003","g","","","5.49","5.49","0.0","0.005","verified","1005","g","","","1.98","1.98","0.0","0.005","verified","1004","g","","","0.0","0.0","0.0","5e-05","genuine_zero","1079","g","","","5.26","5.26","0.0","0.005","verified","2000","g","","","0.059","0.059","0.0","5e-05","verified","1093","g","mg","","55.58","verified",""
"170872","Milk (1% Low Fat)","SR Legacy","sr_legacy","SR Legacy 2021-10-28","4/1/2019","True","True","42.0","42.0","0.0","0.05","verified","1008","kcal","","42.17","3.37","3.37","0.0","0.005","verified","1003","g","","","4.99","4.99","0.0","0.005","verified","1005","g","","","0.97","0.97","0.0","0.0005","verified","1004","g","","","0.0","0.0","0.0","5e-05","genuine_zero","1079","g","","","5.2","5.2","0.0","0.005","verified","2000","g","","","0.044","0.044","0.0","5e-05","verified","1093","g","mg","","42.17","verified",""
"170874","Buttermilk (Cultured, Low-Fat)","SR Legacy","sr_legacy","SR Legacy 2021-10-28","4/1/2019","True","True","40.0","40.0","0.0","0.05","verified","1008","kcal","","42.03","3.31","3.31","0.0","0.005","verified","1003","g","","","4.79","4.79","0.0","0.005","verified","1005","g","","","1.07","1.07","0.0","0.005","verified","1004","g","","","0.0","0.0","0.0","5e-05","genuine_zero","1079","g","","","5.36","5.36","0.0","0.005","verified","2000","g","","","0.148","0.148","0.0","0.0005","verified","1093","g","mg","","42.03","verified",""
"170876","Milk Powder (Whole, Fortified)","SR Legacy","sr_legacy","SR Legacy 2021-10-28","4/1/2019","True","True","496.0","496.0","0.0","0.5","verified","1008","kcal","","499.35","26.32","26.3","0.02","0.05","verified","1003","g","","","38.42","38.4","0.02","0.05","verified","1005","g","","","26.71","26.7","0.01","0.05","verified","1004","g","","","0.0","0.0","0.0","5e-05","genuine_zero","1079","g","","","38.42","38.4","0.02","0.05","verified","2000","g","","","0.371","0.371","0.0","0.0005","verified","1093","g","mg","","499.35","verified",""
"170878","Evaporated Milk (Nonfat, Fortified)","SR Legacy","sr_legacy","SR Legacy 2021-10-28","4/1/2019","True","True","78.0","78.0","0.0","0.05","verified","1008","kcal","","77.6","7.55","7.55","0.0","0.005","verified","1003","g","","","11.4","11.4","0.0","0.05","verified","1005","g","","","0.2","0.2","0.0","0.0005","verified","1004","g","","","0.0","0.0","0.0","5e-05","genuine_zero","1079","g","","","11.4","11.4","0.0","0.05","verified","2000","g","","","0.115","0.115","0.0","0.0005","verified","1093","g","mg","","77.6","verified",""
"170882","Sheep Milk (Fluid)","SR Legacy","sr_legacy","SR Legacy 2021-10-28","4/1/2019","True","True","108.0","108.0","0.0","0.5","verified","1008","kcal","","108.36","5.98","5.98","0.0","0.005","verified","1003","g","","","5.36","5.36","0.0","0.005","verified","1005","g","","","7.0","7.0","0.0","0.005","verified","1004","g","","","0.0","0.0","0.0","5e-05","genuine_zero","1079","g","","","0.0","","","5e-05","missing_in_reference","","","","","0.044","0.044","0.0","5e-05","verified","1093","g","mg","","108.36","verified_with_gaps","macro_gap:sugar_g"
"170885","Acid Whey (Fluid)","SR Legacy","sr_legacy","SR Legacy 2021-10-28","4/1/2019","True","True","24.0","24.0","0.0","0.05","verified","1008","kcal","","24.33","0.76","0.76","0.0","0.0005","verified","1003","g","","","5.12","5.12","0.0","0.005","verified","1005","g","","","0.09","0.09","0.0","5e-05","verified","1004","g","","","0.0","0.0","0.0","5e-05","genuine_zero","1079","g","","","5.12","5.12","0.0","0.005","verified","2000","g","","","0.048","0.048","0.0","5e-05","verified","1093","g","mg","","24.33","verified",""
"170886","Yogurt (Plain, Low-Fat)","SR Legacy","sr_legacy","SR Legacy 2021-10-28","4/1/2019","True","True","63.0","63.0","0.0","0.05","verified","1008","kcal","","63.11","5.25","5.25","0.0","0.005","verified","1003","g","","","7.04","7.04","0.0","0.005","verified","1005","g","","","1.55","1.55","0.0","0.005","verified","1004","g","","","0.0","0.0","0.0","5e-05","genuine_zero","1079","g","","","7.04","7.04","0.0","0.005","verified","2000","g","","","0.07","0.07","0.0","5e-05","verified","1093","g","mg","","63.11","verified",""
"170889","Fruit Yogurt (Low-Fat)","SR Legacy","sr_legacy","SR Legacy 2021-10-28","4/1/2019","True","True","99.0","99.0","0.0","0.05","verified","1008","kcal","","100.83","3.98","3.98","0.0","0.005","verified","1003","g","","","18.64","18.6","0.04","0.05","verified","1005","g","","","1.15","1.15","0.0","0.005","verified","1004","g","","","0.0","0.0","0.0","5e-05","genuine_zero","1079","g","","","18.64","18.6","0.04","0.05","verified","2000","g","","","0.053","0.053","0.0","5e-05","verified","1093","g","mg","","100.83","verified",""
"170892","Diabetes Nutritional Supplement (Liquid)","SR Legacy","sr_legacy","SR Legacy 2021-10-28","4/1/2019","True","True","88.0","88.0","0.0","0.05","verified","1008","kcal","","92.84","4.4","4.4","0.0","0.005","verified","1003","g","","","11.88","11.9","-0.02","0.05","verified","1005","g","","","3.08","3.08","0.0","0.005","verified","1004","g","","","2.2","2.2","0.0","0.005","verified","1079","g","","","2.64","2.64","0.0","0.005","verified","2000","g","","","0.092","0.092","0.0","5e-05","verified","1093","g","mg","","92.84","verified",""
"170893","Egg (Whole, Raw, Frozen, Salted)","SR Legacy","sr_legacy","SR Legacy 2021-10-28","4/1/2019","True","True","138.0","138.0","0.0","0.5","verified","1008","kcal","","137.83","10.97","11.0","-0.03","0.05","verified","1003","g","","","0.83","0.83","0.0","0.0005","verified","1005","g","","","10.07","10.1","-0.03","0.05","verified","1004","g","","","0.0","0.0","0.0","5e-05","genuine_zero","1079","g","","","0.07","0.07","0.0","5e-05","verified","2000","g","","","3.663","3.66","0.003","0.005","verified","1093","g","mg","","137.83","verified",""
"170895","Egg White Powder","SR Legacy","sr_legacy","SR Legacy 2021-10-28","4/1/2019","True","True","357.0","357.0","0.0","0.5","verified","1008","kcal","","357.24","84.08","84.1","-0.02","0.05","verified","1003","g","","","4.51","4.51","0.0","0.005","verified","1005","g","","","0.32","0.32","0.0","0.0005","verified","1004","g","","","0.0","0.0","0.0","5e-05","genuine_zero","1079","g","","","0.0","0.0","0.0","5e-05","genuine_zero","2000","g","","","1.299","1.3","-0.001","0.005","verified","1093","g","mg","","357.24","verified",""
"170896","Cheese Spread (Reduced Fat)","SR Legacy","sr_legacy","SR Legacy 2021-10-28","4/1/2019","True","True","176.0","176.0","0.0","0.5","verified","1008","kcal","","176.4","13.41","13.4","0.01","0.05","verified","1003","g","","","10.71","10.7","0.01","0.05","verified","1005","g","","","8.88","8.88","0.0","0.005","verified","1004","g","","","0.0","0.0","0.0","5e-05","genuine_zero","1079","g","","","7.06","7.06","0.0","0.005","verified","2000","g","","","1.102","1.1","0.002","0.005","verified","1093","g","mg","","176.4","verified",""
"170898","Cheese (Queso Cotija)","SR Legacy","sr_legacy","SR Legacy 2021-10-28","4/1/2019","True","True","366.0","366.0","0.0","0.5","verified","1008","kcal","","365.88","20.0","20.0","0.0","0.05","verified","1003","g","","","3.97","3.97","0.0","0.005","verified","1005","g","","","30.0","30.0","0.0","0.05","verified","1004","g","","","0.0","0.0","0.0","5e-05","genuine_zero","1079","g","","","0.0","0.0","0.0","5e-05","genuine_zero","2000","g","","","1.4","1.4","0.0","0.005","verified","1093","g","mg","","365.88","verified",""
"170899","Cheese (Cheddar, Sharp, Sliced)","SR Legacy","sr_legacy","SR Legacy 2021-10-28","4/1/2019","True","True","410.0","410.0","0.0","0.5","verified","1008","kcal","","409.7","24.2","24.2","0.0","0.05","verified","1003","g","","","2.13","2.13","0.0","0.005","verified","1005","g","","","33.82","33.8","0.02","0.05","verified","1004","g","","","0.0","0.0","0.0","5e-05","genuine_zero","1079","g","","","0.27","0.27","0.0","0.0005","verified","2000","g","","","0.644","0.644","0.0","0.0005","verified","1093","g","mg","","409.7","verified",""
"170903","Greek Yogurt (Plain, Low-Fat)","SR Legacy","sr_legacy","SR Legacy 2021-10-28","4/1/2019","True","True","73.0","73.0","0.0","0.05","verified","1008","kcal","","72.84","9.95","9.95","0.0","0.005","verified","1003","g","","","3.94","3.94","0.0","0.005","verified","1005","g","","","1.92","1.92","0.0","0.005","verified","1004","g","","","0.0","0.0","0.0","5e-05","genuine_zero","1079","g","","","3.56","3.56","0.0","0.005","verified","2000","g","","","0.034","0.034","0.0","5e-05","verified","1093","g","mg","","72.84","verified",""
"170906","Yogurt (Vanilla, Nonfat)","SR Legacy","sr_legacy","SR Legacy 2021-10-28","4/1/2019","True","True","78.0","78.0","0.0","0.05","verified","1008","kcal","","79.92","2.94","2.94","0.0","0.005","verified","1003","g","","","17.04","17.0","0.04","0.05","verified","1005","g","","","0.0","0.0","0.0","5e-05","genuine_zero","1004","g","","","0.0","0.0","0.0","5e-05","genuine_zero","1079","g","","","5.88","5.88","0.0","0.005","verified","2000","g","","","0.047","0.047","0.0","5e-05","verified","1093","g","mg","","79.92","verified",""
"170908","Frozen Yogurt (Low-Fat)","SR Legacy","sr_legacy","SR Legacy 2021-10-28","4/1/2019","True","True","139.0","139.0","0.0","0.5","verified","1008","kcal","","138.5","8.0","8.0","0.0","0.005","verified","1003","g","","","21.0","21.0","0.0","0.05","verified","1005","g","","","2.5","2.5","0.0","0.005","verified","1004","g","","","0.0","0.0","0.0","5e-05","genuine_zero","1079","g","","","21.0","21.0","0.0","0.05","verified","2000","g","","","0.045","0.045","0.0","5e-05","verified","1093","g","mg","","138.5","verified",""
"170917","Bay Leaf (Dried)","SR Legacy","sr_legacy","SR Legacy 2021-10-28","4/1/2019","True","True","313.0","313.0","0.0","0.5","verified","1008","kcal","","405.56","7.61","7.61","0.0","0.005","verified","1003","g","","","74.97","75.0","-0.03","0.05","verified","1005","g","","","8.36","8.36","0.0","0.005","verified","1004","g","","","26.3","26.3","0.0","0.05","verified","1079","g","","","0.0","","","5e-05","missing_in_reference","","","","","0.023","0.023","0.0","5e-05","verified","1093","g","mg","","405.56","verified_with_gaps","macro_gap:sugar_g"
"170918","Caraway Seed","SR Legacy","sr_legacy","SR Legacy 2021-10-28","4/1/2019","True","True","333.0","333.0","0.0","0.5","verified","1008","kcal","","409.99","19.77","19.8","-0.03","0.05","verified","1003","g","","","49.9","49.9","0.0","0.05","verified","1005","g","","","14.59","14.6","-0.01","0.05","verified","1004","g","","","38.0","38.0","0.0","0.05","verified","1079","g","","","0.64","0.64","0.0","0.0005","verified","2000","g","","","0.017","0.017","0.0","5e-05","verified","1093","g","mg","","409.99","verified",""
"170919","Cardamom","SR Legacy","sr_legacy","SR Legacy 2021-10-28","4/1/2019","True","True","311.0","311.0","0.0","0.5","verified","1008","kcal","","377.22","10.76","10.8","-0.04","0.05","verified","1003","g","","","68.47","68.5","-0.03","0.05","verified","1005","g","","","6.7","6.7","0.0","0.005","verified","1004","g","","","28.0","28.0","0.0","0.05","verified","1079","g","","","0.0","","","5e-05","missing_in_reference","","","","","0.018","0.018","0.0","5e-05","verified","1093","g","mg","","377.22","verified_with_gaps","macro_gap:sugar_g"
"170920","Celery Seed","SR Legacy","sr_legacy","SR Legacy 2021-10-28","4/1/2019","True","True","392.0","392.0","0.0","0.5","verified","1008","kcal","","465.11","18.07","18.1","-0.03","0.05","verified","1003","g","","","41.35","41.4","-0.05","0.05","verified","1005","g","","","25.27","25.3","-0.03","0.05","verified","1004","g","","","11.8","11.8","0.0","0.05","verified","1079","g","","","0.67","0.67","0.0","0.0005","verified","2000","g","","","0.16","0.16","0.0","0.0005","verified","1093","g","mg","","465.11","verified",""
"170921","Coriander Leaf (Dried)","SR Legacy","sr_legacy","SR Legacy 2021-10-28","4/1/2019","True","True","279.0","279.0","0.0","0.5","verified","1008","kcal","","339.14","21.93","21.9","0.03","0.05","verified","1003","g","","","52.1","52.1","0.0","0.05","verified","1005","g","","","4.78","4.78","0.0","0.005","verified","1004","g","","","10.4","10.4","0.0","0.05","verified","1079","g","","","7.27","7.27","0.0","0.005","verified","2000","g","","","0.211","0.211","0.0","0.0005","verified","1093","g","mg","","339.14","verified",""
"170922","Coriander Seed","SR Legacy","sr_legacy","SR Legacy 2021-10-28","4/1/2019","True","True","298.0","298.0","0.0","0.5","verified","1008","kcal","","429.37","12.37","12.4","-0.03","0.05","verified","1003","g","","","54.99","55.0","-0.01","0.05","verified","1005","g","","","17.77","17.8","-0.03","0.05","verified","1004","g","","","41.9","41.9","0.0","0.05","verified","1079","g","","","0.0","","","5e-05","missing_in_reference","","","","","0.035","0.035","0.0","5e-05","verified","1093","g","mg","","429.37","verified_with_gaps","macro_gap:sugar_g"
"170923","Cumin Seed","SR Legacy","sr_legacy","SR Legacy 2021-10-28","4/1/2019","True","True","375.0","375.0","0.0","0.5","verified","1008","kcal","","448.63","17.81","17.8","0.01","0.05","verified","1003","g","","","44.24","44.2","0.04","0.05","verified","1005","g","","","22.27","22.3","-0.03","0.05","verified","1004","g","","","10.5","10.5","0.0","0.05","verified","1079","g","","","2.25","2.25","0.0","0.005","verified","2000","g","","","0.168","0.168","0.0","0.0005","verified","1093","g","mg","","448.63","verified",""
"170924","Curry Powder","SR Legacy","sr_legacy","SR Legacy 2021-10-28","4/1/2019","True","True","325.0","325.0","0.0","0.5","verified","1008","kcal","","406.57","14.29","14.3","-0.01","0.05","verified","1003","g","","","55.83","55.8","0.03","0.05","verified","1005","g","","","14.01","14.0","0.01","0.05","verified","1004","g","","","53.2","53.2","0.0","0.05","verified","1079","g","","","2.76","2.76","0.0","0.005","verified","2000","g","","","0.052","0.052","0.0","5e-05","verified","1093","g","mg","","406.57","verified",""
"170925","Dill Seed","SR Legacy","sr_legacy","SR Legacy 2021-10-28","4/1/2019","True","True","305.0","305.0","0.0","0.5","verified","1008","kcal","","415.46","15.98","16.0","-0.02","0.05","verified","1003","g","","","55.17","55.2","-0.03","0.05","verified","1005","g","","","14.54","14.5","0.04","0.05","verified","1004","g","","","21.1","21.1","0.0","0.05","verified","1079","g","","","0.0","","","5e-05","missing_in_reference","","","","","0.02","0.02","0.0","5e-05","verified","1093","g","mg","","415.46","verified_with_gaps","macro_gap:sugar_g"
"170926","Ginger (Ground)","SR Legacy","sr_legacy","SR Legacy 2021-10-28","4/1/2019","True","True","335.0","335.0","0.0","0.5","verified","1008","kcal","","360.56","8.98","8.98","0.0","0.005","verified","1003","g","","","71.62","71.6","0.02","0.05","verified","1005","g","","","4.24","4.24","0.0","0.005","verified","1004","g","","","14.1","14.1","0.0","0.05","verified","1079","g","","","3.39","3.39","0.0","0.005","verified","2000","g","","","0.027","0.027","0.0","5e-05","verified","1093","g","mg","","360.56","verified",""
"170927","Mace (Ground)","SR Legacy","sr_legacy","SR Legacy 2021-10-28","4/1/2019","True","True","475.0","475.0","0.0","0.5","verified","1008","kcal","","520.26","6.71","6.71","0.0","0.005","verified","1003","g","","","50.5","50.5","0.0","0.05","verified","1005","g","","","32.38","32.4","-0.02","0.05","verified","1004","g","","","20.2","20.2","0.0","0.05","verified","1079","g","","","0.0","","","5e-05","missing_in_reference","","","","","0.08","0.08","0.0","5e-05","verified","1093","g","mg","","520.26","verified_with_gaps","macro_gap:sugar_g"
"170928","Marjoram (Dried)","SR Legacy","sr_legacy","SR Legacy 2021-10-28","4/1/2019","True","True","271.0","271.0","0.0","0.5","verified","1008","kcal","","356.24","12.66","12.7","-0.04","0.05","verified","1003","g","","","60.56","60.6","-0.04","0.05","verified","1005","g","","","7.04","7.04","0.0","0.005","verified","1004","g","","","40.3","40.3","0.0","0.05","verified","1079","g","","","4.09","4.09","0.0","0.005","verified","2000","g","","","0.077","0.077","0.0","5e-05","verified","1093","g","mg","","356.24","verified",""
"170929","Mustard Seed (Ground)","SR Legacy","sr_legacy","SR Legacy 2021-10-28","4/1/2019","True","True","508.0","508.0","0.0","0.5","verified","1008","kcal","","542.84","26.08","26.1","-0.02","0.05","verified","1003","g","","","28.09","28.1","-0.01","0.05","verified","1005","g","","","36.24","36.2","0.04","0.05","verified","1004","g","","","12.2","12.2","0.0","0.05","verified","1079","g","","","6.79","6.79","0.0","0.005","verified","2000","g","","","0.013","0.013","0.0","5e-05","verified","1093","g","mg","","542.84","verified",""
"170930","Parsley (Dried)","SR Legacy","sr_legacy","SR Legacy 2021-10-28","4/1/2019","True","True","292.0","292.0","0.0","0.5","verified","1008","kcal","","358.4","26.63","26.6","0.03","0.05","verified","1003","g","","","50.64","50.6","0.04","0.05","verified","1005","g","","","5.48","5.48","0.0","0.005","verified","1004","g","","","26.7","26.7","0.0","0.05","verified","1079","g","","","7.27","7.27","0.0","0.005","verified","2000","g","","","0.452","0.452","0.0","0.0005","verified","1093","g","mg","","358.4","verified",""
"170931","Black Pepper","SR Legacy","sr_legacy","SR Legacy 2021-10-28","4/1/2019","True","True","251.0","251.0","0.0","0.5","verified","1008","kcal","","326.7","10.39","10.4","-0.01","0.05","verified","1003","g","","","63.95","64.0","-0.05","0.05","verified","1005","g","","","3.26","3.26","0.0","0.005","verified","1004","g","","","25.3","25.3","0.0","0.05","verified","1079","g","","","0.64","0.64","0.0","0.0005","verified","2000","g","","","0.02","0.02","0.0","5e-05","verified","1093","g","mg","","326.7","verified",""
"170932","Red Pepper (Cayenne / Flakes)","SR Legacy","sr_legacy","SR Legacy 2021-10-28","4/1/2019","True","True","318.0","318.0","0.0","0.5","verified","1008","kcal","","429.99","12.01","12.0","0.01","0.05","verified","1003","g","","","56.63","56.6","0.03","0.05","verified","1005","g","","","17.27","17.3","-0.03","0.05","verified","1004","g","","","27.2","27.2","0.0","0.05","verified","1079","g","","","10.34","10.3","0.04","0.05","verified","2000","g","","","0.03","0.03","0.0","5e-05","verified","1093","g","mg","","429.99","verified",""
"170933","White Pepper (Ground)","SR Legacy","sr_legacy","SR Legacy 2021-10-28","4/1/2019","True","True","296.0","296.0","0.0","0.5","verified","1008","kcal","","335.12","10.4","10.4","0.0","0.05","verified","1003","g","","","68.61","68.6","0.01","0.05","verified","1005","g","","","2.12","2.12","0.0","0.005","verified","1004","g","","","26.2","26.2","0.0","0.05","verified","1079","g","","","0.0","","","5e-05","missing_in_reference","","","","","0.005","0.005","0.0","5e-05","verified","1093","g","mg","","335.12","verified_with_gaps","macro_gap:sugar_g"
"170934","Saffron","SR Legacy","sr_legacy","SR Legacy 2021-10-28","4/1/2019","True","True","310.0","310.0","0.0","0.5","verified","1008","kcal","","359.85","11.43","11.4","0.03","0.05","verified","1003","g","","","65.37","65.4","-0.03","0.05","verified","1005","g","","","5.85","5.85","0.0","0.005","verified","1004","g","","","3.9","3.9","0.0","0.005","verified","1079","g","","","0.0","","","5e-05","missing_in_reference","","","","","0.148","0.148","0.0","0.0005","verified","1093","g","mg","","359.85","verified_with_gaps","macro_gap:sugar_g"
"170935","Sage (Ground)","SR Legacy","sr_legacy","SR Legacy 2021-10-28","4/1/2019","True","True","315.0","315.0","0.0","0.5","verified","1008","kcal","","400.64","10.63","10.6","0.03","0.05","verified","1003","g","","","60.73","60.7","0.03","0.05","verified","1005","g","","","12.8","12.8","0.0","0.05","verified","1004","g","","","40.3","40.3","0.0","0.05","verified","1079","g","","","1.71","1.71","0.0","0.005","verified","2000","g","","","0.011","0.011","0.0","5e-05","verified","1093","g","mg","","400.64","verified",""
"170936","Savory (Ground)","SR Legacy","sr_legacy","SR Legacy 2021-10-28","4/1/2019","True","True","272.0","272.0","0.0","0.5","verified","1008","kcal","","355.03","6.73","6.73","0.0","0.005","verified","1003","g","","","68.73","68.7","0.03","0.05","verified","1005","g","","","5.91","5.91","0.0","0.005","verified","1004","g","","","45.7","45.7","0.0","0.05","verified","1079","g","","","0.0","","","5e-05","missing_in_reference","","","","","0.024","0.024","0.0","5e-05","verified","1093","g","mg","","355.03","verified_with_gaps","macro_gap:sugar_g"
"170937","Tarragon (Dried)","SR Legacy","sr_legacy","SR Legacy 2021-10-28","4/1/2019","True","True","295.0","295.0","0.0","0.5","verified","1008","kcal","","357.12","22.77","22.8","-0.03","0.05","verified","1003","g","","","50.22","50.2","0.02","0.05","verified","1005","g","","","7.24","7.24","0.0","0.005","verified","1004","g","","","7.4","7.4","0.0","0.005","verified","1079","g","","","0.0","","","5e-05","missing_in_reference","","","","","0.062","0.062","0.0","5e-05","verified","1093","g","mg","","357.12","verified_with_gaps","macro_gap:sugar_g"
"170938","Thyme (Dried)","SR Legacy","sr_legacy","SR Legacy 2021-10-28","4/1/2019","True","True","276.0","276.0","0.0","0.5","verified","1008","kcal","","359.07","9.11","9.11","0.0","0.005","verified","1003","g","","","63.94","63.9","0.04","0.05","verified","1005","g","","","7.43","7.43","0.0","0.005","verified","1004","g","","","37.0","37.0","0.0","0.05","verified","1079","g","","","1.71","1.71","0.0","0.005","verified","2000","g","","","0.055","0.055","0.0","5e-05","verified","1093","g","mg","","359.07","verified",""
"171005","Russian Dressing Dressing","SR Legacy","sr_legacy","SR Legacy 2021-10-28","4/1/2019","True","True","355.0","355.0","0.0","0.5","verified","1008","kcal","","365.98","0.69","0.69","0.0","0.0005","verified","1003","g","","","31.9","31.9","0.0","0.05","verified","1005","g","","","26.18","26.2","-0.02","0.05","verified","1004","g","","","0.7","0.7","0.0","0.0005","verified","1079","g","","","17.68","17.7","-0.02","0.05","verified","2000","g","","","1.133","1.13","0.003","0.005","verified","1093","g","mg","","365.98","verified",""
"171006","Sesame Seed Dressing","SR Legacy","sr_legacy","SR Legacy 2021-10-28","4/1/2019","True","True","443.0","443.0","0.0","0.5","verified","1008","kcal","","453.6","3.1","3.1","0.0","0.005","verified","1003","g","","","8.6","8.6","0.0","0.005","verified","1005","g","","","45.2","45.2","0.0","0.05","verified","1004","g","","","1.0","1.0","0.0","0.005","verified","1079","g","","","8.32","8.32","0.0","0.005","verified","2000","g","","","1.0","1.0","0.0","0.005","verified","1093","g","mg","","453.6","verified",""
"171008","Thousand Island Dressing","SR Legacy","sr_legacy","SR Legacy 2021-10-28","4/1/2019","True","True","195.0","195.0","0.0","0.5","verified","1008","kcal","","201.44","0.83","0.83","0.0","0.0005","verified","1003","g","","","24.06","24.1","-0.04","0.05","verified","1005","g","","","11.32","11.3","0.02","0.05","verified","1004","g","","","1.2","1.2","0.0","0.005","verified","1079","g","","","17.31","17.3","0.01","0.05","verified","2000","g","","","0.955","0.955","0.0","0.0005","verified","1093","g","mg","","201.44","verified",""
"171009","Mayonnaise Dressing","SR Legacy","sr_legacy","SR Legacy 2021-10-28","4/1/2019","True","True","680.0","680.0","0.0","0.5","verified","1008","kcal","","679.77","0.96","0.96","0.0","0.0005","verified","1003","g","","","0.57","0.57","0.0","0.0005","verified","1005","g","","","74.85","74.8","0.05","0.05","verified","1004","g","","","0.0","0.0","0.0","5e-05","genuine_zero","1079","g","","","0.57","0.57","0.0","0.0005","verified","2000","g","","","0.635","0.635","0.0","0.0005","verified","1093","g","mg","","679.77","verified",""
"171011","Shortening (Household)","SR Legacy","sr_legacy","SR Legacy 2021-10-28","4/1/2019","True","True","884.0","884.0","0.0","0.5","verified","1008","kcal","","900.0","0.0","0.0","0.0","5e-05","genuine_zero","1003","g","","","0.0","0.0","0.0","5e-05","genuine_zero","1005","g","","","100.0","100.0","0.0","0.5","verified","1004","g","","","0.0","0.0","0.0","5e-05","genuine_zero","1079","g","","","0.0","0.0","0.0","5e-05","genuine_zero","2000","g","","","0.0","0.0","0.0","5e-05","genuine_zero","1093","g","mg","","900.0","verified",""
"171012","Soybean Oil (Partially Hydrogenated)","SR Legacy","sr_legacy","SR Legacy 2021-10-28","4/1/2019","True","True","884.0","884.0","0.0","0.5","verified","1008","kcal","","900.0","0.0","0.0","0.0","5e-05","genuine_zero","1003","g","","","0.0","0.0","0.0","5e-05","genuine_zero","1005","g","","","100.0","100.0","0.0","0.5","verified","1004","g","","","0.0","0.0","0.0","5e-05","genuine_zero","1079","g","","","0.0","0.0","0.0","5e-05","genuine_zero","2000","g","","","0.0","0.0","0.0","5e-05","genuine_zero","1093","g","mg","","900.0","verified",""
"171013","Rice Bran Oil","SR Legacy","sr_legacy","SR Legacy 2021-10-28","4/1/2019","True","True","884.0","884.0","0.0","0.5","verified","1008","kcal","","900.0","0.0","0.0","0.0","5e-05","genuine_zero","1003","g","","","0.0","0.0","0.0","5e-05","genuine_zero","1005","g","","","100.0","100.0","0.0","0.5","verified","1004","g","","","0.0","0.0","0.0","5e-05","genuine_zero","1079","g","","","0.0","0.0","0.0","5e-05","genuine_zero","2000","g","","","0.0","0.0","0.0","5e-05","genuine_zero","1093","g","mg","","900.0","verified",""
"171014","Wheat Germ Oil","SR Legacy","sr_legacy","SR Legacy 2021-10-28","4/1/2019","True","True","884.0","884.0","0.0","0.5","verified","1008","kcal","","900.0","0.0","0.0","0.0","5e-05","genuine_zero","1003","g","","","0.0","0.0","0.0","5e-05","genuine_zero","1005","g","","","100.0","100.0","0.0","0.5","verified","1004","g","","","0.0","0.0","0.0","5e-05","genuine_zero","1079","g","","","0.0","0.0","0.0","5e-05","genuine_zero","2000","g","","","0.0","0.0","0.0","5e-05","genuine_zero","1093","g","mg","","900.0","verified",""
"171015","Palm Oil","SR Legacy","sr_legacy","SR Legacy 2021-10-28","4/1/2019","True","True","884.0","884.0","0.0","0.5","verified","1008","kcal","","900.0","0.0","0.0","0.0","5e-05","genuine_zero","1003","g","","","0.0","0.0","0.0","5e-05","genuine_zero","1005","g","","","100.0","100.0","0.0","0.5","verified","1004","g","","","0.0","0.0","0.0","5e-05","genuine_zero","1079","g","","","0.0","0.0","0.0","5e-05","genuine_zero","2000","g","","","0.0","0.0","0.0","5e-05","genuine_zero","1093","g","mg","","900.0","verified",""
"171016","Sesame Oil","SR Legacy","sr_legacy","SR Legacy 2021-10-28","4/1/2019","True","True","884.0","884.0","0.0","0.5","verified","1008","kcal","","900.0","0.0","0.0","0.0","5e-05","genuine_zero","1003","g","","","0.0","0.0","0.0","5e-05","genuine_zero","1005","g","","","100.0","100.0","0.0","0.5","verified","1004","g","","","0.0","0.0","0.0","5e-05","genuine_zero","1079","g","","","0.0","0.0","0.0","5e-05","genuine_zero","2000","g","","","0.0","0.0","0.0","5e-05","genuine_zero","1093","g","mg","","900.0","verified",""
"171018","Margarine (Regular, Hard)","SR Legacy","sr_legacy","SR Legacy 2021-10-28","4/1/2019","True","True","719.0","719.0","0.0","0.5","verified","1008","kcal","","731.7","0.9","0.9","0.0","0.0005","verified","1003","g","","","0.9","0.9","0.0","0.0005","verified","1005","g","","","80.5","80.5","0.0","0.05","verified","1004","g","","","0.0","0.0","0.0","5e-05","genuine_zero","1079","g","","","0.0","0.0","0.0","5e-05","genuine_zero","2000","g","","","0.943","0.943","0.0","0.0005","verified","1093","g","mg","","731.7","verified",""
"171019","Italian Dressing Dressing","SR Legacy","sr_legacy","SR Legacy 2021-10-28","4/1/2019","True","True","240.0","240.0","0.0","0.5","verified","1008","kcal","","240.2","0.41","0.41","0.0","0.0005","verified","1003","g","","","12.12","12.1","0.02","0.05","verified","1005","g","","","21.12","21.1","0.02","0.05","verified","1004","g","","","0.0","0.0","0.0","5e-05","genuine_zero","1079","g","","","10.77","10.8","-0.03","0.05","verified","2000","g","","","0.993","0.993","0.0","0.0005","verified","1093","g","mg","","240.2","verified",""
"171021","French Dressing Dressing","SR Legacy","sr_legacy","SR Legacy 2021-10-28","4/1/2019","True","True","233.0","233.0","0.0","0.5","verified","1008","kcal","","240.58","0.58","0.58","0.0","0.0005","verified","1003","g","","","29.28","29.3","-0.02","0.05","verified","1005","g","","","13.46","13.5","-0.04","0.05","verified","1004","g","","","1.1","1.1","0.0","0.005","verified","1079","g","","","28.4","28.4","0.0","0.05","verified","2000","g","","","0.03","0.03","0.0","5e-05","verified","1093","g","mg","","240.58","verified",""
"171024","Cottonseed Oil","SR Legacy","sr_legacy","SR Legacy 2021-10-28","4/1/2019","True","True","884.0","884.0","0.0","0.5","verified","1008","kcal","","900.0","0.0","0.0","0.0","5e-05","genuine_zero","1003","g","","","0.0","0.0","0.0","5e-05","genuine_zero","1005","g","","","100.0","100.0","0.0","0.5","verified","1004","g","","","0.0","0.0","0.0","5e-05","genuine_zero","1079","g","","","0.0","0.0","0.0","5e-05","genuine_zero","2000","g","","","0.0","0.0","0.0","5e-05","genuine_zero","1093","g","mg","","900.0","verified",""
"171025","Sunflower Oil (Linoleic)","SR Legacy","sr_legacy","SR Legacy 2021-10-28","4/1/2019","True","True","884.0","884.0","0.0","0.5","verified","1008","kcal","","900.0","0.0","0.0","0.0","5e-05","genuine_zero","1003","g","","","0.0","0.0","0.0","5e-05","genuine_zero","1005","g","","","100.0","100.0","0.0","0.5","verified","1004","g","","","0.0","0.0","0.0","5e-05","genuine_zero","1079","g","","","0.0","0.0","0.0","5e-05","genuine_zero","2000","g","","","0.0","0.0","0.0","5e-05","genuine_zero","1093","g","mg","","900.0","verified",""
"171026","Safflower Oil (High-Linoleic)","SR Legacy","sr_legacy","SR Legacy 2021-10-28","4/1/2019","True","True","884.0","884.0","0.0","0.5","verified","1008","kcal","","900.0","0.0","0.0","0.0","5e-05","genuine_zero","1003","g","","","0.0","0.0","0.0","5e-05","genuine_zero","1005","g","","","100.0","100.0","0.0","0.5","verified","1004","g","","","0.0","0.0","0.0","5e-05","genuine_zero","1079","g","","","0.0","0.0","0.0","5e-05","genuine_zero","2000","g","","","0.0","0.0","0.0","5e-05","genuine_zero","1093","g","mg","","900.0","verified",""
"171028","Grapeseed Oil","SR Legacy","sr_legacy","SR Legacy 2021-10-28","4/1/2019","True","True","884.0","884.0","0.0","0.5","verified","1008","kcal","","900.0","0.0","0.0","0.0","5e-05","genuine_zero","1003","g","","","0.0","0.0","0.0","5e-05","genuine_zero","1005","g","","","100.0","100.0","0.0","0.5","verified","1004","g","","","0.0","0.0","0.0","5e-05","genuine_zero","1079","g","","","0.0","0.0","0.0","5e-05","genuine_zero","2000","g","","","0.0","0.0","0.0","5e-05","genuine_zero","1093","g","mg","","900.0","verified",""
"171030","Walnut Oil","SR Legacy","sr_legacy","SR Legacy 2021-10-28","4/1/2019","True","True","884.0","884.0","0.0","0.5","verified","1008","kcal","","900.0","0.0","0.0","0.0","5e-05","genuine_zero","1003","g","","","0.0","0.0","0.0","5e-05","genuine_zero","1005","g","","","100.0","100.0","0.0","0.5","verified","1004","g","","","0.0","0.0","0.0","5e-05","genuine_zero","1079","g","","","0.0","0.0","0.0","5e-05","genuine_zero","2000","g","","","0.0","0.0","0.0","5e-05","genuine_zero","1093","g","mg","","900.0","verified",""
"171031","Almond Oil","SR Legacy","sr_legacy","SR Legacy 2021-10-28","4/1/2019","True","True","884.0","884.0","0.0","0.5","verified","1008","kcal","","900.0","0.0","0.0","0.0","5e-05","genuine_zero","1003","g","","","0.0","0.0","0.0","5e-05","genuine_zero","1005","g","","","100.0","100.0","0.0","0.5","verified","1004","g","","","0.0","0.0","0.0","5e-05","genuine_zero","1079","g","","","0.0","0.0","0.0","5e-05","genuine_zero","2000","g","","","0.0","0.0","0.0","5e-05","genuine_zero","1093","g","mg","","900.0","verified",""
"171032","Apricot Kernel Oil","SR Legacy","sr_legacy","SR Legacy 2021-10-28","4/1/2019","True","True","884.0","884.0","0.0","0.5","verified","1008","kcal","","900.0","0.0","0.0","0.0","5e-05","genuine_zero","1003","g","","","0.0","0.0","0.0","5e-05","genuine_zero","1005","g","","","100.0","100.0","0.0","0.5","verified","1004","g","","","0.0","0.0","0.0","5e-05","genuine_zero","1079","g","","","0.0","0.0","0.0","5e-05","genuine_zero","2000","g","","","0.0","0.0","0.0","5e-05","genuine_zero","1093","g","mg","","900.0","verified",""
"171033","Vegetable Oil (High-Oleic Canola)","SR Legacy","sr_legacy","SR Legacy 2021-10-28","4/1/2019","True","True","884.0","884.0","0.0","0.5","verified","1008","kcal","","900.0","0.0","0.0","0.0","5e-05","genuine_zero","1003","g","","","0.0","0.0","0.0","5e-05","genuine_zero","1005","g","","","100.0","100.0","0.0","0.5","verified","1004","g","","","0.0","0.0","0.0","5e-05","genuine_zero","1079","g","","","0.0","0.0","0.0","5e-05","genuine_zero","2000","g","","","0.0","0.0","0.0","5e-05","genuine_zero","1093","g","mg","","900.0","verified",""
"171036","Spray-Style Dressing","SR Legacy","sr_legacy","SR Legacy 2021-10-28","4/1/2019","True","True","165.0","165.0","0.0","0.5","verified","1008","kcal","","164.24","0.16","0.16","0.0","0.0005","verified","1003","g","","","16.6","16.6","0.0","0.05","verified","1005","g","","","10.8","10.8","0.0","0.05","verified","1004","g","","","0.3","0.3","0.0","0.0005","verified","1079","g","","","14.29","14.3","-0.01","0.05","verified","2000","g","","","1.102","1.1","0.002","0.005","verified","1093","g","mg","","164.24","verified",""
"171039","Vegetable Oil Spread (60% Fat, Vit D)","SR Legacy","sr_legacy","SR Legacy 2021-10-28","4/1/2019","True","True","535.0","535.0","0.0","0.5","verified","1008","kcal","","534.93","0.6","0.6","0.0","0.0005","verified","1003","g","","","0.0","0.0","0.0","5e-05","genuine_zero","1005","g","","","59.17","59.2","-0.03","0.05","verified","1004","g","","","0.0","0.0","0.0","5e-05","genuine_zero","1079","g","","","0.0","0.0","0.0","5e-05","genuine_zero","2000","g","","","0.785","0.785","0.0","0.0005","verified","1093","g","mg","","534.93","verified",""
"171042","High-Oleic Canola Oil (Industrial)","SR Legacy","sr_legacy","SR Legacy 2021-10-28","4/1/2019","True","True","900.0","900.0","0.0","0.5","verified","1008","kcal","","900.0","0.0","0.0","0.0","5e-05","genuine_zero","1003","g","","","0.0","0.0","0.0","5e-05","genuine_zero","1005","g","","","100.0","100.0","0.0","0.5","verified","1004","g","","","0.0","0.0","0.0","5e-05","genuine_zero","1079","g","","","0.0","0.0","0.0","5e-05","genuine_zero","2000","g","","","0.0","0.0","0.0","5e-05","genuine_zero","1093","g","mg","","900.0","verified",""
"171043","Honey Mustard Dressing","SR Legacy","sr_legacy","SR Legacy 2021-10-28","4/1/2019","True","True","464.0","464.0","0.0","0.5","verified","1008","kcal","","464.27","0.87","0.87","0.0","0.0005","verified","1003","g","","","23.33","23.3","0.03","0.05","verified","1005","g","","","40.83","40.8","0.03","0.05","verified","1004","g","","","0.4","0.4","0.0","0.0005","verified","1079","g","","","15.84","15.8","0.04","0.05","verified","2000","g","","","0.512","0.512","0.0","0.0005","verified","1093","g","mg","","464.27","verified",""
"171044","Poppyseed Dressing","SR Legacy","sr_legacy","SR Legacy 2021-10-28","4/1/2019","True","True","399.0","399.0","0.0","0.5","verified","1008","kcal","","398.57","0.92","0.92","0.0","0.0005","verified","1003","g","","","23.73","23.7","0.03","0.05","verified","1005","g","","","33.33","33.3","0.03","0.05","verified","1004","g","","","0.3","0.3","0.0","0.0005","verified","1079","g","","","23.39","23.4","-0.01","0.05","verified","2000","g","","","0.933","0.933","0.0","0.0005","verified","1093","g","mg","","398.57","verified",""
"171048","Chicken (Fried, Battered)","SR Legacy","sr_legacy","SR Legacy 2021-10-28","4/1/2019","True","True","291.0","291.0","0.0","0.5","verified","1008","kcal","","285.25","22.84","22.8","0.04","0.05","verified","1003","g","","","9.03","9.03","0.0","0.005","verified","1005","g","","","17.53","17.5","0.03","0.05","verified","1004","g","","","0.0","","","5e-05","missing_in_reference","","","","","0.0","","","5e-05","missing_in_reference","","","","","0.284","0.284","0.0","0.0005","verified","1093","g","mg","","285.25","verified_with_gaps","macro_gap:fiber_g,sugar_g"
"171049","Chicken (Fried, Floured)","SR Legacy","sr_legacy","SR Legacy 2021-10-28","4/1/2019","True","True","272.0","272.0","0.0","0.5","verified","1008","kcal","","264.79","28.57","28.6","-0.03","0.05","verified","1003","g","","","3.27","3.27","0.0","0.005","verified","1005","g","","","15.27","15.3","-0.03","0.05","verified","1004","g","","","0.0","","","5e-05","missing_in_reference","","","","","0.0","","","5e-05","missing_in_reference","","","","","0.086","0.086","0.0","5e-05","verified","1093","g","mg","","264.79","verified_with_gaps","macro_gap:fiber_g,sugar_g"
"171052","Chicken (Meat Only, Raw)","SR Legacy","sr_legacy","SR Legacy 2021-10-28","4/1/2019","True","True","119.0","119.0","0.0","0.5","verified","1008","kcal","","113.28","21.39","21.4","-0.01","0.05","verified","1003","g","","","0.0","0.0","0.0","5e-05","genuine_zero","1005","g","","","3.08","3.08","0.0","0.005","verified","1004","g","","","0.0","0.0","0.0","5e-05","genuine_zero","1079","g","","","0.0","0.0","0.0","5e-05","genuine_zero","2000","g","","","0.077","0.077","0.0","5e-05","verified","1093","g","mg","","113.28","verified",""
"171055","Chicken Skin (Roasted)","SR Legacy","sr_legacy","SR Legacy 2021-10-28","4/1/2019","True","True","454.0","454.0","0.0","0.5","verified","1008","kcal","","447.56","20.36","20.4","-0.04","0.05","verified","1003","g","","","0.0","0.0","0.0","5e-05","genuine_zero","1005","g","","","40.68","40.7","-0.02","0.05","verified","1004","g","","","0.0","0.0","0.0","5e-05","genuine_zero","1079","g","","","0.0","0.0","0.0","5e-05","genuine_zero","2000","g","","","0.065","0.065","0.0","5e-05","verified","1093","g","mg","","447.56","verified",""
"171057","Chicken Giblets (Raw)","SR Legacy","sr_legacy","SR Legacy 2021-10-28","4/1/2019","True","True","124.0","124.0","0.0","0.5","verified","1008","kcal","","118.95","17.88","17.9","-0.02","0.05","verified","1003","g","","","1.8","1.8","0.0","0.005","verified","1005","g","","","4.47","4.47","0.0","0.005","verified","1004","g","","","0.0","0.0","0.0","5e-05","genuine_zero","1079","g","","","0.0","","","5e-05","missing_in_reference","","","","","0.077","0.077","0.0","5e-05","verified","1093","g","mg","","118.95","verified_with_gaps","macro_gap:sugar_g"
"171059","Chicken Heart (Cooked, Simmered)","SR Legacy","sr_legacy","SR Legacy 2021-10-28","4/1/2019","True","True","185.0","185.0","0.0","0.5","verified","1008","kcal","","177.32","26.41","26.4","0.01","0.05","verified","1003","g","","","0.1","0.1","0.0","0.0005","verified","1005","g","","","7.92","7.92","0.0","0.005","verified","1004","g","","","0.0","0.0","0.0","5e-05","genuine_zero","1079","g","","","0.0","","","5e-05","missing_in_reference","","","","","0.048","0.048","0.0","5e-05","verified","1093","g","mg","","177.32","verified_with_gaps","macro_gap:sugar_g"
"171060","Chicken Liver (Raw)","SR Legacy","sr_legacy","SR Legacy 2021-10-28","4/1/2019","True","True","119.0","119.0","0.0","0.5","verified","1008","kcal","","114.07","16.92","16.9","0.02","0.05","verified","1003","g","","","0.73","0.73","0.0","0.0005","verified","1005","g","","","4.83","4.83","0.0","0.005","verified","1004","g","","","0.0","0.0","0.0","5e-05","genuine_zero","1079","g","","","0.0","0.0","0.0","5e-05","genuine_zero","2000","g","","","0.071","0.071","0.0","5e-05","verified","1093","g","mg","","114.07","verified",""
"171062","Chicken Light Meat (Raw, With Skin)","SR Legacy","sr_legacy","SR Legacy 2021-10-28","4/1/2019","True","True","186.0","186.0","0.0","0.5","verified","1008","kcal","","180.71","20.27","20.3","-0.03","0.05","verified","1003","g","","","0.0","0.0","0.0","5e-05","genuine_zero","1005","g","","","11.07","11.1","-0.03","0.05","verified","1004","g","","","0.0","0.0","0.0","5e-05","genuine_zero","1079","g","","","0.0","0.0","0.0","5e-05","genuine_zero","2000","g","","","0.065","0.065","0.0","5e-05","verified","1093","g","mg","","180.71","verified",""
"171067","Chicken Dark Meat (Raw, Meat Only)","SR Legacy","sr_legacy","SR Legacy 2021-10-28","4/1/2019","True","True","125.0","125.0","0.0","0.5","verified","1008","kcal","","119.11","20.08","20.1","-0.02","0.05","verified","1003","g","","","0.0","0.0","0.0","5e-05","genuine_zero","1005","g","","","4.31","4.31","0.0","0.005","verified","1004","g","","","0.0","0.0","0.0","5e-05","genuine_zero","1079","g","","","0.0","0.0","0.0","5e-05","genuine_zero","2000","g","","","0.085","0.085","0.0","5e-05","verified","1093","g","mg","","119.11","verified",""
"171073","Chicken Back (Meat Only, Raw)","SR Legacy","sr_legacy","SR Legacy 2021-10-28","4/1/2019","True","True","137.0","137.0","0.0","0.5","verified","1008","kcal","","131.52","19.56","19.6","-0.04","0.05","verified","1003","g","","","0.0","0.0","0.0","5e-05","genuine_zero","1005","g","","","5.92","5.92","0.0","0.005","verified","1004","g","","","0.0","0.0","0.0","5e-05","genuine_zero","1079","g","","","0.0","0.0","0.0","5e-05","genuine_zero","2000","g","","","0.082","0.082","0.0","5e-05","verified","1093","g","mg","","131.52","verified",""
"171077","Chicken Breast (Boneless, Skinless, Raw)","SR Legacy","sr_legacy","SR Legacy 2021-10-28","4/1/2019","True","True","120.0","120.0","0.0","0.5","verified","1008","kcal","","113.58","22.5","22.5","0.0","0.05","verified","1003","g","","","0.0","0.0","0.0","5e-05","genuine_zero","1005","g","","","2.62","2.62","0.0","0.005","verified","1004","g","","","0.0","0.0","0.0","5e-05","genuine_zero","1079","g","","","0.0","0.0","0.0","5e-05","genuine_zero","2000","g","","","0.045","0.045","0.0","5e-05","verified","1093","g","mg","","113.58","verified",""
"171079","Squab (Pigeon, Raw)","SR Legacy","sr_legacy","SR Legacy 2021-10-28","4/1/2019","True","True","142.0","142.0","0.0","0.5","verified","1008","kcal","","137.5","17.5","17.5","0.0","0.05","verified","1003","g","","","0.0","0.0","0.0","5e-05","genuine_zero","1005","g","","","7.5","7.5","0.0","0.005","verified","1004","g","","","0.0","0.0","0.0","5e-05","genuine_zero","1079","g","","","0.0","","","5e-05","missing_in_reference","","","","","0.051","0.051","0.0","5e-05","verified","1093","g","mg","","137.5","verified_with_gaps","macro_gap:sugar_g"
"171080","Squab (Light Meat, Raw)","SR Legacy","sr_legacy","SR Legacy 2021-10-28","4/1/2019","True","True","134.0","134.0","0.0","0.5","verified","1008","kcal","","127.72","21.76","21.8","-0.04","0.05","verified","1003","g","","","0.0","0.0","0.0","5e-05","genuine_zero","1005","g","","","4.52","4.52","0.0","0.005","verified","1004","g","","","0.0","0.0","0.0","5e-05","genuine_zero","1079","g","","","0.0","","","5e-05","missing_in_reference","","","","","0.055","0.055","0.0","5e-05","verified","1093","g","mg","","127.72","verified_with_gaps","macro_gap:sugar_g"
"171083","Turkey Giblets (Raw)","SR Legacy","sr_legacy","SR Legacy 2021-10-28","4/1/2019","True","True","124.0","124.0","0.0","0.5","verified","1008","kcal","","118.81","18.18","18.2","-0.02","0.05","verified","1003","g","","","0.07","0.07","0.0","5e-05","verified","1005","g","","","5.09","5.09","0.0","0.005","verified","1004","g","","","0.0","0.0","0.0","5e-05","genuine_zero","1079","g","","","0.0","0.0","0.0","5e-05","genuine_zero","2000","g","","","0.136","0.136","0.0","0.0005","verified","1093","g","mg","","118.81","verified",""
"171085","Turkey Gizzard (Raw)","SR Legacy","sr_legacy","SR Legacy 2021-10-28","4/1/2019","True","True","111.0","111.0","0.0","0.5","verified","1008","kcal","","105.53","18.8","18.8","0.0","0.05","verified","1003","g","","","0.0","0.0","0.0","5e-05","genuine_zero","1005","g","","","3.37","3.37","0.0","0.005","verified","1004","g","","","0.0","0.0","0.0","5e-05","genuine_zero","1079","g","","","0.0","0.0","0.0","5e-05","genuine_zero","2000","g","","","0.147","0.147","0.0","0.0005","verified","1093","g","mg","","105.53","verified",""
"171093","Turkey Breast (Raw, Meat and Skin)","SR Legacy","sr_legacy","SR Legacy 2021-10-28","4/1/2019","True","True","157.0","157.0","0.0","0.5","verified","1008","kcal","","150.74","21.89","21.9","-0.01","0.05","verified","1003","g","","","0.0","0.0","0.0","5e-05","genuine_zero","1005","g","","","7.02","7.02","0.0","0.005","verified","1004","g","","","0.0","0.0","0.0","5e-05","genuine_zero","1079","g","","","0.0","","","5e-05","missing_in_reference","","","","","0.059","0.059","0.0","5e-05","verified","1093","g","mg","","150.74","verified_with_gaps","macro_gap:sugar_g"
"171095","Turkey Roast (Roasted, Meat and Skin)","SR Legacy","sr_legacy","SR Legacy 2021-10-28","4/1/2019","True","True","172.0","172.0","0.0","0.5","verified","1008","kcal","","164.52","28.26","28.3","-0.04","0.05","verified","1003","g","","","0.0","0.0","0.0","5e-05","genuine_zero","1005","g","","","5.72","5.72","0.0","0.005","verified","1004","g","","","0.0","0.0","0.0","5e-05","genuine_zero","1079","g","","","0.0","0.0","0.0","5e-05","genuine_zero","2000","g","","","0.066","0.066","0.0","5e-05","verified","1093","g","mg","","164.52","verified",""
"171100","Foie Gras Pate (Smoked, Canned)","SR Legacy","sr_legacy","SR Legacy 2021-10-28","4/1/2019","True","True","462.0","462.0","0.0","0.5","verified","1008","kcal","","458.84","11.4","11.4","0.0","0.05","verified","1003","g","","","4.67","4.67","0.0","0.005","verified","1005","g","","","43.84","43.8","0.04","0.05","verified","1004","g","","","0.0","0.0","0.0","5e-05","genuine_zero","1079","g","","","0.0","","","5e-05","missing_in_reference","","","","","0.697","0.697","0.0","0.0005","verified","1093","g","mg","","458.84","verified_with_gaps","macro_gap:sugar_g"
"171101","Turkey (Canned, Meat with Broth)","SR Legacy","sr_legacy","SR Legacy 2021-10-28","4/1/2019","True","True","169.0","169.0","0.0","0.5","verified","1008","kcal","","162.34","23.68","23.7","-0.02","0.05","verified","1003","g","","","1.47","1.47","0.0","0.005","verified","1005","g","","","6.86","6.86","0.0","0.005","verified","1004","g","","","0.0","0.0","0.0","5e-05","genuine_zero","1079","g","","","0.0","0.0","0.0","5e-05","genuine_zero","2000","g","","","0.518","0.518","0.0","0.0005","verified","1093","g","mg","","162.34","verified",""
"171103","Turkey Sticks (Breaded, Fried)","SR Legacy","sr_legacy","SR Legacy 2021-10-28","4/1/2019","True","True","279.0","279.0","0.0","0.5","verified","1008","kcal","","276.9","14.2","14.2","0.0","0.05","verified","1003","g","","","17.0","17.0","0.0","0.05","verified","1005","g","","","16.9","16.9","0.0","0.05","verified","1004","g","","","0.0","","","5e-05","missing_in_reference","","","","","0.0","","","5e-05","missing_in_reference","","","","","0.838","0.838","0.0","0.0005","verified","1093","g","mg","","276.9","verified_with_gaps","macro_gap:fiber_g,sugar_g"
"171106","Mechanically Deboned Poultry (Raw)","SR Legacy","sr_legacy","SR Legacy 2021-10-28","4/1/2019","True","True","243.0","243.0","0.0","0.5","verified","1008","kcal","","238.7","14.72","14.7","0.02","0.05","verified","1003","g","","","0.0","0.0","0.0","5e-05","genuine_zero","1005","g","","","19.98","20.0","-0.02","0.05","verified","1004","g","","","0.0","0.0","0.0","5e-05","genuine_zero","1079","g","","","0.0","","","5e-05","missing_in_reference","","","","","0.04","0.04","0.0","5e-05","verified","1093","g","mg","","238.7","verified_with_gaps","macro_gap:sugar_g"
"171108","Cornish Hen Meat (Raw)","SR Legacy","sr_legacy","SR Legacy 2021-10-28","4/1/2019","True","True","116.0","116.0","0.0","0.5","verified","1008","kcal","","110.13","20.04","20.0","0.04","0.05","verified","1003","g","","","0.0","0.0","0.0","5e-05","genuine_zero","1005","g","","","3.33","3.33","0.0","0.005","verified","1004","g","","","0.0","0.0","0.0","5e-05","genuine_zero","1079","g","","","0.0","0.0","0.0","5e-05","genuine_zero","2000","g","","","0.068","0.068","0.0","5e-05","verified","1093","g","mg","","110.13","verified",""
"171110","Canned Chicken (No Broth)","SR Legacy","sr_legacy","SR Legacy 2021-10-28","4/1/2019","True","True","185.0","185.0","0.0","0.5","verified","1008","kcal","","177.7","25.3","25.3","0.0","0.05","verified","1003","g","","","0.9","0.9","0.0","0.0005","verified","1005","g","","","8.1","8.1","0.0","0.005","verified","1004","g","","","0.0","0.0","0.0","5e-05","genuine_zero","1079","g","","","0.0","0.0","0.0","5e-05","genuine_zero","2000","g","","","0.482","0.482","0.0","0.0005","verified","1093","g","mg","","177.7","verified",""
"171112","Duck Leg Roast (Roasted, Meat and Skin)","SR Legacy","sr_legacy","SR Legacy 2021-10-28","4/1/2019","True","True","217.0","217.0","0.0","0.5","verified","1008","kcal","","209.8","26.8","26.8","0.0","0.05","verified","1003","g","","","0.0","0.0","0.0","5e-05","genuine_zero","1005","g","","","11.4","11.4","0.0","0.05","verified","1004","g","","","0.0","","","5e-05","missing_in_reference","","","","","0.0","","","5e-05","missing_in_reference","","","","","0.11","0.11","0.0","0.0005","verified","1093","g","mg","","209.8","verified_with_gaps","macro_gap:fiber_g,sugar_g"
"171116","Ground Chicken (Raw)","SR Legacy","sr_legacy","SR Legacy 2021-10-28","4/1/2019","True","True","143.0","143.0","0.0","0.5","verified","1008","kcal","","142.82","17.44","17.4","0.04","0.05","verified","1003","g","","","0.04","0.04","0.0","5e-05","verified","1005","g","","","8.1","8.1","0.0","0.005","verified","1004","g","","","0.0","0.0","0.0","5e-05","genuine_zero","1079","g","","","0.0","0.0","0.0","5e-05","genuine_zero","2000","g","","","0.06","0.06","0.0","5e-05","verified","1093","g","mg","","142.82","verified",""
"171119","Chicken Feet (Boiled)","SR Legacy","sr_legacy","SR Legacy 2021-10-28","4/1/2019","True","True","215.0","215.0","0.0","0.5","verified","1008","kcal","","209.8","19.4","19.4","0.0","0.05","verified","1003","g","","","0.2","0.2","0.0","0.0005","verified","1005","g","","","14.6","14.6","0.0","0.05","verified","1004","g","","","0.0","0.0","0.0","5e-05","genuine_zero","1079","g","","","0.0","0.0","0.0","5e-05","genuine_zero","2000","g","","","0.067","0.067","0.0","5e-05","verified","1093","g","mg","","209.8","verified",""
"171120","Chicken Thigh (Rotisserie, Cooked)","SR Legacy","sr_legacy","SR Legacy 2021-10-28","4/1/2019","True","True","196.0","196.0","0.0","0.5","verified","1008","kcal","","196.05","24.06","24.1","-0.04","0.05","verified","1003","g","","","0.0","0.0","0.0","5e-05","genuine_zero","1005","g","","","11.09","11.1","-0.01","0.05","verified","1004","g","","","0.0","0.0","0.0","5e-05","genuine_zero","1079","g","","","0.0","0.0","0.0","5e-05","genuine_zero","2000","g","","","0.337","0.337","0.0","0.0005","verified","1093","g","mg","","196.05","verified",""
"171121","Chicken Wing (Rotisserie, Cooked)","SR Legacy","sr_legacy","SR Legacy 2021-10-28","4/1/2019","True","True","197.0","197.0","0.0","0.5","verified","1008","kcal","","196.53","27.69","27.7","-0.01","0.05","verified","1003","g","","","0.0","0.0","0.0","5e-05","genuine_zero","1005","g","","","9.53","9.53","0.0","0.005","verified","1004","g","","","0.0","0.0","0.0","5e-05","genuine_zero","1079","g","","","0.0","0.0","0.0","5e-05","genuine_zero","2000","g","","","0.725","0.725","0.0","0.0005","verified","1093","g","mg","","196.53","verified",""
"171122","Chicken Back (Rotisserie, Cooked)","SR Legacy","sr_legacy","SR Legacy 2021-10-28","4/1/2019","True","True","260.0","260.0","0.0","0.5","verified","1008","kcal","","260.35","23.23","23.2","0.03","0.05","verified","1003","g","","","0.03","0.03","0.0","5e-05","verified","1005","g","","","18.59","18.6","-0.01","0.05","verified","1004","g","","","0.0","0.0","0.0","5e-05","genuine_zero","1079","g","","","0.03","0.03","0.0","5e-05","verified","2000","g","","","0.584","0.584","0.0","0.0005","verified","1093","g","mg","","260.35","verified",""
"171123","Chicken Breast (Rotisserie, Cooked)","SR Legacy","sr_legacy","SR Legacy 2021-10-28","4/1/2019","True","True","184.0","184.0","0.0","0.5","verified","1008","kcal","","183.62","27.48","27.5","-0.02","0.05","verified","1003","g","","","0.02","0.02","0.0","5e-05","verified","1005","g","","","8.18","8.18","0.0","0.005","verified","1004","g","","","0.0","0.0","0.0","5e-05","genuine_zero","1079","g","","","0.02","0.02","0.0","5e-05","verified","2000","g","","","0.347","0.347","0.0","0.0005","verified","1093","g","mg","","183.62","verified",""
"171129","Turkey Thigh (Raw, Meat Only)","SR Legacy","sr_legacy","SR Legacy 2021-10-28","4/1/2019","True","True","115.0","115.0","0.0","0.5","verified","1008","kcal","","114.76","19.27","19.3","-0.03","0.05","verified","1003","g","","","0.15","0.15","0.0","0.0005","verified","1005","g","","","4.12","4.12","0.0","0.005","verified","1004","g","","","0.0","0.0","0.0","5e-05","genuine_zero","1079","g","","","0.1","0.1","0.0","0.0005","verified","2000","g","","","0.167","0.167","0.0","0.0005","verified","1093","g","mg","","114.76","verified",""
"171132","Turkey Wing (Raw, Meat and Skin)","SR Legacy","sr_legacy","SR Legacy 2021-10-28","4/1/2019","True","True","202.0","202.0","0.0","0.5","verified","1008","kcal","","202.43","19.53","19.5","0.03","0.05","verified","1003","g","","","0.05","0.05","0.0","5e-05","verified","1005","g","","","13.79","13.8","-0.01","0.05","verified","1004","g","","","0.0","0.0","0.0","5e-05","genuine_zero","1079","g","","","0.03","0.03","0.0","5e-05","verified","2000","g","","","0.067","0.067","0.0","5e-05","verified","1093","g","mg","","202.43","verified",""
"171138","Turkey Back (Raw, Meat and Skin)","SR Legacy","sr_legacy","SR Legacy 2021-10-28","4/1/2019","True","True","206.0","206.0","0.0","0.5","verified","1008","kcal","","206.73","16.86","16.9","-0.04","0.05","verified","1003","g","","","0.15","0.15","0.0","0.0005","verified","1005","g","","","15.41","15.4","0.01","0.05","verified","1004","g","","","0.0","0.0","0.0","5e-05","genuine_zero","1079","g","","","0.1","0.1","0.0","0.0005","verified","2000","g","","","0.157","0.157","0.0","0.0005","verified","1093","g","mg","","206.73","verified",""
"171141","Black Bean Soup (Condensed, Canned)","SR Legacy","sr_legacy","SR Legacy 2021-10-28","4/1/2019","True","True","91.0","91.0","0.0","0.05","verified","1008","kcal","","92.88","4.83","4.83","0.0","0.005","verified","1003","g","","","15.42","15.4","0.02","0.05","verified","1005","g","","","1.32","1.32","0.0","0.005","verified","1004","g","","","6.8","6.8","0.0","0.005","verified","1079","g","","","2.49","2.49","0.0","0.005","verified","2000","g","","","0.97","0.97","0.0","0.0005","verified","1093","g","mg","","92.88","verified",""
"171301","Kefir (Lowfat Strawberry)","SR Legacy","sr_legacy","SR Legacy 2021-10-28","4/1/2019","True","True","62.0","62.0","0.0","0.05","verified","1008","kcal","","62.46","3.39","3.39","0.0","0.005","verified","1003","g","","","10.2","10.2","0.0","0.05","verified","1005","g","","","0.9","0.9","0.0","0.0005","verified","1004","g","","","0.0","0.0","0.0","5e-05","genuine_zero","1079","g","","","9.21","9.21","0.0","0.005","verified","2000","g","","","0.037","0.037","0.0","5e-05","verified","1093","g","mg","","62.46","verified",""
"171413","Olive Oil","SR Legacy","sr_legacy","SR Legacy 2021-10-28","4/1/2019","True","True","884.0","884.0","0.0","0.5","verified","1008","kcal","","900.0","0.0","0.0","0.0","5e-05","genuine_zero","1003","g","","","0.0","0.0","0.0","5e-05","genuine_zero","1005","g","","","100.0","100.0","0.0","0.5","verified","1004","g","","","0.0","0.0","0.0","5e-05","genuine_zero","1079","g","","","0.0","0.0","0.0","5e-05","genuine_zero","2000","g","","","0.002","0.002","0.0","5e-05","verified","1093","g","mg","","900.0","verified",""
"171986","Canned Light Tuna (Water-Packed)","SR Legacy","sr_legacy","SR Legacy 2021-10-28","4/1/2019","True","True","116.0","116.0","0.0","0.5","verified","1008","kcal","","109.42","25.51","25.5","0.01","0.05","verified","1003","g","","","0.0","0.0","0.0","5e-05","genuine_zero","1005","g","","","0.82","0.82","0.0","0.0005","verified","1004","g","","","0.0","0.0","0.0","5e-05","genuine_zero","1079","g","","","0.0","0.0","0.0","5e-05","genuine_zero","2000","g","","","0.05","0.05","0.0","5e-05","verified","1093","g","mg","","109.42","verified",""
"173321","Chicken Tenders (Fast Food)","SR Legacy","sr_legacy","SR Legacy 2021-10-28","4/1/2019","True","True","271.0","271.0","0.0","0.5","verified","1008","kcal","","271.68","19.22","19.2","0.02","0.05","verified","1003","g","","","17.2","17.2","0.0","0.05","verified","1005","g","","","14.0","14.0","0.0","0.05","verified","1004","g","","","1.2","1.2","0.0","0.005","verified","1079","g","","","0.4","0.4","0.0","0.0005","verified","2000","g","","","0.769","0.769","0.0","0.0005","verified","1093","g","mg","","271.68","verified",""
"173443","Sour Cream (Light)","SR Legacy","sr_legacy","SR Legacy 2021-10-28","4/1/2019","True","True","136.0","136.0","0.0","0.5","verified","1008","kcal","","137.8","3.5","3.5","0.0","0.005","verified","1003","g","","","7.1","7.1","0.0","0.005","verified","1005","g","","","10.6","10.6","0.0","0.05","verified","1004","g","","","0.0","0.0","0.0","5e-05","genuine_zero","1079","g","","","0.22","0.22","0.0","0.0005","verified","2000","g","","","0.083","0.083","0.0","5e-05","verified","1093","g","mg","","137.8","verified",""
"173735","Black Beans (Cooked, No Salt)","SR Legacy","sr_legacy","SR Legacy 2021-10-28","4/1/2019","True","True","132.0","132.0","0.0","0.5","verified","1008","kcal","","135.14","8.86","8.86","0.0","0.005","verified","1003","g","","","23.71","23.7","0.01","0.05","verified","1005","g","","","0.54","0.54","0.0","0.0005","verified","1004","g","","","8.7","8.7","0.0","0.005","verified","1079","g","","","0.32","0.32","0.0","0.0005","verified","2000","g","","","0.001","0.001","0.0","5e-05","verified","1093","g","mg","","135.14","verified",""
"174278","Soy Sauce (Tamari)","SR Legacy","sr_legacy","SR Legacy 2021-10-28","4/1/2019","True","True","60.0","60.0","0.0","0.05","verified","1008","kcal","","65.22","10.51","10.5","0.01","0.05","verified","1003","g","","","5.57","5.57","0.0","0.005","verified","1005","g","","","0.1","0.1","0.0","0.0005","verified","1004","g","","","0.8","0.8","0.0","0.0005","verified","1079","g","","","1.7","1.7","0.0","0.005","verified","2000","g","","","5.586","5.59","-0.004","0.005","verified","1093","g","mg","","65.22","verified",""
"2258590","Bell Pepper (Red, Raw)","Foundation","foundation","Foundation Foods 2024-04-18","4/28/2022","True","True","27.0","27.0","0.0","0.05","verified","2048","kcal","","31.3256","0.8956","0.896","-0.0004","0.0005","verified","1003","g","","","6.6532","6.65","0.0032","0.005","verified","1005","g","","","0.1256","0.126","-0.0004","0.0005","verified","1004","g","","","1.158","1.16","-0.002","0.005","verified","1079","g","","","0.0","","","5e-05","missing_in_reference","","","","","0.0","0.0","0.0","5e-05","genuine_zero","1093","g","mg","","31.3256","verified_with_gaps","macro_gap:sugar_g"
"2346386","Heavy Cream","Foundation","foundation","Foundation Foods 2024-04-18","10/28/2022","True","True","336.0","336.0","0.0","0.5","verified","2048","kcal","","343.31","2.018","2.02","-0.002","0.005","verified","1003","g","","","3.7995","3.8","-0.0005","0.005","verified","1005","g","","","35.56","35.6","-0.04","0.05","verified","1004","g","","","0.0","","","5e-05","missing_in_reference","","","","","0.0","","","5e-05","missing_in_reference","","","","","0.0206","0.0206","0.0","5e-05","verified","1093","g","mg","","343.31","verified_with_gaps","macro_gap:fiber_g,sugar_g"
"2644282","Chickpeas (Dry)","Foundation","foundation","Foundation Foods 2024-04-18","10/26/2023","True","True","372.0","372.0","0.0","0.5","verified","2048","kcal","","382.998","21.275","21.3","-0.025","0.05","verified","1003","g","","","60.358","60.4","-0.042","0.05","verified","1005","g","","","6.274","6.27","0.004","0.005","verified","1004","g","","","0.0","","","5e-05","missing_in_reference","","","","","0.0","","","5e-05","missing_in_reference","","","","","0.0088","0.00878","2e-05","5e-05","verified","1093","g","mg","","382.998","verified_with_gaps","macro_gap:fiber_g,sugar_g"
"2646171","Chicken Thigh (Boneless, Skinless, Raw)","Foundation","foundation","Foundation Foods 2024-04-18","10/26/2023","True","True","149.0","149.0","0.0","0.5","verified","2048","kcal","","144.07","18.6125","18.6","0.0125","0.05","verified","1003","g","","","-0.406","-0.406","0.0","0.0005","verified","1005","g","","","7.916","7.92","-0.004","0.005","verified","1004","g","","","0.0","","","5e-05","missing_in_reference","","","","","0.0","","","5e-05","missing_in_reference","","","","","0.0623","0.062299999999999994","0.0","5e-05","verified","1093","g","mg","","144.07","verified_with_gaps","macro_gap:fiber_g,sugar_g"
"2684441","Salmon (Atlantic, Farmed, Raw)","Foundation","foundation","Foundation Foods 2024-04-18","4/18/2024","True","True","203.0","203.0","0.0","0.5","verified","2048","kcal","","197.2932","20.3188","20.3","0.0188","0.05","verified","1003","g","","","-0.493","-0.493","0.0","0.0005","verified","1005","g","","","13.11","13.1","0.01","0.05","verified","1004","g","","","0.0","","","5e-05","missing_in_reference","","","","","0.0","","","5e-05","missing_in_reference","","","","","0.0495","0.0495","0.0","5e-05","verified","1093","g","mg","","197.2932","verified_with_gaps","macro_gap:fiber_g,sugar_g"
"2710824","Avocado (Hass, Raw)","Foundation","","","","","","0.0","","","5e-05","missing_in_reference","","","","","1.8125","","","5e-05","missing_in_reference","","","","","8.3235","","","5e-05","missing_in_reference","","","","","20.31","","","5e-05","missing_in_reference","","","","","0.0","","","5e-05","missing_in_reference","","","","","0.0","","","5e-05","missing_in_reference","","","","","0.0","","","5e-05","missing_in_reference","","","","","","missing_reference","no_record_in_reference_extracts"
"2747652","Anchovies (Canned in Olive Oil)","Foundation","","","","","","0.0","","","5e-05","missing_in_reference","","","","","26.9375","","","5e-05","missing_in_reference","","","","","2.4095","","","5e-05","missing_in_reference","","","","","9.853","","","5e-05","missing_in_reference","","","","","0.0","","","5e-05","missing_in_reference","","","","","0.0","","","5e-05","missing_in_reference","","","","","5.403","","","5e-05","missing_in_reference","","","","","","missing_reference","no_record_in_reference_extracts"
