"split","image_id","sha256","width","height","classes_on_image","mask_class_ids","mask_consistent","dup_group"
"validation","0","2d76f994463438d73d3371e6f6cb6c0518d3fa03905c39712d9fcea19decaae1","512","485","20,56,66,84,96","20,56,66,84,96","True","va-0"
"validation","1","cdf85d60fda050c342a27ea9ceeebf8399ae53f2d6932008613543c1d321f613","512","470","56,84,95","56,84,95","True","va-1"
"validation","2","ee9139b24e055fc487180826471dc2fb67d7c3799089c89d4ec235c1b0824b5d","512","384","35,40,52,58,73","35,40,52,58,73","True","va-2"
"validation","3","cbd364fd90e488dc34677f4db012c438e512daf915ccd30776e2815af9258a3d","512","384","4,29,41","4,29,41","True","va-3"
"validation","4","6afa2905643862f51b4a578bb8ed2fc4670b7ae107c4c4f0269bbe4900a35911","1024","1024","52,54,58","52,54,58","True","va-4"
"validation","5","e71f842b29980f089cb455ed39a884faba721986757247ea2926529025df66f7","512","384","48,66","48,66","True","va-5"
"validation","6","4c688fc0ab98956fa5ee8659073f690676b72253b86f2435c02c056dfccd8656","307","204","5,9,25,41,58,103","5,9,25,41,58,103","True","va-6"
"validation","7","49e11b2569c4095545a3e7b487715a9006019778bb34ffc4417cc768ac58ef1c","768","1024","29,30,32,42,58","29,30,32,42,58","True","va-7"
"validation","8","424ba75456b0c8526bae220922173c6d19a98e897bf9032c759291a5d77e22ed","512","384","48,84","48,84","True","va-8"
"validation","9","0828fd180d8fba33db6f84e2be03554470fc721a2dc31a43c50c0b257dd97f67","512","384","46,82,89,93,98,103","46,82,89,93,98,103","True","va-9"
"validation","10","8234657cac74c02122a02060d04b266a73e9c1c52a8e197529c250964067e63a","512","384","48,67,70","48,67,70","True","va-10"
"validation","11","263c6bb9cfda7352d60ed2a9a785441bbb5bd8d4592ae367a8fec5b6631bc8a4","512","363","11,49,67,89","11,49,67,89","True","va-11"
"validation","12","3a34dce61c6282bda06fb697def6acad424aeb16638acf84ad407b9dd584fe89","256","256","54,59,87,95","54,59,87,95","True","va-12"
"validation","13","a53268e97ff9c098c71c01e36b9e23d76cbc75bd292094a807466d0121ea9473","696","1024","56,95","56,95","True","va-13"
"validation","14","457aac78c413040e9ce34d3e25b4e870f3033f87e0ad4768875415714d620ab1","512","384","3,46,52,58,93","3,46,52,58,93","True","va-14"
"validation","15","603d603b82ca32f901bcd80e22afbf11344c4033e4239c5e31dea1b015ae5a11","256","256","8,10,30","8,10,30","True","va-15"
"validation","16","d60beff2460566516a5c6f04c248ba54ebe85e067e6f6c49bf4d9910caf67f63","256","256","29,30,33,47,48,59","29,30,33,47,48,59","True","va-16"
"validation","17","1f81d1232a75d918b5e25cfd3ff6fffbc13a41b11b31178195fd5d7dc08ab693","1248","1024","47,64,96","47,64,96","True","va-17"
"validation","18","512d36a9c95a4292dabde8e83b89a64a9e667c1d30bc47eab7c5607a3521d77e","512","384","37,48,66,94","37,48,66,94","True","va-18"
"validation","19","830d6a2d7632c2efb570a381e3ab4e0516ef5dc17de1e60bfdff9187190e96e4","256","256","24,46,52,85,101","24,46,52,85,101","True","va-19"
"validation","20","12ec108c504f978b0ff04fab8f1fbdafa5587fb9ec822b3e0723e7ef878a5a06","512","311","9,54,73,89","9,54,73,89","True","va-20"
"validation","21","7fcf13f0339ca6f7a723532b84a67619a7ecff1158cefe05e55f1218b6789818","768","1024","48,85,87","48,85,87","True","va-21"
"validation","22","45ade3f78a8fb2e05be57df1bf338e1230481656b21aaf579cab7459ed9c08a3","512","386","48,66,72,87,98","48,66,72,87,98","True","va-22"
"validation","23","76128389a16e160a6f180131224078c91f9a5879bfe7b3d9b02e957e490ff82d","256","256","3,46,58,73,82,93,94","3,46,58,73,82,93,94","True","va-23"
"validation","24","80e8abac22e8de6c352bd1e6143814df4b9a9dfa27b862fc306fa41324825bfc","512","384","9,47,58","9,47,58","True","va-24"
"validation","25","d2ebb6dc4fc03368dd488181aec0434274a8b9b6af257f743dda78053f02e7bc","256","256","10,31","10,31","True","va-25"
"validation","26","38e47cd5645c87b57157f40f7218344bb26259e5e4a68beec6c8596cd139ece8","1365","1024","50,64,84,87","50,64,84,87","True","va-26"
"validation","27","566ff8635d3bb149642e3a2c741fc83a20f40df28c03d2070ea88d9ee5d45fd4","512","384","8,50","8,50","True","va-27"
"validation","28","7d5fe56408a87f3947a27ff435269d9033778b2b452961ef74d8e448fd14e7b2","512","384","3,8","3,8","True","va-28"
"validation","29","7595617bbd94fc3d58993e06c27595e426dc0bfd91f8d4fa1c8776ee2e1b5fc0","410","324","11,31,33,58","11,31,33,58","True","va-29"
"validation","30","285f74f8464e64c5813916db1a2a9b23b4dc657bdbd6882d327b32f007a170c9","256","256","46,59,73,96","46,59,73,96","True","va-30"
"validation","31","719044e28ef2710e79768cf43d1ab9b66f5ab1495b2f73ea6d8dc4992355f06b","1365","1024","28,48,73,87","28,48,73,87","True","va-31"
"validation","32","8b68594c9d0971afb8585ab7d9f454453c070d1fc7481ae6d1b71d947f37b68b","256","256","54,59,66,84,96","54,59,66,84,96","True","va-32"
"validation","33","38f0bda64d00ede6e2784a4cdb06f8959b2c137d6d6e7a682d39d28eaa8b83d0","1365","1024","47,59,64","47,59,64","True","va-33"
"validation","34","35ef8161b4697e8a06038405515a52a948d15f068c92654e702c29feb7c6da06","256","256","30,37,58","30,37,58","True","va-34"
"validation","35","40e080a64f039e5e9400d23ab8e0deb59f2599725b00c857fb0e348235a79e0e","512","330","37,46,70,87","37,46,70,87","True","va-35"
"validation","36","1a432d06624f19efdb670afc6c0c97382969581c3793417092090f2fd0394c9c","512","384","8,82,84,87","8,82,84,87","True","va-36"
"validation","37","183d5eb807945ee5612dc5e780d7d1487929aa3ba6461b241fa21b86ebb8ea4c","307","204","48,58,96","48,58,96","True","va-37"
"validation","38","3d5dba27833b24b3383758d984438140baa926a7781d1d9433bf5c146bad91f5","512","384","46,67,87,94","46,67,87,94","True","va-38"
"validation","39","9cea74e80d755b4d2c27383e5e5e47cdc0110f5c3aa5125f77ea662554f2ca3c","898","898","57,82","57,82","True","va-39"
"validation","40","dd3a14840c7cd17dc119b8bbc280b4da0fefa70566d3350c00c5a7a82d7f1aa5","512","384","56,70,84,95","56,70,84,95","True","va-40"
"validation","41","20a9b88668f02fb4b670ea04b09856e5e830056e76e8dce6a650e20d3b7c4356","1820","1024","48,82,84,88,94","48,82,84,88,94","True","va-41"
"validation","42","18df8e138b245d8ade36df340e3badac68604f44a9c15d3e2bc1d30e15e3605b","800","498","47,49,52,58,70,84,91","47,49,52,58,70,84,91","True","va-42"
"validation","43","7aafbab0affac687588c7b4823450b59fd4ed8360dff81a7361cb67470919bf0","410","410","29,30,48,75,80,89,95,103","29,30,48,75,80,89,95,103","True","va-43"
"validation","44","f1aafbf1dfd9d6aed649482eb5d3e31071e7048665b149e8a1034a17d7170625","512","384","37,48,89","37,48,89","True","va-44"
"validation","45","2dfdf24551e596c82ff4f4802c32f79e868f2debb159c49fb3318967af6c1d25","1000","750","47,73,80,84,93,103","47,73,80,84,93,103","True","va-45"
"validation","46","34396b6b7100dbc2b20cea6530dcb61f5357fe88dbeebbd98549d195580c6e9f","512","384","10,30,32","10,30,32","True","va-46"
"validation","47","98e24331715f37259a94f0ea2227ca78556899d89640b1d840cc79f1074ba4f3","512","367","58,103","58,103","True","va-47"
"validation","48","42bafa82bcd1d074dd77397aea938be7b7a3309daedbeb01f4120086ae543c1e","400","300","9,52,58,70","9,52,58,70","True","va-48"
"validation","49","12907df130c345f29fcba37cd4b19d5cf7f8d001d34f62873ecbf8d7e3eddd03","512","384","48,64,73,91","48,64,73,91","True","va-49"
"validation","50","f328ae16377a60cb1c4b4beebf1ae86394b1f4425a879190d7616e09fede139d","512","384","48,59,66,84,96","48,59,66,84,96","True","va-50"
"validation","51","a81d155d633d7dbd6a0cb315bd0054503c282e5df2bb13a5a0db89266add26ec","512","384","9,61,73","9,61,73","True","va-51"
"validation","52","c6103e7b987503137ddb85a8eeba65d3081f379bc929f2e0a00b306ec35b042b","1820","1024","46,66,87","46,66,87","True","va-52"
"validation","53","489f0af6b1ecbdc7a55009b1efe021c4823d9ca1deac4e403791f7e90fae2a2a","512","384","52,56","52,56","True","va-53"
"validation","54","db3742e4a7873b703418aa05231f3e029ddd5a5b3e93c091b9b79caf1d80a03d","512","384","9,41","9,41","True","va-54"
"validation","55","02dfca532cc913bea7ab5c098c4ee555d3dea2dc9f9f169ff3b167420ad11f6c","512","384","46,66,73,90,103","46,66,73,90,103","True","va-55"
"validation","56","38e6bd5b449069ef7ee18d0b66f3723e17e9a3c74823bed86d6e93afef8c7450","256","256","24,49,96,103","24,49,96,103","True","va-56"
"validation","57","7030da6c82e88b3a06f59fffc5270671932cb9ce40a1c6cfc0dd1a82b9910e47","1820","1024","48,66,70,103","48,66,70,103","True","va-57"
"validation","58","cb0603b517d0f81ce4be350467824842c1524219d0bf4d82c2d4c990f80916dd","512","359","8,10,30,31","8,10,30,31","True","va-58"
"validation","59","26e69ae79abc25706e9e97a759e0dd77d4399522c4f863fe44641c53abc0a0fb","488","648","37,54,73,89,93","37,54,73,89,93","True","va-59"
"validation","60","f984a7410dc60b3578fc3bcd299c8d08927a0f0e997e4b5b015338134d587e89","512","384","24,73,82","24,73,82","True","va-60"
"validation","61","49471917c8ff08b395886c519117aaeb55336c6868be27b3d5746094622f2b9b","512","340","37,66,82,84,87","37,66,82,84,87","True","va-61"
"validation","62","b8b2ad981623f8a69f66bff6082d196ce210052d38f6b1b0bd7f076ed206dc10","256","256","24,35,47,70,73,80,96","24,35,47,70,73,80,96","True","va-62"
"validation","63","34ec092680b7f999c608933ae1ac9923a3388e04022682067f8d8b862106206a","410","307","52,58,73,89,94,96","52,58,73,89,94,96","True","va-63"
"validation","64","f59db4ea0ed7a4e58b509064334983c4568e6c92ab34ff09a9932458f008d8f5","512","384","46,59,70,89","46,59,70,89","True","va-64"
"validation","65","f6ac76868b0bee4497e70a4eb9ab076905b1a6483f1b2bc4103ef3f8b3ad04a5","512","384","49,84,91","49,84,91","True","va-65"
"validation","66","40e3e3f426ca236e31fd51ff4a302eb704c609628916874748c97ae0e2f30688","512","384","46,84,87,93","46,84,87,93","True","va-66"
"validation","67","4fc07b7a32bb89c084864786a7c2714752ff3f5b013da8e8f8b3a3b85eb1d22c","512","458","82,84,93","82,84,93","True","va-67"
"validation","68","6088d5489be1cf3cefd9f2de3ae26bb4d42d432258db450904bd9f72e0e4ea97","512","288","10,13,30","10,13,30","True","va-68"
"validation","69","3f2ffb575e400f428d9d476a3aea5f8962951148d055f3d74cb420e41e8a5b9a","307","204","9,14,58,73,82","9,14,58,73,82","True","va-69"
"validation","70","3cdb13b4c0fa4b22cc5b7934f3c27f85092ae8f1ec0554b2a95e05e2e47a2459","1024","1024","8,71,73,94","8,71,73,94","True","va-70"
"validation","71","653423a1c50cb02ca2e96435a4895bcfcf5b36e775feac7226b869892b6ae552","512","384","48,66,87","48,66,87","True","va-71"
"validation","72","92c5a76152ed6c87cb111f08c40b940fe6ae6d717589e41d77d712d7caa9e36e","512","361","52,58,84","52,58,84","True","va-72"
"validation","73","158cfd6e912410b55049111d143939e41543703c74f66be1830f85d3a01fcfec","512","384","30,58","30,58","True","va-73"
"validation","74","5b7e2356fe9ab214b80ce78884f99e9dfb1e352c3401ca56286acbb32045f436","642","428","10,13","10,13","True","va-74"
"validation","75","5adfc78444dad694d53b4a5862b02e9ec5ee6f5bd53fc1e565d7a5e34d18bd8f","512","341","8,41","8,41","True","va-75"
"validation","76","b3ac9ae9dd59fac2d7f4fc3f5a4e0ce6b890b4281ca375e422c984c6f452b281","512","342","37,52,56","37,52,56","True","va-76"
"validation","77","20557f922fb3163ff1df38d9a3599eb54fc3f13b8ccfd9e3f955fd7dfaaf2e66","512","384","48,64,84,95","48,64,84,95","True","va-77"
"validation","78","adc06e21e5285a32b47b4bdfbb5da295546ff32c8a481bc8263e6811a98f5761","512","384","5,15","5,15","True","va-78"
"validation","79","398f83c234c986344b03561b460388c059f08f9196f1ce14127615933d66ae27","512","420","10,13","10,13","True","va-79"
"validation","80","8a79ed780ebfb0eb2946de8c09d31bcce8d00d6e379da6c7860b881113439fa2","256","256","48,66,87","48,66,87","True","va-80"
"validation","81","4e699e0633a34054f51b935d4c808c9d9d2192e041b02a60d865b4b5c245d15a","256","256","46,58,73,80,82","46,58,73,80,82","True","va-81"
"validation","82","fa05445e0c9b9e8de643f171155007065ee0b6733eb9c67c9cc80655675d2b5b","512","384","14,71,84,88,89","14,71,84,88,89","True","va-82"
"validation","83","b2da5fe50aec98c9f20057da10cc7652a55c7e597f5212b21d0234a9f618197b","512","384","47,59,70","47,59,70","True","va-83"
"validation","84","17b1ef0bd16507fcec6632b422b06a412a3e42f94b1dec9a44b7beefaad3dd80","512","384","46,70,89,93","46,70,89,93","True","va-84"
"validation","85","203249a953a89490e4ac29b66ee7876e6c2fe967ea4b74fe34842dee41f61fe4","1024","1024","46,58,64,66,77","46,58,64,66,77","True","va-85"
"validation","86","f3e8cfc962bc9aebfde991f1793e91e39b00a0ba2eb7e23a6a91d4a88241e7eb","512","384","47,59,70","47,59,70","True","va-86"
"validation","87","5a514afec6b2974f1ed91867c2809f0e2c9911363cb71d235d7692cb1d46e6d3","256","256","46,67,73,80","46,67,73,80","True","va-87"
"validation","88","fbf826400f3038a098586ad2d027c69513dc9e94f2ea8ca3a530e93b64fd3289","512","434","34,46,52,58,80","34,46,52,58,80","True","va-88"
"validation","89","8f60210e722ab482434d76b418817224ec0660c36b4fcc67e1e464ccb03a69eb","682","1024","48,66,73,82","48,66,73,82","True","va-89"
"validation","90","705886cee611aa187aace21cdc3cb61ef9bf1a756d64400e5155d0faf0c6ab1d","512","384","8,48,72,82,84,87","8,48,72,82,84,87","True","va-90"
"validation","91","c7daa9a8348d43d76ea0c3ba134e49a656bd4fdb05e9c1ac37c68c2b303dc91f","512","418","48,70,84,87","48,70,84,87","True","va-91"
"validation","92","ca7e8344c6c7823123620859ad8aca1fc0296da6bc06ab8975b5ffb4ad6497a7","1081","960","48,70,87","48,70,87","True","va-92"
"validation","93","0960c795e1b7c76a9597ef0236ca54cd9d845484c45406f1cd465054f7872ce1","512","384","54,70,84,96","54,70,84,96","True","va-93"
"validation","94","cbe296af7470a773f8841dc356e5a9ee005d400f9580eac2a37df96d711c28c9","256","256","46,73,80,93","46,73,80,93","True","va-94"
"validation","95","99672782578ac7f1826f89b7fca74b0a5e51f11ab0202151ef84408ee7fcd9c5","512","398","48,70,76","48,70,76","True","va-95"
"validation","96","0e6dbe91497e0734ac0248b133b6e437c61c32f9a904e17b86af7dce367133eb","512","512","25,67","25,67","True","va-96"
"validation","97","54642739288f82d5b8d9f0dfe19353d4a2c5056873c66e21acea136b5085d56a","240","320","25,58","25,58","True","va-97"
"validation","98","dae51af91fe1e9acabe55a85171cb869cfe328587098d2613548767746cfdb51","400","600","52,58","52,58","True","va-98"
"validation","99","7a793bfee21671e9d4d09d823da4152df9d5d2b142256a190459e7d0e56f884c","480","360","8,58,82,89,93","8,58,82,89,93","True","va-99"
"validation","100","f123936e7cbae7573ad0cbb2e92a33a005c9d401ef64786e8b26111b5ba8a802","480","640","48,52,73","48,52,73","True","va-100"
"validation","101","c5c12905e44dc7b02a857c816f5ffd1cf26097b18e67be20099846dac5081498","512","384","4,5","4,5","True","va-101"
"validation","102","54a5b5ed47187dfbe8bb821bafa50eb2011fb41e125044557a6712030791dc42","1024","685","50,54,87","50,54,87","True","va-102"
"validation","103","7433ec13fae640ec1d7cbfb0d25f85057fb2bcc8ad4d9ce72e29f7c6a8bf0600","1280","800","9,24,30,44,50,58","9,24,30,44,50,58","True","va-103"
"validation","104","e26fa8e19029f61cf2848bdef07bc0882d058593eac192eabca70f3a21802452","256","256","46,58,80","46,58,80","True","va-104"
"validation","105","be307fde7c0edf1caa8b2c53844b02e2bfe7a21a06ee9ee71a86e3914fbd4209","256","256","12,30","12,30","True","va-105"
"validation","106","0a8103386a5df4f5b7c7714056d10766c875c4a838040c8644a8727d3a9a18af","384","512","12,30","12,30","True","va-106"
"validation","107","3a2cfbfdcd9b532996f3e6defa2586cea584228aa1fbb036cfa521568928b956","256","256","48,58,65,89","48,58,65,89","True","va-107"
"validation","108","fe3df263ad4e7e640a4937c7be0a424963061032e12b11ae59b3e134dfd41e4d","512","341","3,48,87,98","3,48,87,98","True","va-108"
"validation","109","c9ebede3e1da55e60dfc78a0514cc8e36630e154a3cf084bbf7df4c13d649ce2","1820","1024","8,37,67,73,77","8,37,67,73,77","True","va-109"
"validation","110","4edfbbfac2756518309ebff133bcba7c9a5ea15759601914e9e626049904ed0e","256","256","8,59,67","8,59,67","True","va-110"
"validation","111","6073d35246789e4d7301fa12a293d709cdcce5d6fd377b3d9701ea5a0772b4a9","512","384","3,46","3,46","True","va-111"
"validation","112","d8566aceb4c9d86cba06ad3f79456a38a92e9b6176810280ac869e1809908c91","256","256","37,48,52,76,89","37,48,52,76,89","True","va-112"
"validation","113","47b23e7684486f62ca301999dcce6b8bbcfd17cd01bebd828de3e87649b06faf","512","384","8,10,32,37","8,10,32,37","True","va-113"
"validation","114","43081ffb863d761db47f3c5fce12725e3f97659c44383ed1560a6be98d57bb9d","550","365","47,52,70","47,52,70","True","va-114"
"validation","115","769dd90443f1be3ecc5f2d8a6e3bbc9d2b973f133e1878d149eb3f82447ed9c9","870","580","46,58,96","46,58,96","True","va-115"
"validation","116","3a0374a66741fe8236b2816356b22f6f0187d73336296258bd2b37d9d2bf7a48","256","256","47,66,67,96,103","47,66,67,96,103","True","va-116"
"validation","117","fd713ee2031600f4ce690c83d7fd7d108d700e22b1bffb87211faec43b8e27eb","512","384","33,46,77,87","33,46,77,87","True","va-117"
"validation","118","9f6d600d6867907766e163ef58880836290ce70f5135824116b35e24e351cff8","512","340","3,8,47,72,84,87,89,96","3,8,47,72,84,87,89,96","True","va-118"
"validation","119","46037c0be46b4513c3ea2a0145cd66118e4ffbc875906778b5c1df6175469e80","512","384","10,46,59","10,46,59","True","va-119"
"validation","120","f2d57f9eb77e1883e9a5f845f5cdc0d869f8a88e5596e562c86afe4c4acd2797","512","384","46,59,65,84,96","46,59,65,84,96","True","va-120"
"validation","121","6fa0d8ac4f0ec7d01f7551b196b5eb566907f6d5b42fcc27f850778083e6dbe9","410","619","8,9,46,67,73,80","8,9,46,67,73,80","True","va-121"
"validation","122","e0116d0cb156a96f145131150d35ec0239dac95ada20c9dda4fb0730509a6f8d","256","256","41,58","41,58","True","va-122"
"validation","123","6a749ba249ca894d0fae4c6225b34a26953b444dfd43541104887452c511911b","511","512","13,58","13,58","True","va-123"
"validation","124","6722e4fce35947dffb17c783fe6296518889550ad8fd913f952c82c430fbbfc8","512","384","52,73,76,80,82,84,93,103","52,73,76,80,82,84,93,103","True","va-124"
"validation","125","2128a6254cdc9aa6ad7572e99d33c17f9cd28195bae40553004cb7eed907bda7","512","384","21,37,70,73,80,84,94","21,37,70,73,80,84,94","True","va-125"
"validation","126","3e5dcc7837c380f2d533135afc205f63bd60497f1dcd5bec2407b8ab9e70ea51","1024","1024","13,58","13,58","True","va-126"
"validation","127","f0eba62f65666e22a6d2b1ae8bd3c8051d0eb3ed92a122382c928dfbae1d3b1e","1535","1024","55,58","55,58","True","va-127"
"validation","128","1244c22e068ec51cb0eb3e937db6f0594e0f40013724b847bcdfbdf05e62b05e","512","384","89,98","89,98","True","va-128"
"validation","129","ba3177d126398e929ffb0a479127fd11de9055dabf352b2fc3cc7b4ad26c3fe2","1024","1024","52,63","52,63","True","va-129"
"validation","130","1c9dd304ab5bd04ac85d0ff2b39bc63e8249310decdff30528621c37d39a1d18","1024","1024","12,103","12,103","True","va-130"
"validation","131","945b1d3bc16944015cfa25a34d2c6ed3457ad061f4435c6684b5f6271b9e962b","256","256","46,64,87","46,64,87","True","va-131"
"validation","132","5e77223a94f3bd9bd2f3a8af0e7195f16e39cd5e3851bbfe0ec038ab45cbe1fc","410","546","13,58","13,58","True","va-132"
"validation","133","54e814c5581315ed1ac6545e909bd7da53e6f8b1195c11afa3960da06318d82d","512","359","73,76,85","73,76,85","True","va-133"
"validation","134","7ac865954b1259bc2ebc15a13ec4028e4b13bfaf77bc3cd2269be7ed946c3c2d","256","256","46,73,80,103","46,73,80,103","True","va-134"
"validation","135","60eebf833cf8726d2fec9c4fbe0065ac91b2867a6f8aaff7daeef92741d4129e","512","436","28,67,73,94","28,67,73,94","True","va-135"
"validation","136","399711a22cb67afa69f8a456cb60fd5bdcb96210b4198f991da1555f4ce8d88c","512","288","46,73,80,89","46,73,80,89","True","va-136"
"validation","137","42318fd5dcd6234dd4506afded3301413450aa596c6122c91d8d26060bd12bd1","256","256","54,66,84,102","54,66,84,102","True","va-137"
"validation","138","6cc242aa45da84cb6cd61a3e1e3492d24157254dc5fe2a7f062d966c4c6090c1","512","395","46,73,82,89,93,101","46,73,82,89,93,101","True","va-138"
"validation","139","94b2c4744b500bb59f0c37a52f3374961a1fcbce145215d9497c33bd0dec7ce6","512","384","9,52,84,87,91","9,52,84,87,91","True","va-139"
"validation","140","a460135fb4d37dbde1bdb5120217dabaee498b13cc3b4df7c732dfc75e6e3bdc","512","390","5,103","5,103","True","va-140"
"validation","141","1cbd08c0979c62b0bfb78ebdb742b972ba68ee76695928f8a03582aaeb37ba72","512","397","5,8,82,84,88,96","5,8,82,84,88,96","True","va-141"
"validation","142","ad01fde1c94a850888234f99c82bfc631528b04bb64020d067c90ef52cf0704d","427","512","37,70,73,76,89,91,94","37,70,73,76,89,91,94","True","va-142"
"validation","143","6b61646c0cab44011cfcef3850967ba7c91da7dea90b760211e901d9dae5d969","512","422","51,89","51,89","True","va-143"
"validation","144","d29224605a097c502ea990e45287828d98d31f64801cf7a0f631ab809e572bcc","410","273","47,87,94","47,87,94","True","va-144"
"validation","145","99feecbc0e1955140cde6601933f9055838fc9444cff30156606bf818464915f","512","384","46,70,73,96","46,70,73,96","True","va-145"
"validation","146","eb61778ac737ee18dff52d3b339364682c97a8aa3f3b06288db3605cd158e982","512","384","46,52,70,95","46,52,70,95","True","va-146"
"validation","147","aacb6124b0192e1fa9a791deee3f0f3c9c81673053bec167074d767ff1bc3830","512","307","37,47","37,47","True","va-147"
"validation","148","e4c41e5e56bea8174708cc19524b40477755908ec4ae12b1bf06296b0f92e307","512","384","46,52,58,65","46,52,58,65","True","va-148"
"validation","149","9790628eefbcf1793c7af207bfe30db4f618131d8890b3a8b1abb7a0a3193304","512","372","47,73,87,89","47,73,87,89","True","va-149"
"validation","150","afabaff14c2ccf7c195cb2db128e52aca860aeff64cce2f1799d6fb2c5921161","256","256","5,8,31","5,8,31","True","va-150"
"validation","151","2f706a867bd7c8f0ca738fe67edbd78a67fb5eca63009560242397f71fcc4077","512","341","3,46,58,93,94","3,46,58,93,94","True","va-151"
"validation","152","9fe6f2d083d51435ab17a871cb09c50babd6ee7eca476a68af7b319825a10b59","512","341","47,66,71,84,89","47,66,71,84,89","True","va-152"
"validation","153","e9924bc7244f9d854c9ae5c00448e59a62052b8727d0aa66fd988a9e91c705d1","512","384","50,73,76,89,94","50,73,76,89,94","True","va-153"
"validation","154","f137f78196766980586950f778b6df987e1b2f3836e30e3e4225952a8d479638","512","403","48,66,70,84,96","48,66,70,84,96","True","va-154"
"validation","155","3652b226b1057860ab8e62c4ca0e682aecd9e663b4e4f05498abb95be270e818","512","384","8,39,44","8,39,44","True","va-155"
"validation","156","7e8e1a38ba4e6ecd05b4fbfa9b4adefe9cc1a0903318de8d6a7025e195645e78","256","256","46,82,85","46,82,85","True","va-156"
"validation","157","c864933071c31f0abb811a07df2b662b313a44890f013e3f518e35f14d68ab11","512","384","8,48,59,70","8,48,59,70","True","va-157"
"validation","158","ddd74bdc3c6a37565b21dab4d2d732aff9ecfd776aeb91249fedfdb925e7ce24","1365","1024","47,58","47,58","True","va-158"
"validation","159","58e94dd2ea5f851a41281dcb624754d9977ba58fa3a469e401ef03774071559b","1000","750","58,73","58,73","True","va-159"
"validation","160","4cc36f8fc33b41827391b9703fbb238d45ce1f7f4ab05c142f30088831f2ea9c","1024","1024","52,56","52,56","True","va-160"
"validation","161","7a145b52e1cc838f77a4e2e72566049f58ce09be9bf25794162c5b1263706daf","256","256","9,46,87,101","9,46,87,101","True","va-161"
"validation","162","7c39efdecd3d98a4bd489ab4bd1afdbd2419ddf04280824eda33522d05df15ad","840","840","48,52,58,84,87,88","48,52,58,84,87,88","True","va-162"
"validation","163","6a28a15b17bb37b9509d090dc06eccf8931138c13fc9267b4193935a52cb01fa","512","383","5,29,58","5,29,58","True","va-163"
"validation","164","dbb16a437478030ffd9069ef96b3a038bac35e7725f21075c6e72ba47ad35d80","512","288","52,63","52,63","True","va-164"
"validation","165","9c8771d8796cebc0343d84649720f0a4049a2f3e0cdbe35f088031b142b7ad72","256","256","46,70,96","46,70,96","True","va-165"
"validation","166","4952ad5700d84d2b0a805753be022484670d5400cbc0508f9b7edb61b59004dd","512","377","37,48","37,48","True","va-166"
"validation","167","c7b97a9197a561b3e23d6a4058fc80f6a12f608d2f945aed769b766161393de3","512","384","48,70,73,84,87,94","48,70,73,84,87,94","True","va-167"
"validation","168","7577cdb2fdd18b570e4f13dc38a01d53da9c7edfc5ba2a1e269f044f744e8667","410","273","12,29,30,31,42","12,29,30,31,42","True","va-168"
"validation","169","8a794e0d73218217b70342a8103f995040019b06df41b0564e96550c67887e9f","576","1024","48,59,66","48,59,66","True","va-169"
"validation","170","ccebeed4121d7d969aadded3eb890cfc018354b4b4086915183261035982e361","307","204","8,82,88,94","8,82,88,94","True","va-170"
"validation","171","a85ec60594098ffa239b82ff4238b483c871ef39372bba8ab070c442fef1454c","256","256","56,70,87","56,70,87","True","va-171"
"validation","172","101872b06f4a435e693291ef3e77f7c4ddb647dc2b129ad5e41b0675ff9b3449","512","384","8,73,82,84,87,88","8,73,82,84,87,88","True","va-172"
"validation","173","15ea143ef1745466f2db756c4239a169a27e08b9d2b5caa1a14df9fef4674f94","768","1024","47,58,59,70","47,58,59,70","True","va-173"
"validation","174","b06da72fed32ee57fb72428ea30bea01c180bdd635abeaf19f1686e276066ae0","1000","1000","24,47,67,73,80","24,47,67,73,80","True","va-174"
"validation","175","c563376367663a3ac71a9aa9e6e98b0ac083891f138561f35dea0cd66944c478","1538","1024","18,24,35,73,96,103","18,24,35,73,96,103","True","va-175"
"validation","176","e3d5fc5ef654f3730502f53933019297204dedd4be75a412044a7c4b38d8d91c","512","384","46,67,93","46,67,93","True","va-176"
"validation","177","5ee819a18ecfa36c9999047708fac7072f566c606c8431bc64e73318cb3cf3d2","768","1024","10,30,42","10,30,42","True","va-177"
"validation","178","75084ac4e1a3f4af7246e185243263474fac7177cbe65c1dfe703411bb47faf5","384","512","47,52,87","47,52,87","True","va-178"
"validation","179","86224aa40826952bfa8ee24b3fa6a458e845e036e3345c5be71e2f2c2e45fcb3","256","256","47,59,70","47,59,70","True","va-179"
"validation","180","e634d0404d67ae15c6665361ae4564832db88cab52f8c79294452ee0cc416c5e","640","480","46,73,80,93","46,73,80,93","True","va-180"
"validation","181","711b2151d5065ceeba01f55d7ca0c385dfa166af8e6f16b833ced263cd2a2261","410","290","9,46,59,67","9,46,59,67","True","va-181"
"validation","182","4b3ed3649922b7577c231cf5f50ad5a85714a836da15f541ff2098bdd4235a7e","512","360","37,78,83,94","37,78,83,94","True","va-182"
"validation","183","1e54221d292a8e518e651b99adc8505354f47b64a13faff1151890e941ab14cc","256","256","9,46,58,73,80","9,46,58,73,80","True","va-183"
"validation","184","feb52795c070b1d6f9dcbff10cac6afe8e84580d9da3b0e4a6219c4bc3e527f0","256","256","5,31","5,31","True","va-184"
"validation","185","7feba2809a716f636c4501dfe7ffd3795f11752cd6de9ff584150927532f1f78","410","546","8,30","8,30","True","va-185"
"validation","186","fbade485dfedf909a8a20a5e1f0f55349e629833f018fbd61bad5ce03e56a4fa","512","384","52,63","52,63","True","va-186"
"validation","187","2a01490fa1c1e0173ac9b3dc72d20667d538d8585790a9326c8de520661d017c","512","384","28,54,64,68,73","28,54,64,68,73","True","va-187"
"validation","188","b93edf52af7e2cd41371c78d91f91b15a317d916a7504b0c05b8ccc42db9a970","512","355","3,57","3,57","True","va-188"
"validation","189","4ac860660803f41fc6b9aa6dd394a38d2124bf52ec825705f30c9d96b12ed623","400","267","9,50,58,73,89","9,50,58,73,89","True","va-189"
"validation","190","bb24d0c12052081f1e49dd23203a7f9bd3bef9c206ee2b3e8495705131411d6c","1000","774","8,14,49,67,73","8,14,49,67,73","True","va-190"
"validation","191","88db3e722983f8343a6e76e04a22e8701fcee3a93655d7b59930d9f3d74d9b8d","512","384","49,73,89","49,73,89","True","va-191"
"validation","192","6251406dce4ebfacdef6e95817906bae4e5d49d3e6c139b01669a6f74e07ce1a","512","384","10,46,71,81,89","10,46,71,81,89","True","va-192"
"validation","193","23f95ab75e07fb51dcdf07153a2103633ba02e84c1abbbbbd87ad4655a07e0dc","512","385","8,30,58","8,30,58","True","va-193"
"validation","194","66668a1c53e83193c8284e1a2c36988d9f06bf6f83b78f11f95cdd67cfeccfda","512","415","11,57,58,89","11,57,58,89","True","va-194"
"validation","195","0e9cb8f28074a7c9db9a886c686d14f4a4379b2796ede20a2b5c2fd0412e5fa4","512","384","70,87,98","70,87,98","True","va-195"
"validation","196","1d2d1624d3fd568fdbacf0ed03f6eeed2bb840bdc085f09f26fc7cbea138f0f4","256","256","8,48,50,66,84,85,87","8,48,50,66,84,85,87","True","va-196"
"validation","197","cfde93fccd4c21a21c0cdb7604d6d8455d7704d8aa32073dc4d95ba44075e6f6","575","1024","9,52,67","9,52,67","True","va-197"
"validation","198","baf26c3662f5a3c1a6f20c285379a62a65e6210e66ee64dbe44e3e97aa873b10","512","340","24,46,73,80,82","24,46,73,80,82","True","va-198"
"validation","199","d5624a3506b608862ab413fd01827f58fb038e827eaa79b137df6b7d17fb908e","512","384","24,47,52,66","24,47,52,66","True","va-199"
"validation","200","0f05636d83772b41b071531925973db22b64c3bc89af5bf302614dd459b2fd38","512","341","47,50,70,84,89","47,50,70,84,89","True","va-200"
"validation","201","634f099b6a1cb5d27ced8208f961a746aded7f93eae49a6135285748c177a1cd","1365","1024","24,30,44,67","24,30,44,67","True","va-201"
"validation","202","e60874e480448dcbdca470e561b680c6dd349fe2f145b51d4046a28e777f517c","256","256","52,62","52,62","True","va-202"
"validation","203","a2ccdaeabca94e070138eeea8efc3b01863eb3cc023c56c5c736a257a761a786","512","384","9,28,46,58,73,80,93","9,28,46,58,73,80,93","True","va-203"
"validation","204","97498b697ba16561489e6479f9f9b37432d77db0a60dafdc0a76b2edbb6a825e","512","383","46,58,73,80","46,58,73,80","True","va-204"
"validation","205","18ce1e0bc84298dcbbaf29b172db6559abf4170e8e2e0c1135406603868bb9ed","384","512","70,84","70,84","True","va-205"
"validation","206","05bd45a4ac4d12539da0832eb3a970207de7c24531b1a9dff451a50ac38fc4ad","256","256","38,52,67","38,52,67","True","va-206"
"validation","207","941bdb92ef909b36d7a0d4c6e498e2a089d095244d212705a5fd6d18692bc914","512","341","15,29","15,29","True","va-207"
"validation","208","982e48657c397f2c605ac72ec8a2db8c50a4f8c56c29332dfb349f533d691647","256","256","8,30,32","8,30,32","True","va-208"
"validation","209","0f79d87623c523d2c73afc7155ea33d1d442cb5eecf1c9fc541746d45499fca3","256","256","3,48,58,80,103","3,48,58,80,103","True","va-209"
"validation","210","3cce5a74a2858610f02972a4d3cfe2efdb9147a6e4fc9ed671a5b18b34b2b104","512","492","67,70,89","67,70,89","True","va-210"
"validation","211","0465885fb04c6dc47630521749c5bc73c3ba2b2b9fab2a11363981986075c248","512","384","29,58,73,93,94","29,58,73,93,94","True","va-211"
"validation","212","487a9c7f7f20fb1547bab4ee6153e306e5497d6403638fef082290a254edd5cf","1024","1024","8,11,46,89","8,11,46,89","True","va-212"
"validation","213","d331cff9cf45746942a6739b56fb79e922aa0c78a815202cd828e8c8e8466371","768","1024","48,73,82","48,73,82","True","va-213"
"validation","214","d50755705fd00a083538a99a2b0707d528d1ac0bdc0361e19e8436b8762ccfe6","512","371","21,47,59","21,47,59","True","va-214"
"validation","215","c2f3b1f1ca6c3cd2b397d7315e1ae9b81b133bce7d58adad03f44d790dc795d0","256","256","48,70,73,85","48,70,73,85","True","va-215"
"validation","216","352d95b72a0cd719d808b08cbe9ff4f44e1ca2cd6ac17d210c3c81290e71184f","512","384","8,48,52,70,94,98","8,48,52,70,94,98","True","va-216"
"validation","217","73a1a5984a425583efe73f0398c35fa48f9d2b57ce84d26becc7c5d4f4d1391b","512","384","37,54,84,96","37,54,84,96","True","va-217"
"validation","218","2fa8068f3e97d90dad05a1b30897dc8cb6609ab92cedde7ccfeeda0bb7b1d1fa","800","600","65,89","65,89","True","va-218"
"validation","219","48be04aa182214856bf992752d3b2e90db3ce18117e884f2200f9c6fdc329ec5","642","428","5,9,44,48,82","5,9,44,48,82","True","va-219"
"validation","220","68bed24c09d574381ce5a3a9011da6a3f56406251b1c8f359d7a91212e93380f","1024","1024","11,46,66,84,85","11,46,66,84,85","True","va-220"
"validation","221","c79c5e3a30ac5a345cda8e37733c340dcc232cb5845be8178a355a09854acd91","1365","1024","48,59,70","48,59,70","True","va-221"
"validation","222","abd91cd9477cc1ddeb58a35bc70f09381eee16a2d4077a29946a282bc7f19e37","307","204","10,30","10,30","True","va-222"
"validation","223","849878816f7a00e7b0b07b51f3f7aedf541880d6153d9a8b23bb4c4b5ad4abc3","512","384","8,84,88,94","8,84,88,94","True","va-223"
"validation","224","133662555c7a832c5be342c4013cc18ff50ba01d508c92ba4dbf2ea0a581b5cc","256","256","12,30,40","12,30,40","True","va-224"
"validation","225","7199b0fedd49eb4a77411b9a11811da92218707acd04c310dfadf1306690b1d1","1820","1024","3,9,46,58","3,9,46,58","True","va-225"
"validation","226","d8adfadc679ada9e41426533734596db9cac5c5c5c55bf7c686866345c89f7c3","512","384","70,71,72,84,87,88,93","70,71,72,84,87,88,93","True","va-226"
"validation","227","2d8d144a5c58f5d8ac149877f65dc005aafed23c3a2c643b07590a242811ee6f","512","384","50,58,73,80","50,58,73,80","True","va-227"
"validation","228","7eb24a029d6a0f17ba24133bcfb7346e78c93913dbadd145455a46c5c831aa25","512","384","48,95","48,95","True","va-228"
"validation","229","e1d9176e14e3535cfe4bd0834d279a70130f301effa78e3f62696d082722e0bf","311","350","46,58,73,80,82,93","46,58,73,80,82,93","True","va-229"
"validation","230","db9d63624e4626d5af0d74c06272711d786dd0095aee77d86d2aa76935150cd0","1366","1024","8,72,80,84,101","8,72,80,84,101","True","va-230"
"validation","231","4daad2b83d17738fc7c0d5e58dee354c6b7285c72ee6f5ec29a51a025f36b410","1024","1024","46,67,76,85","46,67,76,85","True","va-231"
"validation","232","48cb1e5326ef16f6ef4b5c8c60d89d5d9bb8b3a09ad7730ee931bb3ea7d10181","512","384","47,70,85","47,70,85","True","va-232"
"validation","233","e769597843896ca654e943e3fd64d6e44d20019cc30f173adc90cdd9fafb207a","512","384","10,29","10,29","True","va-233"
"validation","234","957b008bb7d8ebcd1f1c50ad1d770de7877fe51c668d2d4c5ea8370d4373a4e1","1365","1024","8,24,46,58,59,84,96","8,24,46,58,59,84,96","True","va-234"
"validation","235","c6e90cdb2b3070533c565e08295edae4a5ebcbca3959b2176629695ac4442df8","256","256","24,30,67","24,30,67","True","va-235"
"validation","236","8c983477c4464c7590b1b75df8d0a697b355a237f270e1af63e35dc096ffb0b2","600","400","52,67,84,87,94","52,67,84,87,94","True","va-236"
"validation","237","52163122def5fae0db1111a811bf4c7b78f6b67ee4f86eda57fae19f54dd0a7c","418","296","46,70,84","46,70,84","True","va-237"
"validation","238","946c5c3f8dba0514917df287f68fa5dd43c752e6f531e9a63e8c5c4e09ad2f7f","512","484","47,70","47,70","True","va-238"
"validation","239","1cd0eaf51e188f30fd338a4a87f3b5211839edc863f08a5ca11a79ff4cc40020","256","256","51,70,87","51,70,87","True","va-239"
"validation","240","cad116ebe22341fe5c6cfcbd9c6b040cfe88b78c62ea28831079877eaff0aefb","384","512","11,46,52,58","11,46,52,58","True","va-240"
"validation","241","53016bd44c5dbbedf474c937aca0b9e11439d9a011d9c2ecda475587bf70bb8e","512","384","30,32,33,67","30,32,33,67","True","va-241"
"validation","242","f14aaa569f9e4d992e1365a4536668f15935df88aeb0dae80ba3a809116ad0d9","256","256","66,87","66,87","True","va-242"
"validation","243","53f72041ced34b55a4f4972c383ccef173eb924d7c39038d52bd7113f7425259","981","1024","8,48,66,77","8,48,66,77","True","va-243"
"validation","244","913e5b8065f18e8b4ee2085ff7944000ff91a805836f27b660dbc1ddc669d954","235","149","3,48,52","3,48,52","True","va-244"
"validation","245","8458865d6ccb8ed2b491cf136719667c2d0b7d7a06be01c87fec112a40bcfd4d","512","383","11,37,48,80","11,37,48,80","True","va-245"
"validation","246","95c11fda86b504103dd03f19704b6e0a20907e6116f4260774d3a9741fba2623","768","1024","3,31,58,64,101","3,31,58,64,101","True","va-246"
"validation","247","0250006f124982da540b2379dcb646f2ba6a16e81ba679f18cb723707a9890f1","256","256","49,73,82","49,73,82","True","va-247"
"validation","248","52c35106bd3fb2a42bc33580461e0a294f1de8ff0f7e401ed4b478ff53d61d00","256","256","3,48","3,48","True","va-248"
"validation","249","aa11c8157c7f33b1a8616ca2b4e9df4e17b566bd7d3db957c23005052d243d79","512","409","8,37,52,67,80,82,84,91","8,37,52,67,80,82,84,91","True","va-249"
"validation","250","c3311c4ea9c7526335b08e75ccf6b1dfea2d9113dbc49265bf11635028204e0c","768","1024","37,48,80","37,48,80","True","va-250"
"validation","251","19484661f7ba25b76a1e9db0dc34dcb4d94f3e9acad9abc59dd4b8b5b1d9558f","256","256","46,58,73,80,82,93,94","46,58,73,80,82,93,94","True","va-251"
"validation","252","f34c52c85bd9ebbfab9a7cb4fd78e316320a5c9d8635e5f90c100ba5f737559c","683","1024","48,57,84,88","48,57,84,88","True","va-252"
"validation","253","cc17101f8a657766c1e5e119a04e0644c5a99ea1b59a3103c2d01e02a18090c2","512","384","82,84","82,84","True","va-253"
"validation","254","563c90b1fbd3e1f7b77338445b24cd9dfed42896005c83f89b4e90c290a0b6f3","512","384","44,91","44,91","True","va-254"
"validation","255","8aa469ec3d064140995a3781d5f589601076f9772bce1f7da824f60581e14a2d","512","354","47,52,82,101","47,52,82,101","True","va-255"
"validation","256","4482b538cc372c7e4e5b4ab57c2de834704665e7c1d50e5d91044e0bb8ba998b","512","384","44,46,58,89","44,46,58,89","True","va-256"
"validation","257","2ff80aa380f5ab2688b6c6073e0f64849cde0f904a5b584223807750a509333c","256","256","30,48,87","30,48,87","True","va-257"
"validation","258","219ac5f65c073d1e1ba3224d90f4467373298b1cdd1c659a4ae8b0384a9fc474","410","273","3,52","3,52","True","va-258"
"validation","259","9689e0b9fa54f8cccb9a62a0960703444c0fc41cd335e6ca20addeb35dad5442","1024","1024","9,11,49,52,58","9,11,49,52,58","True","va-259"
"validation","260","924b73fa1c94ed8dcc20333361ed74b0282dc1271a451ae3b190ef96023f75eb","512","384","46,52","46,52","True","va-260"
"validation","261","5a9a0290b0f611dd6f43a86a545f223f347c52a86f2cef8ffd38f9215fbb4cfb","512","383","50,70,93","50,70,93","True","va-261"
"validation","262","c5c8f80d72a079a5de597f7e5c61be3d543b0106d963ca6c6074476bbac587a6","256","256","46,59,70","46,59,70","True","va-262"
"validation","263","bc592bb8819974ae6752f80c94ceab99d01e7c15a28c8c251e51ad8d0d28cf6d","410","384","11,37,38","11,37,38","True","va-263"
"validation","264","2df10ad6a939ac27e45da408883ec4fbc8777ec1b3d4bdb05d4d7f4eb728b9dc","512","411","59,87","59,87","True","va-264"
"validation","265","3dba7d49231f00b47e065e27ec3e4d1b0117a3d05aebc4d08b0cb4e70a2689f5","1810","1024","48,65,87","48,65,87","True","va-265"
"validation","266","042817d7e37df109d86fdb4a02f4b9f3ed0f4d6eda918e0ea3a962cc8d1619fa","512","340","47,56,82,85","47,56,82,85","True","va-266"
"validation","267","d6f29a4e3541f2bb2ecef664e288983b2f1504a5a830dc219f78dc6fd7b80971","280","203","9,52,85,90","9,52,85,90","True","va-267"
"validation","268","a8d25df774269e1552a167083c65251606cca9eed736cfb53d085b1e72e319ce","512","384","8,48,84,88","8,48,84,88","True","va-268"
"validation","269","69f7ffdd5446ce360b181717b9125ca067c094ef61dee1e8f9faeed11eba8356","512","384","40,48,66,73","40,48,66,73","True","va-269"
"validation","270","e975b8dd992b8a2ff3210a69d3cbee521edfebdca681a323348a55f5cace24e6","280","373","37,48,73,80,87","37,48,73,80,87","True","va-270"
"validation","271","8a588177f0568401568413d0a77bebe333563e6828485b264dc5283b623f3074","341","512","5,13","5,13","True","va-271"
"validation","272","bd5e14b007ec18c836de9eefebc18ffb0f6a4c2bc8ac304f78c3e5343fdab0e9","1365","1024","48,50,59,64","48,50,59,64","True","va-272"
"validation","273","cf369c19785de899d42839520c0d65b01773c527a87331690f3c9b00b96485a6","512","384","46,58,73,80,103","46,58,73,80,103","True","va-273"
"validation","274","9427732e769586985e061df96eb250f05a04a0ca10d9d3de58365404f8df2088","512","384","10,89","10,89","True","va-274"
"validation","275","14e856d113c681008dc8ca8400dabc361ea8594a302239c9fe066500d618a33c","512","384","46,58,73,89","46,58,73,89","True","va-275"
"validation","276","68fb41973f2834435d6d99d0f9528868adbca11be0ea0899e6e07dd02721d8b7","512","384","5,8,11,25,89","5,8,11,25,89","True","va-276"
"validation","277","563079c7a6f05c1e875666f61599b3022f06f4f154c18f74ed2d6e22aacd4317","512","384","22,25,58","22,25,58","True","va-277"
"validation","278","201b23d38ad0e4a2c92c62b58b36bb1b548d6e3947a4c948de7db44789776292","512","337","3,46,58,73,80","3,46,58,73,80","True","va-278"
"validation","279","25199be6120ec52d6d22b94ee308f67ed7dd64ef66bb7e0e40ec8cee61599bc8","256","256","52,58,94","52,58,94","True","va-279"
"validation","280","ea7be3273a95ee7adcece37a169ef2eaddc234ca932593ee520d87a447e473bb","512","360","8,58,84,88,96,98","8,58,84,88,96,98","True","va-280"
"validation","281","4e6785a93379d5a6be6c8b3883cc50f55741183cee8e93e9bbabf7486e6e9c07","256","256","3,37,52,67,85,89","3,37,52,67,85,89","True","va-281"
"validation","282","56ffcbfad8d1b9df1cdde2a2a3b797d0f7d84f54353c0d29b5769ee285b8866c","680","1024","8,30","8,30","True","va-282"
"validation","283","03b8631c7056498a0ed4c7c630ebfaaeb8e29bcb873fb2f89c324825f9687dd7","256","256","54,66,87,103","54,66,87,103","True","va-283"
"validation","284","cd8c385ce4eebc60f3476a41d78eb7d4d90309dadc756529f2f161e069f0497c","512","433","48,72,73,87,93","48,72,73,87,93","True","va-284"
"validation","285","db260abfd661fcc8f9ccd256d5bdcaa3205b21a4403cc599e4e7c15d36144653","512","432","8,46,52,58,59,66,70,73,89","8,46,52,58,59,66,70,73,89","True","va-285"
"validation","286","f7d79a4c7cb94d826afeb313b59f7eebbf5b90f6e21b9e5f67fc224ed4f99df7","410","272","10,30","10,30","True","va-286"
"validation","287","075f8274dc8d27acc9f44876cea62f6a561755a2c7c4c22b10e523b9fdbbfbba","256","256","48,59,70","48,59,70","True","va-287"
"validation","288","925bd3965499e8a5db19234d317899ffb68b96cd07641d265f0160267af5a2bf","512","341","48,64,87","48,64,87","True","va-288"
"validation","289","e564fd15959a7b01b1bba29d18aec7d86ff5df2cf2db324e598f214bb1631fea","512","386","46,59,70,96","46,59,70,96","True","va-289"
"validation","290","ee2d5e42d179221d0ba4995c3ba4a477afc508bf4617960242c4feeb93f14c28","512","417","9,67,73,76,80,82","9,67,73,76,80,82","True","va-290"
"validation","291","a7dfea2aa2fb7d8387720c30c53454e2e469b67fdb03f4869ce397d26690ddde","512","418","47,51,65,84,87","47,51,65,84,87","True","va-291"
"validation","292","23f8601eb8f4e8d4fc052796ec6b031c75168ed5407696bcef1555a59f448aca","1160","1024","61,70","61,70","True","va-292"
"validation","293","c31764f8d7973d8797eb6b6008f223922a3f8220ddeb088a830e685c265f305c","642","428","9,58,73,80,93","9,58,73,80,93","True","va-293"
"validation","294","494b5d3c4b99f39515833946bb0a82401de5b73c04b89a22c55c94d5c94df8d4","512","505","82,84,94","82,84,94","True","va-294"
"validation","295","63977f22741484d81fd5c94de8a73ee7e50bb51a6e213355a9bed6b0fbc7e87b","512","508","9,11,25,44,58","9,11,25,44,58","True","va-295"
"validation","296","b60f2b52004a73e742787e5c751cd4b55fe43cab2c4e035dca4baf607f9d30fa","512","353","3,9,46,52,58,73,80,82","3,9,46,52,58,73,80,82","True","va-296"
"validation","297","11aa3480a025997bff3b2785ebea2cbb634eaed7a70b0337f82e410e63fdb209","256","256","25,29,58","25,29,58","True","va-297"
"validation","298","eab55bc33c2b064d4fd5b199ec092bbd59aad050de0afb4aa0c7e67a19128773","1365","1024","48,66,89","48,66,89","True","va-298"
"validation","299","e3e52fdb2e6623ea230fdd9f99d5c51afd294a5ff783dcb14358a5efc9d39dfe","642","428","8,73,83,84,85,94,96","8,73,83,84,85,94,96","True","va-299"
"validation","300","902b550410993bd980a126a7108c43e2788ff76bf82b279128c5000516160be8","576","960","48,66,87","48,66,87","True","va-300"
"validation","301","1ddeffbf7d4d37992c6bedc1e168955eeed13edb5ae2dc0e9c4ce7ecaeba5055","512","341","66,84,103","66,84,103","True","va-301"
"validation","302","aaab7974e528ee69ad619b4d4497f63ad2bf1777583a6cb6dcab284525cdbfe7","1820","1024","48,72,84,87","48,72,84,87","True","va-302"
"validation","303","8e79c324a2fb4b0896a47a1f9ef333cfb108b60b6b5d7fad84675097ee6567b5","512","384","29,51,66,89,101","29,51,66,89,101","True","va-303"
"validation","304","c7cf217ee41ffd684bdd61926169378736fdbb5695b6665e03428a636c0ec782","512","384","9,46,59,70,73,89","9,46,59,70,73,89","True","va-304"
"validation","305","22811d946397529c498c794f90c5b41bcf28260d31e52edd01e8d0a9dc459d60","410","273","5,8,84,88","5,8,84,88","True","va-305"
"validation","306","80073de6cd9040f550573687966cd6a30fb5843d58446a274beb382697288cc1","512","384","8,44,52,58","8,44,52,58","True","va-306"
"validation","307","c0d1d130e74a417504ae16de221108e0ab654f4b265e1192d7f69acc5da78145","512","384","14,37","14,37","True","va-307"
"validation","308","2aecd7daff5df52f49eadb66543e987254e839e25a7f3d194908ceb4d41ec9e7","256","256","31,58,80,103","31,58,80,103","True","va-308"
"validation","309","0e6179cbf2f98a705a641dd9400f0dbacfb0b3850b8dac6cf6bee99b227c065d","642","428","51,52","51,52","True","va-309"
"validation","310","cc177dc54361ac8e06c0149264636ae3a6921c2b0fea4994e8db351f39cb64e7","1820","1024","47,58,73","47,58,73","True","va-310"
"validation","311","282ca3615f3e26541029bf87fddaf74f566e9ace4cf32f3caf4de35a0048744c","256","256","50,52,58","50,52,58","True","va-311"
"validation","312","d455f78df0d78ced80a6ebcc0e4f341caf6ec649cb559fea40bcdeeba3714146","512","384","30,52","30,52","True","va-312"
"validation","313","98d49154b9880a71825b3ce784aa0d50504177ce44ae0aff20d217e7c4551ee5","1024","1024","46,70,84,95","46,70,84,95","True","va-313"
"validation","314","b5d0751447473641d467639cd1bd4439d7f8a3f7854c9f680e51f7f8820e7e7d","512","384","8,67","8,67","True","va-314"
"validation","315","08cae84e2f7f1aa96d0c4259ac4f881c9b6d94b27889a8255073e8fa5d6dfd6d","512","384","46,58,80,93,103","46,58,80,93,103","True","va-315"
"validation","316","1e89a24cd00aa7575c88bf22a5e0f5ce193f636e0f4bf88117217b9eb1fd4bb1","642","428","9,46,58,80,94","9,46,58,80,94","True","va-316"
"validation","317","a4de43c2458424332a99f2f1b338b54647d395160fadef8094988119e81af5be","1365","1024","50,64,72,73,84,87","50,64,72,73,84,87","True","va-317"
"validation","318","af88530cc357f10899028620486ad99f69a4c054b8d7b7064f173a589cf073f4","737","1024","5,49,61","5,49,61","True","va-318"
"validation","319","9428bf4ee8ec4c71239fce16893bc805f4ca9c9368cdcfb85967df707010da7d","512","473","47,70,71,84,96","47,70,71,84,96","True","va-319"
"validation","320","104f76161cc5a2cc222cec0c308972a9381056bc826c73d02a0264aecc63b3c2","642","428","10,37","10,37","True","va-320"
"validation","321","e7be4eef74db3227987f625ea06d61311216f6a2ec0786f9c41ad7ead883b5f4","410","307","26,57,59,83,84","26,57,59,83,84","True","va-321"
"validation","322","a871460ba98e188d61279b1da737d7cccd6f75af004d2dc07a01a650c4700a85","512","339","8,30,89","8,30,89","True","va-322"
"validation","323","c4d615c023e120ef866eb4cf36e57c2e7726686c01759545d9d5fe18cd1d7a55","768","1024","44,54,66","44,54,66","True","va-323"
"validation","324","e9e6fbff8e91d7e72ae1587dd7e4635fb4cf33ab80f32bcb2f2970173aabec70","256","256","46,70,72,84,87","46,70,72,84,87","True","va-324"
"validation","325","5952bc22aa92bc80a6b766530feaae73fb22c70aff294d1b8db28b8c201ae5f1","256","256","32,44,58","32,44,58","True","va-325"
"validation","326","8553bb576ad05b986222d7f18e3dbb371102790fcc7da3d247b15ee45001a122","512","349","37,54,70,84,89","37,54,70,84,89","True","va-326"
"validation","327","115ee42842a97fce17c9a6e56fcacabae29c40c132f121389d1ae3e8d8452d2b","512","384","47,77,84","47,77,84","True","va-327"
"validation","328","c99177ddd8c16f7f545a3cb345771feb983c869a8f52206d7f5da5ff713a8883","384","512","46,70,73,96","46,70,73,96","True","va-328"
"validation","329","aac7e60628189b9460b38d16d2a073197df0f1864158cbb2d7d79ec1121d1341","512","360","28,54","28,54","True","va-329"
"validation","330","e3132ead96f599bbc41254eb6beeea782ca0925a9d3a60c2f9ad9d8457e13bb7","575","1024","48,59,66","48,59,66","True","va-330"
"validation","331","38b32d1c202369e6d17f6429e914d9294cdc2aef7909ab777b68d492f5c39cb2","576","1024","8,46,66,70","8,46,66,70","True","va-331"
"validation","332","dc8d4dc8e55f6dbb39b79ff01eb51dc48cee85ec1bc3b794bedd13ffc75596eb","512","384","8,73,84","8,73,84","True","va-332"
"validation","333","98652db7fd6228f4116a9bef1ef1fe027658de24f468df5829c9ad689ad78a9c","256","256","8,30,33","8,30,33","True","va-333"
"validation","334","c5ff3a5b14ba75326fb3a6aa3596318c548e97e6d9eae4a2084e7b024642ed5a","319","374","46,58,87,89,92","46,58,87,89,92","True","va-334"
"validation","335","38515e96da6ed113276fb77c49cdb47d4471fbd11dd92784fb3dec584c1b03a9","512","384","47,59,70,93","47,59,70,93","True","va-335"
"validation","336","2ecb0f8b6921627d21ec50f32f12cb6029fcca6b23980807cb31dbb7b7d693cd","1816","1024","52,58","52,58","True","va-336"
"validation","337","53decc4e17578bdf988916651abb4e0e473acf4bc261aa743a81f8ae2b176fa3","1365","1024","47,94","47,94","True","va-337"
"validation","338","734be4e871931035e9bc088c3f8d206dcd0c4b2053a793ae3e068a819015f391","382","512","4,30","4,30","True","va-338"
"validation","339","662bbe10b28c853387706b939def590286e65ce54b5ff2a02b37c50275a3ea84","256","256","30,31","30,31","True","va-339"
"validation","340","d18f882da31e2b1603a2aa9cbfcc20c38c34f932da818dfda5aa74667a950f2f","410","301","10,30","10,30","True","va-340"
"validation","341","f6ee974a85f57e1132a817bd3265476e148090c68097b8518efa5ed77242e928","512","384","47,66,70,84,87","47,66,70,84,87","True","va-341"
"validation","342","78597824e9882e48195d841803c2462992ba6041c99642510c0122751383e216","1365","1024","35,65,73","35,65,73","True","va-342"
"validation","343","416a90930e5cee7c5c7307b91ffc42f4e29ddcaa9786d8d556b399fded613d19","512","385","48,84,87,91,94,101","48,84,87,91,94,101","True","va-343"
"validation","344","da6c1416da678523c65bfaac0cf405ac2968682e65a09bdee84a01440266de76","410","297","8,10,44","8,10,44","True","va-344"
"validation","345","3dc984028004ced580fb0ee8d1a4ba0a28961fdfa9c8a39348dbb52458feb099","512","384","52,67","52,67","True","va-345"
"validation","346","95a657eadb6a8bded8f2569364c64c6563b69b03c4c52f6a3194bc0e98065086","512","341","28,48,58,73,80,93,103","28,48,58,73,80,93,103","True","va-346"
"validation","347","2f7e0df74fc54d372bc79b345aef628feba2c50259d587a972fb9fa0dfdc3f84","410","615","10,30","10,30","True","va-347"
"validation","348","8a71d26d07b95e87b074fd86d1af4423b2c018df61173bfbdddd0807abe3f750","256","256","52,58,73","52,58,73","True","va-348"
"validation","349","bc65f18e1e81f365b168c559cf198c61461942bd3e0da2050fe3fbec1b8ac7c4","1816","1024","52,67","52,67","True","va-349"
"validation","350","56a0a8ee6ce9b47129733c64dca83ddbabe4e9a6d287298ba1d2c7ddd40d258e","512","384","52,58,59,73","52,58,59,73","True","va-350"
"validation","351","5926775990a1bc257020177a8395bbdeb782fc3577d651b0d7aeb059377c3886","256","256","67,73,91","67,73,91","True","va-351"
"validation","352","6221a11fee025d4a30aa3ebf9862612c7dd71c319eda8a0cb58e7c37afcbab78","256","256","51,59,64,89","51,59,64,89","True","va-352"
"validation","353","79304edf8fc33dbbd5ba69c5d58915ef8f95767d2747a14f11b524775c08d2f4","512","366","47,50,70,96","47,50,70,96","True","va-353"
"validation","354","4b3e2bfadefb82b7fb524407f812b748a11fe11a10a8724f5bde135e7a815423","512","361","47,52,65,84,87","47,52,65,84,87","True","va-354"
"validation","355","3b1f4ae606e0bc61b297b27d5b549fec4322b711b07b693ef556e3088bed3b76","410","616","14,24,30,50,67","14,24,30,50,67","True","va-355"
"validation","356","a13fe1762331672f2a9524b9ab8b14b62a0a02f773c2e8216af4b279f48d3c14","768","1024","48,58,64,66,89","48,58,64,66,89","True","va-356"
"validation","357","a2dfbe3e5a842f3edacf29dc2725a420247426a213fb0899d367a707c7549c18","256","256","8,48,58,84","8,48,58,84","True","va-357"
"validation","358","5a12304c82e4a7555ac603353c68de9b44e8695c06ab4d647195bcd15b5155a6","642","428","10,13","10,13","True","va-358"
"validation","359","a081a8dcd539a9f1125b576ba6dad351632809eb3e29f7885e58d4e8e9fee7fe","1365","1024","8,48,70,84","8,48,70,84","True","va-359"
"validation","360","320f0ea8a83d718998a5bcee24b5fa78a44eb9ed1200555a2385655bc2414c59","240","180","46,58,73,80,92","46,58,73,80,92","True","va-360"
"validation","361","54f436d4aa610eae477054997cba525157f3d848af2258d3d3bb39ed93dddc86","410","273","8,10,30","8,10,30","True","va-361"
"validation","362","14c7778153cc26641810459238e67ec980edd2c1518f637e4b111d3b255c1395","512","384","52,67,89","52,67,89","True","va-362"
"validation","363","200a6dcfc5d5e73d003fc9778c6c160be7abe781872b400cd8fd3268de7cb14e","1365","1024","50,52","50,52","True","va-363"
"validation","364","e88ad6da28ffef11983440fb591fdae945087b128bb66d7cd62024848856cbf2","512","384","47,84","47,84","True","va-364"
"validation","365","a6d13bc086f1a986077c0e8051958303dbc74927714e573769d535de7274e92b","1712","1024","48,52,67","48,52,67","True","va-365"
"validation","366","396543e8a1c53d969d4f5ef2236665f8b5a4e0053c2cc714cfa0f8bc2a9cdfa3","512","343","50,72,84,87","50,72,84,87","True","va-366"
"validation","367","e2cbbb65dc503ae58633fd9a48b8ec85550a411db877df5dec8db22c7f6d86ed","512","384","52,58,87","52,58,87","True","va-367"
"validation","368","a5456e6e97bd4e42b499539d9354422105ee43d3e16c2963c6a8dbd2e99ee13c","550","367","54,58,82","54,58,82","True","va-368"
"validation","369","c0fb4c87769d039fc46044beafc52b99239719401b9b1729916981501ab19c95","512","456","24,58,80,84,90","24,58,80,84,90","True","va-369"
"validation","370","ea3a5cfa67dacc1ba0fd0421d6e47237d9ee46c24d65b5d8a8b10b87ed68dbf7","512","426","10,30","10,30","True","va-370"
"validation","371","9ba19752ac65459b514e54b4767e34f7826e50c1b0ceb1349c0ac7d41a7faf72","512","384","58,66,84","58,66,84","True","va-371"
"validation","372","157c756d7d73f3383fa62735810162885f4af302a2dcf1bb7f9fc819468d58d0","1000","750","54,66,73,89","54,66,73,89","True","va-372"
"validation","373","2d8d314ac7b15523d38caa83a58387791ae92d761df3cfacc76ca01c09fcd29c","256","256","8,51,96","8,51,96","True","va-373"
"validation","374","8eeec91c17bc282868ac919a3b4ebed7a499c9a8b5f333dc663402ca57634fa0","480","360","5,10,11,25","5,10,11,25","True","va-374"
"validation","375","5b4fc4a5847f0c3941818b7c67b9b1de763b0ff29522c6c49b4ee7f55cfbf426","512","384","48,70,72,84,87","48,70,72,84,87","True","va-375"
"validation","376","6eff0be9287b691007ec99337699f0974294d916d9388817283559eb06ba7fd4","512","384","47,52,70,96","47,52,70,96","True","va-376"
"validation","377","b137547195963dc6b3c191e479c719f4401bd1cf46683890c5790aa777ed1d5f","768","1024","37,46,56,66,85","37,46,56,66,85","True","va-377"
"validation","378","f844cffdb8ec045089dab9119dd753fb971e84580b576211c670c240d336527b","512","394","37,54,70,84,96","37,54,70,84,96","True","va-378"
"validation","379","00383c9a51fa4353ddba39b861a0677ab0f250ede35be439e2d7820b03059364","512","384","46,66,84","46,66,84","True","va-379"
"validation","380","ed5cf7a45a539e508186f93154db196a1eb85599e93f79ffd78c3f5092a9b531","1365","1024","8,21,66,67","8,21,66,67","True","va-380"
"validation","381","b521620c0e870d17c15e90c54cf17d4571d6ad093db2274af0b81d15cc5474f7","512","384","48,66,98","48,66,98","True","va-381"
"validation","382","f884b43d58ae8a58e76f34d91ed52ad9d9596a59320b053189a17b1477185871","1365","1024","48,64,96","48,64,96","True","va-382"
"validation","383","58544996b543cfa0da5b518ebe60564f4e2e21fa03af538667ff606a190abf04","512","384","18,67","18,67","True","va-383"
"validation","384","12524a64545e580c37602230c999f2a9ee39dfb8b743259786c4530a66c2f65b","512","384","48,70,87","48,70,87","True","va-384"
"validation","385","79181dcefe81b2ab9078842445356488cb8cd867a8fbc864e144ba2a0e11e032","512","452","47,70,89","47,70,89","True","va-385"
"validation","386","c96fea2ca151ba560bb629aa4dfc37ad5b18485034cccf3f62f3186557dd587d","1820","1024","8,15,30,67,103","8,15,30,67,103","True","va-386"
"validation","387","175e3892775e2554028f6b96f27adeebc5fc51a1682b07fdf2b4f68cc5fb8f60","512","384","15,40,58","15,40,58","True","va-387"
"validation","388","3dc074f9669e007f7a549297ee6ab5909439a27de820cf44dae56036ebaeeba6","512","384","8,41,58,80","8,41,58,80","True","va-388"
"validation","389","713dabda6010eb04e4a521e1adb4be46794d7a5a639542df782b06059cda8602","512","422","5,8,39,89","5,8,39,89","True","va-389"
"validation","390","c1d571017e63f3f8b2633e61bb92e517a6b1cc4da178e8982cb354bce1b316be","642","428","3,9,46,49","3,9,46,49","True","va-390"
"validation","391","2ae026e842da75a0a029703b51546022b4f3beaba4c881f43e45d44902c7f5a5","512","384","48,52,58,73,80","48,52,58,73,80","True","va-391"
"validation","392","fea3460fef9bdbd2dd9c9f0edb02093468159338681c383766f6f2a27e031a26","512","410","12,29,31","12,29,31","True","va-392"
"validation","393","a77f028787ef7d49a04ab413faa5576248940190a702114d4ea78a2d699d1b0a","512","463","10,44","10,44","True","va-393"
"validation","394","07349fdf5a89156e7b571afb58946fd48815555744ace3462bcd778205fd0c52","410","340","5,13","5,13","True","va-394"
"validation","395","91c480697060dc8db37f4b1e9e33f2c6993c79deb5a684f1bf29f15da8dfb64b","512","319","35,46,70,89,96","35,46,70,89,96","True","va-395"
"validation","396","3bab2ccddcba74d73f88ccb93dec0e2bdbbdf875ebec0764e71eb4588db0241e","576","1024","48,59,70","48,59,70","True","va-396"
"validation","397","c53823deff871185a286b3dd49c3fb2fcd0f12107accec049a5205fa0c174911","410","274","30,31,52","30,31,52","True","va-397"
"validation","398","749201ea58225fec24172644fa7280f8590025a1e0bf5cc918113dd86d429709","512","375","38,46,52","38,46,52","True","va-398"
"validation","399","853ab964e5af75f6689444556413cac9430c83c6ad86059f6fd73cb0d85a3d45","1092","1024","49,57,58","49,57,58","True","va-399"
"validation","400","fca978609096fbc356cfd743b72246b0ed3262055c9dac0228fc3a3c1386799b","512","449","14,37","14,37","True","va-400"
"validation","401","22ba34f173089fb2892424b29ab39a9ba9e814c06a7c562ffbcd7338887a9471","512","382","37,56,57,58","37,56,57,58","True","va-401"
"validation","402","f0f49e000c6503b3e1da0847362ca9d3a36f93fe254b0ae8d623da7272e04046","512","469","5,52,82,84","5,52,82,84","True","va-402"
"validation","403","0b1eab4a32fd90d4185a9387ab722d0565ce9141a18b8664f95316dc64d287dc","256","256","52,58","52,58","True","va-403"
"validation","404","524c075808a7569b8f5f7b3d8f49e2ebe57377bf687f81a6842b94313b4a71d0","512","384","8,9,46,52,73,80,87","8,9,46,52,73,80,87","True","va-404"
"validation","405","10143ceea688ef58486acdd907f724c380143b5f9b4cd04dcbc63f55e1660947","1024","1024","3,12,24,84,85,94","3,12,24,84,85,94","True","va-405"
"validation","406","87ec428275b7c35c7a540facd86b6e932d550b6bbb68b165fac341d8a6019df1","512","382","48,70,73,96","48,70,73,96","True","va-406"
"validation","407","0d51968afa6af708869d07d9fa388d3556553e011ee91e781dba217b371567ec","280","280","46,70,73,89","46,70,73,89","True","va-407"
"validation","408","19fe203fed4f7dd2acd73b38bca42311f9690cc52d475c8d078f5f4d01e39fac","512","384","47,70,87","47,70,87","True","va-408"
"validation","409","8113d6c5551d1863e7244101017495d774787740cf79bb5fa3c370119e951408","256","256","70,96,98","70,96,98","True","va-409"
"validation","410","b70ce1d8b5a314c51edeabf38b1c0025ac0b8e49bb18f30e641d20fa1c323209","400","300","48,73,80,87","48,73,80,87","True","va-410"
"validation","411","83fc1d5b53869ad9a6dbe308f1be6d364396d2f18b16ac740dae8049fe8e00b8","256","256","58,84","58,84","True","va-411"
"validation","412","fa902827955715298bd0d8908ff565ec924718ab8d297a3f88a16bd4aae79da9","512","384","5,9,84","5,9,84","True","va-412"
"validation","413","e1495cabf36f029e6adbb1b493e6a04e2a9a998fd76d55d685599d5a9b3c28aa","256","256","10,29","10,29","True","va-413"
"validation","414","9f071136d1b18ff84d505db60a0f088f2391c094a1d7e378d047500329ba6638","512","384","8,47,70,84","8,47,70,84","True","va-414"
"validation","415","d87cac0e3ff714374e61a5a02c45b917d31ff1703a1f4410381136c3e52bfb44","512","346","57,58,94","57,58,94","True","va-415"
"validation","416","fcd197c122cbb72d1e964d08bb9425a188377d0f76b4ebb3f22dff59496899a6","410","547","46,70,77","46,70,77","True","va-416"
"validation","417","873a4c8edfe87cc79e863b261447693d44b2c67c31f054ba05dc437f2b65fd4a","512","386","10,30","10,30","True","va-417"
"validation","418","cff8949bd432af54b753fef9ea5a4ee68656545162beda6da7f58058eef31a66","1024","1024","10,13","10,13","True","va-418"
"validation","419","7b2739fc5c1f1a72de4c2c13e5c6e35bdcd137b6039f868a9ae39f7058348004","256","256","46,49","46,49","True","va-419"
"validation","420","8fd41a25dd66e331d13bff9c396e30162e70897b4f2026e4f8d5edf47cb391d8","512","453","13,58","13,58","True","va-420"
"validation","421","341d6cfe38a2a9bbba697924143d70907db060088a45f86bdd19cfd5813761f9","512","384","46,66,84","46,66,84","True","va-421"
"validation","422","93fd8b802be9d367430f754204bf8814ce99ae712089969667cbcfec3867bee3","1024","1024","37,48,89","37,48,89","True","va-422"
"validation","423","97a4ec830842c8a76e022cf1aeefed4536f25371ae3458deb368ffcd645babfd","256","256","54,65,84,87,93","54,65,84,87,93","True","va-423"
"validation","424","cfabf6c2c7b989952f4569a528769d79f3a850855c6c26d9bdb66d5831b62f7c","512","396","48,72,87","48,72,87","True","va-424"
"validation","425","9cbf3292721de3afafa9ea4b9fe54338fc928b39a634d9f73bef82e4344d68d4","512","384","46,52,70,84","46,52,70,84","True","va-425"
"validation","426","a4284c5006cef7ef5dd55cde549c713509ebc9d6e053c59d0b27a2975c857a1b","512","384","8,48,73,80","8,48,73,80","True","va-426"
"validation","427","699b53425afa72a00b62b5e71c7042d5db94fb3cf23bfeafdaa68194b90ceeb5","512","384","52,82,84,94","52,82,84,94","True","va-427"
"validation","428","301cc043674ff2781bce5bc285dcd7bec92d861c2b5acee4ccb79691b6740db2","256","256","48,59,66","48,59,66","True","va-428"
"validation","429","2f6b50e2a49da92ad2943294350f51781dcc6bd0a5d3159113f1d43b438c356d","512","384","3,46,59","3,46,59","True","va-429"
"validation","430","d3fc6de48393a8cdcae2090d6e0ada0499cb7ef8d12d5a365dd1bb94bc309f3c","887","887","13,51,89","13,51,89","True","va-430"
"validation","431","13198974f0649e1bef8d800fec66878007501eb51587c4cfc1fa2e45f3fd2929","512","410","47,52,59","47,52,59","True","va-431"
"validation","432","5196c39192ff69c19979485e322970b2e3677461c0123704f9dd7c09a4b80365","512","382","12,29,89","12,29,89","True","va-432"
"validation","433","fdc64cc4533d8d0899cb931b41ee42de8183faf78d39b7fcaecd7716c89f32b5","256","256","52,88,93,94","52,88,93,94","True","va-433"
"validation","434","134351698527ffd2ac31a1f6fcdcfb0da8ae2123c8ce9d8474417ce69c48fdae","512","303","41,48,87","41,48,87","True","va-434"
"validation","435","7cc0b8b5136cd7d360585b64397490a68059301ba9ad5307bf12a219c73ec1b4","512","384","70,73,85","70,73,85","True","va-435"
"validation","436","c9dda978d17468504e677cd7569fd258c74917813e0f3393dd70638e1e9bb7ad","352","288","46,84,87","46,84,87","True","va-436"
"validation","437","72908ee6936a05f4cdb407900525594313e60fe0db3b9dbbebf6fe88f4166db6","1024","1024","14,48,66","14,48,66","True","va-437"
"validation","438","9e5569c54f6b1c769130cc40f7504c02031615150f225cf41bdedb93b6043104","256","256","3,9,46,58,73,80","3,9,46,58,73,80","True","va-438"
"validation","439","86ac033cba8be2951bd0239d443d378ce285024caf88e8b0fa78346a05c0576f","550","448","8,32,33,67","8,32,33,67","True","va-439"
"validation","440","bc398d99797d580ff60dc020d375a866f6e221368920a29b7f11ef43db5cdada","768","1024","40,49,64","40,49,64","True","va-440"
"validation","441","65f4dafa69691142ceb014ae56d05cb9adc1d9c72299f6ad545d63bd97d58799","1820","1024","48,52","48,52","True","va-441"
"validation","442","a271b77efba7e8da32a9d86a18e5739ca07961818e9f2d485b7dcc6df81b9e91","512","389","3,9,83","3,9,83","True","va-442"
"validation","443","ea70da8f74e1e297e05e346b1f350892b30ddb6390430a139c9073e5de6b47c1","512","384","8,10,30","8,10,30","True","va-443"
"validation","444","d9e6af48f8b4d8aaafcafd8ee862d197aa9907ca097bb9a320b7e1c7a8ca736c","512","384","8,48,58,64,80,84","8,48,58,64,80,84","True","va-444"
"validation","445","417ffaf034592e864872eb5ebb84e3f8924c4a9bd0c0bc889fba61dc46ddf342","512","412","46,61,73,91","46,61,73,91","True","va-445"
"validation","446","61697a3baf7a362c1c100a82c5b906534fd8c9f1dc951000792ee0f9e81b49b7","410","258","8,59,73,76,88,90,94","8,59,73,76,88,90,94","True","va-446"
"validation","447","00ca8dfb66d377e1bddc74689153923e17c0dabaa533b210df496dd24ad208c7","512","384","48,66,73,98","48,66,73,98","True","va-447"
"validation","448","3b4d61b5a9da7d84ac67b231a62c0f9a077c0826f3e911499346e1db4962557e","642","428","5,9,30,49,52,82","5,9,30,49,52,82","True","va-448"
"validation","449","b224667a692673cfb9b9a481f489e6984bf5cdf9af79c3bdb00954b3b5aa30c6","307","204","8,46,73,77","8,46,73,77","True","va-449"
"validation","450","b80f254009b4f3d835b964a913c92ce12351ebcea61024ffde0b29a9689d25e3","512","385","37,54,70,84,89,93,103","37,54,70,84,89,93,103","True","va-450"
"validation","451","d9f088d2180d47c6d95247857444d9ca6258126eeaf0a327eef143323d8a991a","256","256","46,73,98","46,73,98","True","va-451"
"validation","452","d92a6d72f5449c531e1c50520b4225818bd910e0a272f119cf5791e8bfde2502","512","384","37,48,89","37,48,89","True","va-452"
"validation","453","2020a46d779100ae1a3ef99baab00fd72c123bf155d5dccad47795285185bb17","256","256","12,29,31,44","12,29,31,44","True","va-453"
"validation","454","bda880d2fd03f0aa983ea1742b6ae585c1e79cd0694565e659f8e654a01d78a0","256","256","48,84","48,84","True","va-454"
"validation","455","436c127f5d5d7a33f8eb6759e9dbc89322efdd13765cdd9bbcee5f664f55e369","512","386","41,48,66","41,48,66","True","va-455"
"validation","456","062f4499bac8b504b4d1ae082e59f9b33e6bcb9a2940f82ebb830f13f607aa77","512","399","14,37","14,37","True","va-456"
"validation","457","c661f71f237e9463e0eb14a97cdffc3d7c793ea27f384947d1bb6245b8be25c0","512","341","48,52,58,70,73,89,96","48,52,58,70,73,89,96","True","va-457"
"validation","458","94e5d1da0370787b3e5bda464d7a83a3e2dcb13ecc7a748984194a654f28c868","256","256","48,52,66,85","48,52,66,85","True","va-458"
"validation","459","090ddffa3d90bf2be521dd430de8f84aa3f650d54fa3a12b5c76482e51311712","512","342","46,67","46,67","True","va-459"
"validation","460","a2bb2567822e15008b0bd4e693ea397df4d2f49d561dfee6370abd245509167c","512","420","73,82,89,93","73,82,89,93","True","va-460"
"validation","461","4a0afbd8d7c18b729ec129fe2b32a472a803a8f1337ea0ad0dca164a9b9dcf63","512","369","8,46,58,73","8,46,58,73","True","va-461"
"validation","462","1266b3065c1bbf4ee75e5d082328609a5cbde432679de12ad312c77fc5ec1309","410","273","29,58","29,58","True","va-462"
"validation","463","526509af80a95231c8721e38017fa84f80ad4873ad9964d9ffdf43042115d994","1536","1024","8,89","8,89","True","va-463"
"validation","464","7306daa44f29350bb8b16e93631762635c13efecc1a2ddd2054302bac6cc88d0","400","400","10,13","10,13","True","va-464"
"validation","465","b2376ea372f1e043e6851f88b917308f75ae40e11db03c9abecf3e26f6c58dd4","413","512","14,31,37,89","14,31,37,89","True","va-465"
"validation","466","a1acebd73458d0ba84b0ebf2719d02c43dcaaeee4e73beebbb26cdb37c927a17","1820","1024","29,67","29,67","True","va-466"
"validation","467","aefca5b3dd680c1820ed5bd048cd3de932d245a928d851b69be2bacabc4ef4cb","410","272","8,30,31,32","8,30,31,32","True","va-467"
"validation","468","172b4adcd50663ff66afa320cfa131520eb98864933fbb6b11d557cb2affe6fb","512","384","46,70,85","46,70,85","True","va-468"
"validation","469","2c2dc8847d6d7be79cee15d8bf071e8ebe87c34c036f5edab637d1024d7c34e4","512","384","46,70,80,84,93","46,70,80,84,93","True","va-469"
"validation","470","d6b92ef924df04df4f27c7379bf07cefc4e1b91f015885783d063d4ed464fcf4","512","384","5,70,73,84,89","5,70,73,84,89","True","va-470"
"validation","471","cf773df9d50c94fdfb53a88ac63304d33f745d5f7f86195f75dd04b9b49cc8f3","768","1024","11,48,66,85","11,48,66,85","True","va-471"
"validation","472","67da4a985e2de3e993fb5f21ecb58e1fabb48e6462ef9f110b2a81f06ede0b69","512","384","47,70,84,87","47,70,84,87","True","va-472"
"validation","473","cdf8dba190cf9c809eae23a2d33e9ebb1b5f4419cd5b03b859722f75f49ee8cb","576","1024","25,30,42,44,52","25,30,42,44,52","True","va-473"
"validation","474","8e8653b6e93e96733d5d790b5a03d7564d893b63a3bfc0357d5df1a8ba3fe799","512","341","41,47,58","41,47,58","True","va-474"
"validation","475","12ef2707d07edb0e5e8e6c4d8d40240fec5d76b0e3eabf94aecac32855e02d8c","400","400","5,13","5,13","True","va-475"
"validation","476","86736d11cb38c7bb32dbf5b04e631788985a75107a349d745439f03bfd4c520f","550","400","8,37,46,66","8,37,46,66","True","va-476"
"validation","477","afab824b6f0bbe48beeecd3e1c905e1ee910aae180aa98bb0ff73a9ce483ef8a","410","307","48,52","48,52","True","va-477"
"validation","478","d0bb334fde9392f9185d61019e2702db14667cc210391fab41aac3eb7f772536","512","486","13,67,89","13,67,89","True","va-478"
"validation","479","3a802b433a80109d8c5122fc94d8cc915db91389e844169e1c5d1fd5d165ae1a","307","204","10,33,89","10,33,89","True","va-479"
"validation","480","8a68df59a7861f979742ce9cd05e3d71074730d05af4b869f212393e38b84f79","512","440","47,84","47,84","True","va-480"
"validation","481","03f05f66ebb849a53044376ca87f920e2ccdb66ba9aa04286dcc1f8f4fee3f64","512","384","24,41,67","24,41,67","True","va-481"
"validation","482","04af700732ab8f68508afe049d7e6c3e97ce37fab19722888858b93ed0525250","512","384","3,37,89","3,37,89","True","va-482"
"validation","483","3a4f6cdfae206f7a7b7da1a09f0c799bb23b931e49702f12cef0b9cdb33b08a1","1365","1024","24,49,70","24,49,70","True","va-483"
"validation","484","30f0a42e19e145052bfc6ff0bb75288e0f8a37189f96e180c61d669e14851a95","300","300","37,87","37,87","True","va-484"
"validation","485","b2e25cd5834ef8456d9c55dfa8c9b9329425123625dfc956da532fbb18fd8185","768","1024","47,52,73,80,84,87,92,102","47,52,73,80,84,87,92,102","True","va-485"
"validation","486","ecd9babc5ea1c4a1bd6ea031b9b9444f57b4a8003288a3cc4675b146d3fd3ce2","512","374","46,70,80,84","46,70,80,84","True","va-486"
"validation","487","843c54830109dc88db065494b2581f03e1dab92a8232891b93cef1dc1bdce30f","512","420","46,52,70,72,84","46,52,70,72,84","True","va-487"
"validation","488","2c9559c1c52b893df16f18642f49658fa2c5435138b95cb94f7a1958d72e48d1","768","1024","8,47,70","8,47,70","True","va-488"
"validation","489","dca36672b9d242f211baf74a0022b997650a9827d5e6b14dae6f19340d7f2ecc","512","392","9,24,30,58","9,24,30,58","True","va-489"
"validation","490","42cf85df99ea202f2342412283b86ec0743d1a0e91a1c8465322d756d83761db","256","256","24,46,89","24,46,89","True","va-490"
"validation","491","9f83063b061b2612f95b079671de89d9ca2033ffd67f2e85a3d96ec04874bce5","512","430","29,30,67","29,30,67","True","va-491"
"validation","492","7d7155eaf41740adef141f984e01fd5006739306580936ef179a1f8224bdaacd","1365","1024","48,59,70","48,59,70","True","va-492"
"validation","493","fdcda00fc3c0be8cecc0d9368e2b5558901c686d486c61ecafefede8bef3f552","512","384","50,73,89","50,73,89","True","va-493"
"validation","494","82a7ce5b84719523d033bcce38e6252e5cc5e65c38e81361f51e07632929585a","512","501","3,46,50,58,80,82,93","3,46,50,58,80,82,93","True","va-494"
"validation","495","31a09c320cdea36a51f6af65ded7ced1b6c6d34c829dcf7de3c16f4d9938e6bb","1365","1024","48,72","48,72","True","va-495"
"validation","496","f1dde2e643153d617e3f84672237de457ebecccf4e208b8d5757d4cc6d26338b","512","384","46,52,73,75,82,89","46,52,73,75,82,89","True","va-496"
"validation","497","d8ac5a9b3e34e36032c147f89ffd3450118e5e1f9504fba0f0e7023f6bfa8a6b","628","336","3,8,52,89","3,8,52,89","True","va-497"
"validation","498","fae70316db42ea41060a5ee5a45fe7a59fb62aeb13f27cbb532abf2656958769","512","384","46,59,70","46,59,70","True","va-498"
"validation","499","f3d7bd6f40761e9ee2f6de4637e4a154c24b211f501244db4d840741419bdb4a","388","512","12,30,37","12,30,37","True","va-499"
"validation","500","9aed6fd3c68537b00878a2314e6039d296d8ed43a29a7d6c671f268ae9735b2d","642","428","10,30,31","10,30,31","True","va-500"
"validation","501","175d42e60a38e1d2e3244d652dccab7792bfe1561ace787429a8d6b201785fc7","512","384","48,58,70","48,58,70","True","va-501"
"validation","502","7f8aad8f2a561d37ef106d7005de1dc82853658c44be07f92dda2e9f67462585","410","272","5,37","5,37","True","va-502"
"validation","503","20dd8c9461f64eb1eed5f7054f82defc539b043a043a846ff0c9d7d9d43c7d72","425","512","9,13,46,58","9,13,46,58","True","va-503"
"validation","504","211121d4fd8d05b2207b28afa76e89c5daf7a57b95f8f9cf7225f800af261957","1190","1024","3,52","3,52","True","va-504"
"validation","505","b65b2a8c9a5db070bf7d0aa550a1673bdedf3446339196878720770730ce52bc","512","444","9,46,47,58,73,80,93","9,46,47,58,73,80,93","True","va-505"
"validation","506","b21b782b01a5e9c5c926bf0802c25a30fa83512e4fe97c6057fbf7d4c281f289","512","384","46,59,70,96","46,59,70,96","True","va-506"
"validation","507","a57144f19dcbfb2b762732105833ad6aa4eedb53f3f9e15125145be802d85286","1314","1024","8,34,37,89","8,34,37,89","True","va-507"
"validation","508","a78a6140e22b7d796ac16f69dd4bfab4ed300860a1152eba6e98ade59ee9e066","512","388","46,82,93,98","46,82,93,98","True","va-508"
"validation","509","66dcfa13366ce03248822c7de791926c2252a6878444c090e2f970a156b70b5a","512","384","46,87,93","46,87,93","True","va-509"
"validation","510","c45c9b3d85affb6782b6f1056e924abb08d0108668f82925d74a69528ebaf578","256","256","46,59,70,84,95","46,59,70,84,95","True","va-510"
"validation","511","90b90f873368bfc28e9a5e2946be6aaf2a521550fdb09fab7a912011ef569477","256","256","47,84,95","47,84,95","True","va-511"
"validation","512","53ba4acadae205600dc031db7b3efaf6b3fdb103cae6c3678d11fc603d068b6e","512","384","48,70,85","48,70,85","True","va-512"
"validation","513","e06a1791127df2f56ff46c2716113321e04bfebcfbbfb228e65f356f6aa3997d","512","350","46,58,73,80,82,103","46,58,73,80,82,103","True","va-513"
"validation","514","3c0cbfb62e9ad56de55b78786b448a030961187993ab7616b3d525b69e885f33","512","288","24,67,88","24,67,88","True","va-514"
"validation","515","08404c5c1797e2236d74b5055a1192f179c81fd0a2e79f948a912999077485e2","512","384","37,46","37,46","True","va-515"
"validation","516","80eee5768601d8a59c012cd6874adbf6de15e30e55a6beffe3761567f05719f6","512","443","32,58","32,58","True","va-516"
"validation","517","72f773c2607133c82976756225d52f3d032e93dc788a5d063b0d73f3179bc0e8","410","274","47,52,70,85","47,52,70,85","True","va-517"
"validation","518","5254c35596003f06329e1a346f10a3324a79e97c5b3dec7fe47f66c8467c5054","256","256","46,48,59,87","46,48,59,87","True","va-518"
"validation","519","8d205e1fb69cded9c05f5fa94e990611b11f6a0ae11a664ec94d938af5eb3050","410","314","3,46,58","3,46,58","True","va-519"
"validation","520","21bad9cd205b90a1cf5d9c95578c0388d4e9c89d77a2bcdc0f954671d931633d","512","384","30,46,66,71,80,103","30,46,66,71,80,103","True","va-520"
"validation","521","c08ef8dd3d34fe7bbccbb701b04f95a91ad901943620dc4de47a05745eac64fc","256","256","8,10,30","8,10,30","True","va-521"
"validation","522","f9742f1ff43b912721dba1caac91b4258bd469866c046617c77484d458e49965","1036","1024","10,22","10,22","True","va-522"
"validation","523","c9437c254c0ad78bbac01092c508a8141d10d23a900443b8adf1839cbf223432","512","384","52,56,59,70","52,56,59,70","True","va-523"
"validation","524","114b305fdb0642df8e9afa8ae919e2164c75f8700b32c41c0f30e7481fcc673f","512","419","47,59,80,91","47,59,80,91","True","va-524"
"validation","525","d37821c62014bcaa9b8cc40e5295d8d98ec60244629977d0cac1c58b1aa227fe","1820","1024","48,59,70","48,59,70","True","va-525"
"validation","526","757f83abdbfa0112ced499f66d51acc46dec14d461ac555dfbf2e370ec4a9228","1712","1024","59,70,98","59,70,98","True","va-526"
"validation","527","88cb408a0d899eb834ae9248279391bce55423d9e0654b36843afc6e146340c2","512","384","46,80","46,80","True","va-527"
"validation","528","16d4949f7eebe603ad59f8d4d3ff0869322eb5346addad4913e5c520e9246953","512","384","50,70,89,103","50,70,89,103","True","va-528"
"validation","529","96bd1f3b8c9b67faaa3ca1482c30560f3b51d6f8f0b72f4d30ac54fc19a33e5b","256","256","5,24,58,59","5,24,58,59","True","va-529"
"validation","530","cc919fc10fb13659eeba58540f83cdbf318f9745d905b6b87f0c10a76a08f02b","512","432","58,69,84,87","58,69,84,87","True","va-530"
"validation","531","5cd051353c0e9a139889697f87cd7065232682a25bda7c6d9b43a4c99b32a0a5","512","384","8,54,70,84","8,54,70,84","True","va-531"
"validation","532","4c2abd4a78b8de0e92b235000050d95189269841b8f64ccb63d4a5679b7a4103","512","381","30,32,67","30,32,67","True","va-532"
"validation","533","268fc3f2b7cc07f6c92c33ea84af060a4d3416ba9e19cfaeda3338e5f1785907","512","404","37,44,54,87","37,44,54,87","True","va-533"
"validation","534","69d7fd060225eb17d5cdd1161b8cde46bea33ee26eb7f85df2c1d1ff7a65e81a","512","370","54,66,84,87","54,66,84,87","True","va-534"
"validation","535","b6a4c24838437c43c2b5baecc781d931c5be5b487a8e925b1c5cc626fdfdab31","512","384","28,44,46,73,93,94","28,44,46,73,93,94","True","va-535"
"validation","536","f721acea0079a4f8d7b96a778003911e6eb32f6aa2320883f6a748f7470df708","512","388","48,66,84,87","48,66,84,87","True","va-536"
"validation","537","611530762926a1fabb53c0c3c5ca6ddf17ffe2b517d88b604d0ce2dbc45fb264","512","384","48,70,84,87","48,70,84,87","True","va-537"
"validation","538","b89abc74ad5e743a29abb769463e8b27163df838f375039a9fafd7c72e26e0eb","512","494","46,58,84,96","46,58,84,96","True","va-538"
"validation","539","cd9b739f5723e5f20593c7ded980095449d562d3111acb7fbaee413b216d74ae","512","341","24,52,58,65","24,52,58,65","True","va-539"
"validation","540","6f1e019840fdc3daef608372f713305ffa5556e26be4ce76ce6234054c37bf8e","640","428","8,25,30,41,42,43","8,25,30,41,42,43","True","va-540"
"validation","541","b8c9c95eb3c620e8bff90c1f15ace94e5ca27d4e004b65538c0f0ffbac03ad6a","426","640","8,58","8,58","True","va-541"
"validation","542","81ffaa969e79921efcef61e7cfdbbf68cb655d397463b846b1b6a16a52d35d57","256","256","84,89","84,89","True","va-542"
"validation","543","66d541677400b128037a921b3c20d6899e77594f907c824eb6657cb8355491cf","512","363","46,59,70","46,59,70","True","va-543"
"validation","544","1f45d74c2b8ef9983c88d9aa08d618036d06e04223dc8b8e7170470cdef95883","512","384","29,30,67","29,30,67","True","va-544"
"validation","545","12460320ed9834388e43419736d8f8de871330ca308596c8c14583a6d610ed2c","512","461","48,49,103","48,49,103","True","va-545"
"validation","546","fb882f2c0b026121e7ea38ca3bfd1a0fa39825e0dd8e08b161f924cfbf7b6864","512","384","73,82,83,89","73,82,83,89","True","va-546"
"validation","547","3fbab6e92ebcefc05a7165cbf64618b8a65c6dc3e200f821cad49639dfdcf832","410","326","30,33,52","30,33,52","True","va-547"
"validation","548","c9cb79886a4b1a3516748ff11829486e3921bd9242a804a99cb27f46abec75c3","512","366","48,70,76,101","48,70,76,101","True","va-548"
"validation","549","8b56cba04e0f1109f97d1d48c46978f805ab6f75972db4f7edfdd9a061cc1b6f","512","384","57,73","57,73","True","va-549"
"validation","550","1ae90b53b6cf71233f05e126278c9fcbd5672b241f589c195d8110433e34033c","720","791","3,58","3,58","True","va-550"
"validation","551","a4fc3c6207f58ebb42f8620be3bd4e1663d5c3dd827de9186f0f789d56ce190f","410","410","10,32,37","10,32,37","True","va-551"
"validation","552","4ac650b5f8529e18cb38273af328ab2043924d9e28cac744f3d65c56f1ea371d","512","384","25,58","25,58","True","va-552"
"validation","553","2ff78dd3c467815943acd473c50fd3d24213990bcca523d0ebe953d4c52fbe24","256","256","41,67,103","41,67,103","True","va-553"
"validation","554","d28fe272f475f9ad0cbadc61c7eef08ca00f823c6764862e2b746892c87033fc","1024","1024","8,11,37,46,58","8,11,37,46,58","True","va-554"
"validation","555","f3a7a0314cda4b51569937984423aab6be4bdec74860a5eb1dccc834e9ef0656","512","384","12,30","12,30","True","va-555"
"validation","556","be94fb8a17ec5d3fdc141eb96e194bb83d1bdd9f3f234e6de903cb501a6af349","511","512","5,13","5,13","True","va-556"
"validation","557","97c002c6fef74e2116ff273ddeeb1c031ebc7ecfda1c4df2b8a5ab0b5ccb8388","512","384","9,24,28,52,70,76","9,24,28,52,70,76","True","va-557"
"validation","558","a2fa10a0c7e68e3f96f2b208724ae88f204044c419e3a216c33cf8e0f07f9235","640","427","8,30,31,32,33,58","8,30,31,32,33,58","True","va-558"
"validation","559","b4f8f8f234eed463e9646974fee1e5d44681f4385b1f43904d1a559fd7325a16","512","384","22,47,52,70,93,96","22,47,52,70,93,96","True","va-559"
"validation","560","23ba765c49af42127f8691ca4cc2daac719d579cb2dbd0d403821f453207a874","512","341","46,70,73,82,93","46,70,73,82,93","True","va-560"
"validation","561","f911ba3c5ce79a86db99a276bf41bafd5566805db2d9373ab75edd6066a7ff39","512","341","9,35,46,70,73","9,35,46,70,73","True","va-561"
"validation","562","c8efb855d729c0ea0c564a12f6907dbe32398cbe359915a14b5091f3659a6dc9","256","256","10,28,67","10,28,67","True","va-562"
"validation","563","2615c16dd03cdfba9824f50674520329cf5ed22f2323520a2cf6b4d03a79b3c8","512","454","47,67,84,89,91","47,67,84,89,91","True","va-563"
"validation","564","c5fe876e8b7ccfac728a750e27e32cd4402b56c76ff351f9500c4902b229223d","256","256","49,50,58,73,101","49,50,58,73,101","True","va-564"
"validation","565","50f1968d9863b863101e00b5a9e851cd38ccd7901e537995cc03e2cc312429bc","512","406","67,70,87","67,70,87","True","va-565"
"validation","566","9cf0077160a3644c8b123553a2ecf87ada30473c06633d462263f2862d199a21","512","326","9,48,50,57,58","9,48,50,57,58","True","va-566"
"validation","567","16b4cde07f438498f7b3b435968a007662f6aa45a5c0410a15b5ca66107d3750","1820","1024","48,59,93,94","48,59,93,94","True","va-567"
"validation","568","fc81db55d80f38e2a96f0650a7cbf9f538088f844079872c4f52ce0aa9aa20bc","512","384","46,87","46,87","True","va-568"
"validation","569","178a4b84db804432d81412b01ea4af2049b4f71fcc6709d4b13150aaef77b200","512","384","48,66,72,73,82,87,93,96","48,66,72,73,82,87,93,96","True","va-569"
"validation","570","c713486fcd7ec7d2ddce835b23411b76b874f123cfcbd9fdc149a79c6eccd61d","1280","800","24,50,67,73,89","24,50,67,73,89","True","va-570"
"validation","571","d9b653c6439d6a755840eff0300fec243ed31c4d55ccd41f721a7b4afce96241","256","256","48,58,64","48,58,64","True","va-571"
"validation","572","b88f8e3f34603fdbfb232cc21338061f2b1dbda407fdea6d8c85c502b3cceb75","512","512","47,84,87","47,84,87","True","va-572"
"validation","573","90b849321f55ea4c9d7414012cb7c35842f8365a900684e2ba91db7c0183e429","256","256","48,52","48,52","True","va-573"
"validation","574","c42d29c691582d95dcc762b4917117fa734bb61ac2753a4f0d3a10508caf3e82","400","400","9,76,84,90","9,76,84,90","True","va-574"
"validation","575","11704db2ce20e42ce5742979bcb008595dfa1182eff7f201f5b29e3183210f9a","512","385","47,65,84,87,95","47,65,84,87,95","True","va-575"
"validation","576","d37a032577d6babfa1c67e9e6c382936ee8fb7af017237083ae929fd4afc461a","512","384","46,52,65,73,94","46,52,65,73,94","True","va-576"
"validation","577","5072925b1c700d6adbd222163e9a6a05dbf7b197bba18a9e7c8b20c17590c3bb","1024","1024","37,48,52,66,70,89","37,48,52,66,70,89","True","va-577"
"validation","578","1709c7da255ea9b5ab56693c7ef756c28e89848dc1037f5ba3671a7f7cf0c726","512","384","50,68,84,88","50,68,84,88","True","va-578"
"validation","579","01ec9fc3dde23e208c451d1b0f7e14bc70692b3cc51307479195bf4ed90ca94b","256","256","8,10,30,32,52","8,10,30,32,52","True","va-579"
"validation","580","64068078a155f006663225b5419022c7b6726b01ea3e267e912272cfa2546a02","512","384","48,66,72,84,87,89","48,66,72,84,87,89","True","va-580"
"validation","581","9cbb553e5bc9ea4fc54c08423581b104e3a69f70636a2f1056f59b635afc5e63","512","384","22,29,50,67","22,29,50,67","True","va-581"
"validation","582","9039e110e76ca101aa7935559b2d1e2b5425b18bcc9f33d93c97410dcf31a2c1","410","548","11,46,65,96","11,46,65,96","True","va-582"
"validation","583","0801d8507ce37c3f6d6269721e342dd16f539a11596642b1d10cb105df39a044","512","384","8,84,88","8,84,88","True","va-583"
"validation","584","806080200c766e419671c315b6078f4dfdbeec895315b5cfe971452bdec46d38","350","316","8,32,58","8,32,58","True","va-584"
"validation","585","425566fc2968db7714fedad7e8b7cf196fe4f99e7494ad51373c896b108b29ca","512","384","13,37","13,37","True","va-585"
"validation","586","0e612ea57336915d80038daa7320e83e1a905f7f69d58a72997d7a4198727f96","250","250","10,32","10,32","True","va-586"
"validation","587","702191406300f5cf3a43abf2992e0917a7dd25ec66ca2b06d17eea9de1c9071d","1024","1024","11,55","11,55","True","va-587"
"validation","588","9b4b41b6271a285012d3a44fcde11fa7bb73457cb38340b7f61f8441e3a0060b","1370","1024","48,72,82,84,87","48,72,82,84,87","True","va-588"
"validation","589","1f0af04eec4b92d96815e8b3a01ed190666a08c132f9855636401e489d342a7f","256","256","10,30,32","10,30,32","True","va-589"
"validation","590","b5c77ab7ef7747eeb7b6a850bce67cca60bf85849ac28dd28db9ebcebfbc844a","512","384","14,37,78","14,37,78","True","va-590"
"validation","591","d2af1afd77f47de4231c63993aa61e6845468142cfb933863a887109b03804e7","512","340","49,52,70,73,82","49,52,70,73,82","True","va-591"
"validation","592","3bdfe24210c0b6d1ee1f1b887f21ddd09f639c779f6b06272a78847e4026dfd4","512","411","44,48","44,48","True","va-592"
"validation","593","aff33dc3066ffc33eb84038bb547cbe8b7a035cf32c1852768921d0b07af8f21","512","428","54,66,84,87,89","54,66,84,87,89","True","va-593"
"validation","594","1903a92b506f0b6c573d30b6cb8e363fc66fb56be90b938084afa03f38ae8c1b","500","672","13,37","13,37","True","va-594"
"validation","595","a2bab8bbef321eb3f4e4dfbc48f11d3fc7283beb643cac5e86fa8c10467832f0","200","200","31,67","31,67","True","va-595"
"validation","596","913591d0e0bfac82a0988cb3e219d29abaa6a6a0ee82e602fb39307208b4011b","512","341","48,84","48,84","True","va-596"
"validation","597","7a4e2dd04a14678bf665e36cb2ccc9618d5e84b0a486e01ff91cbe8d0e393c13","512","384","9,20,25","9,20,25","True","va-597"
"validation","598","8e51474fe8537d5e111fe67689110701e64a27a251b70553c4e3006f30903e2c","512","384","8,52,67,82,93,94","8,52,67,82,93,94","True","va-598"
"validation","599","250f934d1b2b7704b2674714de5095293e36c3d7e4035a8df92ee5792bdcb182","512","384","51,70,76,84","51,70,76,84","True","va-599"
"validation","600","318caa612ddec267df3cf75c25dc5e7381b30e11c692a75c8bafd2f4da2bcbcb","512","389","48,58,65,95","48,58,65,95","True","va-600"
"validation","601","951cf636082d7c2e8378426c68e63c32c1661608fce0e7fa61ecd32b9cc55e68","512","384","37,103","37,103","True","va-601"
"validation","602","c0875e310ab63763fdaa44baae7294ccaf05464f37f31e25a43663fd04a4164c","410","307","50,59,70","50,59,70","True","va-602"
"validation","603","bc9bd3a60bc1f0afa382015242be35b3e3c831c7574b476404f38f0a1ba87385","512","386","52,66,67,91","52,66,67,91","True","va-603"
"validation","604","0fb8ef0c5aa331f5734a1c2338b0031154a75a966914e079947482b9199f9ccd","300","300","14,37,46,52,77","14,37,46,52,77","True","va-604"
"validation","605","196195acc36ddcf3226fbc036cd7d592deea28ef99267501fd650f1a03fa0cbf","576","1024","63,73","63,73","True","va-605"
"validation","606","c61292de222b44aa734e933ffad1bfe1f77fdb6c51beb4b98eb919728983abb5","512","341","47,73,89","47,73,89","True","va-606"
"validation","607","691ef4a435f279a47c6f4b4f3d3c674911476a8a5c26c5ae39275a8d312e5efb","256","256","8,30","8,30","True","va-607"
"validation","608","348bd5188c2568413236e8cc596c0b7fe1207be3df6152c1b8605ea36f6af640","512","384","14,25,30,40","14,25,30,40","True","va-608"
"validation","609","c6554d7f5bfb0e728c49fcfdc76543ee75269fff70443d0d5d06ac9d9c767709","512","366","46,52,84","46,52,84","True","va-609"
"validation","610","8576c369eb216b74fd64c85a0374dd92b30f5d3f34d865a1055fe92d553aa299","1024","1024","48,64,96","48,64,96","True","va-610"
"validation","611","79f41a82407dc718f385fb9bd5f091e3ca7d3f7047539039baf47f88519b8d57","512","384","52,66,84,87,101","52,66,84,87,101","True","va-611"
"validation","612","271a79bd3e19e1c8d89edc4dda543d6a0cc4c657c0e0bad5762f6009269b28ea","512","476","18,37,48,66,73,88,89,95","18,37,48,66,73,88,89,95","True","va-612"
"validation","613","95d79822921640033bee8745dbe9bedf342317a840cef51ecb26e55e29fc0846","1024","1024","48,50,59,70","48,50,59,70","True","va-613"
"validation","614","62e0362869d02e373f5bfe5d1109a737dbaea87b7e51966afc7263e3dd53df1f","512","384","9,48,87,93","9,48,87,93","True","va-614"
"validation","615","81ab4cd0ddd07391437d6ef6fe2ae856b918ec3ed0eadda6d93660f8c2d3e738","512","410","51,52,87,89,95","51,52,87,89,95","True","va-615"
"validation","616","af1064883e354cdbdad6af5ed8c38ee6324abf39199d847219154ef98c131efe","512","340","48,70,72,81,87","48,70,72,81,87","True","va-616"
"validation","617","2ce406acbe77caa58e4eac70282da20c00aaa0ae044b4a08573c97970b1f0ae5","512","373","11,44,46,66,95","11,44,46,66,95","True","va-617"
"validation","618","ef693e049e214a8c7efb5fb025362ec8a019a1279078a25b37382531ec8b4246","512","384","40,46,58,73,80","40,46,58,73,80","True","va-618"
"validation","619","69a4774a4267d7eb654e8866d1fff3093c684d114783b2407510113841f84d29","512","384","52,58,70,95","52,58,70,95","True","va-619"
"validation","620","7497d1fa87e7829f04b8360e4cc61c8b1afecaba0eab935a7d897b458cf1ef47","512","384","47,66,84","47,66,84","True","va-620"
"validation","621","18c3a4413b00d161edd2e9a61afec6cfacb728660862bd012d39d335eb6a1df5","256","256","47,70,77","47,70,77","True","va-621"
"validation","622","e3d7627b21db947c180f22b11c50994a745fefd38b796ecba43f63c49d5ca689","512","386","73,82","73,82","True","va-622"
"validation","623","7cffce706b6945c0b43d21f64aa4152336bfb1685e25600889c39babc9dd1447","512","384","3,50","3,50","True","va-623"
"validation","624","f3cc7405f0e557c800c1ce27a7c0970bebe139c97aa83b079addac1f79d210d9","512","438","48,51,84,87,93","48,51,84,87,93","True","va-624"
"validation","625","7a9bfb6cafd43974afb853a23e24e3adcdcbffbbaa23a5978d46fef82967e499","512","288","3,8","3,8","True","va-625"
"validation","626","96ee0f261e4ee27ac4e1b6b7e0f47b22f1edb53c8953e420391068c160e575c1","256","256","8,30,58,89","8,30,58,89","True","va-626"
"validation","627","a6fa95e982cbd8d5a52ca61ba76b4c61a71a48e163eb714e2e8c4405283795f4","768","1024","47,58","47,58","True","va-627"
"validation","628","8638fe2037bb44431ee6a24ff88b1f7fb0e61f0c5b384a8883af060018fe0ae6","256","256","50,70,80,84","50,70,80,84","True","va-628"
"validation","629","32352d930730d40b32be5b885e264c20b78c1908c40d721988149617fbf5c440","256","256","8,46,58,73,80,103","8,46,58,73,80,103","True","va-629"
"validation","630","9a858954be35aa474f30b32e6459cc3c04d11be2820773391d90bd9930c2d3bd","512","442","46,70,87","46,70,87","True","va-630"
"validation","631","cac1fb927a91100483442f179c2dd12029c3f55dc1bbb626a1ae7ba354152ce7","512","384","44,47,84","44,47,84","True","va-631"
"validation","632","8f8d3860999735eb3579dd1e7e53a5d2fadf9f719635be7f0db9fea0ce433eed","642","428","8,10,31,52","8,10,31,52","True","va-632"
"validation","633","010ae486d4faceeb6f72a9569570b2a4668d5cb7857d98774477e334a225c7d2","1032","688","46,58,73,80,93","46,58,73,80,93","True","va-633"
"validation","634","6d558ddd3c9545661a86fd031c72616c74bb0092449ac0292a87eb1d7fff9e79","256","256","48,66,87","48,66,87","True","va-634"
"validation","635","3cf49d65af0c68538f573d0d101595ec953085fcc4fe6d3d5ac087b98dbe853b","512","384","37,87","37,87","True","va-635"
"validation","636","4fc05338d4b8efc84fa5ce701d3428345b93da6c6deb7047f2359e9b2a32ff82","512","384","44,48,58,73,80","44,48,58,73,80","True","va-636"
"validation","637","1638b05ba262993803e599f53f676691401f7f3a374b1d9edfa54e078419d39e","1365","1024","73,82,93","73,82,93","True","va-637"
"validation","638","f00ec968987bec9fcb91bd962ae2e1bb9600a1f5e39c03faf0ce6d4f4cb9e9b2","1024","1024","10,15","10,15","True","va-638"
"validation","639","373ef7a51ce640a603ccf0607201a1bfd8735210f3b42d8e3b0d974234ec0f34","768","1024","28,44,67,89","28,44,67,89","True","va-639"
"validation","640","414ecaddc4d914234d1f92a0697783d528ae3b347e4d0089fa8e35ef37aecfe4","512","382","54,66,73,82","54,66,73,82","True","va-640"
"validation","641","30d331344b09b33cb3910bdaeae5e267c2464a82a6248518b52e5f666637296c","512","400","8,10,36","8,10,36","True","va-641"
"validation","642","0b02ee9b07ab9f9e995f4fa8daef9c9e12d51744d46abaec3cce93b893573f6c","256","256","48,70,96","48,70,96","True","va-642"
"validation","643","5da03081db5068e79407f51d91e43d5024cd69e7cd80641ba204deb187ea3e34","512","384","46,84,93","46,84,93","True","va-643"
"validation","644","a5b77012a9da484639361f182d41858df138be8a36d4de8d714722541e658e16","512","404","44,47","44,47","True","va-644"
"validation","645","af23d56c63b5abbdf765f0cf034418ab741e8c77c625b4b58acdee77ac50fd5b","256","256","48,52,64,87","48,52,64,87","True","va-645"
"validation","646","cbe4e31d5ff4d0aff5e924780991285c7ab0501d291a54e6ba2cf61b967559db","512","384","9,46,67,73,80,89","9,46,67,73,80,89","True","va-646"
"validation","647","7204d02e5a6834833d38dd9750972136c820e156bdbad4da5ecf246caa92c399","256","256","3,67,72,84","3,67,72,84","True","va-647"
"validation","648","3038eee049ea1ab92c46a9a97abca49b621bc63d71dee8d535d9cd0502620a61","256","256","48,66,70,94,96","48,66,70,94,96","True","va-648"
"validation","649","2484fabff23c9397d44650c711b6533c6f7b9145f39d3e2878a8647fbaf87473","512","384","56,66,84,93,96","56,66,84,93,96","True","va-649"
"validation","650","d87081b27e71a758dbf8813649315561eca8d9f1a9922e46787bf6c9ad58524a","384","512","48,66,84,87,94","48,66,84,87,94","True","va-650"
"validation","651","209c3f7620132935b75dfb39779a65b611b20d6f36072068945fbf175dd70161","512","384","8,20,37,93","8,20,37,93","True","va-651"
"validation","652","7cd568832664ca253e533a11e352617faa75a20fdad5012364981201b8de736f","1365","1024","8,52,59,70,98","8,52,59,70,98","True","va-652"
"validation","653","e66e54d13f0fa65be4a9f75a92d9639077d6ef7324f1fb1dfc485fdcf3440ee0","512","399","46,73,95","46,73,95","True","va-653"
"validation","654","b4fb4cde4e8573dad1f3b74e5970b672455fbff4e4283dcc214cde89331bda03","501","512","4,5,8","4,5,8","True","va-654"
"validation","655","308720f60bce8fb41c59fde61d435d950619da4082ea5edc0743119de8e1aa98","256","256","5,57,73,82","5,57,73,82","True","va-655"
"validation","656","9199742f0735acf1df4c61c2fd2e5f3623ff9079ef893f90c36bd6177ddbc378","256","256","4,10,30","4,10,30","True","va-656"
"validation","657","60eb1b8e593b9bae75da73598018a2b848a7211759d8c0d48abacebe0a1cd046","512","476","8,30","8,30","True","va-657"
"validation","658","bdb1478d2a308c8a74829abcda00dc204c605635f86baf2463bc7142d6eeaf03","1442","1024","24,44,80,85","24,44,80,85","True","va-658"
"validation","659","e3e763ab4bf3b1d59c9545d715413cc0a4d5ff878ceb6ab62ab05ceb51154b47","256","256","17,31,44,58","17,31,44,58","True","va-659"
"validation","660","f0f50d749f15aa4ee73852993ba8f6d783262cb6fbec28ea7b476fde1a604952","384","512","30,41,44","30,41,44","True","va-660"
"validation","661","e05b1d0ce5666403cdb925bfb6e5e3799aa1eef92333110839ba878d1b4f2e33","512","512","14,84","14,84","True","va-661"
"validation","662","69eb034a3402387cb6c8754cc743c49e41f93ae9e5f6a69c2f62fb5e626091d6","640","734","47,54,56,75,82","47,54,56,75,82","True","va-662"
"validation","663","eb9302666c7ac5925a72ac8d6e6d4df4c9f34bfa2bba8ce2301f78c694b384c2","512","320","8,30,67","8,30,67","True","va-663"
"validation","664","ced173c2a48bfe02b042c89c1f3f894614906a7986fb04df9209533e967bf976","512","384","37,54","37,54","True","va-664"
"validation","665","99f159317c0be953c31432b73073547290e77487d6ebf2e7b56ee95c73a69bae","512","384","46,84,88","46,84,88","True","va-665"
"validation","666","efefa8e7d968527a80b8c3d296e017dc65e9ce60c4438ae3ee71b5b1c10f256f","1820","1024","30,47,64,87","30,47,64,87","True","va-666"
"validation","667","b802aabaa35046affc968b1144115e06fe9d3ad5e80d73fee098eeee4af35f53","410","307","8,70,73,76,84,94,96","8,70,73,76,84,94,96","True","va-667"
"validation","668","20133e94a210390aef826009b64ff7492ffead17b64c3dda25ae7e77cda3b73c","512","334","8,67,84,88,89","8,67,84,88,89","True","va-668"
"validation","669","e2977efe0a73a5cd5024faa273d6617a130175a75765460c1f35cd4338dda46a","512","468","48,70,95","48,70,95","True","va-669"
"validation","670","5b64330edd9d99d7e54999ce9e25b88a9eb668309f0b542a710d4db32a6f61b3","1000","750","44,48,66,73,80,82,89","44,48,66,73,80,82,89","True","va-670"
"validation","671","77db1375a91b0412f5076bc31edaedcf8e2f67c0108e1173796f0d3a095b050c","410","273","25,58","25,58","True","va-671"
"validation","672","50ed15f80e21f82042f24c55e3b64babeb98e7c928c7c1faf766edc95da73ca9","256","256","48,73,85","48,73,85","True","va-672"
"validation","673","4c25f0e94a788aff3d14387ac284901f3db6ba4146454e287e6cb2100205240c","512","384","84,89","84,89","True","va-673"
"validation","674","a767ee383c5e66a8e709eeafbc9b319b3c06df7d2d5ca0ed545708aa802c11ca","512","424","9,46,58,73,93,98","9,46,58,73,93,98","True","va-674"
"validation","675","ea2f93d9735e7c439f909886ebd764d00501386f5bd8bfed16acad00533fa46b","256","256","48,58,73,80","48,58,73,80","True","va-675"
"validation","676","39c387603d11d00a87eab0b7d2ba6d06748edd322f98fa53d24bc53b02d00598","256","256","32,67","32,67","True","va-676"
"validation","677","acd97b0fb83a9b418623afb321ec840e273f5a6c7e07c0344588f7e3b61ff9b1","256","256","8,10,32","8,10,32","True","va-677"
"validation","678","df28bdea00762ffa4b4330c9513921582328f376b5642aeec8698db3c26a2d34","256","256","29,58","29,58","True","va-678"
"validation","679","1bf85499ae9a56f09b7c95acda37dd7bcf977b8f6d6d8d86fb24780f65c9ccda","642","428","54,84","54,84","True","va-679"
"validation","680","0bfdefd5381ab5b13ff621089c7cf3c8d1eb581e58794846fe911742c04b7f4e","512","384","46,59,84,93,95","46,59,84,93,95","True","va-680"
"validation","681","6fe365084fffb441aaf0ef3bd3cb8ab5f44d1f8fed56280e540e5b9705a174f8","512","384","10,29","10,29","True","va-681"
"validation","682","6d5257c95041e16ca615f49b568c87921054c17698f19119e34fcf78415c399b","512","384","46,67,84","46,67,84","True","va-682"
"validation","683","4a821717dc00e1549b556ddab2a81a36f1945671b6c25059dd6f298510270d23","512","384","48,66,72,84,87","48,66,72,84,87","True","va-683"
"validation","684","e6e1676cd30a3a87275216ffd8963b7cb7f2b2b77453dc7d281465d3fc0ce559","1000","667","46,73,87,98","46,73,87,98","True","va-684"
"validation","685","d75ee3f993afeb9391089104659d16a8c3f6682075b1b7aaaae895ec9c7d0888","372","286","47,76,87","47,76,87","True","va-685"
"validation","686","0776b78abbebb002d504161c621fd793877e92471b99411e2ab6567c5fbc8676","512","384","48,70,84","48,70,84","True","va-686"
"validation","687","72ccbb9ef0b418037c071e4a44b72b434869dec415d1c3f99378d2218ceecd65","512","337","48,52,84,88","48,52,84,88","True","va-687"
"validation","688","a3ebff45ee894a011c15bd5e6ace9b40cb6ab299764308ab24b214160a22bb2f","512","445","46,59,73,87","46,59,73,87","True","va-688"
"validation","689","cb0a83e93e9313b5efc5340b8375b0878b82f1e84220cc5dae4bcd3c75ba037f","256","256","48,66,84,87","48,66,84,87","True","va-689"
"validation","690","f3c5354d3da5092ef904b1e66ea8e34e3e2160ae8789205e7f93e55bf371031e","1820","1024","48,59,95","48,59,95","True","va-690"
"validation","691","68b3c24d8092273412d7806cd6665388290a3806e20690164943f9fbeb7344fe","410","410","10,31","10,31","True","va-691"
"validation","692","c31abd9e5e539c1398e0570040d5fc8d971a5d54a2b6250f107e7c4f1d6a9b70","512","384","8,30","8,30","True","va-692"
"validation","693","96273ffe443213b1676b0ae5f54666e18abb8b90cf2d9663d1bab739bd1b293d","512","384","51,70,73,85","51,70,73,85","True","va-693"
"validation","694","751332d2bcc5f396280d224d564579a28c25b1930dc8cb93a1b04a7a4d72cc5a","512","406","5,9,52,58","5,9,52,58","True","va-694"
"validation","695","b3b1c0874d8cfcba4ebc633d348a4f6ff26b240d78961eff6dd4a7a9ef12d9bf","256","256","3,48,54,58,73,80","3,48,54,58,73,80","True","va-695"
"validation","696","fec991f1a50a6e973b2495a19df6e1c3c96c975555bcff06fb1fa2a9b3537a46","512","395","47,70,87,101","47,70,87,101","True","va-696"
"validation","697","91e962e543aeccb0a1fe934ca11f57c14b2d6c5c2fbb8c6b1a29a39a4024dc39","512","443","67,73,89","67,73,89","True","va-697"
"validation","698","d783d802edb0a997459e064bb175d3cd3abfaa015d987dab1a543f891ef2859b","512","424","48,70,93,96","48,70,93,96","True","va-698"
"validation","699","66645ee18312aeac988b91b38841ed75abb91864b9535d10047b3bb35ade7010","512","384","8,48,66,82","8,48,66,82","True","va-699"
"validation","700","990192e3305a238fcced48ae4cac6292e961d545a529c9f8b6020c13247afaad","512","428","47,65,73,94,96","47,65,73,94,96","True","va-700"
"validation","701","e5adae26ef7009909593b9c05a47ce51ec2cff9d7293a0546dc19e202c952357","256","256","37,52,54,85","37,52,54,85","True","va-701"
"validation","702","4aef217f5503bbbd7af59df3c60ee1803917221277501027e4a6313303828c26","512","429","37,54,58,84,89,96","37,54,58,84,89,96","True","va-702"
"validation","703","c69c3d04d74131fa6cd811ca11708b370390c4ac76d209dee91d46d1ab385b32","512","384","50,70","50,70","True","va-703"
"validation","704","10a1ee8a5d83187ab7559d97a15284e459a4d572423e6ec9a8fb7b0b4ce9cc79","512","384","28,48,52,73,87","28,48,52,73,87","True","va-704"
"validation","705","d13622a8e67da52b88c26aa8470a3d72048a64c5ade51869a53bfc311cc8c3fa","640","480","28,44,46,52","28,44,46,52","True","va-705"
"validation","706","5a832c428411be248193a9df0914714f5b0806d04d734f82d34f47bf44f5b69d","512","341","8,72,73,82,84,87,88,89","8,72,73,82,84,87,88,89","True","va-706"
"validation","707","d8de1455041496ae9e78a73142eadfaaed75880b58ef1be4e38d2a31707ba49b","1024","1024","14,37,43,48","14,37,43,48","True","va-707"
"validation","708","6b40bb28f77a1f9523422d723074b5db92b1facb6b9088a280f78ac154e3ebe9","642","428","8,72,76,82,83,84,90,94","8,72,76,82,83,84,90,94","True","va-708"
"validation","709","a821d0d704fb0583817ca07bc0690c6fdb19df426b145297c5fc857fe50f4ca5","1365","1024","9,52,54","9,52,54","True","va-709"
"validation","710","913595a67405721277e08c08a285a619dfbb03cbc20787c24b8f57e5bbe1c49d","512","439","9,58,82","9,58,82","True","va-710"
"validation","711","35cdcbd503675c51dfb5d95ad36096a9245f85fb37f6efb2e589ab8684f87443","256","256","3,48,52","3,48,52","True","va-711"
"validation","712","ddef5a89ab684f166b15c55040e4909b744eae6ad27790750ca341a297debccb","512","394","29,58","29,58","True","va-712"
"validation","713","ea33126a6960c5877ec7346996022cd9b055405a624918db89368dfab789b97c","1024","1024","28,46,58,89,93","28,46,58,89,93","True","va-713"
"validation","714","567d47fd50bac447e497eeb6d1a1fa72867fc95476de1c53b940291f1ed79d76","307","204","8,41,62","8,41,62","True","va-714"
"validation","715","f51e8d7a4fc4151574ac447d0a2405f02aafc08ae05f45848bc89e58f9c9676b","512","384","48,58,73,89","48,58,73,89","True","va-715"
"validation","716","c85dd2cc5617256a60e0b76be346ad4826b1cab17de0656df6d16cdb4a9d6cc9","512","401","12,30","12,30","True","va-716"
"validation","717","967d0e4095f477f3cb25cef60165c2907edc29bd25e73a85982c529c4321230e","512","384","10,13","10,13","True","va-717"
"validation","718","b7771b5a2e512049c6e13c68d161e0ad7c1b75b19f55b65cbdc998c2051e14b3","256","256","3,9,46,58","3,9,46,58","True","va-718"
"validation","719","877c76f2976b8a8dc58166b0e046f3f93c78910572b6fff3f870470e11930104","512","384","48,66,84,87,93,94","48,66,84,87,93,94","True","va-719"
"validation","720","92de1a03ab575c4173c86c58f5e23b84476a4869389797308d449b959bdc99ba","512","384","54,65,73,77","54,65,73,77","True","va-720"
"validation","721","5fd80166a38f2df7b8d94654c5a7c946f8593527eb09f85a67cbf7378688782a","512","347","48,70,87","48,70,87","True","va-721"
"validation","722","7d85abd82cb34ec8293874456cfb99a04b4a53844fe30466e61a76a8e65d8fae","512","340","48,82,89","48,82,89","True","va-722"
"validation","723","41a0f745c001f6f6aefb7f6e811fa808d7fff87eacdb820f3b9891e5f82e1b0c","1365","1024","48,59,70","48,59,70","True","va-723"
"validation","724","3a22c18271097da03517418eaaf3372b302d4a76b67dd5d00bb01bf406d00c68","512","341","8,48,52,88,89","8,48,52,88,89","True","va-724"
"validation","725","4fdcfa91358071ba276218e1eae53cb01b1e9143e18deb36dd1399da3ad79001","512","384","5,50,84","5,50,84","True","va-725"
"validation","726","b9e43e01eae21bdaa79bbed032dee3f8e414be79f7f610067c83c3c1486af121","512","341","48,65,87,95,101","48,65,87,95,101","True","va-726"
"validation","727","707ab6b2273f6ceb6815d5b9b93ba6d7b6bf22b22ff1d77e97f844126a107be1","512","417","28,61,73","28,61,73","True","va-727"
"validation","728","45a6b4d0ff2e59395b32eaf3ad2c1b5720d71f14573d12977d6a918cf573e94c","512","384","3,52,67,93","3,52,67,93","True","va-728"
"validation","729","ef945b92d413378103cce0df6b26b1d582b4a3e9346b7f24471488594cb6139c","1365","1024","52,58","52,58","True","va-729"
"validation","730","7698338fd2212a3cd306af7cebc3c9b7934edbef7eeeb333b13fd7bd5391a69e","256","256","8,30","8,30","True","va-730"
"validation","731","fe8138159a58533ee030b33c4112c44f7a5169d9bb341b3068e9cf926428d87f","256","256","30,41","30,41","True","va-731"
"validation","732","72a5a4ba2f8b6d93a1cd89d9c2588b1d205bb4bffa2b1c9734cf83dd0b9c56b0","512","364","10,30","10,30","True","va-732"
"validation","733","319fe06ccc1f1e2f146e5b098463bb956f036fb6fd62f48dec9be4823beedff2","1024","1024","52,58,73","52,58,73","True","va-733"
"validation","734","7fe18faf11616bfcd9619ef34f21ac8c32e72fd680d6019efd9464cfd5dbb928","512","384","8,46,85","8,46,85","True","va-734"
"validation","735","03fdab17e94c54af84ab21e26f39ad6935043f74e8de5ce364c44e2fa83014e9","400","400","8,48,58,73,80,84,88","8,48,58,73,80,84,88","True","va-735"
"validation","736","88169dae7055b118e6028bbeda5fe0e6ee7c51e95d5feef47ac236be226cfd36","512","384","37,56,65,89","37,56,65,89","True","va-736"
"validation","737","d86c3eff528878377782673cb8a1a3cc785b16f455d5ce8fbe8d380b5eb9448b","512","384","8,73,89","8,73,89","True","va-737"
"validation","738","ea8bd25ad2b3a2578d479feab7f46cd1f07787bbdd6d4380b5ef57dc42763695","512","341","10,52","10,52","True","va-738"
"validation","739","9f172df1055dfdd75fc7d2a14d91297d04c8d7421b66aaf3abac1442084a4d90","512","384","13,37","13,37","True","va-739"
"validation","740","8aae3feabd309200f337ecbaabdacddc56c338a0c5e0db5e270ee38d38b0f3a9","512","384","73,80,82,84","73,80,82,84","True","va-740"
"validation","741","0bf628d56290f3825dfc537a8ce9c4c4bf16875c719dc2bb01444d4b66c09e36","800","533","57,58,89","57,58,89","True","va-741"
"validation","742","edc01c4184a3b6907394a6452ca44443429a9a7ae42d787382ff7eedd14cbd3c","512","384","84,87,93,101","84,87,93,101","True","va-742"
"validation","743","c9207f5e88cfa067e693697856e4560b48cf4141662f8d6e2cbce5e45818080b","768","1024","48,52,70,89,95,96","48,52,70,89,95,96","True","va-743"
"validation","744","5cf112190010c6fdf333a95e3af61de6f288a76ce58da33c680209af5cddf20b","768","1024","50,73,87,91","50,73,87,91","True","va-744"
"validation","745","f311dcf55c46e7602a9d98f831bfa7da5993af7397c313ed7566c85d9927844d","512","384","10,41","10,41","True","va-745"
"validation","746","af25380ee11adbf3cd2e4f5b9852156ebd763daa1dfcbf8fa15ce634b3e14e83","512","384","52,58","52,58","True","va-746"
"validation","747","a2504d8c0065b1f69254a4274b0f39e9b818aa85297f41e7b39a0c042ec29c97","512","384","47,87,101","47,87,101","True","va-747"
"validation","748","37bb8490fd975fe8d12b3218222eaf41ea7b59ce9c1c750550a22629c9e32bb9","512","384","29,30,36,37,52","29,30,36,37,52","True","va-748"
"validation","749","7578d369c82258a6974b5fef2ca22578a002cf7f88757c27e8ec33c64acf6bb1","256","256","65,73","65,73","True","va-749"
"validation","750","ca105addce692d9f64508763bccdce110aee502a0ae0006fca2274efbb69788a","1145","960","48,65,87","48,65,87","True","va-750"
"validation","751","7afd8ce01b4380cf0bfe477f810a86d33763754caf372c42d2e28098c22c55b8","256","256","52,84,88,89,93,94","52,84,88,89,93,94","True","va-751"
"validation","752","824247a87fe0a719d3c03c0f2e56079a059bf3bf54d6d5f2b3e429e5d7ff1a8b","512","384","46,58,88","46,58,88","True","va-752"
"validation","753","594fce50313cbe425c75d719c6ae121b09d571ca81eb2d57c80610c8bebb71d8","512","364","52,56,65,71,87","52,56,65,71,87","True","va-753"
"validation","754","8d0b698141c47e41d5d32667947f97d93c9fa62defc086c26715fa7d776575ed","716","936","50,87","50,87","True","va-754"
"validation","755","377b4cf39e601e508f9340264fb3c0bd755873d51efd1930ed31a0e4b3fc80be","675","510","3,52","3,52","True","va-755"
"validation","756","d5affd2379826ad08261c4aeca71fc1e15a3fe107d6d9edc23c058471101cb96","1024","1024","37,48,84","37,48,84","True","va-756"
"validation","757","fcf3ba43566f066e51daaac51a88bfe943f56ebcf3fea52ac1be94abd15b1058","410","271","11,41","11,41","True","va-757"
"validation","758","0853a7824f969998000adc7e97513cf1f5e4e4267cf43108fd181bdac106779b","410","365","3,9,13,46,52,58","3,9,13,46,52,58","True","va-758"
"validation","759","204f74761d2b236fed7eef4b9193f8fa2a9a13f9335f4bedc3b8dae65496bb21","256","256","30,48,58,80","30,48,58,80","True","va-759"
"validation","760","c9011eec8ff99a00131df2ef2f12c7e74497d63f151010097e86defeef338c58","1280","800","25,52","25,52","True","va-760"
"validation","761","b1bf05523066d17cf302e0f6282a380c1dd83a9db44cad4c6f0635d32fe19d2a","512","340","70,72,84,85,87","70,72,84,85,87","True","va-761"
"validation","762","f3fbcea31c8f1bf9b1ec29f0ef89e72721d8dfd7cd51edc744a8371b31641bff","512","287","46,52,82,84,94","46,52,82,84,94","True","va-762"
"validation","763","208cb65b563b2bdde4d142ab13538355ebf03f9f0ab08e1473b8e51ba15cbbdc","512","512","46,59,89","46,59,89","True","va-763"
"validation","764","185cad06fab14ccffd4042ab8f12c215e805ef8621feb829b7d8a0433a9bf483","512","511","48,59,66,87","48,59,66,87","True","va-764"
"validation","765","5f547b8e556a144ce10ea53aa4d8f3a99b5a652c7ced78d4d54b30cae89f6b2e","768","1024","67,84","67,84","True","va-765"
"validation","766","a73b90f9f699c6534edac5133ac3f96dae8808dbd55975e300c923f77b1638a1","512","384","9,47,59,64","9,47,59,64","True","va-766"
"validation","767","dd6275d2b44863d9455e0cf6aca4ac86345b382b0be7ef2d446eabea8989223b","1365","1024","46,52,59","46,52,59","True","va-767"
"validation","768","bf39632b23da1bd90303184c18768cad38bd86bc6fcc27ca89f50e136d06decd","256","256","24,47,73,89","24,47,73,89","True","va-768"
"validation","769","08777f325794e64eda217a3d3048843f55e103d906ca59f322855a527948e622","1000","750","47,57,70,80,84","47,57,70,80,84","True","va-769"
"validation","770","30d25f0f4595e84b177d3b79423419d9e77a05679fc6f9537b67f3346e32c35f","512","384","8,44,52,67,89","8,44,52,67,89","True","va-770"
"validation","771","48001f83d54f3be7d9605a12a7c1b843c5463737888d9ef9a35fff9f8b54ab28","256","256","58,59,70","58,59,70","True","va-771"
"validation","772","2fa9c480c4805c305de3e22aa6b96ddcfcf0882b67481117fa36063fdc281afe","512","327","47,84","47,84","True","va-772"
"validation","773","a9bef03454829fa1dd450830abfb474ef782fdc8f2fdd347599649149dccf258","768","1024","52,54,66","52,54,66","True","va-773"
"validation","774","5feccef2ef9d471e65b48541df9ea0ceb429b9952e3cb21d5392af9e21fdd8b2","512","481","48,66,76","48,66,76","True","va-774"
"validation","775","2aad9a5b48b47f920bb4e0f1e05f3eaebb58d48af3ea631a0b8435274db718c2","512","384","9,48,58,73,80,82","9,48,58,73,80,82","True","va-775"
"validation","776","1fe7742d986aee5658f57a2292dc5e97e9c98a969fcae81f8db301d2637d9d24","512","384","8,32,58","8,32,58","True","va-776"
"validation","777","a90f366ed1a4e12a502554f470586d04ff363bcf4e97e982f929207c3e673dcf","384","512","14,30,37","14,30,37","True","va-777"
"validation","778","f69ecac3eb84908b4cd0fecf7cf9ea58c638808660a366e929fdf6c059b509b9","410","282","8,13","8,13","True","va-778"
"validation","779","6aa040d9abd2f6f29a7f604dc814f81a370ae0fae9c2064ced073f3c05429c8d","1536","1024","37,50,52,89","37,50,52,89","True","va-779"
"validation","780","01ad43c4cfb60658af52109701c911879d3780f644a63bf8de91885a54e4b892","1365","1024","49,59,70,82,84,87","49,59,70,82,84,87","True","va-780"
"validation","781","c965cec69bf3b195b5aefef70a7b26528069922c9fbf1aad8cf3772d1d16367a","512","341","24,47,57,58","24,47,57,58","True","va-781"
"validation","782","3d093f65f6eb21110622920ddb3103c367c39aedf888ebe1083833fe549773ac","410","272","10,31","10,31","True","va-782"
"validation","783","e0f3ebf2e6bedb7f2b5d3d65dd403ca3b777dcc4ca44d924517d84ebb77e9377","1024","1024","37,56,76,89","37,56,76,89","True","va-783"
"validation","784","2702418c08fe96c4986f8dc3eadc73a8ee24a2cfd22e7e3cff5906fb40b53ee2","256","256","58,73,80,89,93","58,73,80,89,93","True","va-784"
"validation","785","023a9ca2f95916b8dfe094b77ec9ffdbd176f961c3ca1f339e0cc3912b8a7df4","1280","800","46,58,73,80,93","46,58,73,80,93","True","va-785"
"validation","786","d32d014555f44cb03b0d3be98fdbabec7cec8edeb35b94d7e3c6d38091208749","512","384","9,47,49,58,82","9,47,49,58,82","True","va-786"
"validation","787","40e87186f78582766d62c2130b981385f4529a75ec0856f08e21dc23a6f01387","512","384","11,44,62","11,44,62","True","va-787"
"validation","788","dff39d8fbb781a43bd824dc93d610acd58ad32ccddcff9e0377c0fb6a7bca97e","471","512","48,70,84","48,70,84","True","va-788"
"validation","789","e4a2f8e68ee6fc0367a6878f30449f73eb6e434cd1732a13d6f09cd658d17d5b","512","504","54,66,87","54,66,87","True","va-789"
"validation","790","42906730915739b7ed250f64fd21c91856eb1eb20890776f82c0fe9f8e1c35d7","512","384","50,70,84","50,70,84","True","va-790"
"validation","791","a87f13d1fb1c575831a22486c3b7a6260c62d4a8ae442881cb373b4f7091c066","256","256","37,54,66,87","37,54,66,87","True","va-791"
"validation","792","f0b92a10a15f6aef1a2975cd44f3ec9d5a03fb9517cc53a7d1f5f19b4d521d2f","512","383","35,59,61,66","35,59,61,66","True","va-792"
"validation","793","ddde7f462b3f36bf62cc8d107745c776d9d1e2a13c44dc248ae1d6bb6b61727a","512","411","46,59,66,93,98","46,59,66,93,98","True","va-793"
"validation","794","d27d764102315411f031cffe4cf86d720e612fb85b4289656d9b66c6121205e0","512","410","48,70,84,96,101","48,70,84,96,101","True","va-794"
"validation","795","866a4f7a5cb99ed0d81721e23a8a778ffbf387ea841f6b3821c85313e6ec459a","512","320","28,37,46,52,73,80,87","28,37,46,52,73,80,87","True","va-795"
"validation","796","71a929a579e539b0b66feda3e275cc146d8c8c9ab28a8fa7f08ac30a7f54b64c","640","480","47,59,62","47,59,62","True","va-796"
"validation","797","66a88ec5a1434523204f9a1785ae5bf01f281c77fdb358be831898260510397b","600","800","52,73,82,84","52,73,82,84","True","va-797"
"validation","798","e38f7c0797c8e98e656f63ad7a8aa0a0963d899a5c3d168420d4bf8efa4ea8d1","1365","1024","37,55,73","37,55,73","True","va-798"
"validation","799","0b741f1b40f7686e250d22738e2a3f20f1b93db094d0b51768aa0bb45b9cd6c7","1365","1024","48,66,84","48,66,84","True","va-799"
"validation","800","bc7ffbd47a02c080d7d970b0a55e6df81b0be3324c7ce0b2f63d1ff6b09e806a","512","384","52,58","52,58","True","va-800"
"validation","801","14c799363f3b4ae6763d3b7ae97c573feea23ced9d1e962fefd3affb60bb6ff7","512","384","46,70,80","46,70,80","True","va-801"
"validation","802","d4f4e712b9554f4c481eddbdf96878bf8e0fad1e48af23b152d4b951fdb5660a","512","384","56,89","56,89","True","va-802"
"validation","803","33e5e4a5b6f0a9acd0fd9e6e6a6e0f2139aea15d1b8ac68ebc22d0d9d37dc0b3","512","407","48,52,66,72,87,98","48,52,66,72,87,98","True","va-803"
"validation","804","bcef46d8daf49fcc1b844a1a9804eace749c372ce5a839df0c196a3b8aeaacaa","512","384","17,48,59","17,48,59","True","va-804"
"validation","805","bc6e49f0467bce239575cff910c1c23f067cd5bee999bb8714207315ae8498e0","429","322","57,58","57,58","True","va-805"
"validation","806","ad054a2a8e8566ee35e112caf6f9a99e895eac38fe1a8e46e3236966f214e95e","512","384","9,46,58,80","9,46,58,80","True","va-806"
"validation","807","0e20faa832c90abd238b34f48575b31f8133abd6df1d003c00ab16cbf32fdd59","1365","1024","54,66,72,87","54,66,72,87","True","va-807"
"validation","808","35972e928c11b288c6b22785f6a8066086937c4b79d576b634fa06d4a008de61","1760","1024","5,47,68,89,103","5,47,68,89,103","True","va-808"
"validation","809","7c7dc1b8c605405abd8bf4d77ddffd38124d2bda929781f0c144a12f368dfb3c","256","256","21,58","21,58","True","va-809"
"validation","810","ceb27db1fb1a78f7226ae20dd2beffa35a7c052dc54b34f4dcb416d485aa8573","410","307","3,8,84","3,8,84","True","va-810"
"validation","811","6a9d1964f68da6bdf6e72b9809b6c164a17db9c5bbac2d3a92d373a982dc72a3","1362","1024","5,8,13","5,8,13","True","va-811"
"validation","812","bda58244c741c2ee8e2a8d78214f3f33b0e6b805ab2482ef3ec2d081ef075486","612","612","14,33,48,49,59,85","14,33,48,49,59,85","True","va-812"
"validation","813","7e7d86de51a1e78051155668b64d5e71a9def3d1cbc12858aa2d30649329371a","512","372","9,58,73,82,93,103","9,58,73,82,93,103","True","va-813"
"validation","814","5118658c906f377ee330a93406069361a5c10b031b7d15956a0c61d57eca6211","1365","1024","3,48,52,80,84","3,48,52,80,84","True","va-814"
"validation","815","8f37858ffdbce46ae8eb668db6cde408c6445a4b3d9d6703b4b13eafe4b66cee","1365","1024","52,67","52,67","True","va-815"
"validation","816","9415467dd1a2c0fc3eeb780c9935afab669d32c2c8890c0ba5f0b62c1451b4ca","768","1024","8,65,84,88","8,65,84,88","True","va-816"
"validation","817","0433336480de90a4c7eeec279ee121706e9648908c108d3b5291da28576f8c1f","512","384","28,46,64,82,87","28,46,64,82,87","True","va-817"
"validation","818","4b9a02349cd4fc961e509e30998283e03f4a4fe17a6d8435314df9686159b919","512","365","8,37,48,70,87","8,37,48,70,87","True","va-818"
"validation","819","2a1b45be7c23c81889ecc200e0c186d368650ebec821b793ca81b52f97cff453","512","384","46,70,84,91,93","46,70,84,91,93","True","va-819"
"validation","820","2f6b50e2a49da92ad2943294350f51781dcc6bd0a5d3159113f1d43b438c356d","512","384","47,59,70","47,59,70","True","va-429"
"validation","821","68d20852daafa26d18299ede9f48c706d977d927f91509168233b8e2bc0d6a14","512","382","48,84,87","48,84,87","True","va-821"
"validation","822","c5333f58d711791d819b07d544575678ec23d42efac554f05e9c6f50dae10224","512","341","9,52,66,67","9,52,66,67","True","va-822"
"validation","823","6205ce8aaf8389491da1c6859ac250297559dfbb3ab31b11df6fd94f62994883","1365","1024","37,58","37,58","True","va-823"
"validation","824","c4ee77393e02ded2791c20bcba316e971cd855cb33e4b387b010ee8549a44465","720","960","10,22,30","10,22,30","True","va-824"
"validation","825","aa53ac1ad5bbb0a549252433b1edbf77c2fa8d914b496946fe45ec807c62fe8a","512","467","56,58,66","56,58,66","True","va-825"
"validation","826","85cd77e27f1017a400aa4a5bea8719428251c2f76e83d13afe08e77c7f0226f2","642","428","8,82,88,94","8,82,88,94","True","va-826"
"validation","827","1d245d543e9ace323e12e8dad336c27337777e9868659f827205748cf29f38af","410","549","8,37","8,37","True","va-827"
"validation","828","1687041a1cbc5b987f0e2448d6dabe2b13447e5d947398baff0f5d987d102120","640","428","5,41","5,41","True","va-828"
"validation","829","03cedc43e9e8d4775e93ae3b3209249d8ccb6e1b3d6d0125ad01d52642920886","512","451","47,65,84,87,94,98,101","47,65,84,87,94,98,101","True","va-829"
"validation","830","c3ef7dfcd8b1f2a06987bb0cb2821f0d6ac5ea5014cfdaf2ab3232f2d9594b49","512","341","47,52,58,73,82,93","47,52,58,73,82,93","True","va-830"
"validation","831","0bfe10b083e03a1d792cfe26311f0c61c80a7a38e5a63ffed95622e792041e07","1000","750","48,73,84,87,89","48,73,84,87,89","True","va-831"
"validation","832","5eedb7465690aeaefee326da62b726eddc62affd54f8b928482c251890411482","512","384","58,103","58,103","True","va-832"
"validation","833","8d5b9ce61fcd9982cf1b27d9e3fae82dbedf521474b96a91ee9f743c996dedd7","410","274","52,67","52,67","True","va-833"
"validation","834","0b40c5b1736fcaed1ebb257b339d108e42f4c5b734930975a643125bcc813d39","999","1000","48,73,92","48,73,92","True","va-834"
"validation","835","d741e45149b7fe3169e9f7eb2ca8dfa1961ef22e718155e3c7a1d6a97404ab05","512","375","8,31,42","8,31,42","True","va-835"
"validation","836","6fdc9a8dd016b7e7150eafbff8a9b9bc2e3414ba508033c0f8b812b7bda71f81","1536","1024","13,24","13,24","True","va-836"
"validation","837","62f682154a5f5b9a4434150c949f79fe16ba6462b747bfb5198f21be0725077c","1820","1024","48,66,87,91","48,66,87,91","True","va-837"
"validation","838","a5af12fa3635ce96bcedc755cfe9a32e9d3734c914b05264d5ddc12051a9eea3","512","384","48,52,58,66,80","48,52,58,66,80","True","va-838"
"validation","839","ca5c4be5dad0f6aa507101864892dab15fd6d17b9cb292629863f81146685d3d","1365","1024","10,24,52","10,24,52","True","va-839"
"validation","840","ff841de43e37e27b24edfa3306bb8234a838426ab9cec3f4dd1d542f013946b5","512","384","56,67,84,96","56,67,84,96","True","va-840"
"validation","841","b848759cddee1cc7436084170a6e047c982fa932ccb9b20df0cb73d2420d3d37","512","384","21,50,73,89","21,50,73,89","True","va-841"
"validation","842","84352575aeccdb7c42f0e591038dc89c3a71bda0c67fc51eb48c50bbecd2cced","489","512","9,48,58,70","9,48,58,70","True","va-842"
"validation","843","cffacaf4f2b7fc2de8e6310a3cfefeffb886211a46fcf0d174d8f39458878d56","512","384","46,70,84,93,96","46,70,84,93,96","True","va-843"
"validation","844","d0dc49ba1822b63cecbecba99b5ed6b2655a9abdbb380b6ecdce1160e2827a4c","512","384","37,84,103","37,84,103","True","va-844"
"validation","845","88ffc6e0c2ac3ce85a7948d463ebec438c8e8387ac35d2aad782f20f6d59a683","512","466","9,46,87","9,46,87","True","va-845"
"validation","846","68a8c0e1c609a4845a2e96bb6b40c7b93b33a24549b93e151d27872e73dbc8ea","256","256","47,73,96","47,73,96","True","va-846"
"validation","847","afc9e5694673aa28f16b2d0513126bc34611e40026a8f391b7eb87dadfd7c114","512","385","46,58,84,94","46,58,84,94","True","va-847"
"validation","848","f20cef147094061365678718a7e2c1d478100f1a87c8f700968ae48c56affe18","1820","1024","3,50,52,58","3,50,52,58","True","va-848"
"validation","849","a5f5a878fbb704e5b8ffc4cd4c0c2729d500f238c76534a3ec2c5b9802b5f6bc","512","384","46,73,95","46,73,95","True","va-849"
"validation","850","817552dca1ea3ede20968700277fcec4c5055c38838b66d79d8bf1b5232cc9f8","1822","1024","5,29","5,29","True","va-850"
"validation","851","f54dadf246827fab941cd54c36a0ebc4172d28b3dc6cc37967144e8c3b7e00b9","512","337","9,47,59,62","9,47,59,62","True","va-851"
"validation","852","19d6e66789774ac17820be190d1b838ec8506919f733730aa1e4fca949fd3e2a","256","256","10,46,52,70,80,84","10,46,52,70,80,84","True","va-852"
"validation","853","83b1d220daa8e60761ea85c157a0a655741ef4150918df2c2bafab2537f6c81c","512","384","24,48,52,73,80,89","24,48,52,73,80,89","True","va-853"
"validation","854","88cabba83abea3d3742cd2ea8cdf9092925503b0ddda342ac162cac079081ac8","512","384","48,70,73,85,93","48,70,73,85,93","True","va-854"
"validation","855","dfe6da5df132026c4bede4bea2c43edfc233ef5351391f7d2c3c99dda23d648b","256","256","9,49,58,73,89","9,49,58,73,89","True","va-855"
"validation","856","56197bf210c5a37f1fd8be8b26d99a851005e6c91bd42eb6b9c1b93c67d8ac20","256","256","64,73,89","64,73,89","True","va-856"
"validation","857","52475123302752b6c1a207162b10fb3f0126b980074172532ef7522641e7b1f9","512","385","29,32,47,67","29,32,47,67","True","va-857"
"validation","858","e3af62a2b2febbe75b2831a9990e23a09c82ca9bc4dd0c90cc32bc3cfd9c84c0","300","300","48,58,59,89,93","48,58,59,89,93","True","va-858"
"validation","859","f2f618b9e0a19a7c515727b872bf769e841a97061627da15f49e38ee469af72e","512","410","30,52,58,73,80,103","30,52,58,73,80,103","True","va-859"
"validation","860","760cedc95a81236896115679c14af68e9ba98d9447f506979cc56c807b03f9a1","642","428","41,44,67","41,44,67","True","va-860"
"validation","861","ddf950e8334edf8b3f5d04be492e1e3e225a9a13b8a4f66173ef02505d9bb2f7","1365","1024","48,64,87","48,64,87","True","va-861"
"validation","862","2476a4ec32016fa3b4504633f6530f1336b1fb7276d0e8cd8999f6c81c166c8f","300","300","5,13","5,13","True","va-862"
"validation","863","e3d372aa370ba0be0c6d14851360525cec479498ead9327fa9e37fa4bfe6e134","305","212","4,10,13","4,10,13","True","va-863"
"validation","864","bd4915db587f7ec40904b7d57b197e20b034f3be871ca7fd84642fc07c531be9","410","273","65,73","65,73","True","va-864"
"validation","865","75b88e2a8e9d1271f88f788af925922f3882a060f3735352d26e79914d98e29f","642","428","8,67","8,67","True","va-865"
"validation","866","87e5a8779951a1f726e20d6f99f7631ee006a16048f0e078465a88aa80775a2a","534","534","11,14,84,89","11,14,84,89","True","va-866"
"validation","867","a1830bf92d7150380275ab2aaf1aecff358880e086ac7f4da59a6ad6befd76b4","307","204","30,58","30,58","True","va-867"
"validation","868","4567a5c34ebedc808859872593116642caa8422a3c0fe834502574a794d56ef6","512","384","46,70,84","46,70,84","True","va-868"
"validation","869","11912e0dbc7e7c78065d8f5ec6e2ef980d6164a72dd25b12157d495736a18b62","1000","750","46,84,94","46,84,94","True","va-869"
"validation","870","e79227c6791b99024113215a2334b1e9dc37e000a3d6fcbd9101523840456146","512","384","47,58,65,84","47,58,65,84","True","va-870"
"validation","871","33a52c62c117bfcc7077813da5c9b8daba88a62d70a1d5b2cde33c79f5778a35","512","384","52,63","52,63","True","va-871"
"validation","872","47791536ac2aeae697077d494cc7e70653ea6c2d65724107a32179187cdc0b6b","512","399","73,84,87,88","73,84,87,88","True","va-872"
"validation","873","ca1cb08fd38fd608660d445735f9f60e123deedc71ba0fa73e0949418650e1c8","512","384","5,37,59,73,96","5,37,59,73,96","True","va-873"
"validation","874","38642b1421ecdb3633b3ceca1218fe6631f73d4495415e7728c27ffacd4a9ae2","256","256","37,54,85","37,54,85","True","va-874"
"validation","875","a8a4e146dfc96c0272787269945cb1cec231596712904c5f4e71ec42d9bc2929","768","1024","24,47,52,67,70,96","24,47,52,67,70,96","True","va-875"
"validation","876","80586b3218b55f1e4b204d38767cff64a0f74079b198e994b2bcd558febdd5f1","280","280","58,73,96","58,73,96","True","va-876"
"validation","877","b429f047a920273bcfb6c6dc83b434f954360e975b2f2405905c7baf1695505a","410","273","13,58","13,58","True","va-877"
"validation","878","1c1c1f8c3a0e56c4b2ca1fb6a6e0406648d02f05b5e834156bebe325a8ac364d","642","428","8,10,13,30,31,32,33","8,10,13,30,31,32,33","True","va-878"
"validation","879","c4da91cbea2416e5ac79a0482fa52d0d7536abc401eb82930cccd10173b62489","307","204","48,52,84,88","48,52,84,88","True","va-879"
"validation","880","63388e454139fda61d4552387ae0ceaa8a6f8b770b3e55d0041416e4a11ac873","512","384","30,58","30,58","True","va-880"
"validation","881","a1555f27b8b0b1f4fe392180a745d47cf5464c5a7c24c1d5cb52bb213d62db28","512","329","8,49,58,80","8,49,58,80","True","va-881"
"validation","882","4872c057ae1e6e2c09c304f4104b1453ac56eac10b9bcf1fafff8b5a46197efe","256","256","48,65,87","48,65,87","True","va-882"
"validation","883","b27889e076309aa056f6a76ac59369a71e86045abf0c94bd4d4e8f2dbe313c8b","1365","1024","40,44,78,82,103","40,44,78,82,103","True","va-883"
"validation","884","90cb9b550ed43269dd867eb87e076c96131587d16036f845e11cfdf587365d50","512","382","13,22,25,58","13,22,25,58","True","va-884"
"validation","885","4c419c84a629bd29c28a984e2ef71d98dce3a1454c37fffb37d88ec39d7a7415","512","399","56,66,73,84,89,93","56,66,73,84,89,93","True","va-885"
"validation","886","89c8aacb36c88991d25d96cdb47e336b150987ea56b2027bf3b8f34e3a5176c7","256","256","5,15","5,15","True","va-886"
"validation","887","18f620d4b1896eccebd97b0190491c88500f4a1261d4f5c08fa36120211ce390","512","359","3,37,54","3,37,54","True","va-887"
"validation","888","76b7c8a46f86b3898642206c5358c94ba59192cbb5367215cd51e6b97ed8b7f0","512","451","37,54,65,72,73,89,96","37,54,65,72,73,89,96","True","va-888"
"validation","889","f35ab601b47c88c441483629405aaa053a226d1d94bde56b1c3884a1afe7c9c5","410","272","48,73,82","48,73,82","True","va-889"
"validation","890","55073d5d5d9371264838087d41c56fb0df7f654eaf866d8814d5f567bcf48a0d","512","371","73,80,82,93","73,80,82,93","True","va-890"
"validation","891","e0f607478362102fe47c13410d0b373f2087b73cb99bc86558efde8df1f815c3","512","384","34,42,48,87,92,94","34,42,48,87,92,94","True","va-891"
"validation","892","7d8c83a1362b3a9008cb77bce68c4576b775b0096ce009e6008a521426103679","512","384","47,70,72,93,96","47,70,72,93,96","True","va-892"
"validation","893","2ce2531314193730625d7e77a4deb706c30628727450b13d0af965c0617d6cd0","256","256","37,46,73,87","37,46,73,87","True","va-893"
"validation","894","28b11749b9604d29a69b39b1ef40e88be7f7a86301d27455d946d37983bedcf6","256","256","47,52,59","47,52,59","True","va-894"
"validation","895","addd2cf541293da5449db50beff774321e162f1b2555007fed9d5f700987d693","1435","1024","8,47,48,64,70","8,47,48,64,70","True","va-895"
"validation","896","353f0f05637d1fe787ac7b04dd8a7bac6109210d66a532f9013c9a5a8870003a","1820","1024","50,66,94","50,66,94","True","va-896"
"validation","897","a39a55103e9a56fbac5f1699133cab9fea7f45dd0c3c41cf90b9d985a69c6090","512","340","48,73,89","48,73,89","True","va-897"
"validation","898","0f68c59c927af8be360df25389907a60c7eb8e7bcd2a3a2483aae46a1f22d81e","960","720","46,66,70,72,84,87,94,96","46,66,70,72,84,87,94,96","True","va-898"
"validation","899","e0bbc7fd5d34f0cc66543e94dd42c9c9a38ea7de4942a60386dd6a82d1a02b2e","512","386","24,28,46,67","24,28,46,67","True","va-899"
"validation","900","f67848bc86b37d3a0906b471c8db047ee2bb2e75885af065aec57e4fc5f3f569","419","512","48,52,66","48,52,66","True","va-900"
"validation","901","f571bb7b863187f8559dff81ae846a6410ad5aa863c98557bbcf9749d7ee8f6e","1024","1024","48,65,82","48,65,82","True","va-901"
"validation","902","928a5dac28e357e79f04f596f69b4626cd5d1bc837e362cc19d8968a96d1d68e","512","389","37,54,89","37,54,89","True","va-902"
"validation","903","74f0bda1ec657de32b8248f6e4721d635aeca1fa0cae2f3b13c0c5bbca2ba457","512","384","46,66,84","46,66,84","True","va-903"
"validation","904","7e86ed083ff8ffce5a578f34499d07943b16c87de102b92a794541a810e6c69e","512","379","8,72,84,87,94","8,72,84,87,94","True","va-904"
"validation","905","b8afb9acb33d3cb4852b2b560fbb0e49444ef950b69bdd079fa7773671ab108d","512","384","44,48,80","44,48,80","True","va-905"
"validation","906","2a7b11d5c3bdf282d530e8342b52e843b1c163a047ea86703f0b81b8346e16f4","512","384","8,30,44","8,30,44","True","va-906"
"validation","907","efb5132b67e935d4de54a21cb62091c79fa746b5f98ab0cb5382c33a6ab6c514","960","960","46,66,70,72,84,87,89","46,66,70,72,84,87,89","True","va-907"
"validation","908","cbc604d0d4e9c792e83f0dcd851213d8ffa10ccab60ebe106c02a666cb11c22e","1024","1024","52,58","52,58","True","va-908"
"validation","909","bdbed49ada1c0fa27ffa6c360ad0221d44ce4725e62bf37b9020a582ab7e3668","512","384","48,101","48,101","True","va-909"
"validation","910","00938fef2f10d4f8fcf232ec37f7bb294f630397fdaf7a778f50f340f9723814","512","384","48,84","48,84","True","va-910"
"validation","911","cc2e595640aaef79fed2d86a01d92708099b493a758a34264cc6923549ca901a","512","384","8,49,50,58,73,82,89","8,49,50,58,73,82,89","True","va-911"
"validation","912","a40867ef0602330e1b9573042df08f247ca604b38ef4ae83149dc705ed01732d","400","300","47,71,87","47,71,87","True","va-912"
"validation","913","d82fc6b6bce9115f81ea986508870ce074ed12ae7f51555746d6d6e0b1f6d745","512","384","9,84","9,84","True","va-913"
"validation","914","78058de80c414721c87d485b7900a08be2bfea2578e042ab9e7dd964f2085bec","642","428","51,52,70,96","51,52,70,96","True","va-914"
"validation","915","4f405b27b757851bd3604c1eaa1dad570baa671b9709c3b3afd0e6dc7bcc6988","1365","1024","28,48,59,73,82","28,48,59,73,82","True","va-915"
"validation","916","2c63eb39003cbca4f30a1278fb28cab04fd21ccbd36ad0d873e716c42d970cf1","256","256","8,58","8,58","True","va-916"
"validation","917","075f8274dc8d27acc9f44876cea62f6a561755a2c7c4c22b10e523b9fdbbfbba","256","256","48,59,70","48,59,70","True","va-287"
"validation","918","b91339c30ed298b16b52c0c82cfa4f00dd805e73d0bab389aeccf7f22ca2f8b6","256","256","31,58,89","31,58,89","True","va-918"
"validation","919","0befce96efd4da5ed4ba29841d9fd301cceffbe3f026c3b20f6cda9632807d5d","512","384","32,48,52,66,72,87,103","32,48,52,66,72,87,103","True","va-919"
"validation","920","51d7e48e0f10d7ec7242ad3b90b21eea037550e0edf47f5481849abe971a40f8","1000","750","46,59,71,89","46,59,71,89","True","va-920"
"validation","921","f366cc3d9f623b4c4acb104a5e13657b8f2a38c4fd92b602f9edf98fdbb6c3c0","512","383","48,72,84,95","48,72,84,95","True","va-921"
"validation","922","d9f7a797a4823e39c6ecf881f52ef16dc6f2ebb15cf9e10dd6b700741f8bb656","512","384","46,85,98,103","46,85,98,103","True","va-922"
"validation","923","ea3431fba2375aa9d8751f7ecca9825d7d7037a8e4e5d63120669af9467c2525","256","256","46,66","46,66","True","va-923"
"validation","924","000b79fb62059b8d74a5741ea0a97ccfa5325003c5bb8eb0e3ba6be774cb4344","256","256","46,67,87","46,67,87","True","va-924"
"validation","925","ea54389665353771f1dff75aef2f8a745e2f2ccc20827fd749a2c7e1fc303641","512","340","3,72,84,85,87","3,72,84,85,87","True","va-925"
"validation","926","db590fe0ed26f27aa6d3097654ff76e62fd43066d6eb000626e60840bb3afdef","576","1024","25,28,41,82,84","25,28,41,82,84","True","va-926"
"validation","927","8223deb2b634f0923c747dcdab8861c79f009fcf09899792151d87b7b1241960","512","384","46,66,84","46,66,84","True","va-927"
"validation","928","016665a986ee100a3d534753a0dea46a835ee8e3d84ad199b446e282146ae51f","512","366","9,50,58,80,84,89","9,50,58,80,84,89","True","va-928"
"validation","929","e9319f8a71a499ef85b5fa9cb399ca093f6a0fda3015c3a0c10f8f6a7aa7bd68","512","334","30,34,40,41,52","30,34,40,41,52","True","va-929"
"validation","930","3ff04f6c7b7023ddb07f457d35a6dec4141352bdeb481c20902ef57314b13734","512","341","52,72,82,94","52,72,82,94","True","va-930"
"validation","931","33422f89758a82a3dc04e1fb1938ecdbba36a9964d02044e2afc5049c78125f9","256","256","46,66,87","46,66,87","True","va-931"
"validation","932","81bef598583034e0e32a5f641075d742b18c15da2e8e8781b2b14692f25244c5","512","384","46,70,73","46,70,73","True","va-932"
"validation","933","b73dc0a839fdbba2166170c83995c672233c03c37f1dd00c85e17d8d11d82ef6","512","384","52,65,94,103","52,65,94,103","True","va-933"
"validation","934","cbfde131f82d690c276e12e370dca37fcad2e743973a93acd4295e7ff575f019","512","384","9,47,52,67,76","9,47,52,67,76","True","va-934"
"validation","935","a291968893af9e1933b5bacc868ee5b08474b3155a1dcc84ba14d3b474ac90a6","512","512","32,67","32,67","True","va-935"
"validation","936","fab6bb657b37913c8a3c4d6955841394987e9b4ee837988cb072c15d40b2d965","579","1024","52,54,58,80","52,54,58,80","True","va-936"
"validation","937","488958c7df2e04e9ded37b59bba49e4751b8af6a8e8cc207dfbd018c6e8187c7","410","237","10,30","10,30","True","va-937"
"validation","938","c0dca5f7539c290726d53c8a34bd47eed392bdd7c18bd89a3f0c506bdf8864bf","613","1024","8,29,30,31,32,42,67","8,29,30,31,32,42,67","True","va-938"
"validation","939","7be51dbd65504ba98d658d82d2a62d9f517f8c8e41917e1fb068ad9f6ccf9dea","512","340","14,30,31,44,89","14,30,31,44,89","True","va-939"
"validation","940","87acb7e2869befbf57b56df0b3b1f2f4ef609be89d4cac0b736bd8edf6e3e162","1820","1024","37,44,54","37,44,54","True","va-940"
"validation","941","dc0e8f99db58ba93e577f1ff502cb2cf2c7f3e8fe1d9ed85c9ceeee4c9e32fe7","256","256","8,32,67","8,32,67","True","va-941"
"validation","942","5e9ea720facc901ba80ca025b6fcef4440bf41065926a9037d9f0d0b8d847a81","428","512","10,29","10,29","True","va-942"
"validation","943","b70d0bb072afdd82c13f2ee26f89ddc530a2c77431cd5bf81e48e8662f1c7757","512","384","52,58","52,58","True","va-943"
"validation","944","1726a6e5e2524c4993693cc1151c2df983fc6dfbd2bbdde68ba5971c4a50e69d","512","384","48,70,84","48,70,84","True","va-944"
"validation","945","8811a612678c90afbe0f0bf75d4b534e94225a30409a6bd23aed7b79edfc66b6","256","256","37,47,89","37,47,89","True","va-945"
"validation","946","2ebd56bb6731983d83c223f7c2c96a682825d34b4fcc4c30cf6d4edca5beb1cf","512","413","46,58,70,84,87","46,58,70,84,87","True","va-946"
"validation","947","ff708fddb07a81846fa97b9fca4ad40ee9de7032d6762d62cfa4a1dfdbdfde71","512","422","8,46,52,58,89","8,46,52,58,89","True","va-947"
"validation","948","e38465e7473d725c0b2c5499c075454ec3efa86080b87c577a56551d76dd1a20","1000","750","46,73,80","46,73,80","True","va-948"
"validation","949","9ff1b5b65316a4524c5cc048e510a6cc648f9ca43ad360d0e31d6da2850e4d7b","512","356","56,57,70,82,85,94","56,57,70,82,85,94","True","va-949"
"validation","950","8c0bc3e82961640ba1ca78c9ba1593f75c2dc8eb3bb81a72529598d394b2dd12","512","384","9,46,58,70,73,80,93","9,46,58,70,73,80,93","True","va-950"
"validation","951","9e73d91100348aa5ce2dcb40a58de706f1febba7b5b333adb80be0cfd1275f22","512","353","37,48,66,72,73","37,48,66,72,73","True","va-951"
"validation","952","a5ea5573489c84015719b9acceb34ca14c2c3bf85b539d8e9fcf2923842e4ae6","512","384","30,50","30,50","True","va-952"
"validation","953","42f5e79ff8ad951bd105d11a48beacc8b8daecd56c4e7a8bf51ad93ebdff7543","512","384","9,76,84,88,94,103","9,76,84,88,94,103","True","va-953"
"validation","954","bb48f2e2f93ac9b4aa5f6a73de3d50e99fcb724fedf82bb5a15700742a25f200","524","375","50,58,82","50,58,82","True","va-954"
"validation","955","b8658c480a71a9a73536105f00543040054b856cd5e10290ca96a01f915d37ca","499","512","46,59,96","46,59,96","True","va-955"
"validation","956","ab6a62eb05c8f444ffd22b50094acae838b3b28975f452663a0c6d5913ee1081","1365","1024","34,46,66,94","34,46,66,94","True","va-956"
"validation","957","a59d3a8a3bd71bc07121587a3b127033993077f9626897fad02a664f440e7d5f","410","274","50,58,73,80","50,58,73,80","True","va-957"
"validation","958","1c35db5fcf80657a4009dfa9a4a306aa7a1f395cce8342fdd5cfa369c1fe73af","512","384","24,58,73","24,58,73","True","va-958"
"validation","959","0256ed210a14cce63e3e724d7ff45163e26063499b7f5eb3110f8503a7123376","256","256","12,30","12,30","True","va-959"
"validation","960","aa30d51dec1bb201edba39b97e5c1e0c9a019606bf1572cd5178d4e8ca8e8a3d","512","384","46,70,72,84,93,103","46,70,72,84,93,103","True","va-960"
"validation","961","da7ae2deab2b80b8d1839ef9b3e35a08c4e93cc879aab96a2e176511ef1cb2be","612","612","8,72,73,82,84,87,88,94","8,72,73,82,84,87,88,94","True","va-961"
"validation","962","fdf0ca022491e48bfdae48f76669f5be1ff4e108562fe77014924d8d0933dc1c","1063","1024","46,58,73,80","46,58,73,80","True","va-962"
"validation","963","d95b949e1528b8712ed6734f42a276b40e4c94eb40d54d3c96f4d42264768eee","512","384","3,8","3,8","True","va-963"
"validation","964","bb52b7a17f8796fd4c0e8a1c69d91d0407089b06740f00868adfe134ff34cbdc","512","384","16,103","16,103","True","va-964"
"validation","965","b49330f6a2e8cd87688bfd47fb260e978ee6306b29c641f768d07deed9a51f7f","512","384","4,29","4,29","True","va-965"
"validation","966","ad67167162dad6c5d7500e438ebbb64301f9b7f636dffafb18756e3b762254d4","350","350","25,51,89","25,51,89","True","va-966"
"validation","967","b8b20dde2b84d50d5ef25c6189219e9c208f2a4be771e0b3def252b3658a011b","512","385","54,84,93,96","54,84,93,96","True","va-967"
"validation","968","b16742fd0d68826d5cce8c35d055545350e1b03b63b0eb4ad69efe23c319d4c5","512","384","47,58,59","47,58,59","True","va-968"
"validation","969","1dd5079e61932625ecfb731fa2b148cd5f9534e38264ae9f948e66197b286fda","1024","681","46,70,89","46,70,89","True","va-969"
"validation","970","a3ccf01d7fea6157453c54cf7fc0f33f68b3227b1240bbf5d7c1ae61403aea12","512","384","72,73","72,73","True","va-970"
"validation","971","f4c8b165f38a543a60dbbe8ca04b62f92614ce7692352536ecf717486f139309","512","418","37,67,73,89","37,67,73,89","True","va-971"
"validation","972","d9ddb33d4c7e2e181d81099847e16f9cd803d8565b47981a3783ca512446f348","512","494","54,70,87,96","54,70,87,96","True","va-972"
"validation","973","b63986e2768247ea67a3244815aeae0f07d18ab954dff57e593427695b55486b","512","384","48,70,82","48,70,82","True","va-973"
"validation","974","5f642a1abe5415b1b6bb44e1a2795637ea04ccc991b25e189dc0a47410635d4f","512","384","8,48,58,59,84","8,48,58,59,84","True","va-974"
"validation","975","4b6c4752a7732702ed030e09e4044bd0dbafeaa932935cc20f371314911253ff","512","340","18,24,41,48,70,73,80,95,96","18,24,41,48,70,73,80,95,96","True","va-975"
"validation","976","b2c6c6f01bc9ef5ac3af678165ed3665740968faae925ceba520defa2d676d81","512","384","48,67,80","48,67,80","True","va-976"
"validation","977","d2bb23d90c952547d9d34ffadc24b8239fe2d2ec290bfe01d41d13c26e79232d","512","384","48,84,87","48,84,87","True","va-977"
"validation","978","a5e53af0d2c48cdf2c66a04c5d421a21cdb432f25992bb57a08757a1346e93c9","512","382","22,58","22,58","True","va-978"
"validation","979","6f1f31b390d9f3959e229b076adcd6fb4d49935eee0cebbab44148b9648b6ebc","512","341","30,42,58","30,42,58","True","va-979"
"validation","980","f793724e8c75e4c0fa0a552b015b5ae40de5e6a629f7721f06196791e01c8a44","512","379","8,46,58,59,87","8,46,58,59,87","True","va-980"
"validation","981","9469ef46235ec0ad2758f981d2101360736a34a609619617468caf04530e31ce","512","382","9,46,50,58,59","9,46,50,58,59","True","va-981"
"validation","982","fb66d7fc69f02c18e1df42e2635533de48a866171ad4ca9413596defac1fa583","642","441","9,50,52,58,73,80","9,50,52,58,73,80","True","va-982"
"validation","983","f994921fa896eb4ec64adae97333fbd23926636183e28e58bdf29cd56929f7e1","512","433","29","29","True","va-983"
"validation","984","f42533b2c149e45813e86c65104ef866ab5d001672c04e30155a842ddf127fce","512","413","46,70,84,94","46,70,84,94","True","va-984"
"validation","985","de85a1f7bfc9a16b5484943c3eb34cd4fd5c6fdd64ded5473fe4ec9aff644924","256","256","8,48,52,84,88","8,48,52,84,88","True","va-985"
"validation","986","442fdaab51b51a24901b1e233f21f3e67af0bbeecb0d262edd596543bb26499b","512","512","9,72,73,89","9,72,73,89","True","va-986"
"validation","987","fa99811ace09967d42b4110a9bab3a0ed562fde31de17e4d82f75972fe747d53","512","319","46,87,93","46,87,93","True","va-987"
"validation","988","0fbe3718f6d0c871359a85c4570240d07b92483492780de8bff1c40415fba51c","366","550","8,58","8,58","True","va-988"
"validation","989","bc927ad89ca96b7f7cd12ae2ad99fe1a6c066485fd09dd04a90511b0918019bf","1536","1024","52,73","52,73","True","va-989"
"validation","990","464b7939a5c6f54ba5c2f118656d82420499ea9c9e857e7f3a08ea939a81978b","1365","1024","8,46,84","8,46,84","True","va-990"
"validation","991","ac0b0eb768a57f5ceff78594f6315de09ee7f33410c589108d4a2ff4cd02d28b","256","256","50,65","50,65","True","va-991"
"validation","992","0340f7a2317c4aff966738cfddc8daabe64adce1b296bd69a8abf1ebddb47563","512","341","46,52,70,91","46,52,70,91","True","va-992"
"validation","993","a27d6d17e8f7c45aa3107cf5af0c600d6f2bd5c092ccb2260b6170e68c490211","576","1024","47,59,70","47,59,70","True","va-993"
"validation","994","4bf33c0bbce880045af591d655dac91d34fae19763e8b8fae9dc40125dcf8181","512","384","48,52,73","48,52,73","True","va-994"
"validation","995","5faea50ede433a2f6866babf6efd7774113013829e2cb5db5bcff6b8e8dff047","512","341","49,73,89","49,73,89","True","va-995"
"validation","996","c7f084ecb0dd852bee8d9fbb73cdde1245ccf4cafa02aceed22884f00ff7324c","256","256","48,66,87","48,66,87","True","va-996"
"validation","997","3152763365658b588dc0a72f9213f9625dd380a4d7640a500ca91cf589f6265a","512","384","52,64,72,84,87","52,64,72,84,87","True","va-997"
"validation","998","29fa263994714d2968fc39a57329a4425c623a42e82a4c824f7fcf2ac5dabf13","256","256","9,58,59,89","9,58,59,89","True","va-998"
"validation","999","9713c3867528dfd076de11799ec31f83fc16fe20889c5c036d62bab6bb89d84a","640","627","13,24,50,58","13,24,50,58","True","va-999"
"validation","1000","8c9fe2560a0608956eac89ecebfd89525926cdb1379c345e1ec84609971ce85e","1024","1024","9,13,24,47,52,58","9,13,24,47,52,58","True","va-1000"
"validation","1001","37dd9bea2ed0baaab97dc714c97792740684039639ac3e6dbce2590058da1b3d","1820","1024","48,58,66,84,87","48,58,66,84,87","True","va-1001"
"validation","1002","e39fce6eec6cc43a5d6c40ecccb39727b336f011f36faddde7f04116b9d47cff","1822","1024","48,62,66,84,95","48,62,66,84,95","True","va-1002"
"validation","1003","73f0768ce4eead2b657b3f19a850395ffcfd0e495b18fdc09843e58b801612ac","512","399","37,54,70,84,89","37,54,70,84,89","True","va-1003"
"validation","1004","319aed1df952d9d3d34d3267f8b7ccfad37e04251542868415d00ee6bd854ae3","512","306","51,70,84,95","51,70,84,95","True","va-1004"
"validation","1005","3fa941d3f223cba323a85982cae1967b50aeeae57ec69b8e4ba5f6b2bea11c53","642","428","58,87","58,87","True","va-1005"
"validation","1006","099876f3ff1d1ed1cb570114677235ef4a611d7aa33eca58592ba158ec181e32","1822","1024","48,52","48,52","True","va-1006"
"validation","1007","8b7941b2980af0b9b88c2b49fb862d756bad0e258f47e7bb338679c7d7b79def","410","309","14,30,37","14,30,37","True","va-1007"
"validation","1008","44aa93fd5db0a3109c800facd8476faf3a11b7fb5dca41da3bfd670f95a66096","512","343","3,50,58,73,80","3,50,58,73,80","True","va-1008"
"validation","1009","acb05bafb00b7184b3e2a48e33029519fd3f0e49797cbc4759982a701be990c5","512","341","10,31","10,31","True","va-1009"
"validation","1010","c7f4a9ebfa44efb43c79376a207be2c8eaf840510b90fc5ab375174b2fe04680","300","250","5,52,84,88,94","5,52,84,88,94","True","va-1010"
"validation","1011","e8a6ca478499b40e7d4c3bf476275fe38cb65cccf01d060410fa27ad099e10cc","256","256","3,9,48,52,80,84,88","3,9,48,52,80,84,88","True","va-1011"
"validation","1012","adc7e9bb3decee5c68854cec3e99d495840c43a4f57cbe121ce53cd4aaec4759","256","256","48,70,85,93","48,70,85,93","True","va-1012"
"validation","1013","72f89d4c6a9061e1fe475fd75646b6c562ed88efe0695415d427d3c5ad3fdafc","256","256","46,66,73,80","46,66,73,80","True","va-1013"
"validation","1014","46929100ce9dddac3bac5fc144c69352758a6bf94d344331e4daf660425545c8","512","384","54,73,90","54,73,90","True","va-1014"
"validation","1015","6284587b813557cab154a163316345171e707392b1efe156741dd4d6799681ac","512","384","46,70,85,95,103","46,70,85,95,103","True","va-1015"
"validation","1016","d43414d94979a7debc82fdad22f8ebb86b16655f68f96e2931edd7508ea42531","512","336","46,87,93","46,87,93","True","va-1016"
"validation","1017","17d9c8de5d9ad476dc43f21d786ed31a8274f89a227b12a1ff161576632c7093","512","384","32,49,67","32,49,67","True","va-1017"
"validation","1018","7b76fe65b56ae26b8f102318c0f0a7e86d34ab8a1ffbc0a98b8ff56784cfdb92","512","384","37,54,59,73,82,102","37,54,59,73,82,102","True","va-1018"
"validation","1019","422400c7c84c02fffc5610fc8f25c632d4466d39f69733f78392a1f8d752d91b","512","341","52,73,84,88","52,73,84,88","True","va-1019"
"validation","1020","7ebaa959c08aaee086c39d91be5d279ae467ec1953fac8da625821f5f2ed67ac","512","384","48,70,84,93","48,70,84,93","True","va-1020"
"validation","1021","524b9a776b6c3a1bf0f68159b5d91d33efee48d79692f4e9c6b962f7398de1de","1365","1024","48,84","48,84","True","va-1021"
"validation","1022","43e6fcec650f8aa000e4cf51a1f5c2647dc326436c50e8b1fce061be9ae69a2c","512","384","46,52,73,89","46,52,73,89","True","va-1022"
"validation","1023","f518d23d5d35bf364dcc9ddfe3387cd9411ec03e99803a74cca67d6bca9767c4","512","416","24,50,67","24,50,67","True","va-1023"
"validation","1024","238cfdd4ca53f37fddcc204b2ced1d919d1a365360241035006de1f1e98e4ac2","512","384","48,52,72,87","48,52,72,87","True","va-1024"
"validation","1025","3ee8c6c074fe52815f6278dd9da276240ac50520551cee8127a40cfc945bd324","512","384","29,58","29,58","True","va-1025"
"validation","1026","f6ba6ed4497f0850a202c0bf48832705e0c44fbdbe03d442e8928b65bb124fd4","512","384","46,70,84","46,70,84","True","va-1026"
"validation","1027","12ca9172fc32ccb0a08fcd6eb4d4bd1a51b28ac2ac6d1b85336ae8853c767873","512","360","3,48,96","3,48,96","True","va-1027"
"validation","1028","b6280f198279159ec5055b0d2103a4fc62ce15e532feb2a34616887d86cc8bb1","512","384","8,58","8,58","True","va-1028"
"validation","1029","6ad5aa2c2d3685ef510d5cbe21c9c82cfdbc9282b9d76f1efc690cf2f84fafae","750","1000","29,30,52","29,30,52","True","va-1029"
"validation","1030","84c1b7bec28c9daeab3aefa461411ea977dafb736fb70c1f0916da143d3f1286","512","460","8,11,58","8,11,58","True","va-1030"
"validation","1031","4d17d503fe1f7c49a73bfb940510fdc6802c5928cee3b5189cb3e4420bd44852","382","512","8,9,56,88,89","8,9,56,88,89","True","va-1031"
"validation","1032","1d8c65801cb119977bfad347b842e6e95a78f0babdad3f19ba6c227a8b47709f","512","384","37,73","37,73","True","va-1032"
"validation","1033","87226dfa9d3f216a093a9b2478a838b81ac449da252dc981a22f286bcf280720","512","384","37,48,52,66,70,89","37,48,52,66,70,89","True","va-1033"
"validation","1034","1aab5d9363d3b7e95fbd345a5ec056bbd9be390bde0f4058f6f031c686abe753","410","273","8,46,66,73,82","8,46,66,73,82","True","va-1034"
"validation","1035","5b788aedda3e0e68c7d39fb18fc7bf3d0e0becea557504c6976de8f164c59e60","410","273","15,22,52,58,73,80,89,93","15,22,52,58,73,80,89,93","True","va-1035"
"validation","1036","024aa4d02d0a137afb61be7cfdf3eb62213f3623cd8d1e3a76ef519700069271","512","469","9,56,58,73,89","9,56,58,73,89","True","va-1036"
"validation","1037","ed79dc00922e7511c3a7e3f9254e61ef1eb831983db5360c6103e328ab96adf7","661","440","3,46","3,46","True","va-1037"
"validation","1038","abf7f61fff3979dac7a7992ea669295394021125361c79ae27f6abfa2d0e222f","410","520","30,52,58","30,52,58","True","va-1038"
"validation","1039","96d9435a89be134b422316f7d447e572264fa9f5c0c9f5f80ef798941e9a6bd7","695","1024","15,48,88","15,48,88","True","va-1039"
"validation","1040","f1b76a8fb905bf31777153051f8b5e259c90135b9bef882a644133d1611c9aec","410","224","8,73,84,87","8,73,84,87","True","va-1040"
"validation","1041","f1e6aa0aad3aebd9da78d70174bfd39e73925c30e679945df5c9f53446a1fbfc","512","384","50,67","50,67","True","va-1041"
"validation","1042","9c959583b545b6bffa9daca6efd66198934992a2f29975aa1207d666ea39292a","512","384","65,67,93,103","65,67,93,103","True","va-1042"
"validation","1043","34d00201e122b34fbe6db67362b72d99181b272735cc6730e640c3107d692200","256","256","5,73,89,103","5,73,89,103","True","va-1043"
"validation","1044","530a9c9cc7311f56056349e8b02f56e22061ab3338764c4ca1d9278bc34af3cd","256","256","46,58,59,73","46,58,59,73","True","va-1044"
"validation","1045","958e5bab448fdaca48f962c0d37d2aa7e31ee4fa4febf8cbe71138971947ef07","512","349","46,51,59,67,89,102","46,51,59,67,89,102","True","va-1045"
"validation","1046","2432545516585b489b007a88afdcf4a3da58f63fc61427554a0431fc1b651af3","768","1024","48,59,66","48,59,66","True","va-1046"
"validation","1047","e6f3fdae8db8b1e241fca3511e6269eae36f6b0e07ebc10c4a70ab5042a2949d","1024","1024","11,37,46,52,59,67,89","11,37,46,52,59,67,89","True","va-1047"
"validation","1048","8c8536f67fd057d4545418ac3ef38a8c39570e142a36c756614dda895eb61521","400","400","10,13","10,13","True","va-1048"
"validation","1049","4b1e8cc8a389ab6768ade2c90e1cdded455ca2bf217e08574f444c43cced1d29","512","398","46,82,101","46,82,101","True","va-1049"
"validation","1050","0fe02c6280a2188d334f0ad7b1d4212e01a223459b3b93749bab70d96f1834c6","1024","1024","46,52","46,52","True","va-1050"
"validation","1051","19bc4bee349fd746a240c4031572ec7d7b6ebf906e679430764bee849c14ba56","512","384","9,65,95","9,65,95","True","va-1051"
"validation","1052","9194582a1a8e55a632af5c1a2012ab7b24732e5a23e20bcaa32c9e446c0be611","410","273","8,17,30,58","8,17,30,58","True","va-1052"
"validation","1053","d94d126b75b7a786ca6e7197fdabeba54e8d51de15f6c07d8431b9ac28cf8ba2","512","340","9,25,46,58,93,94","9,25,46,58,93,94","True","va-1053"
"validation","1054","0ee5d948c7f0e9423a8db546664472032ae1fe41c963251122bf2f5c84d4aec7","410","273","52,58","52,58","True","va-1054"
"validation","1055","885fd8f0731a9626045256b2c5ad4339b299ddde44eb92ffd7810f9998505b15","576","1024","48,50,64,87","48,50,64,87","True","va-1055"
"validation","1056","aa7f65602333ede78e8d7dc5eeea1073d80417832f30b0c022ef70b1a287c1c6","256","256","12,25,29","12,25,29","True","va-1056"
"validation","1057","27e0fe22a6f6027bb2523bd6658dc98e195da37d2a78c483afeff272a8704d0e","960","960","52,58,72,73","52,58,72,73","True","va-1057"
"validation","1058","a1d430926e22aa91de5e77ee5c17f675b6351d0800a9e50d1bf520d5b6528a1f","410","273","24,58,73,80,93","24,58,73,80,93","True","va-1058"
"validation","1059","b5dc44816a7aad3eecbec436e68de833245f0e4fc05530476adea7820dd24c17","410","273","15,25,44","15,25,44","True","va-1059"
"validation","1060","cb0753c9a6da75e10a135c61dcdc43d36661ff8c712ca5fc9acf1f824a4cb67e","293","350","24,58,84","24,58,84","True","va-1060"
"validation","1061","a0dd84a8fbd08585311271deb2cf06590f8c1dc57036e0d4475f7ce59f00a90b","256","256","46,76,87","46,76,87","True","va-1061"
"validation","1062","1c9728c347ac26e4ae22595604755ba97f6a1a6665b2bfb38d188ba96c74311e","512","322","58,70,73,80,87,93,103","58,70,73,80,87,93,103","True","va-1062"
"validation","1063","718165f9689d9a937f55fbe88af4eabbff400beff67636a9b03b4e3304c7f4c6","1024","1024","47,48,66,84","47,48,66,84","True","va-1063"
"validation","1064","6f72089a0515b361265973e87b4123808da4a5c3dc16882a30e07591032ed817","1365","1024","48,66,73,85,103","48,66,73,85,103","True","va-1064"
"validation","1065","caea06bba9ebc72562cda831b2ae28a5399fd34b8dd01282de89142efb61cb33","512","382","52,65,87","52,65,87","True","va-1065"
"validation","1066","c12c0a8c0fee0a54e0a1116c5cb65c2edc8bef9e9e5ca97db42f6572f4e4194a","1365","1024","48,65,84,87","48,65,84,87","True","va-1066"
"validation","1067","46921d4ed61bdda4b747a079cfa327ac0f7245bcc166cb2df40121cc0e54d6d4","512","505","3,50,72,87","3,50,72,87","True","va-1067"
"validation","1068","625e478680d39db92372e86e2a8b8d66735a748b333a881c73437425314a5c74","512","509","52,66,76","52,66,76","True","va-1068"
"validation","1069","3302e8823cf1469fe21d8a47c2a27f915d24e733122d752cd6499df0ab25d26a","256","256","44,54,84,85,87","44,54,84,85,87","True","va-1069"
"validation","1070","031eb612250b8787aaa42f3760772729f8ad48ed1866cf22b235b2e8d241a87c","600","450","37,48,89,93","37,48,89,93","True","va-1070"
"validation","1071","c8c8ea6b89988ada877f6bf925582c5ed7c97be202455fd708afd58019575d6b","512","384","8,70,84,93,94","8,70,84,93,94","True","va-1071"
"validation","1072","38ffd7dedc5db00e9b29df868ca44d76a8f11baad9a5c191d0ec2c3be36da638","410","273","46,58,94","46,58,94","True","va-1072"
"validation","1073","a3e764c29c308b6be7405840708e59faf37119d445d6c2de505874df1d024c8c","512","384","46,70,84,89,95","46,70,84,89,95","True","va-1073"
"validation","1074","b5da3b31b2b0caefec9fc77d771664893cd29d1d88d6fcdfdc762d92bbe1ed43","512","384","47,65,67,73,84","47,65,67,73,84","True","va-1074"
"validation","1075","c6ddcba807dc975ab4d179423c33a120339e6774d26ed9a80d554b7cfed7a95f","256","256","48,66,72,84,87","48,66,72,84,87","True","va-1075"
"validation","1076","fbffa7deb0b535660983217d328a07972c9ff753d500a8e5c8ec1d2bdf03d0d9","512","349","46,66","46,66","True","va-1076"
"validation","1077","271eb1d3beb132970590e2100910db47046681adff591396bb52322d978e9fcc","576","1024","29,30,58","29,30,58","True","va-1077"
"validation","1078","01075f1d728447e467c54064b36c2b89a6590f5e5e505ab136be163b76405a83","1535","1024","3,8,9,12,46,58,73,82,93","3,8,9,12,46,58,73,82,93","True","va-1078"
"validation","1079","61244f200aeb8af511d3060626c477a73de963c389522aaaba2ce7ae89b4477c","512","384","3,46,52,58","3,46,52,58","True","va-1079"
"validation","1080","de60e902b4fed03d527a087c13030124cf9888c436ae504ed1231fd5c6e24ad2","512","340","37,52,71","37,52,71","True","va-1080"
"validation","1081","1fbcd7aaf0f026a14505ff8ab120f85f4832aee045f9ea07204ad5ee6d691e30","307","204","46,58,73,80,84","46,58,73,80,84","True","va-1081"
"validation","1082","d91a1771cdce11fd6891ddb8190bf75a07ab70e87286c4446af6b51c506699cb","1024","1024","8,52,58","8,52,58","True","va-1082"
"validation","1083","9c0d908e29d50834b412ea7f358b869062d55746a1ae35f9df4db71ddaabe88b","512","384","46,65,73,93","46,65,73,93","True","va-1083"
"validation","1084","7d106075d5b8780c33b10061b7255f284d1e44ed21970c0310a98eadda7b3521","1365","1024","46,49,70,95","46,49,70,95","True","va-1084"
"validation","1085","9cfce7057d1ee17f34c42740fb7f2d8e061ae8e30dccc0bd17595b5946e6ee2c","512","384","37,54,89,93","37,54,89,93","True","va-1085"
"validation","1086","477a6f9905ccc9ea7b7bd9e3f03aaa1441f1a3c52cb09411600ec0f724fb7ff7","512","382","37,54,67","37,54,67","True","va-1086"
"validation","1087","49e9bc3de100bec0d5e34227c45dc17fdd60f206e78a2c7c59a48ce497ad36e4","575","1024","47,73,87","47,73,87","True","va-1087"
"validation","1088","3fe688ee05fa2c37b6e697884f0bf7e22da9684c3f70955707dae9d7a100a01b","512","383","9,48,59,87","9,48,59,87","True","va-1088"
"validation","1089","4c2c3c05f3e206e7c7a7a9b392dcc34811e254883c2f9f23516a8ec8ff712d8d","256","256","10,30,31,40","10,30,31,40","True","va-1089"
"validation","1090","4af2b9a79caaf92362ca27111a685b0d2d85781e9bc317d4ddf9a6e75bef3fd4","410","316","8,58","8,58","True","va-1090"
"validation","1091","a09c804611a84521e7e878042184971c024926a54813bafa925431b09d343164","512","341","48,65,87,98","48,65,87,98","True","va-1091"
"validation","1092","fdff15ce35357607f1f51a21d54591b40d9ff290b8023c214ddd30f1be42a7ba","512","340","24,52,67,76,80,84,89","24,52,67,76,80,84,89","True","va-1092"
"validation","1093","7946b7a617333e1785962ce041c18f342bad3f9b332075e448a867f4b6290d64","642","428","48,66,84","48,66,84","True","va-1093"
"validation","1094","6e9615a911ddf4673b5ff8941ff1fc7d81e4dbc93aa3086d1761de9829865a1b","512","337","48,70,87","48,70,87","True","va-1094"
"validation","1095","532b090783f9c162ebcba6992c9fbcaf3ac31b6b8dea5fba2e9f77188dfccb42","512","384","48,66,70,87,89","48,66,70,87,89","True","va-1095"
"validation","1096","cafe3944a8778c04872b8a32c9110e2c839a78bf2bbbcc8015b547f671ac0d49","410","273","8,10,30","8,10,30","True","va-1096"
"validation","1097","15eba1a7dade79d30ecb90d5bc7711bd65951d039873477c11e19f676d9ea7ef","1365","1024","58,64","58,64","True","va-1097"
"validation","1098","945aec352398f402986c1cce711ad2fc741d90a89093e9d609729eb84cafc11d","1365","1024","46,58,91","46,58,91","True","va-1098"
"validation","1099","ab5831c9823dc060255f8e8ae1771e1b35ca423a5551f4f3cc65b2bb79339ba1","540","360","4,10","4,10","True","va-1099"
"validation","1100","90670dc9085b318bf629405e218ec1919be5e7b0fd48470ae3bd37c0156e7a4e","529","550","8,46,58,73,80,93","8,46,58,73,80,93","True","va-1100"
"validation","1101","556d058fc06c3e95c9e4c914b59291db53019438ff64646b8153c0ecee4f233c","512","392","46,52,59","46,52,59","True","va-1101"
"validation","1102","73edfa4a6a39ab9eb59e67480245e932767a52c41d6e3a8923b8fa2768398944","256","256","5,103","5,103","True","va-1102"
"validation","1103","4a463437a5334c57358b7fe3889d11b55dea8892ecc3cc2ba56d26d7ae50e0b0","512","384","47,66,87","47,66,87","True","va-1103"
"validation","1104","8b93629c882ca19aa23e2e73422fc80d6cf51dacc1228995d41f73f03e62cb22","1706","1024","48,49,65,73,94","48,49,65,73,94","True","va-1104"
"validation","1105","5f3a2ceb564f69760abc779d346c70e1f18fef8aa65479c82950f88531b71b8c","642","428","25,58,103","25,58,103","True","va-1105"
"validation","1106","5715003fbe292832d4645c1ecc8922fe0645c138b91bee722d654361230f8436","512","384","50,58,73,87","50,58,73,87","True","va-1106"
"validation","1107","83d4040db8e77eaa3a2b7ae70a1db1a987eb776b8d975a806fd5f361c7ba1d54","512","384","22,25,41,58","22,25,41,58","True","va-1107"
"validation","1108","db2828f0d1dc48ca9bc613a13a440d4b05d274839866d1dcb36aad5371c77a32","512","382","52,67,89","52,67,89","True","va-1108"
"validation","1109","cd84644e1256ed3f9c707e8dde0824b55174f0f75282ab2ad995d3f5309aa010","400","405","37,51","37,51","True","va-1109"
"validation","1110","ce8a1c3e147f45b279f7f56235fef645a03163db3c6318bb7ef0d9f882976575","512","384","10,41,73","10,41,73","True","va-1110"
"validation","1111","333b43613cdf77ce42f5c9ebdf5e89f748208fc56b6a222297be2760805cb755","382","512","46,66,87,95","46,66,87,95","True","va-1111"
"validation","1112","3bf8b6a1d65e78fc995028b0ece860a6fb3a3caa2c3e03e9d21ed19b883aaf97","256","256","48,52,87","48,52,87","True","va-1112"
"validation","1113","8dc92d17a1ae12787d5466d5b9eabf1771870a8d812166f93670f5f1807e6ed8","768","1024","54,66,87","54,66,87","True","va-1113"
"validation","1114","6105219dac1a83cbcc6cc8e305b0fa8a1b85437aaab502f22c7ee7f8e4ab09a2","256","256","48,66,95","48,66,95","True","va-1114"
"validation","1115","ac69c8fbbbb126465027ea9f4d76b257799ef68e0a5a87baa0cb21b2935a571d","512","460","21,48,50,80,84,94","21,48,50,80,84,94","True","va-1115"
"validation","1116","f15bcd86b8205846d7c6052d80f52561586feb2faf59746c6a2cf6b385657515","1231","995","52,58,89","52,58,89","True","va-1116"
"validation","1117","941ff71130181d83b19d92a10aa6984d9307ec6d80d762c45a6285fdd4f29085","512","347","3,25,48,59,93","3,25,48,59,93","True","va-1117"
"validation","1118","680e401694a53bc5fb38b2db86ba99adbf3c8df1eb88cea32fab2fd9035fca0b","576","1024","25,47,58,73,80,94","25,47,58,73,80,94","True","va-1118"
"validation","1119","08d5ba873ff15bf576807afde4ebe6bcd881436a5ff29e10c4820b12891ec14f","256","256","37,48","37,48","True","va-1119"
"validation","1120","38a052bdffe7e342f6e6d6e753bfb1cb8f064ce609e1cd51b9f022111dfb8c72","768","1024","37,46,87","37,46,87","True","va-1120"
"validation","1121","61e4409ca27083918158e0857fbb385c99f963172618a6cd557d16f5cdd28c0b","512","384","50,52,58,73,82","50,52,58,73,82","True","va-1121"
"validation","1122","8325e0bf53e0dfeac4e7f9d2f33f7be07f90b6175ffa1bfc96fb85c176c38157","256","256","30,32,33","30,32,33","True","va-1122"
"validation","1123","85070199852c3944702d91ed8d857d21d8268c312062c6b76a03f46d4764452c","1365","1024","48,66,84,87","48,66,84,87","True","va-1123"
"validation","1124","48ef8f2d8fe735550fdf1302792e6767cecfd756a00a23e6c33c2b0c92a355dc","512","384","46,58","46,58","True","va-1124"
"validation","1125","8d7ad299b97fb725217e21aef711117f8320dd1842fc3454df5a664eeab0886d","480","640","50,73,80","50,73,80","True","va-1125"
"validation","1126","eee8e8705d85417484b7f4dcc9a5d5096d6da78c8b4af39d90ef346dcf564c05","512","396","48,73","48,73","True","va-1126"
"validation","1127","6b512e6f592e79a5934ee73bdc92238bc6494306e20c14490a4e790e71586b19","512","384","54,72,84,89,93","54,72,84,89,93","True","va-1127"
"validation","1128","8004a0c4d3c9ede726bb15698834e3ff593d7050d8fe48c819c298b17f6bd178","512","384","8,10,52","8,10,52","True","va-1128"
"validation","1129","46037c0be46b4513c3ea2a0145cd66118e4ffbc875906778b5c1df6175469e80","512","384","46,58,59","46,58,59","True","va-119"
"validation","1130","fa21bbfb44e14a6374724cf285f3fa620381bff104f0182ea94cd9b822b59556","256","256","8,32,33","8,32,33","True","va-1130"
"validation","1131","b23b7db0e7356e6c2404e68d40c175a6250c31f83ed8ae0aa4aa65896538d925","500","415","49,70,71,82","49,70,71,82","True","va-1131"
"validation","1132","8990f146efb734a410d68a9b0cfa7d55992055e7ae0a283366e7659fedc3d7a3","1365","1024","8,47,58,64","8,47,58,64","True","va-1132"
"validation","1133","b08c3dd50a37a5dd1ff17152683528352e04c23f564dc7269a4372b69c3842c1","384","512","73,88,89,93,94","73,88,89,93,94","True","va-1133"
"validation","1134","3e46ca1e860712cc747cbb42bbc2042c001adeb4ae89bcac41fe84f2bf572a4c","1365","1024","48,66","48,66","True","va-1134"
"validation","1135","d43d0cc12dd12addfff92cae68a020fdc00bdd483496f45a38477916bb9d3bb7","512","341","37,52,62","37,52,62","True","va-1135"
"validation","1136","57fe84a7d9813272434b0d403b5318de1fbff305bdb1b007e99da349cbfa4bd3","1961","1024","46,93","46,93","True","va-1136"
"validation","1137","92f1cec7715707be578a553011c3fa744a35b9267b69961c8c9e8ec311349880","512","384","10,32","10,32","True","va-1137"
"validation","1138","f74d257a4cb2cfcd949ff583e727390141a59e61cbad1779724076bda48a5dde","512","384","48,50,70","48,50,70","True","va-1138"
"validation","1139","e00908405bd53a935cf2b98d413f2489322d3cd5d1f32a7bf49c150c3f7c1c8a","512","340","48,52,84,87","48,52,84,87","True","va-1139"
"validation","1140","0739bed6e0d4cd6b5757e39f1b95a4261b7d5bc455c7b4737306ab0f705a29ce","1024","1024","47,70","47,70","True","va-1140"
"validation","1141","6df03159383ae9377696a35a2ac3c4eb22d4f932180c2754a8c4d172e701ad3f","256","256","10,84,89","10,84,89","True","va-1141"
"validation","1142","90e2b84280af4b680bd0936070fe959d409f5494ba06ecc80a455604454a0abb","512","429","47,66,84,93,96","47,66,84,93,96","True","va-1142"
"validation","1143","038ededd3773bd61213eb5208631af3d76ca2f9d039ed6fd5f7c6ba545cef1d2","410","273","9,37,70","9,37,70","True","va-1143"
"validation","1144","cfb5007a6be5e7e56df0639064534dff7624c471b915942ee057f4846ccc0d39","512","384","37,54,70,93,95","37,54,70,93,95","True","va-1144"
"validation","1145","d1aaa6083987d0570307d106b4fe132deb6bdacd545d71b782b79b03f22f8ad8","512","384","9,58,73,92","9,58,73,92","True","va-1145"
"validation","1146","709ee53e8abc8699076a91707d248789f5f03d3c47e69ed1fd8607f7baf15add","512","384","8,10,30","8,10,30","True","va-1146"
"validation","1147","ce516e1861f6c5eaebaad9deefae8db5df44fcb87a668732283bcd736245ff30","444","512","8,13,32,58","8,13,32,58","True","va-1147"
"validation","1148","a72cfc5479e24959652c0895180f4a37183ada8cf7c7f83a33d228f974713ba1","512","396","8,10,52","8,10,52","True","va-1148"
"validation","1149","122cfbda582e90940b11ec73ac0e345089e7d7496c5592271dcad056ceb3547e","256","256","32,67","32,67","True","va-1149"
"validation","1150","e72d8b8ecfc50d9a7514018fd1b9f4056946a0db2bb2f2bd4e2d6c4bd1fc4305","512","384","37,52,54,73,96","37,52,54,73,96","True","va-1150"
"validation","1151","4158ba7a6cd5f6915b366a728543c06c7a79f87c269a4324936e7375cd4d6ad4","512","385","25,52","25,52","True","va-1151"
"validation","1152","de71b29939e2e3fc8e21a9b164698b390827f8ca103a03ca7cc223a4dae549f8","400","400","46,58,73,80,94,103","46,58,73,80,94,103","True","va-1152"
"validation","1153","87068f0d5ae702e80b215a06658e68e6d5658eb21c79efb31dd64ef979dd979d","512","384","21,56,66,89,101","21,56,66,89,101","True","va-1153"
"validation","1154","d06a98ae86d8151ae072df8557d7803f015d051006a67bfeefc975b50c2b87fd","256","256","37,54,73,80","37,54,73,80","True","va-1154"
"validation","1155","4cfa62314ecabc21fab4b88912ff498aa6844cfadd22e5979b2d4532d40be013","512","384","24,67","24,67","True","va-1155"
"validation","1156","ec3e1f57bb28973fade3acdb4f3b20e8403160732281fd8c3d49945ef27d923d","410","260","56,90","56,90","True","va-1156"
"validation","1157","12864ee077d5aa0d8b89b196312d32fcbe75b179a99132af44824139cbfe6999","512","384","8,72,82,84,89","8,72,82,84,89","True","va-1157"
"validation","1158","00601962d645057ec47c49940d056180caa1e02a7223750f0186e711cb97773b","512","384","52,73,82,89,94","52,73,82,89,94","True","va-1158"
"validation","1159","b4e6b89ce881c9d1c8f7cfe26f216528b8b03c77730b3cf0ec7d6b3fb7d0b10d","512","384","30,32,58","30,32,58","True","va-1159"
"validation","1160","716ca2b877990bfad5a2c8fee58a461df268a572205d3e04d6aa1585c531cb90","512","501","54,70,84,96","54,70,84,96","True","va-1160"
"validation","1161","88181471c2b0c07cc54022c15577f2e6e2c3ea9d939a016abf90a070cd88e704","512","384","70,73,84,87,93","70,73,84,87,93","True","va-1161"
"validation","1162","579b44162b636b66cc80d9ff30a7020fb022c5df3dd7eba8080c091f386cc8c0","1024","1024","47,70","47,70","True","va-1162"
"validation","1163","65d104210b3c2ef496e1dc7b9de29f947a980ce8805a21f1c8bb606b1523a570","512","325","48,65,72,73,80","48,65,72,73,80","True","va-1163"
"validation","1164","3d3261673d5f1a62f8a4aafd747663eea3d1af636daa71f3b40e4ba6b4f8ea6e","512","384","46,58,84,91","46,58,84,91","True","va-1164"
"validation","1165","53ea7b98d1560e099a4812b9ca5f3ec70cf43cbb37c1c3c66524c3f9552ada82","512","384","48,73,96","48,73,96","True","va-1165"
"validation","1166","b1ea78707e32a4be68094ec201c9a7e8b0aecca934e25a29c4707fe1d830eb1c","256","256","50,70,73,96,98","50,70,73,96,98","True","va-1166"
"validation","1167","f293af977fa8c25a0063866b067348f8d90b7f230822270fac7b0f9b41173cc8","256","256","37,56,89","37,56,89","True","va-1167"
"validation","1168","eb45af5181c8297c6571779bc2ea72b2400010849fe4708ed2d5841d773923bc","512","384","50,52,58,84","50,52,58,84","True","va-1168"
"validation","1169","68020bd2f9807232dd3b2388e07a9bcd9875959a8fced9e0a0a30779f44fc7d2","256","256","70,84,89","70,84,89","True","va-1169"
"validation","1170","1600bd159ccdf6508c0d71da1b42fd4073ddddb834adddbeaa985cd0181f7ec1","512","385","48,50,84,93,96","48,50,84,93,96","True","va-1170"
"validation","1171","3596c5842af10c9e7e3eac05f7a5d53acba0061608a36432b6175483bbb07cfc","512","384","48,73,96","48,73,96","True","va-1171"
"validation","1172","bc25cf51936e23f832de38cf8ceaf8d34cd53a4d8911bf57bc6bf8d984382f67","576","1024","48,52,73,80","48,52,73,80","True","va-1172"
"validation","1173","d9ac5bd360205038afc14db0fd0d1fb171d8c4aa5a563912076a7e55b47c5a87","631","1024","14,30,37,52,82","14,30,37,52,82","True","va-1173"
"validation","1174","5c566e3b0054e14e96b8745ac3527b261e744a485ca8bfdafb929297be4a0777","390","333","46,58,89,92,93","46,58,89,92,93","True","va-1174"
"validation","1175","c085976316a1e0b4bebb4198e02589950bde2468a0c9dbf28bfd81b9d1921a38","256","256","14,46,59","14,46,59","True","va-1175"
"validation","1176","1451c5b2b5f089530222f877223352c6c29067177d257cb9cb0903193a29511e","768","1024","24,49","24,49","True","va-1176"
"validation","1177","327dba07bf9144f3d93c25ce753ebfd7e24ed9175c56c4d3b49df18ef2973cf4","332","512","11,61","11,61","True","va-1177"
"validation","1178","109b8013cbe79bf30f1e42718489b9f39c785ee37a9194a6a0f85708da5280e9","512","439","56,73,80,95","56,73,80,95","True","va-1178"
"validation","1179","83fb6acd5090a0e6c32e53d5193e173c60fdd38ed58250a30942426c085e8dd0","1280","800","8,24,50,58,73,80","8,24,50,58,73,80","True","va-1179"
"validation","1180","1a2f1b9743fac50859a41c5c0044005f04b600e7cd19a1365e178d7b48d339e0","642","428","10,13,32,33,89","10,13,32,33,89","True","va-1180"
"validation","1181","e05e3d04d84c83e1e8f642cfb74248442277fac2821e6368fac7471e61934430","640","428","10,13","10,13","True","va-1181"
"validation","1182","8258f9034f033a7af17a5d7698eba65364c19ed2a432ea96829f850bc1434dfe","400","400","10,30,33,61","10,30,33,61","True","va-1182"
"validation","1183","068bfe72e95716863e8692f83a4d3210e48842e2e2d25f17d810d4c0995562ed","440","512","13,25,89","13,25,89","True","va-1183"
"validation","1184","3e4a9363bffc3d542ca0fb3e25bf2f5731c46f915e3bcfdebf02b2fb9d67612f","512","379","9,10,37","9,10,37","True","va-1184"
"validation","1185","4ec0e1484653eb40c4a52769a4557a37a243bcab5051738cf2fde827a243ce49","512","384","46,59","46,59","True","va-1185"
"validation","1186","144c56454a627de942c0f1d36b802d9c83affdfcb4aacabce08053baca359667","512","438","9,67,80,94","9,67,80,94","True","va-1186"
"validation","1187","168b19223c707a7b83c9add4cfecb5f5488b94371f1b5e614eb180fc237a6b06","512","506","67,84,85","67,84,85","True","va-1187"
"validation","1188","508585ab9fe2b72e7f43c8e79680e8c4b051802b848619bdde6f24e56bd649f3","512","384","12,60,82","12,60,82","True","va-1188"
"validation","1189","11782c24a3c33e200cad680a6837c8a27c0340b115066308176eeda19d766c94","512","321","48,59,70","48,59,70","True","va-1189"
"validation","1190","2721802eb97ea0a0748f0ce7633b49fda33d3ed1c6804aa27835f198238a1818","512","384","48,65,96","48,65,96","True","va-1190"
"validation","1191","d86b8670425f6f5b8a25b1aa860cc9a3fdda78c9c43636c700c931e8c4c23d86","256","256","47,70,84,87,103","47,70,84,87,103","True","va-1191"
"validation","1192","cb1a96ba28d98e931471d310b1586b1572843746765876bfa600f1610a422a4a","256","256","58,82","58,82","True","va-1192"
"validation","1193","e09ca3fc743574eadd45a73c2644caeccbad66adb8c8d58e62713e24ac946f3e","512","384","52,82,84,88","52,82,84,88","True","va-1193"
"validation","1194","61b65922ced824a7fa23e84acb8e171dcbce5feb84c4a58ca21673d609266abf","384","512","54,84,85,93,94,101","54,84,85,93,94,101","True","va-1194"
"validation","1195","464005418ed6f4d7b2fe27931cc324044b5af05fe60d026d2bd6d51318b540ca","720","540","48,66,85","48,66,85","True","va-1195"
"validation","1196","de965d109dd286a0aba4b77476ecf61ed728cbefd03014b3589a1b2634ff5b55","512","342","37,52,54,58,85","37,52,54,58,85","True","va-1196"
"validation","1197","7dad892f6b84cbbdc8adfaeab66b41b55ceb42cc0ca2860c244ee09717c01733","1820","1024","46,59,70,89","46,59,70,89","True","va-1197"
"validation","1198","1d0275f72de0255a6a712a115dc1f3b98aa20483e41abf66202749dc53c67013","256","256","48,58,66,85","48,58,66,85","True","va-1198"
"validation","1199","bfba1ca7fc744998cbc2232c5525a5f5543d28aee456f4a72998b5bf578360c6","512","498","37,48,66,70,73,87","37,48,66,70,73,87","True","va-1199"
"validation","1200","9bfa3e3a079553034523d67e4be3d531990d3df6f3ce90eabe01ea7e3088e01d","1365","1024","70,87","70,87","True","va-1200"
"validation","1201","4cf5c784ec341e46ef64177ffccad1d24e2a194a3648c2ff16148e74c586bc51","280","373","46,54,62,82,89","46,54,62,82,89","True","va-1201"
"validation","1202","c349f9f1d7d2aa1995da6c92f530b0968add751c24df6083968872f8f5463000","512","384","58,73,82","58,73,82","True","va-1202"
"validation","1203","4d9bb344bdb9d93f1b0c7dae5f8ba4f023373266ddf499b9b3a5b93a029428c5","640","428","10,13","10,13","True","va-1203"
"validation","1204","2dc61170afecc13847638f464416730ca7a8d88da323a2b6c09985d08f604cf6","512","340","3,46,52,58","3,46,52,58","True","va-1204"
"validation","1205","08840fa197263bc8d9c1ae9f7abc4084b616bdbd9f0aab0c98cdcddc3b18006d","682","1024","13,37,46,82,89,93","13,37,46,82,89,93","True","va-1205"
"validation","1206","fe1387bae3277695b13e176b38b00053ff7f26aaad0bf6b119d6f1415553be40","487","512","14,44","14,44","True","va-1206"
"validation","1207","e556bb6275dca076cebfdde750d1330e4dd6aa008a5dd1d5861a9b1b4c982ad1","1268","1024","50,66,87","50,66,87","True","va-1207"
"validation","1208","669ee13389798b6677c8003779d95f9e3c1a6e95098ec99716b0f8a8d24c5fe2","256","256","3,48,84,95,98","3,48,84,95,98","True","va-1208"
"validation","1209","6d6e41364b5aba5f785920ac3ffb5936748bccad226665048c5f2268430f7bf9","512","416","48,70,84,96","48,70,84,96","True","va-1209"
"validation","1210","a89e6a5021b2a30618e75ab0c3d0da9d32739f759c7765b3b739ab7a5aefb5f4","512","384","8,58,73,80,93","8,58,73,80,93","True","va-1210"
"validation","1211","39e28cb5f0ef18fb23b5ab449ca79338c208c67a9f30f175c0eeae710c74f384","512","334","28,46,52,73,80","28,46,52,73,80","True","va-1211"
"validation","1212","db6e7d1f025cf84707ade78c5bafb0deb9138515863e75eca846aa0888594555","256","256","48,66,84,89,96","48,66,84,89,96","True","va-1212"
"validation","1213","a0577ebff6a5086789b4d0dc5109ee47461c3da5086281080881312d6de6121c","512","384","46,87","46,87","True","va-1213"
"validation","1214","6e76168a57e244dbf4684cf3f77920444437c4d7f87cb63cc8fe0f1c45c0c2fc","256","256","10,37,89","10,37,89","True","va-1214"
"validation","1215","e6c11c6cc5a0a3141e7cc3c5b9f2deab630f4ad8be45694d344be95c548a2f97","256","256","48,64,73,89","48,64,73,89","True","va-1215"
"validation","1216","11e616cb37025a73630fd61b84d27d3af57ffb433ffb6a0a05ef9d0e86b275af","1080","799","44,48,71,76,84,93","44,48,71,76,84,93","True","va-1216"
"validation","1217","a27abeac5288fad8ebd20babb0ee28160934845da1f7fc8538aa5a5d184819ef","512","384","3,46,58,73,93","3,46,58,73,93","True","va-1217"
"validation","1218","7f2f05605e14bb7f5dde846bc22952db716dce71a0d6bfb5de58717f613de272","512","451","46,70,76,84,87","46,70,76,84,87","True","va-1218"
"validation","1219","7aa203fdf0e5ef03f7e63d6219359208d45d9400cb492f09d07ecfe4e7486249","642","428","25,52","25,52","True","va-1219"
"validation","1220","5ecd141ddbc3fb6e0fbae39b88d20f1a672f8e1fed07987386c0e41f9672e0fe","512","384","8,58","8,58","True","va-1220"
"validation","1221","16c2a514385d27f90f722624e7ed35b9725f183ef5fa499b7a17c0ffa032abe1","512","384","8,10,29","8,10,29","True","va-1221"
"validation","1222","0911492be3ba3db06c725b4af71a51be5e39e8304609ae7d331cad278bff92b8","713","1024","46,52,76,84","46,52,76,84","True","va-1222"
"validation","1223","d9d18d7d3aef3fa9d6516015c0f25300c065b37c449b426ea207bed190e3203d","512","335","52,63","52,63","True","va-1223"
"validation","1224","e0b17724aeb34439cded362369403a8beae4e86eb928d82e8186d1c1d72f9011","463","512","13,25,44","13,25,44","True","va-1224"
"validation","1225","97e1b3590c4f19d4918b91193462b9165a0d8357a1ee389ddbd0755b984b0080","256","256","46,70,84","46,70,84","True","va-1225"
"validation","1226","ec824938d9cf1e82bd5e442f9dccd8a3800d1cf8f96a2f697c601fe9490b7857","256","256","48,66,73,76,82","48,66,73,76,82","True","va-1226"
"validation","1227","bda1bdd6e375716928eef66b52b3c765e6a4d26ca532437e8630e52a4d54b8bd","1365","1024","9,46,85,103","9,46,85,103","True","va-1227"
"validation","1228","6794cc708da3dc185b91c6e26277297d77916e5f2b4e0c6d0920ed9716fd793c","512","384","52,73,84,87,89","52,73,84,87,89","True","va-1228"
"validation","1229","be5ff30c9c3c6c51276866bb844117fd3bf1a92b9f45d430f9708bd0202a14df","485","512","46,70,87","46,70,87","True","va-1229"
"validation","1230","402f1437907a4185e48644766f086ea8e363b977af803a446c45a6e202950b10","512","350","59,70,73,80,84","59,70,73,80,84","True","va-1230"
"validation","1231","23cf2fc49e15ab80a19aeb31ba8ee832c62390da5da44e1bf7c8b70987bff422","512","384","47,58,70,82","47,58,70,82","True","va-1231"
"validation","1232","74dbb6d8fe3d18ae17479cd6f9b529d29c1de0cee01cfbf3b6c90375f8ee7032","1365","1024","48,66,87","48,66,87","True","va-1232"
"validation","1233","51da91b3fca9938ea0a9c5ed1a9f5e5ab41dbbb4a52716e8608d8c531eb8cc18","512","432","8,44,58","8,44,58","True","va-1233"
"validation","1234","90700cb0b22f7a3fd97e6f214306452473c919e49248d5eeda0c1a40a408ed95","512","384","67,87","67,87","True","va-1234"
"validation","1235","49f6e285581d98f21ffc582b1bf131cc595c648673d254472c19ba79eb76662e","512","384","21,48,50,59","21,48,50,59","True","va-1235"
"validation","1236","ebc5e17274b3966f61469531f7d05507219194ace96f2d949d3757a233eb4bc6","512","370","3,58,82","3,58,82","True","va-1236"
"validation","1237","4aca40f383808fce896417452951fc9ca1d3194772dc201e6f3751d7bf688534","512","384","21,24,50,58","21,24,50,58","True","va-1237"
"validation","1238","47cc8d2ae232f8788552f13ec1a2120d17c0c985381401e9361779651e1232e9","720","939","3,48,52,58","3,48,52,58","True","va-1238"
"validation","1239","42617502d23bc2724870f2a3447ddfdfc19d2f7c0c99e561ca6f1be424bd18ea","1365","1024","16,30,67","16,30,67","True","va-1239"
"validation","1240","6c1c1df7deb7a48348f1869641f6dba44ee6f47f8f4e782a882c96c20beaa7c3","794","1024","46,70,89,93,94","46,70,89,93,94","True","va-1240"
"validation","1241","956afb9f8e2f19698743c5c7e8ed154d45e19bbc8db996ec6c4bf1afb5e1019a","512","384","25,54,82","25,54,82","True","va-1241"
"validation","1242","e1d8c497c5937c5cd9abb4fccac179056c72bbcedd2140b9b24bda3020f58c9c","1024","1024","5,8,9,80,82,83,84,85","5,8,9,80,82,83,84,85","True","va-1242"
"validation","1243","ebb80ae0877458f49dcf176e8d69538e10f7d7ad37987c8caf89a4d658cbb4c7","1024","1024","46,58","46,58","True","va-1243"
"validation","1244","1dc70d21517453a7f23f327cacbc1e4e72c8913a6072dffdfb503f845339f5b6","512","441","53","53","True","va-1244"
"validation","1245","da114d6582ff09c25db847b2dfdd1ec3f54ed160cf7d0f3991d87b79f45e1054","512","384","5,8,30","5,8,30","True","va-1245"
"validation","1246","eccc92ffb0a583c5240fcab7e9c7d8393dde9ea1449c7300087fec74beb1b860","256","256","8,30","8,30","True","va-1246"
"validation","1247","51324626f6fe18f317520eb4511203a8bac411d2030caf47d0f628e109a721f0","764","1024","50,54,70,85","50,54,70,85","True","va-1247"
"validation","1248","835e97b66b34036f668abbd2bbe2bf9f77c0a97b16f1e9aa4432a5246b479500","410","273","37,48,52,89","37,48,52,89","True","va-1248"
"validation","1249","46d4b4176f4e4e34e9990146c9f0152f71654bbaa5cb129d2b0c1dd77910e996","512","384","25,52,58","25,52,58","True","va-1249"
"validation","1250","fd24aa188e78bc76f23fc977c6783a1271fa8cbb13979eab46ee9173aeeab797","512","384","46,66,87","46,66,87","True","va-1250"
"validation","1251","487949e89f6bfc436ffe50ff57267c97b78cc4452217e58766d5d7f504f880ed","512","434","46,70,84","46,70,84","True","va-1251"
"validation","1252","dce204bb2b2281ed7c298b6cff08b24914b5a1ce32729e4a187b85dd2b55ea84","1365","1024","8,29,30,36","8,29,30,36","True","va-1252"
"validation","1253","92e497e84682b40031ca3f56b0a6b143b4eba09cb70f124b4637c9e2d282130e","256","256","48,49,58,70","48,49,58,70","True","va-1253"
"validation","1254","500373085f2c7c67e355b2cb3436953b360dc507f7a917e70b6486605399cad8","410","307","48,70,80","48,70,80","True","va-1254"
"validation","1255","af223cae577c2d9840fbec4d691b11b4708deb1f578c6be2c43fbe0d4b4f9d7b","512","342","47,70,96","47,70,96","True","va-1255"
"validation","1256","ed3cd85c96442d883599b4e449a49fcbd950278a8807c594e718e3e5d6f38e11","512","407","48,66,87","48,66,87","True","va-1256"
"validation","1257","7ccbcd11e0ce010a09ac70ce49ca78e0be3339a22637c7492b7c61950f76c236","512","341","47,70,95","47,70,95","True","va-1257"
"validation","1258","10309dfa78efc8a63a68d624ebc3cc126341051e8016d41fab6a4df295c5f210","512","287","52,67,84","52,67,84","True","va-1258"
"validation","1259","dd7a2a0c8ad2e4fa77baebdfc53ca8fdf71bfc4aee8c2fcba3015561384b08e3","512","512","48,66,82","48,66,82","True","va-1259"
"validation","1260","741cb96b3c81875df62bac4dae96303a5180da6a08783935bea84d43f81f84b5","512","384","3,52,58","3,52,58","True","va-1260"
"validation","1261","b2a1e656cb63468a45a8ea1b6b78ed0e2fa32595a2fe06ddad10ca267a39fbbd","512","429","46,48,70,84","46,48,70,84","True","va-1261"
"validation","1262","6e4948acfd2921c3c1a6ab871e405faa631784f1e92608fb6976644309d1e99c","512","384","48,66,87","48,66,87","True","va-1262"
"validation","1263","83a75b7d912e6ecba77b06969c4419f674bed1c3825e3cc6a466333f3d1a53a1","512","387","9,46,70,87","9,46,70,87","True","va-1263"
"validation","1264","d2162167077bcc9652708eed28e3de8604863a89615fa59e1fbf8b8b9d9b90cf","512","384","70,77,84","70,77,84","True","va-1264"
"validation","1265","dd273a07b0ecaba72bf2988564b017452cc5e59a6470f1abf1fbee29a500bad8","860","860","46,64,66,103","46,64,66,103","True","va-1265"
"validation","1266","d314f0467af49ab90189dcb0517418bbc94928d040b1ed632da43731f5ad385f","256","256","47,70,84","47,70,84","True","va-1266"
"validation","1267","bce6d3de24109a2074707576cab7522e132da0f502123a04fc87c8b0046d6fae","384","512","52,83,84,88","52,83,84,88","True","va-1267"
"validation","1268","ad9e01d824a9f1754ec1ffd092105fbd87056acceb1a802d61323f7c6ab841ab","410","273","57,58","57,58","True","va-1268"
"validation","1269","028457f4ca5ff4d8b3be4b8b6a6308046cd13f7f8d858cbd905da662eff861d1","512","500","48,52","48,52","True","va-1269"
"validation","1270","10a786767924690fcb5634dfbbadb2f2876159eb23a0acfdb20f72afd698ea35","284","212","8,10,30","8,10,30","True","va-1270"
"validation","1271","f7cb073992bf515a1beb0b90579ced5dd6c16846b6a66ca34a6a39e2ccbfad08","512","383","46,70,84","46,70,84","True","va-1271"
"validation","1272","d6a179d01417ef63e9c2b863572392dc86cae00469709206c89e4e650e8cd0d2","1365","1024","58,65","58,65","True","va-1272"
"validation","1273","761e0d42ba17b8d1a660dddf83149e2e84d834ee21ee37ffb1e8e4a02dd44b03","512","342","29,58,81","29,58,81","True","va-1273"
"validation","1274","0e731fa2a1257cdc89794724556bac40cc59393db759d74a2b6814b3445dde34","512","450","3,8,37,54","3,8,37,54","True","va-1274"
"validation","1275","3beb2747b4f6b4f975917a01f29514d209d364818cf3a08e20aff8e6d7889e70","512","512","67,73,89","67,73,89","True","va-1275"
"validation","1276","42dbc4dd1b9ab44dac30c49f99e57bd931c633a91fcdecc5513f79d2dd39df60","256","256","46,66,87,93","46,66,87,93","True","va-1276"
"validation","1277","3a539dbf653274da1aa07865f11cd48c0ed9376c2872e43c3abb2250a623eba8","512","384","37,48,58,91,93","37,48,58,91,93","True","va-1277"
"validation","1278","0247f6f642cbd01e28a9feaf01f83a5f77a3f762229eb1024219fefc6a2e2ed8","512","384","3,58,80,93,94","3,58,80,93,94","True","va-1278"
"validation","1279","aa955652e9f037a5d33233aad8d90113ea2f5afcc0cb2fc41955831a777378b6","1820","1024","24,52,67,94,98,103","24,52,67,94,98,103","True","va-1279"
"validation","1280","f8289ab7c66e5d6200d10e0f035e639f155c173c310ff3f63ca006ad3cb4c815","1365","1024","54,59,70","54,59,70","True","va-1280"
"validation","1281","9ff439d09d1ae54275402104a46401f6d39eea4ad38415076c02c3fbcfd0818e","512","398","37,48,67,73,80,93","37,48,67,73,80,93","True","va-1281"
"validation","1282","c82d33d1eca2d1460052c3218a3836dc9bcf1f5949c8f23e8340bf5c6fb3db1e","256","256","8,67,73,80,84","8,67,73,80,84","True","va-1282"
"validation","1283","8d244813fdf92eef9730e2a6f23e016ccc3dd8219e68c7c34921d3aaa66df705","512","403","11,58,70,87,89","11,58,70,87,89","True","va-1283"
"validation","1284","a1cb89ac829d4521b649a62a98952e2ae89fa73364ed72bfe0a1767bbc6d347f","1365","1024","8,21,58,84","8,21,58,84","True","va-1284"
"validation","1285","c5b9ad6dfdeee933737467f28303f278031bd7e86d75ed589af07f484c814e59","1365","1024","64,73","64,73","True","va-1285"
"validation","1286","4b1c1563d7d71793fbc0cc05660a8bd257cc0dd2a9f8adb3b8091c9d0c406717","1024","1024","48,59,70","48,59,70","True","va-1286"
"validation","1287","8e6b7d629820313cd9a51f82a2a13369ed445c17f046af2952541db22c45fe35","410","276","10,31","10,31","True","va-1287"
"validation","1288","f5e98acb08eca521ef668c58343a6207a42a160917410491bf6394ba659f2baf","512","384","46,58,66,96","46,58,66,96","True","va-1288"
"validation","1289","24f82c7d88fac5bbd5ec6ee14666a0ba2ac786c9a138fc2ff4757e721974aeea","512","384","54,66,84,94","54,66,84,94","True","va-1289"
"validation","1290","537fb7a2ee5affb92d19fe2521a652b969fd3e7d21227cf585edde638f70afee","512","384","48,65","48,65","True","va-1290"
"validation","1291","be1921c97fe325b2e46c1534f44d1c4c1ef1bb50ed53d39041248c2867c5e163","512","384","46,52,103","46,52,103","True","va-1291"
"validation","1292","94e0de0a470b59e5e1631833ca87e5ea6173a048a337f30513b5872776e8240c","1706","1024","8,30","8,30","True","va-1292"
"validation","1293","67758e4cff8688a7217f43bb16766139d609ad895a77573603788babbf06a912","410","409","4,5,8,30","4,5,8,30","True","va-1293"
"validation","1294","e495e5af8d564b51a7decd79b05993d4a7f30e50b23423d45162806f7b676f16","576","1024","61,73,93","61,73,93","True","va-1294"
"validation","1295","95d2b5d897c88a4787ceb4cdf9b842febafe20306040d17d965240a6e07025ba","512","384","46,70,84,88","46,70,84,88","True","va-1295"
"validation","1296","97ec519400033fa7944b52bdf35e48acd7986bf4fd1555db00adfb5d2dfb3204","256","256","8,44,46,52,58","8,44,46,52,58","True","va-1296"
"validation","1297","3bb1214cd148646c33a071b5e549f6f47852f5a428b07c9fc71889f4f26ab37e","256","256","10,52,64","10,52,64","True","va-1297"
"validation","1298","d416cc4117ffe4a4a975a95faae032b60c24115f6efbc5e4be47bccfeadf772b","256","256","12,28,37","12,28,37","True","va-1298"
"validation","1299","05c86d63d7d675af28c8f0aeadaf9c8813b2a346e94c66ff0059c16bd900b2fe","640","428","9,25,58","9,25,58","True","va-1105"
"validation","1300","d8fcdbc68e9b21dbcb2656ef47dc72da621d8e92352d9af69a06d17347abeec7","750","1000","30,48,58,80,87","30,48,58,80,87","True","va-1300"
"validation","1301","10d2fde3e23588bb21ba5bd0d80c6e5ebc28f1075ee60afe1f1deda69f3ccd8e","512","512","47,70,84,87","47,70,84,87","True","va-1301"
"validation","1302","8bd028f4a9175da46bc5efb4ebcfb01ee31bdff585fe46d44a1dc1d3a17b7d90","642","428","5,52,84,88,94","5,52,84,88,94","True","va-1302"
"validation","1303","bf1ce383ac021fb750b318edb0893cd4a14b844d40a762ae8c4ac4bc2f803f0e","512","384","48,59,70","48,59,70","True","va-1303"
"validation","1304","982af00d74ee52e29b1481563bb28a98c4d62ce4260d518f02ad1b87f40bcee4","256","256","58,65","58,65","True","va-1304"
"validation","1305","6dc9a4972d147eeb47a25db6b40a80d6866d6331efbedc7a993467854adf084a","480","640","84,87","84,87","True","va-1305"
"validation","1306","26adfd7afd254091a3111350aebd2dad28a2e2694f587b4f2ac802690e8294c3","1024","1024","46,52,58,73","46,52,58,73","True","va-1306"
"validation","1307","3ec113c1e8edffecdcf85336d71f913797087252d4299c66565d31d09397a4f0","256","256","46,58,80,84","46,58,80,84","True","va-1307"
"validation","1308","6e9b27f3e8289476adb90728ee8c5223d493c4e71d9197f5774b3d5cbea1fcba","1024","1024","11,47,70,95","11,47,70,95","True","va-1308"
"validation","1309","dfcb091bd6879514397458837ae39dbe26f08c4426ba207145680b9ad748c8ad","1000","860","50,73,80,82","50,73,80,82","True","va-1309"
"validation","1310","4d29df379eeb35f915669e652e1d7b0150718d022c7175900a2143477abecb90","1820","1024","8,67,82","8,67,82","True","va-1310"
"validation","1311","33099072c6011bf7ee2583db43b7e23bd5b2453ce29152363e4b9d37f0c3ae4f","1024","1024","52,63","52,63","True","va-1311"
"validation","1312","d9dd3d55bde9b0ee7b62627d5ccb266b1ea29b42d69329f9519ffc055b0bd31f","512","288","8,10,30,32","8,10,30,32","True","va-1312"
"validation","1313","b5fe58291b380801af485c515fb385a1fdd855a9cf354e945815d7750de4ee2f","512","384","9,46,58","9,46,58","True","va-1313"
"validation","1314","cad17254a1b908413eb84776eccd3e62f72c0c08d318ea54a05f347d7e66f75e","512","458","37,84,89","37,84,89","True","va-1314"
"validation","1315","1d246ef10ad570ad93b44e1dbcd8de75fda9008998d211af48daa1469f3e89cc","512","384","5,48,52,73","5,48,52,73","True","va-1315"
"validation","1316","af9615def23f08ba30f5a09542740da7d3f471b5656aa30fdc9fcd79be09ec23","1024","1024","8,9","8,9","True","va-1316"
"validation","1317","36431f4ea7573c1c3b3560b420bc2f190b48b8b66b502b70617035d8dc8bcd5a","512","331","8,85,94","8,85,94","True","va-1317"
"validation","1318","3688479fe5fdfc05adeb7fa46b3ca201a008fd44295c8b69e58c59fa932fca8f","256","256","46,59,87","46,59,87","True","va-1318"
"validation","1319","f90d6bf9d4ba4cf1243af47064486e2d9d227dfa24656d1f0ce3cd744b079fe8","512","383","3,15,24,52,76,89,94","3,15,24,52,76,89,94","True","va-1319"
"validation","1320","54b176e69ffa2f367b944f114fc0ce11c06e5db897efdcac4649ca07c4880289","256","256","10,32,37","10,32,37","True","va-1320"
"validation","1321","ee67a5f22c8d3fdc94368673f3a5405d55cf5f90175febedffb3ff2fc3fb933e","512","384","46,59,85,101","46,59,85,101","True","va-1321"
"validation","1322","ea283e74d6d8753d3d3c64c80c57397c75cc5626a8668c80cb41723174500f40","512","386","24,25,58","24,25,58","True","va-1322"
"validation","1323","0b12af4716f4010cf4d350aff7bda714fa353f00547ee2100e105ff4b1051a14","576","1024","14,37,44,48,59,73,85","14,37,44,48,59,73,85","True","va-1323"
"validation","1324","27ffa429306b271d96f06da510a4b10fe822ad239602cd25216386f022707e5b","642","428","5,8,18,25,29,38,41,44","5,8,18,25,29,38,41,44","True","va-1324"
"validation","1325","c01f021a6e8ef8e8f373c6f16f56ab1e60b745770b5146645f0b1a0611eef6e0","512","384","52,63,80","52,63,80","True","va-1325"
"validation","1326","4a929bb136855b74a0ce00369176d50824f74f616ea5368438bf75aca0e5a90f","256","256","46,67,73,94","46,67,73,94","True","va-1326"
"validation","1327","cf3c67d80216c802248429e97984f55abe1f0a0e00816e7af6df61f4a353e291","1820","1024","3,8,52","3,8,52","True","va-1327"
"validation","1328","1bf7c9d1fd80ac092e13054b233ed2da3d19abe9ff27eb7b7b2be97a47c01740","512","330","8,47,58,70,87","8,47,58,70,87","True","va-1328"
"validation","1329","652d528dc6a8bebb12a58c67607cbc06ee492882fab4312fb39115e81214f986","256","256","52,54,87","52,54,87","True","va-1329"
"validation","1330","7c652d127b59427e991ddcdad6870f3ef5286664581486d75378809d2644e823","412","512","8,33","8,33","True","va-1330"
"validation","1331","09972c5aa8f828ee14201b5790ca3120709f42e83f83d7a360ae6a81f21764ba","512","390","48,66,76,84,96","48,66,76,84,96","True","va-1331"
"validation","1332","b668186cfddcb66f1ed90427f04b24df6b0580653ac9c51c99acf3dbf8c52efc","612","1024","8,47,48,96","8,47,48,96","True","va-1332"
"validation","1333","4a673319d52b950170afe9390a259bab5f108bd562b282c9fe49f0845c8bf9ef","256","256","29,58","29,58","True","va-1333"
"validation","1334","8e03681e574553aae9f2370c7181d134c126ad7cfd5d8567e20a82189807509c","512","384","18,34","18,34","True","va-1334"
"validation","1335","40c71a739da2632d118c17f64c25839eb552c0b8653de7bf8ae53520f91c7f41","1370","1024","46,65,72,84,87,94","46,65,72,84,87,94","True","va-1335"
"validation","1336","0a7f6d84192af597f02899b4409c0d92f593eeca44a1162afdf8794234c9b5a3","256","256","48,64,73,87","48,64,73,87","True","va-1336"
"validation","1337","2672030ae3939874859d6e7dbaeff4878bae336cadea731fb849fd1f9bf22903","256","256","8,30,43,44,89","8,30,43,44,89","True","va-1337"
"validation","1338","36988cfba4b3000c38a5d86bade2fe5082e73f54852267f88678bd43f1f687fa","256","256","9,47,87","9,47,87","True","va-1338"
"validation","1339","031082ada0190af965939a2dc37581ed7acfe5a4b8ef294983508ef6018a8b31","256","256","48,70,84,87","48,70,84,87","True","va-1339"
"validation","1340","9d82a8cde16479387efe333c0d49bb177fd9449facf830b3375884e064457713","1820","1024","3,9,46,52,67,82","3,9,46,52,67,82","True","va-1340"
"validation","1341","131555a4465d36a112bb8f5346c4b7b42dcaf5a49928693671cc44e1763ccd64","512","413","48,65,73,84,91","48,65,73,84,91","True","va-1341"
"validation","1342","1d1d03c9d21b65d423f7317d7d67904bf574663cfd4f951aeb5650f5f6f54d8c","512","384","46,66,89","46,66,89","True","va-1342"
"validation","1343","5156f9b92ddcf813f25804532223ccecd4e081b8a2134a82a8a0bdb0b9dcc62c","768","1024","8,47,48,59,70","8,47,48,59,70","True","va-1343"
"validation","1344","a172b3a99ef1983ac1e3cf45fef93fe1d37c7171ec5f6eb1255b2e75ab49e79b","512","384","48,84","48,84","True","va-1344"
"validation","1345","921c572e547c6ea60f338e9108545be7a7d062889fcae4b0e24ad6bcdb0e86d1","642","428","9,46,52,58,73,80","9,46,52,58,73,80","True","va-1345"
"validation","1346","0d12872a79246a631548cc92848eef58dd78025d0cd3c3ec75726b3151f199a7","512","383","46,58,80","46,58,80","True","va-1346"
"validation","1347","b063ed2add3243b64c25e2f86c0325dfa106a3fda5f17c99044e6d61c7258f35","1365","1024","48,70,84","48,70,84","True","va-1347"
"validation","1348","61910d20e173cd31d7b3d06720354617c2a6c4cfe399bd815783c23d8be6fa80","1024","1024","11,46,93","11,46,93","True","va-1348"
"validation","1349","9de29cdbb207e5cae2af96df109d14a8a29d4dc7a7d119b6757a1d70e55108ad","512","384","30,31,58","30,31,58","True","va-1349"
"validation","1350","d29b2b94517311498abf01e0080ee32ddf19eba726d1515248e2f07426e5763d","576","1024","10,32","10,32","True","va-1350"
"validation","1351","6de22694fcf288f0f4f8a8a7923ebf3e72ccd09cdc6fac80c20e27dcf4c3688f","1000","750","48,80,84","48,80,84","True","va-1351"
"validation","1352","5934153fb0e823204556711ef5cf952d5fdb7a2a929e6b680f25a57fe724641f","256","256","52,54,70,96","52,54,70,96","True","va-1352"
"validation","1353","975aef8a7c607cc1b2e688e46ac89a3a41974d3c5d858741d289f42abeffaa8e","512","439","47,65,80,96","47,65,80,96","True","va-1353"
"validation","1354","e2a8689bb244f5163f303cf5366f75548442a8ff8eb95d51fe648910f16282bc","512","341","37,47,54,66,88,89","37,47,54,66,88,89","True","va-1354"
"validation","1355","61076453bafcf4273ebe905134979328d9ab3aa451cd1d8aec5286d28bd0e74a","642","428","8,48,65,87","8,48,65,87","True","va-1355"
"validation","1356","a4bedecc752eb154911a9a7e66d222664d4c466fd44e4fe02b8ab05e90b27696","384","512","8,48,52,84,88","8,48,52,84,88","True","va-1356"
"validation","1357","b5cb92930490197aabd6b663c4ab471ffe80b9e0f05a8e9afcdd88b229e4edfd","1014","974","46,59,98","46,59,98","True","va-1357"
"validation","1358","e68717716c8142b43533af6eac7d9546592f32a2012690a9fa2bb5625108aad0","642","428","8,29,30,40","8,29,30,40","True","va-1358"
"validation","1359","5582d452e2fae5e1c585b67040e2a4079a9feedfcaa14aac05a6b54eddead849","512","379","8,67,76,84,96","8,67,76,84,96","True","va-1359"
"validation","1360","e30a4c3aaa9edb4f212adec9106367b1af7b11e5a58bea7b13e4aac068d7f892","512","384","21,24,47,58,89","21,24,47,58,89","True","va-1360"
"validation","1361","57cc1d25f48e02b7f8d4c3c9bce6577bf26ce8ba546365015ab99671eefb0360","512","372","58,59,87,94","58,59,87,94","True","va-1361"
"validation","1362","18c73987333031f8311f36dc4aec7f961ab0db1688601c5c816727033036f46d","1365","1024","47,59,70","47,59,70","True","va-1362"
"validation","1363","8a83c0c90898c216dc282d26ecd36d80fc5523f923972516424c359ba99cc012","512","384","51,70,72,84,96","51,70,72,84,96","True","va-1363"
"validation","1364","f6f40c53bf109db18312a2c811c80199321ed42f205492bd376601735c4205f0","512","384","9,21,70,84,87,93","9,21,70,84,87,93","True","va-1364"
"validation","1365","b6e3137faf8334d1870124d6961d2b023d0d5b55de1571014ed29dc95db47675","1370","1024","8,72,84,87,88,94","8,72,84,87,88,94","True","va-1365"
"validation","1366","ff524af0e9411166e798465b1185e0af6ed360878e8f6c651eb0d7f786843d31","384","512","47,65,96,98","47,65,96,98","True","va-1366"
"validation","1367","201b2c96c2a8ee1400e5a506d0ec2988e68d9159c48ed5799a84cb8d1c44fa91","512","350","66,87,96,98","66,87,96,98","True","va-1367"
"validation","1368","57eff11e313f48e765d096af8ed2a0721e93bbc47382126efdc713c690e645d8","508","512","48,66,70,73,94,98","48,66,70,73,94,98","True","va-1368"
"validation","1369","e4202fbc559c060fc5a3134f02fbf0bac384475fcd51381051fe7a417b247725","512","382","48,59,70","48,59,70","True","va-1369"
"validation","1370","79212d05221a5d837d89faa1bc5c772389c532b69659c8c22884d8f806ac56c4","512","384","84,93,94","84,93,94","True","va-1370"
"validation","1371","4be89ed5286c7709c1dd99a5ae4818af11ff28b3c9b5f4bdae0767c089f0c3c6","512","387","67,70,93,96","67,70,93,96","True","va-1371"
"validation","1372","9aa27314b9fe74c7a90f751887353e4e73e23d809d6154a05698a2e733d2ec3e","1365","1024","24,49","24,49","True","va-1372"
"validation","1373","4b87de57b40118a571622f206481ed09ffa9009171a8c18fbbead2afb6df7831","512","341","8,46,58,70,73,80,82","8,46,58,70,73,80,82","True","va-1373"
"validation","1374","023b2a1fb6a5646e46fbfb3cf8b7556bf97e5d6cd53075a8cace258aca5b585a","410","410","8,41,58","8,41,58","True","va-1374"
"validation","1375","f03a767da2cf3903e7505612daf40ec8211ea60811ff7232a7a770de0a368161","512","495","9,30,32,40,45","9,30,32,40,45","True","va-1375"
"validation","1376","19b8b83580f3bccd1753c6d99d85cf2e9eb567830a3b1a4d31e613d771b5e114","256","256","46,58,73,103","46,58,73,103","True","va-1376"
"validation","1377","0b86f1cccc85d9c678f5ce82d233a8813eae6c74090aa6b6ce70339310f8db3c","512","512","5,58,73","5,58,73","True","va-1377"
"validation","1378","6518902c3ac05b0212a6a36f049ef6ee4737641a56d1d1b3275918835930ebb6","512","384","30,82","30,82","True","va-1378"
"validation","1379","07129b9b64ca5bc5c86c6b113bab9d12d9fd87dd7aaf2635a490a6446df7e624","512","384","48,66,73,87,89","48,66,73,87,89","True","va-1379"
"validation","1380","f6ca0ec7b6dfeb49e4fcb3a2d1a1e4afb0070cd551709c352a99bd223aad3dbf","512","384","48,59,70,72,84,87,89,95","48,59,70,72,84,87,89,95","True","va-1380"
"validation","1381","954a72ceae1d519c4f2c3955a9325044ab4ebe75473674bd6e777405296633b8","1820","1024","51,70,85","51,70,85","True","va-1381"
"validation","1382","ea476b338a5ef118748022c6162b1c13c8cb265d98902faf67ed04dadcb33995","512","360","46,70,80,84,93","46,70,80,84,93","True","va-1382"
"validation","1383","938128fcdc59e1521dda65ffdac06878d580e0673c90e442f9e63873939caba4","642","428","37,54,66,87","37,54,66,87","True","va-1383"
"validation","1384","b7b6b7548f537067878e0d52cb158557aeedeb699ea157ae81d5310632737111","384","512","48,52,70,87,96","48,52,70,87,96","True","va-1384"
"validation","1385","bf52f594dcef723cfecaa04d61f01ba1d9e589c991d72a17323846a1c008cbb9","512","425","10,67,76,84","10,67,76,84","True","va-1385"
"validation","1386","d0fa81b1f01d7d06d769be11be73b6f2735da19b862c8fc8897602a35bbf5b6c","768","1024","50,73,91","50,73,91","True","va-1386"
"validation","1387","064d5a0ab4b1b8bf9157c8a183e41d34f0654b6aaed683ae9b24b72a4f0e59e0","256","256","67,70,89","67,70,89","True","va-1387"
"validation","1388","37473aaa120878d08a0bc24bd2b2a4bf5a3b60ea3e146eb16b15e5bb3f546cfd","512","384","8,66,67,82,94","8,66,67,82,94","True","va-1388"
"validation","1389","e39c9f309e0c309f7da3d05676094e318e6c3c5bb6a43eb491c0d5f82cfa541c","512","384","48,72,87","48,72,87","True","va-1389"
"validation","1390","2889923376d6c3c5026c1e85a3ad08fb9a2eec88af950fe93e65ab953b27ecc1","512","384","48,66,87","48,66,87","True","va-1390"
"validation","1391","2560a6656347889f86033a6e2e4767e97a3e2d5ac0f0c645cd72478aca45d8c8","1365","1024","47,64","47,64","True","va-1391"
"validation","1392","07415ef76ad5bda5d8f2369a35d9bce6393ffb78b8479756a115acee01b28c22","512","340","12,29,30,94","12,29,30,94","True","va-1392"
"validation","1393","2d2746aa299ef6efe4a86707ffed0dc5b88ec4adf0e3267f0fc2b68e77c8443f","256","256","37,52,54,66,85","37,52,54,66,85","True","va-1393"
"validation","1394","86c1173886a43b17305f7d54429200061260715ab78080bd86bec061e32da869","1024","1024","18,48,70","18,48,70","True","va-1394"
"validation","1395","ef61e75d79de377fd8adab3c315300e8156f6f13d9572467524555336d78cb2c","640","428","12,30,89","12,30,89","True","va-1395"
"validation","1396","204e7dba0f81118b36cd538f64bc21205245043a6934737649a7400fddf9fe3e","512","383","8,10,29","8,10,29","True","va-1396"
"validation","1397","00187e372bffe98bead2d42500d5bd5e8953b3721d41610a2ab81a7f6f7de5a8","256","256","46,58,82","46,58,82","True","va-1397"
"validation","1398","721e7cd991e9a655b0c0c8624ee98de20fd569f8f6a4f27acf1f655bf1d5c4ba","483","512","57,58","57,58","True","va-1398"
"validation","1399","db5c5d3ea01c9550d2d552aa26fe367c5d7ef25cc4ee6dbd47544e844c946e24","512","386","47,61,67,72,84","47,61,67,72,84","True","va-1399"
"validation","1400","ca7dbd2f513d2dbbe5867567cafcac1aac41233231071e165343b264f32f0e2a","410","273","16,37","16,37","True","va-1400"
"validation","1401","da6e96e32a904ca7e461aacfa3bc3b78b9d163bcd9cde03fbefe3679f49e2c8c","512","384","9,58","9,58","True","va-1401"
"validation","1402","90574e9bc25291acf6f435b1b9cfc6e84fc77711805f112a63a02eac21537f7a","343","512","15,31,32","15,31,32","True","va-1402"
"validation","1403","8257147eb9867c2389b674096822fc1088ce3a642935d9ec5973899121f2c5c9","256","256","46,66,73,87","46,66,73,87","True","va-1403"
"validation","1404","bf15d7ae129a7071a3aadc2a1bcd64ec7c355ebcae417bfde43e850f8ec93b68","512","384","48,52,65,84","48,52,65,84","True","va-1404"
"validation","1405","f9e666bd2918afcb976484b4a594be490eba3fce21b5bfcb902d76d7e32e25d9","800","600","46,65,70,73,87","46,65,70,73,87","True","va-1405"
"validation","1406","f19d650ec0c15af04a8b8bf4cbb6284a11c7f6bb28eee4ddf62acc8326fe6c0e","1365","1024","3,25,52,58,84,88","3,25,52,58,84,88","True","va-1406"
"validation","1407","eb35bc3d7f0533e5aeabf804e0e256f311517301e3ccaa6ecc26437d194725c3","512","384","47,66,67,93,94","47,66,67,93,94","True","va-1407"
"validation","1408","fd3970c0edbc2b201d3925bf9b9946b472536305f245a8fc2b099fc0f8fa6567","512","333","46,47,59,65,76,84","46,47,59,65,76,84","True","va-1408"
"validation","1409","d9fa21652b8b9bb6b83cf465b516ad7357ca098417bc88a0a309d0bebe521bff","576","1024","30,31,36","30,31,36","True","va-1409"
"validation","1410","fd0004e8b2d924e4831fba174351eec6e985a3270e588b015360ddb560063f14","392","512","10,30","10,30","True","va-1410"
"validation","1411","b1d54e32822a49cefb50deb048bc899ea9f3816bdab5696b02d14bb6466e30d3","512","383","24,48,89","24,48,89","True","va-1411"
"validation","1412","512819921485de580f5bc01827ed9285a0f3af0defd06d4344f8748623a908d3","800","600","4,10,30","4,10,30","True","va-1412"
"validation","1413","d5b48124722e368e30125e05cb7cb311bfd05587a15d615d16195120c533375b","512","451","46,65,84,87","46,65,84,87","True","va-1413"
"validation","1414","9d66233d0bedd266aa04cda7a38432a4394fb509737a336fa6353fda843d211a","512","384","28,52,66,67,70","28,52,66,67,70","True","va-1414"
"validation","1415","224d1d20fa1d44d46659eaf4986c62a273c82a42f8be0d335867412a0ce9b574","400","400","47,49,52,82,93","47,49,52,82,93","True","va-1415"
"validation","1416","0b17414638d24c0274b082f097aa28efbad4355a325534d89c9517526f392507","256","256","46,59,70,93","46,59,70,93","True","va-1416"
"validation","1417","114aa6ab2339f66c1934ca5a03ea19c1364d602524f1a2547b4fd17f23180640","512","384","48,64,84,89","48,64,84,89","True","va-1417"
"validation","1418","e3ed43b54e6327f964d840c339690b747553e5033fa6e1b8fd8b1e38e37dd80f","539","550","5,24","5,24","True","va-1418"
"validation","1419","df96448c58026b32019d6a405dd1e852bf90d4425e618d04e0873e854f4cc2af","576","1024","3,48,59,81","3,48,59,81","True","va-1419"
"validation","1420","16e2cf31487f48ab5d8cfac0018b988f87b17a33a0e183871ca93641cda96429","384","512","67,73,80","67,73,80","True","va-1420"
"validation","1421","21064c2b0b41e9d52e750f1e3f5968652c1ac76a3564906e80dd96d33a26f54f","512","384","10,32","10,32","True","va-1421"
"validation","1422","f6f4ebc32dacf9b5e62be2f0f2ab1cf17371f220612547726ea5c5d2ebacf0e1","512","384","3,52,71,89","3,52,71,89","True","va-1422"
"validation","1423","b164a510c94b9a67542486ad183a623695c1bc433632a1ce6ef4c7f9b7267da5","1024","1024","14,49,58,93,94","14,49,58,93,94","True","va-1423"
"validation","1424","701790ede6594c8145aa5fc2732b7389523df9bf6de30a18a985cd47e0751a66","512","384","8,82,84,94","8,82,84,94","True","va-1424"
"validation","1425","f7c82bd5231901c66a1e90977c34c5c0930b1215fbd5056118c2f09e9165f074","480","640","50,52,58,73,80,82","50,52,58,73,80,82","True","va-1425"
"validation","1426","9f115744941afacab75a940da8678baab355d5bdbf65d317617a1c2160d62abd","410","273","5,32","5,32","True","va-1426"
"validation","1427","f18feace3a303027be3464ae0b0b9f6c625039026f2eec681447c786a29ebe59","512","384","5,52","5,52","True","va-1427"
"validation","1428","4afc235e10bb615a43bfdeb75e49ca6d5093522bc278477fb7dab333962fc3bd","384","512","14,44,103","14,44,103","True","va-1428"
"validation","1429","945bebc938ae395bb805a3317d082d877b6942ccd545f77904a2c04991f3621a","439","512","11,37,44","11,37,44","True","va-1429"
"validation","1430","3fac8530c3d16c18106b9b6f99d9e1dd88bdbd387fcc88084530fe86a5faf914","384","512","48,66,87","48,66,87","True","va-1430"
"validation","1431","5026924993c31ce20bed49a765e2b2b83356a595f36c3de74c7dbf53bd2904fe","1365","1024","54,59,64","54,59,64","True","va-1431"
"validation","1432","e160982eebd84b42ffed91770663a0005d4776c642df12c3fa151a2bba3e1f8b","768","1024","48,59,65","48,59,65","True","va-1432"
"validation","1433","e0269a04d8cdd32afaabba5376e3ff46fe66a4e2bd98b016e46a6b659f1ba78d","256","256","28,52,67","28,52,67","True","va-1433"
"validation","1434","023a5aa3f3ad54fa7a81fcb42430e8940c5e4a2e403a55361ad60c475c6783ce","512","385","48,52,65,84,87","48,52,65,84,87","True","va-1434"
"validation","1435","4417b3d3d3bbf4eabd983d71168fa99d55db958da6eb83cce43a3260393c5b56","1820","1024","54,80,82","54,80,82","True","va-1435"
"validation","1436","0a252b63e26378e0aabcbac11ef8915117757a7dcb7896582899a4664bff1050","1024","1024","9,58,82,83","9,58,82,83","True","va-1436"
"validation","1437","6902437436dd34217791fb30af4159f190b7eab490a97687ac3209061325ba44","256","256","48,70,84","48,70,84","True","va-1437"
"validation","1438","a8b0dde26c216c9e3a9bff5075cc92fe87684800b68832456727b4a8c0b6bea5","1712","1024","47,64,91","47,64,91","True","va-1438"
"validation","1439","6f72e338cc3450a284b6faaedc3c6a98132085c62fdcfd7ec3f7acf7c2c3e083","256","256","52,56","52,56","True","va-1439"
"validation","1440","0d461d2cd3b25d9acfaef68071623a379b32e8c82e28e37a6143937106e50e12","512","385","48,52,70,84,87","48,52,70,84,87","True","va-1440"
"validation","1441","93d08c4e9eb1e0db72ab5c80748d5d2c3a7bf61a3d5a0fb142e9003c0bc5d573","512","444","47,72,84,89,93","47,72,84,89,93","True","va-1441"
"validation","1442","304c56be61776f13379278463d50509519d17a1f2031218bf99833b764931447","350","303","46,76,87","46,76,87","True","va-1442"
"validation","1443","11c908cf3e2608f7537327ca814005b0cba3dbc71cfeea7934f14fde062a8309","256","256","44,52,58","44,52,58","True","va-1443"
"validation","1444","ae4baaa54f58dc77a9369c14e4872d7c00928fb464f42c189f72b9f12d57eb9f","256","256","51,70,85","51,70,85","True","va-1444"
"validation","1445","5344cdcec0dbdde028c3b6fbb35f73cfb1056f7669c5f4f8a1153556dd24b8dc","1024","1024","24,71,85","24,71,85","True","va-1445"
"validation","1446","ffa768fbf3ea21642277d3b00124a4e3a15de5bcb0a30546f5bd6372c923e90d","1000","750","24,73,89","24,73,89","True","va-1446"
"validation","1447","b32aa10842bf737a82dde61446afb9b247f149deb3a5af8814366cfb3be0c550","512","384","46,70,71,84","46,70,71,84","True","va-1447"
"validation","1448","ebaa473c13375de421d297d1b51f8b31ef47816475adf973c288caa9fdeac309","512","341","50,52","50,52","True","va-1448"
"validation","1449","7c605ea6ba75bc31cd5786fd3e5fb3a6d0e7c91876b1c04919a35cc59ecb4afd","512","383","30,33,44","30,33,44","True","va-1449"
"validation","1450","de87d58636cd57a35b8b9437c1a25694b7087b229a118f459a55556661609655","512","384","47,52,84,93","47,52,84,93","True","va-1450"
"validation","1451","6485590f2ca34bcb6d188a6fdccfaf7505cafd5ad6dbc34efa12f6e746af82df","512","384","46,50,58,80,93","46,50,58,80,93","True","va-1451"
"validation","1452","05e8105b8081420847bebd82179d9826026708d277fa2f50e37adfb4784380c9","512","366","48,66,87","48,66,87","True","va-1452"
"validation","1453","b5a581b1a83d88151c33ae0b809b60e282877895871689fe1eb4ebbecbde03a1","512","384","30,42","30,42","True","va-1453"
"validation","1454","cc7ec672f289880e6360c37bf2b8bf9e97c754e297f66085b7fc4fa934089eeb","1536","1024","91,93,94","91,93,94","True","va-1454"
"validation","1455","804894795afd48980baf63b96ff0a7689ff9b1283bd5a006e90df5771e3090d9","307","204","8,10,30,37","8,10,30,37","True","va-1455"
"validation","1456","134abd201679915019ed924b064c52e3a50913f1d2a9919b4ac6dcecb5f697ad","256","256","4,30","4,30","True","va-1456"
"validation","1457","512478872ff19ad6412423b99ab43c0547fa5a0780a058a55ac3ba1b46aa2e8e","272","350","8,30,89","8,30,89","True","va-1457"
"validation","1458","aa44d6e523b59067eece58e6ccfcdd5c8e9326e9f23cacb569de88c5601d996e","307","204","48,66,79,84","48,66,79,84","True","va-1458"
"validation","1459","3cfd8f4bc741792ab1e793fa1e5ed199a31ad43f28298ca06451768cb3df0485","577","1024","47,70,87","47,70,87","True","va-1459"
"validation","1460","2877bda6f43867e8b9a844c3b789de59811c6b56e2a6a6b9a469003ad1e3564b","512","340","25,47,70,84,85,94","25,47,70,84,85,94","True","va-1460"
"validation","1461","e54eb24b2bb81b4c8dce4b955050089ecf498a3ee67de47ecb24829f5a3bdbaa","642","428","46,59","46,59","True","va-1461"
"validation","1462","19852a1b1b6009862cb4779c0839e0c66360bf36d2f4b4b358a29473c82f8a69","256","256","48,59,66","48,59,66","True","va-1462"
"validation","1463","4239e0e4a9ce5cc733d8c81d259cce4df5d2302ac9630e688806e7c2c8697653","512","384","46,64,103","46,64,103","True","va-1463"
"validation","1464","c18cdad9aee53c0d36fdcfa6c0d30705b42a61fd4b948cf84fea5506d77129f7","512","484","46,73,89","46,73,89","True","va-1464"
"validation","1465","8453742ed548bb1c15bb5bb6ebdd2097d1244a230fefea87288e0577709abf0f","512","457","48,73,82,93","48,73,82,93","True","va-1465"
"validation","1466","4584b8fbd541ed5a9dcff11290d4785fa6877c1d08be2c5216968bd44536d516","512","384","46,58,70,72,80,89,91","46,58,70,72,80,89,91","True","va-1466"
"validation","1467","37ba8c8ae1bb47940e973beee641ef7fa727c06a65ff45f43253fb18fceb9624","1399","1024","24,58,73","24,58,73","True","va-1467"
"validation","1468","a376af183f24ce55310582ee520c43dcb2395cf2d78c040fab1664110d4d608b","512","384","48,82,89","48,82,89","True","va-1468"
"validation","1469","430492ce139a86456156147058e21c988bf9496155374445a528a808de304557","512","382","10,44","10,44","True","va-1469"
"validation","1470","9a88d250a177c4ef820ef6c50f9de894583a6e5847ec61775e41930a6de7e82a","512","384","46,65,84,89","46,65,84,89","True","va-1470"
"validation","1471","b618b21ce1110f5430f886b1777ff78181433693926bfb851f23c0d5b1c14ed7","512","347","5,8,30,52","5,8,30,52","True","va-1471"
"validation","1472","dfcd3c87a5ea7bec9516fce97395345ba5d7752940720f560f31d564113e45be","480","640","8,46,59,70","8,46,59,70","True","va-1472"
"validation","1473","37cee9e425bb56ec7fff7c3683f46295da174fee8fa2109ee33bcfb21158ded3","512","384","8,82,93","8,82,93","True","va-1473"
"validation","1474","715f82579dfcb88ece29e99e30c76ef171df87bdef51bc5a834c611f09b36bf7","512","334","9,10,31","9,10,31","True","va-1474"
"validation","1475","7999688e148af3185eb7546a34d4728275b6098919a1e79c92acc90088fe1f09","768","1024","10,30","10,30","True","va-1475"
"validation","1476","a2d19312525116407f6c28fbfc211dcebed446a9502cef48a58f501347fab455","512","372","47,52,59,70","47,52,59,70","True","va-1476"
"validation","1477","74bace9ca7fc29d9ed176f1acaef3b850d02a97433b2c12911197ee33e0861eb","256","256","14,44","14,44","True","va-1477"
"validation","1478","6ea5df435a0321f3d08b5ac8abdd362a861b2dd097637139fb6778b40921d1b7","1820","1024","58,64","58,64","True","va-1478"
"validation","1479","02b2e90710863f06e317e6a52179b2538c75771c9dc77f9b8fa1c2e7dd4673dc","512","384","9,73,84","9,73,84","True","va-1479"
"validation","1480","08921f7b9f2bc0f89da9dc3dc2daf07bab91fbe3c950c179642affcf89634f0d","1024","1024","46,93","46,93","True","va-1480"
"validation","1481","089bfe6aeca42dde914c523f16a9494d0b5115b9cff6eab9988453e4b0b7d316","410","283","48,52","48,52","True","va-1481"
"validation","1482","11c86cc34ab66c8fde568e9ee015e424f723044aa12eaa6de8e501a1376fc4c1","502","512","14,30,44","14,30,44","True","va-1482"
"validation","1483","3e3abd9f9f296a6b47e1a50d44a68c411b527956f4577705082dc7d27c7f5a4d","768","1024","9,44,46,48,58,73,80","9,44,46,48,58,73,80","True","va-1483"
"validation","1484","034343daf846faddc589e56bfb3430a37963266476787e8c281a5e799179f32e","410","307","20,44,58","20,44,58","True","va-1484"
"validation","1485","7ab754978a359dc8df5b745498f89bbea6bd29aad1e07c80997a33d648d5edf1","256","256","30,58","30,58","True","va-1485"
"validation","1486","fab96834992c6f2f7061a464fdeb64bb231975cf9237c7a6f223627529895f24","512","420","47,70,73,89,96,98","47,70,73,89,96,98","True","va-1486"
"validation","1487","51f18962088ff1416e1098cc9ad55afdd97c2ae32fdf9350d90ab75f050d7613","468","512","54,84,96","54,84,96","True","va-1487"
"validation","1488","dc1053c89afae40b6561a9391a6bd82744cda31e1f51342e14b5dc6bbb5ff305","512","384","46,70,87","46,70,87","True","va-1488"
"validation","1489","c3bb8f9b6af2c8bec9b74ca290f5bde8411627bc234c69e6bd793e599983ba24","256","256","44,47,66,87","44,47,66,87","True","va-1489"
"validation","1490","8c997cd507727612b881dcd97c89f53cf6b7527e6e3695fb108e849284a307fa","512","384","51,73,76,80","51,73,76,80","True","va-1490"
"validation","1491","a864f904b050909d833208cd286440d88f4a6b3e5687097b3ac688dcda3e1d76","768","1024","47,65,96","47,65,96","True","va-1491"
"validation","1492","94c9133e3548044244fd6c32618a05eac1ddd1a5a527b34337a8972499ef1fce","1024","1024","46,84,89","46,84,89","True","va-1492"
"validation","1493","dc2a520c8b98f15dfa8421b87b68707371e0e68a1ff9f00b2ba5805c06116c51","512","384","64,73","64,73","True","va-1493"
"validation","1494","e42eac417560cc07339e445de3b05ea1848c86dd17d9554fb9f9ccb3dfa1eac9","1365","1024","48,59","48,59","True","va-1494"
"validation","1495","0e8673e8a2d839e829263b220808f50a8b9d9e75b689dd0e583e519d2c11c3ce","397","512","67,73,76,89","67,73,76,89","True","va-1495"
"validation","1496","4bd49e5d0f9d55dea21cfdd1dae60dc25d549fff083d8f4b55fa07b9649882c6","512","384","48,84,87","48,84,87","True","va-1496"
"validation","1497","1b86fa7b76077b6a450108d3cd4e11d8e84765e32af79c768e337b318a61819e","1365","1024","9,58","9,58","True","va-1497"
"validation","1498","86d31f7054dba35ec5acc268724234c99b3e490302cf2f7c82c3f488c29210db","200","200","48,73,87,102","48,73,87,102","True","va-1498"
"validation","1499","a023657ba00ad38c0abe5b60abe8d50435a8db431f54ee07dab553006d639b1a","256","256","52,65,89","52,65,89","True","va-1499"
"validation","1500","187852a62eb64ef7109e81a42d15ed19d154edeeefd2d9868105d11da8f081eb","410","273","12,30","12,30","True","va-1500"
"validation","1501","93f823c9d4107338639f0d9b83d2d13e9c34c30741840178155c00d19f2436b6","256","256","13,58","13,58","True","va-1501"
"validation","1502","ea7471fc222491ee77b7df56c1f8f52684ba07ea50fcfb96d9ea9acb1d42c9b2","256","256","4,10","4,10","True","va-1502"
"validation","1503","c24be371b63c85bdf80702337283d8475d685299b9d08c3b0bb330e90a9f1ddb","512","384","24,50,89","24,50,89","True","va-1503"
"validation","1504","8c831fbef033316d726474a4b91b216936c34fab3ad8043dfe35b4b904f0cc95","720","720","47,66,87","47,66,87","True","va-1504"
"validation","1505","b50b5d9391b243ef7c7429290e547e94e0313cafac45a0bf7d0dac7f0d047670","1365","1024","48,66,84","48,66,84","True","va-1505"
"validation","1506","3fa354f60ded532b9435d0e2e8cd7faa341f56885373ce32caafe8360cee7dd6","512","343","8,30,67","8,30,67","True","va-1506"
"validation","1507","1067cf3618ecff94771a1fef6f18e3f7353e0688694dd06310c37a77bf7a00b1","307","204","11,46,70,84,93","11,46,70,84,93","True","va-1507"
"validation","1508","c7b5d1332faff994b0e9f144ed419e79c713322fdf0db9e28fb99bdebaa42517","512","412","37,54,70,84,87","37,54,70,84,87","True","va-1508"
"validation","1509","bc75af280733f8c5faa5702adc105c2ac57492a7089cbea294ef11265e297724","512","424","9,41,47,67","9,41,47,67","True","va-1509"
"validation","1510","eb3f1b7726b45162cc0ec509d7c6dd01f748243b3c14d78b28342a8ec2f42d73","256","256","13,58","13,58","True","va-1510"
"validation","1511","49794e4ebe02314d81cf5124558c70d08010d8e6a85e6404e28d5be67dc01d93","640","480","51,59,70","51,59,70","True","va-1511"
"validation","1512","8fa40735a2c51bd22edbc3587155abda495073910b9c9d81a3c78f241a700458","1365","1024","8,9,49,67,70","8,9,49,67,70","True","va-1512"
"validation","1513","1773dc25b061a50f10cfc30a0e771640b5b5bda0feb8b5c7b84ac72281fad94b","512","384","10,29,30,32,36,42","10,29,30,32,36,42","True","va-1513"
"validation","1514","769ddf561aa5669c9d03363b18d0e3e62905e1498f5016cc0b90aef9cf76e64f","256","256","48,58,66,94","48,58,66,94","True","va-1514"
"validation","1515","2222e8af74e4fb58bc6a78a16e3b362295ebb08350a06bb9807af8a5dbb7eb5e","400","400","3,8,11,73,82,88,89,90,94,96","3,8,11,73,82,88,89,90,94,96","True","va-1515"
"validation","1516","7dd4857fec9165e8d127baa4314783f827870b500a133a9f9406a446cffff610","640","428","5,47,49,85","5,47,49,85","True","va-1516"
"validation","1517","ccf53f335c88329b48ed6e68ab7674b4e275418260d54c388b697af1288db6a4","550","367","8,67,73,82,89","8,67,73,82,89","True","va-1517"
"validation","1518","f9afd0255e961ceff500d13873fe36d9fedb5303bed3fcaa9d6d1083b5be879d","256","256","5,73","5,73","True","va-1518"
"validation","1519","05a7c2aa7f74690c1cd7ec5258c79d88283a002bd939814c370edf23b1abd8f7","512","367","9,58,73,80,82,92,93,103","9,58,73,80,82,92,93,103","True","va-1519"
"validation","1520","9ffcc61e6222dd902b7756cd70460a1f6bd3f2cdd565ce609c34e04c4ca0426a","256","256","12,30","12,30","True","va-1520"
"validation","1521","a1a2a33d9eb43abb79c5d2c10aafd7632e9450c85aa6c699efbc10f29da9fd2e","512","424","8,10,30","8,10,30","True","va-1521"
"validation","1522","f6b354335dbc6c4fcfd0d45192a621d89c81b95d0c35472135772895cc478c78","640","428","8,30,31,32,58","8,30,31,32,58","True","va-1522"
"validation","1523","94d032531f0ed81fdc78ef4705ce17f6ce52ef2dd36bbad1540d6ae4b4c6e5f2","410","410","8,37,71","8,37,71","True","va-1523"
"validation","1524","b8f02d3b840d8578074468eb7f4f331e1702791a587db918f263f63aecd8c8f2","256","256","10,30","10,30","True","va-1524"
"validation","1525","82e6e9f3680c854439f9ff1b9f61238ddb6f4b418cee55b07d3637043811efb6","512","404","14,37","14,37","True","va-1525"
"validation","1526","575257732db087a2494974774316b6a78f1f1d04ce9cec49ab0f8796cf2aacc7","256","256","8,10,30","8,10,30","True","va-1526"
"validation","1527","35ca81ac19f14b8945e84cf696e86a063bbf96b81dc1279faba85ad443024e9b","512","384","37,54,66,73,76,85,89","37,54,66,73,76,85,89","True","va-1527"
"validation","1528","fe22992d71de983f7cd55c6c4b367208bcf1c167fc70c39489546abe2d94b0e7","1365","1024","48,66,95","48,66,95","True","va-1528"
"validation","1529","e033194723e2d218f5268aa89a993df84dcb4b59c436fbe8735c144a674e8399","512","377","5,81","5,81","True","va-1529"
"validation","1530","393f4f53446ccbf63b44a65319726af595dd0319596118feefe5ac7604895ed9","512","384","46,76,84,87","46,76,84,87","True","va-1530"
"validation","1531","d7937ef97290d04203f01323fd5bcd1d4532ea513d10a5800d955a16ae73e4c0","1820","1024","46,47,49,51,84,93","46,47,49,51,84,93","True","va-1531"
"validation","1532","cf76fc0e8914580175fc2cba31ff97fe88ac5248d1555467d414e68bd55a7c83","256","256","8,46,47,52,70,87","8,46,47,52,70,87","True","va-1532"
"validation","1533","37dfd171f68cf57fb815cdff21fa41e572dd65168137f2e10130206341f48580","550","413","8,50,89","8,50,89","True","va-1533"
"validation","1534","82dbf13b47974b21e80388e50ebeff7fbadc0102691f87513ab3ae2706e6af0b","512","386","25,30,41,58,84","25,30,41,58,84","True","va-1534"
"validation","1535","b4ab14c4c47228b97b1cdd3f174cbdcde1628a9622a5aecf27b22f548597ac99","410","306","30,32,42","30,32,42","True","va-1535"
"validation","1536","ab3a247bc0b325e1ea9cb14c96c1038ad3db13fdac171ac9cf430e42f2783f90","512","394","37,54,80,84,87","37,54,80,84,87","True","va-1536"
"validation","1537","c9144bdff99a638654ad719dadbd3b9a60112439a8a74da4f66294b1601645de","512","340","52,82,84,88,94","52,82,84,88,94","True","va-1537"
"validation","1538","6ababc440fe6769f716172b0d72252f7511c44c72d0606e11cf7f3f62877a773","642","428","8,73,82,84,85,87,94","8,73,82,84,85,87,94","True","va-1538"
"validation","1539","42793e0ed5831013f444c5bbb8cd28308c2f4bba5422986b67da4326805cfd7e","256","256","52,54,66,70,87","52,54,66,70,87","True","va-1539"
"validation","1540","d6b74bd967ebfe992f44d56f76797a2729645afcd778f4b33810447045f647da","512","384","84,87,88,91,93,96,101","84,87,88,91,93,96,101","True","va-1540"
"validation","1541","f2a29afb2cec701e59fb71c123fe82cfd20db6da1d0f4213d4ae2909a63c8f11","1280","800","14,67,70","14,67,70","True","va-1541"
"validation","1542","9cddb10cc77cab17c41b0b304271253971d13913169e1483a5adb893e44008b1","512","384","46,80,84,93","46,80,84,93","True","va-1542"
"validation","1543","7616f1b09249d584524a8354cda6777efa9aede29b65be854273fac494902c9c","256","256","48,52,59,103","48,52,59,103","True","va-1543"
"validation","1544","9f559b2749fde652afa9aa42f60471376218456c652e0d3ccf4342f3295d3d51","512","384","47,58,70,77,87","47,58,70,77,87","True","va-1544"
"validation","1545","46dc969d3dec631579a987c47cfc4e475e5d670f67571b0aa59646d4f41f878e","512","384","37,54,70,89,91","37,54,70,89,91","True","va-1545"
"validation","1546","5be95fd1c16056519ddecf63e9521fb7a0f97a06cb6ac3a20039bc83957cc921","256","256","47,66,95","47,66,95","True","va-1546"
"validation","1547","220d392609c643665b3b2faae9c49835af20853f436b36af51e29150c0b3766d","512","384","46,58,93","46,58,93","True","va-1547"
"validation","1548","bc5a85f78099074e0f79fa36c7cd6856fc3fe69f5f767a013a7114242d654c27","256","256","10,31","10,31","True","va-1548"
"validation","1549","6328ae1be26db3d60eee9e6412a335fef29efa1fd585570ed9721c0d2b0d3dc3","410","615","14,44,78,84","14,44,78,84","True","va-1549"
"validation","1550","0642f242b3f5c9780800a77cb986ab26e8654c3e376e7bed9c837c004444fd67","550","550","52,58","52,58","True","va-1550"
"validation","1551","5c9318894057eab6009a811da28d8c8b843d4b4463a990592193f0d56a96d2df","400","400","5,8,48,84","5,8,48,84","True","va-1551"
"validation","1552","19456d2fc4b8560e4a3f1cfae01d25ae265dad8b6ae9b2f743bd2df379b31042","1365","1024","47,70,87","47,70,87","True","va-1552"
"validation","1553","ce7168cc12a9ad3d38572ae8a15872f192afabf22f8631fc415c4dc02ba6fd84","800","600","46,87,94,98","46,87,94,98","True","va-1553"
"validation","1554","31cfefdd05f2ec5480111342afcf0618439b397302ed49b43e9a782e5157dc3b","512","384","9,48,58,73,93","9,48,58,73,93","True","va-1554"
"validation","1555","c4da5c4e6900d8f364e1314823a643ed9b8218e8d8587e064899c22f10bedd5b","512","384","48,59","48,59","True","va-1555"
"validation","1556","e9f99c4c5b381896c42ba5cf3df38ac25109d07f946a0810d35dd78044889e9a","1250","837","37,48","37,48","True","va-1556"
"validation","1557","60f01cd95a707ca06753d9d0dbe6e96caa441f05ff9e88ab0cb073a513aedd88","256","256","48,70,87","48,70,87","True","va-1557"
"validation","1558","4523f32251702a9c8e8fa99af4e6797c13b4d154857cc989cced8d9f00ede284","512","384","48,70,84,87,96","48,70,84,87,96","True","va-1558"
"validation","1559","2630774ef077fad5d0f6de8989280ebd5642e33fb91fb6346bd44e0e5e99bdc9","512","342","24,58,73","24,58,73","True","va-1559"
"validation","1560","3efb75a17044fc188ff53c293c3897b6b99ae80e9a27a79a6112b0024169b5a2","256","256","47,58,96","47,58,96","True","va-1560"
"validation","1561","28e5c349eb98e89e7313cc8443ebe8231c514a9867cbcb72c60b9f2b596af0e3","1365","1024","47,48,58,65,84,87,90","47,48,58,65,84,87,90","True","va-1561"
"validation","1562","835b23228afa422fd51c3dd435ee7afb9c7040258e56751edae0d2b55b7c175b","512","384","46,70","46,70","True","va-1562"
"validation","1563","4fd8597bb893f6b0f64f09ffa09c2c9a39771b678fc468b9206bfc188a1bb88a","256","256","25,67","25,67","True","va-1563"
"validation","1564","c1d134f09e0c1e9f9509da92f4b7bcfade4b6ff34a35e3526bc7c1319471dcc8","256","256","51,84","51,84","True","va-1564"
"validation","1565","2e096782aeec1e4f55e19732d242f8471b57c3eede9564278ab5f8b5f9c292ce","512","388","46,70,84,91","46,70,84,91","True","va-1565"
"validation","1566","0c376467997a034fa35e5a7226c529255b0b3d84eeef9081d904b408245339cd","512","383","46,70,84,91","46,70,84,91","True","va-1566"
"validation","1567","d2e2d92e3fd1b6394e94366ce8bf9567ed63d0b2bba1ac4e85971ec07ee5dc7e","256","256","8,30,32","8,30,32","True","va-1567"
"validation","1568","650a910662c9f8f948c5880fa98adf54aa707224eba5f616b47f917782b5aab1","768","1024","47,67,96","47,67,96","True","va-1568"
"validation","1569","a142731d171fc21841083d8ff50e2760f5588f5dc2d5865256809cd0a0055811","577","1024","8,47,48,58,84,87","8,47,48,58,84,87","True","va-1569"
"validation","1570","dea3174ce53b9cd400abb34b44a0a9d6f48a56b48fce28a45e945583ef4ede9b","512","434","46,87","46,87","True","va-1570"
"validation","1571","fabb207b8832eb3ab29c82f75f842c880def26c6f4d6f4ba9697912186bea602","512","384","54,70,84","54,70,84","True","va-1571"
"validation","1572","ebd8409e63816acd67c2ef28d3cd4b5dc66b9ab1d06000b7b3d22945790b3902","512","424","52,56,66,80","52,56,66,80","True","va-1572"
"validation","1573","d49f8c06057c0e177b893f750dbb778fd000f8f821de51a94d03efda3bbcb0ce","512","365","3,9,46,58,80,93","3,9,46,58,80,93","True","va-1573"
"validation","1574","a7b26b9ae905cba2cfcebaa65c99070f61633d2f866be2e6b44b9482723a5618","512","384","14,58,67","14,58,67","True","va-1574"
"validation","1575","683d2553c69599f8fa875712c4f2b042159a077d3cfeb97907b7fbba6a17c6d6","1024","1024","8,48,67,73,80","8,48,67,73,80","True","va-1575"
"validation","1576","5b7bb41b15c5ceb7ed6a7558b64418dc6b1fe067a00beff6c27e6c2717cc88d1","512","342","46,70,84","46,70,84","True","va-1576"
"validation","1577","ac04c227497a76590d61894d812b948a41753f480cff6e98feee4865934d4a71","512","341","32,67","32,67","True","va-1577"
"validation","1578","5ff1940e1c2b9abc657f589dfd6b101b1a67f2cdb957e5ffe5449f9192006e2c","512","490","15,29","15,29","True","va-1578"
"validation","1579","5ea544e1405e995112a12e7a91a55b782e642b1af09b38fa0c09b2e4809aefc4","512","384","48,59,95","48,59,95","True","va-1579"
"validation","1580","2d0237953590b0f33cb73efe3f01edfa6b0d5b78515819e90cdd332d6770c945","512","384","8,47,71,84,88,93,101","8,47,71,84,88,93,101","True","va-1580"
"validation","1581","a5d8657c9be89c5b8dfa2d09259de05eaea410e1b06dd3408ed36e82beccc528","512","374","48,70,84,85,93","48,70,84,85,93","True","va-1581"
"validation","1582","564a560eade031bb57d8d21fc279e20e97d41d66eb1a70a582796ac20af0fc44","512","384","47,70,84,96","47,70,84,96","True","va-1582"
"validation","1583","22ba383cc52b41a82ec07b67b16ac3224142bf533d117298f9ea36448985c158","1365","1024","35,46,58,73","35,46,58,73","True","va-1583"
"validation","1584","4e97b4271f24c7616e6b1c643da9e29eda54494b048edbdfaad355cf32a49ea4","410","273","46,87,89","46,87,89","True","va-1584"
"validation","1585","3dbc69bfc9bf5162aaabc2f7f5fdd04e91dafb6a41c9421f0638b883c897edfa","500","375","21,58,64,72,80,88","21,58,64,72,80,88","True","va-1585"
"validation","1586","d5e7f2a6fa21f14d054ab4647f79f4d554223e91265afee6bd5461639d627d9c","1365","1024","64,67,82","64,67,82","True","va-1586"
"validation","1587","19af81ceabd4847f8bedf5726f9e3a6d175fb51be0a2c890551da61212bd1ecc","512","382","47,58,84","47,58,84","True","va-1587"
"validation","1588","cf75352bceec7e96f50df652a2f242d18d1b3ff7487a75b5e189516758c83ca2","1024","1024","37,66,89,103","37,66,89,103","True","va-1588"
"validation","1589","abbbd80e790c0f07a531a2fb3c2e1fcdfc564a701cb97d9e93de44a1425f837d","256","256","54,66,84,87","54,66,84,87","True","va-1589"
"validation","1590","0cf60f50a1cadea3050dec97050e533117e83eca2da4f8741b2716754567e991","256","256","58,73,80,82,84,87,88","58,73,80,82,84,87,88","True","va-1590"
"validation","1591","a39ae4608461bf3c239f82dc9beb4aa708b9b0f17a7c530c03fac3deb2867b12","512","384","37,54,73,77,89","37,54,73,77,89","True","va-1591"
"validation","1592","91f418245d206575d06aa6fecd035741d075719261ebf72180695b2fe1999752","512","416","47,73,80,82,84","47,73,80,82,84","True","va-1592"
"validation","1593","f56b515095bac5da6f203019a50256aab148d0784de3e3453357aac270b5955f","550","373","8,30,37,58","8,30,37,58","True","va-1593"
"validation","1594","19265627b87aca163bb8638e95953c187fd9723c48af04811647a786072f2152","512","512","9,48,65,73,77","9,48,65,73,77","True","va-1594"
"validation","1595","f0bf1ab30f6fd469e2f47ccbd26dc63832576b935de223f4b250a9d0a4200b51","1820","1024","9,48,58,65,87","9,48,58,65,87","True","va-1595"
"validation","1596","684b6701a999132092aaa1ef851d0f27cb25c0d163a7c8b5f2bc2479918e82c0","512","384","5,30,40,45,52","5,30,40,45,52","True","va-1596"
"validation","1597","51dd234c9e4b4f39b927f34fa13355708ab2f7ba7a812c0dcc7580a17755d8c8","512","384","48,52,58,64,73,80","48,52,58,64,73,80","True","va-1597"
"validation","1598","82e8ecfaf4206e5a701461aa9f8844f0c8b120018e33c4c5c5134ac4e84d645d","410","282","52,84,96","52,84,96","True","va-1598"
"validation","1599","3745d59130032859afbfe9680c8ec6534b5bfcaa7be64c9068eeffc9c2aa1d69","512","384","25,94,103","25,94,103","True","va-1599"
"validation","1600","edfab537ecd289a19cb6037c0eb534d5a536759d042ce2aaa8d4f5717f73d154","1534","1024","46,58,82","46,58,82","True","va-1600"
"validation","1601","34bf70c39b1b5f38be1882cea6aa6933b45d1d6fe79fb53061c419393f2a6bb0","300","300","8,11,48,58,80,82","8,11,48,58,80,82","True","va-1601"
"validation","1602","f627eb153f0ff852ae4a8abada9827850fabd6cf0ed7be5208625faf789c7fb8","512","386","3,47,82","3,47,82","True","va-1602"
"validation","1603","0c28c9b8bd50cfa4488431e537b31be6832ea737bfe336b1fbdb83eef9d7d77e","642","428","4,10","4,10","True","va-1603"
"validation","1604","cd2ef7471709e32ca509e55268fd9acff26537a62ff682c04f2f7a28f7dfebd8","256","256","52,56,89","52,56,89","True","va-1604"
"validation","1605","93b41621bb58952ac57dffabc130f1eae2e1a19e46da7c5d71886d812276b1e2","512","384","48,58,80,82,84","48,58,80,82,84","True","va-1605"
"validation","1606","9b65a94e348f44c880e86acdf457d0d351bb183f1f72a3b92fdd238a1664b8ff","512","405","58,73,80,103","58,73,80,103","True","va-1606"
"validation","1607","7d2b50b982d1fb5784a478dfce6a66296cdaebdb550bf7f44f2a25a037157b67","1280","800","46,70,87","46,70,87","True","va-1607"
"validation","1608","b4ee20573f5b6787a8af377d5ab9f2ad804901d6f1b1f6b3df9283748a3647ef","512","419","14,25,30,67","14,25,30,67","True","va-1608"
"validation","1609","38f43a3bff946d306dd1eba7f14a344f59a4edc93caa0e99322a536738dcc7ff","512","340","8,37","8,37","True","va-1609"
"validation","1610","1732f62b6357a6be7a79b2ad8dc0193d3a022b3b559b6cde45e0c363e32d5a2a","300","533","10,30","10,30","True","va-1610"
"validation","1611","b700a20967ae24c10fbb198aca3fc5706d0b77d0c4e94be6358d5851e97183fc","512","421","56,93","56,93","True","va-1611"
"validation","1612","72e5a503161649625fcdf79fb297caa4b05bd456ef70250e1e5dc9356666ddee","512","384","10,13","10,13","True","va-1612"
"validation","1613","2f4d8b01d323c5c7c9cfc13a65df657845bf76618be996f3c7d83e74be5478d2","1365","1024","64,67,87","64,67,87","True","va-1613"
"validation","1614","83b684c6253ad66346305c76e0e618be5b159068f6e84610aa8a1da8400f069d","512","384","46,58,73,80,94,98","46,58,73,80,94,98","True","va-1614"
"validation","1615","fcd44b86b0017265d49105f0b92a82399665c00702d8b512b48f119e3ca321c9","1136","1024","52,58,89","52,58,89","True","va-1615"
"validation","1616","3839867faf6bb3027b9dd48d2977f06331c40e803bf157826b927a0f665b74af","256","256","48,73,87","48,73,87","True","va-1616"
"validation","1617","474bf86350d9f8e6f05bb2ab66eff435fc0510ebd5f2869841c3885624a9cab4","768","1024","48,73,80","48,73,80","True","va-1617"
"validation","1618","097308ccbe6a5e40a135fb1648d4def189ae455663148d74b20ac1b2979b9a66","512","384","48,84,87,90,98","48,84,87,90,98","True","va-1618"
"validation","1619","15630f005c8f63596ac874245038aee328377823e825402c6c10217b1c954691","512","384","37,48","37,48","True","va-1619"
"validation","1620","7b832c76bff97ce64f42d5b995da486dc0831fb7ac4c3edf6e109ccad3dac21c","512","351","3,48,49,65,94,103","3,48,49,65,94,103","True","va-1620"
"validation","1621","b77414c84146585b94b443efba629a44aaf579a5934a29cade7253a27457b4b0","512","382","8,9,59,73,87,94","8,9,59,73,87,94","True","va-1621"
"validation","1622","960f11c82230b7f8edc75b0b666c26ea070eca23da04265078f9dabb9e59ba71","512","433","46,52,59","46,52,59","True","va-1622"
"validation","1623","aba98714fe1eb6a7f977b5faf5341505aa3c8a443234d126cfed83a738edc15c","642","428","5,84,87,90,94,102","5,84,87,90,94,102","True","va-1623"
"validation","1624","cff114c8e672c6611f0d2a74befe69a8b64362de320618a99d4ee145c5f687d3","512","340","58,81,84,87","58,81,84,87","True","va-1624"
"validation","1625","445a0455a9e5a9482b67868b248df58d13a50c451a738ec980cb99976b77ac5a","256","256","47,52,66,82,87","47,52,66,82,87","True","va-1625"
"validation","1626","5d9c7f193fd520a77200cd9d498bcde2fa233ebffbe818af2276e1dfe1508636","512","366","8,46,67,73,80","8,46,67,73,80","True","va-1626"
"validation","1627","2b92028e57e9b2c292c9f08ecd2711a896e978f2922fd583b9483e3b610caeac","550","367","24,44,50,67,73","24,44,50,67,73","True","va-1627"
"validation","1628","eb76e99a822ff691dd86608236ff76c3b09e6be0e091a85490f142117b4f5489","433","512","49,59,72,84,96","49,59,72,84,96","True","va-1628"
"validation","1629","3e225ef4891d5bf31f0574605a433e3623808fd756497b5ab554cc64a79e1988","512","344","48,73,96,102","48,73,96,102","True","va-1629"
"validation","1630","c041f5fbdef306d4f86834a644e6c9c4d8e7e5518893a2a89327624ba3e252d4","512","348","46,52,87","46,52,87","True","va-1630"
"validation","1631","dbc594d6d0d07bab6cf75457e4be90986aeb47daa7ad2fafee1cce7f144a3064","256","256","8,14,24,30,50,58","8,14,24,30,50,58","True","va-1631"
"validation","1632","1c668dcc91b4fc53e90c638e9613d71a32c91b87b2b1a91314e8f8cea6996e8d","512","384","10,30","10,30","True","va-1632"
"validation","1633","c6effce2da41658e93157cb4c146812d209d6294404e8d6eb92808b49c0415a4","368","480","12,31","12,31","True","va-1633"
"validation","1634","e4d2d55822f8feead5a746d267ee94e0f2410ea6494c7ef41354dc653a48e42c","256","256","29,58","29,58","True","va-1634"
"validation","1635","2321288a2b296799cb34dd9fe3829c535999fbc6f7d2b76977bad21d48753b51","512","426","8,10,15","8,10,15","True","va-1635"
"validation","1636","5d94d5d220379775b4a45e1fd136c66ac8ffb03005140d51a661e1ed87031ca4","1024","1024","47,59","47,59","True","va-1636"
"validation","1637","cf0b8d7eef662406ed8ff0d84b02a07f62b527ec9f2a2ff0c1b13a96eaa445ee","256","256","8,48,59","8,48,59","True","va-1637"
"validation","1638","5e08a83e486bd05e7e689ec6fbe5698f7a5d06d5d4e05f7cd8d3d9b5c90256ec","512","402","37,46,65,89","37,46,65,89","True","va-1638"
"validation","1639","681d3493256e96239d54a3cdf2288bec82af162ccb5182b5a63c97aa467bad11","307","204","8,11,48,67,84,88,103","8,11,48,67,84,88,103","True","va-1639"
"validation","1640","2f77f86b5b08211515577d3cc6dd50a58978af4173afe527b19f029d1de30fd9","512","384","52,54,66,95","52,54,66,95","True","va-1640"
"validation","1641","92a4ee5732132203a0b231f896bf701950231677424e6ff08fdd570afb5b091a","512","384","11,47,66,87","11,47,66,87","True","va-1641"
"validation","1642","6f80b3e5d7177a32a5600776e832e53d53ec9228a76510c7eaa9727c42d6f17f","512","384","67,73,87","67,73,87","True","va-1642"
"validation","1643","9f8ffb5efa8f532cfc4fc79d4b0c06ed8739a173348d8e5a26da9ac4ee1cb2be","512","286","85,93,94","85,93,94","True","va-1643"
"validation","1644","4323a4340c4f1bd6acf6282a47c077c46fdc9977cb278fae59d88657ea28ef17","1365","1024","11,47,59,87","11,47,59,87","True","va-1644"
"validation","1645","6746f77acfda6b3a1aac409cc5122883558dfb96daf6ec4efca76d0d043c8c08","1365","1024","46,48,49,58,84","46,48,49,58,84","True","va-1645"
"validation","1646","7abf3e3f5a82aef97bdd15463b26fbbc715115ae9453f4717eb98802292ae9e8","512","384","46,52,70,84,87","46,52,70,84,87","True","va-1646"
"validation","1647","cca163ad05f64b0f08decd2eacfe37745861f51eef18d47fb700a7f515c8da8c","1365","1024","8,9,29,47,59","8,9,29,47,59","True","va-1647"
"validation","1648","a363267a73acb5d799b49f695ccb31d2649c1bb25f1881f5210703d1826ef627","1024","1024","46,87","46,87","True","va-1648"
"validation","1649","12b0ce85c7242645384213973bc16f56c4c2f237fcda40cf11c5bf62b9bd36af","433","512","14,38","14,38","True","va-1649"
"validation","1650","06b3b73c9ff3f73f918861a202f60b75b2fba8ddc0d57f5f6f753850cf51e725","512","384","52,73,93,94","52,73,93,94","True","va-1650"
"validation","1651","21c03b1dbd7d6fe99156feec57654c6b4028df43352f88ea90e6226b9fef8908","512","385","52,56,65,85","52,56,65,85","True","va-1651"
"validation","1652","7963b18e3b8a307e7d69cf4e92985649aa969bef09874550633beeb848ace016","303","350","10,32,37","10,32,37","True","va-1652"
"validation","1653","d46e453c96d0e5dfae0c604cd83f73da0b66a45fdb823d2dd07ab5ce9473e817","642","428","48,59","48,59","True","va-1653"
"validation","1654","2bf2bb61683dcd7b6fd3c02f6acdb44b56cc18d8c25ef67177fe017fd65e7f42","512","384","30,58","30,58","True","va-1654"
"validation","1655","7ef685c0d82ab4f48eddfa92a81f7633c21a9f9fe9931d036900632cba8b1c0f","512","422","52,58","52,58","True","va-1655"
"validation","1656","02ff363052eb1dcb6548b59d7cf17b1a07700ee9d7686f3aa004bc7db411591a","256","256","57,58","57,58","True","va-1656"
"validation","1657","fe7ae5be068bb591064eb7fd7857715c74a07740205982bc60f52df25a6e78ad","512","384","37,54,73,89","37,54,73,89","True","va-1657"
"validation","1658","a7a94672a465bd818981ce415fa6cce11682d7f93d493910996d4d68d4a8c7d9","768","1024","47,52,66,70,73,94","47,52,66,70,73,94","True","va-1658"
"validation","1659","1e67b00a6295b06ee7684a5e87f4eca55c3bf35a50aea0a860bb769ce75cf1d5","512","348","8,46,58,59,89","8,46,58,59,89","True","va-1659"
"validation","1660","990312fa241d795c39e6c4e6915ff010ede0b0da61b991462822c91ac7143c64","512","341","8,31,33","8,31,33","True","va-1660"
"validation","1661","eeb05fb2735117f8363483acebb039a33007bb1c0f6ffcac3e65ec607cd0ea7a","512","393","46,66,84,93","46,66,84,93","True","va-1661"
"validation","1662","db080d1db380ca5219db58baa0f396fc246f34a969a2c1392b205953798b30b3","512","384","52,72,84,88","52,72,84,88","True","va-1662"
"validation","1663","cf7a673b869824bccfa77256904b40db118b7f9af86b8a5edca86973c2078609","300","300","48,70,77","48,70,77","True","va-1663"
"validation","1664","7763f30fcb5366f8a6bc7b2b0358b3affc4f0e9d6cd9c8e3e95b67e346214379","307","204","5,8,46,84,88,94","5,8,46,84,88,94","True","va-1664"
"validation","1665","7dc3b9a482a779645026a6dc101d2785146bce7462071b5818c853c943141019","1364","1024","58,73,94","58,73,94","True","va-1665"
"validation","1666","277baf4e360e52849c9f9879ac5d85bf5fb75b6ea4d9821875eafb8e52730043","512","372","48,70,87","48,70,87","True","va-1666"
"validation","1667","135fa5896a7c58f74b3ae1037493af3da4c286cb913041861120f73266bd7950","720","405","47,70,96","47,70,96","True","va-1667"
"validation","1668","c46c38ac87a54f189ea4fa83ad36e855dd273007671bb43d435b0bf3b6a7bfb3","410","302","50,52","50,52","True","va-1668"
"validation","1669","af6bf704275b7a217e017ac9433426063d4356b8910d714129ab96f10cc41f1f","512","384","52,58,89","52,58,89","True","va-1669"
"validation","1670","d3405ae05392c3eb7a6bab604601b8a0dbbbfb8df927ecfd01c499da42eff837","550","366","48,73,82","48,73,82","True","va-1670"
"validation","1671","a7643b2d4e63230b5577dfb08519335a9cb32cef17339e15e55eff0113585c7c","512","384","37,52,73,89","37,52,73,89","True","va-1671"
"validation","1672","919c28395e569b464f70fc0e5cc6306d9e7b0053e0a681add9c8e50810032cfb","1280","1024","3,46,58","3,46,58","True","va-1672"
"validation","1673","09904513db2afcb44e8072db9f8469973227f7648a61ba0df04a5ff4eebee80c","256","256","8,50,67,89,94","8,50,67,89,94","True","va-1673"
"validation","1674","c952d80af1335c2ca7bf9e00a87067c86aea78db9698cb9899f737866cb664c1","512","400","8,84,85,87","8,84,85,87","True","va-1674"
"validation","1675","6d8605782c0e2b56e619d5b6c9fcf49bb8b742c02eb7d8cd7194d239bbff1bd7","512","384","37,54,70,73,96","37,54,70,73,96","True","va-1675"
"validation","1676","78ad0c89ccd10117f0c19ab37c05be915bc8c8ccfbca185c57651bcf3cbe93b6","384","512","11,30,37,41,89","11,30,37,41,89","True","va-1676"
"validation","1677","85c0b654ec4ff136ca9bb3deebeb5f075d84e99b124ab2f68a4b640708e407f0","512","384","3,52,73,94","3,52,73,94","True","va-1677"
"validation","1678","f7ce66ab8074bb4d6ee831f4fb937f1312c410103fe7b28189be3169bc76cec6","1365","1024","48,70,87","48,70,87","True","va-1678"
"validation","1679","b4e6b89ce881c9d1c8f7cfe26f216528b8b03c77730b3cf0ec7d6b3fb7d0b10d","512","384","30,32,58","30,32,58","True","va-1159"
"validation","1680","39cfb6caf530cabe145e2d8f4da9f9fe24fdc75945014598ad4b23cff676d665","576","1024","5","5","True","va-1680"
"validation","1681","c8c08a51b8a0ef2ad32821ef3ad9e39ac828c59dddafa9c162a065c2df4e8cb1","382","512","47,58","47,58","True","va-1681"
"validation","1682","0da9f97146a1397632079e2adc18f1ef985d9507b71d9287fbfb5b0de661c75e","832","687","48,52,58,89","48,52,58,89","True","va-1682"
"validation","1683","3151bc4199408b00b730bf54840365750ed9aed8292326a5cb4df44b2807927d","512","384","54,66,87","54,66,87","True","va-1683"
"validation","1684","0b510e80133bfb6c9c8458c651b23c0ad9003346d9e73644d34df25b34aefdd2","768","1024","44,48","44,48","True","va-1684"
"validation","1685","5992c4f3f0658b353b56df607b3f7d563d12e641430d1c96f7f895788f632f26","1365","1024","48,87","48,87","True","va-1685"
"validation","1686","9a61509ea3a45356dca0407e3acb63c17bfbef5018291beba69c5c15d1697002","512","384","48,84,87","48,84,87","True","va-1686"
"validation","1687","2ebd4da9270cc184529496fbfd889872a9a22b07bcf5bd75ef08204e88e2509f","450","512","14,37,89","14,37,89","True","va-1687"
"validation","1688","267564f1e259d38c4b301fa6b803f726edb4ecb3ce656eec28c3baf8a62d894d","512","480","7,58,89","7,58,89","True","va-1688"
"validation","1689","861bfa9d2b63ab0b8cfec533a41d0689cf92c648fa48d1ab32d48403279b5329","640","640","48,58,80","48,58,80","True","va-1689"
"validation","1690","f6dd0681c4b7ad3370054796e3a2e7f9c6a0e920d59cefa7287a7617d765252b","512","384","24,58,67","24,58,67","True","va-1690"
"validation","1691","1f3b8dd8c8ce826ccd3c175d320fdc94077eff6cceeb0ac00d459d858c4df759","510","382","35,48,66,72,73,87,97","35,48,66,72,73,87,97","True","va-1691"
"validation","1692","3820a3f3c91358b146db3acd23e172cd183365e9cb886e801672fab5b8db9ade","256","256","47,59,70,84","47,59,70,84","True","va-1692"
"validation","1693","de71aaee526a437066d02b145269edd0160a29ee84fd00b4401186aa90278b90","410","273","52,73,82,84,87,88,103","52,73,82,84,87,88,103","True","va-1693"
"validation","1694","52ea0cbcf8b6628260ca9085234d22257ee93656716feb05d7940891bf36db9a","512","384","48,59,66,91","48,59,66,91","True","va-1694"
"validation","1695","5a70db9f04fd577c7bd6ec51e566ebc5426bd57caf2cc6b8b43783cc71c707fb","256","256","54,70,77","54,70,77","True","va-1695"
"validation","1696","138ea2302202352672640c14415cf88e5d4e01e6af472f84c64ed63839ee5183","1365","1024","50,58,70,72,87","50,58,70,72,87","True","va-1696"
"validation","1697","d39fe5dc57a7642ca85a5a5efd91a868aa9c71e811a80cf355ae2a1cd8dc197f","256","256","47,87","47,87","True","va-1697"
"validation","1698","20557f922fb3163ff1df38d9a3599eb54fc3f13b8ccfd9e3f955fd7dfaaf2e66","512","384","48,64,84,95","48,64,84,95","True","va-77"
"validation","1699","7c2816299cf8ad63cf28b9d5d31e9407b25acd0fc39848f6513492a98fe0710c","512","341","47,70,84,87","47,70,84,87","True","va-1699"
"validation","1700","cbc2160fe2523f5bfb1605a07acb0880c93d51767b9522dc2e2b671ca56f6916","512","384","18,46,59,67,94","18,46,59,67,94","True","va-1700"
"validation","1701","d17eadb61e326b8765adfbd7b9380b0587062ae4701fd9f5fe93b9c31a6da40e","512","379","54,59,70,84,87,89,93","54,59,70,84,87,89,93","True","va-1701"
"validation","1702","4227cfc19a5e835b9f082f6f35597996344700c224d6c502d7cc8287f7845b76","512","384","37,48,62,66,95","37,48,62,66,95","True","va-1702"
"validation","1703","39636c989fd88028a4ca633d450e202a8df06dfa0a2bb0b7525e8a128e6a537a","512","383","48,66,82,89","48,66,82,89","True","va-1703"
"validation","1704","304091720137c27a2f3926ec60fa1f4d3f98f42ff85d4dfccc17b9ce31a0ea4c","512","384","44,46,93,95","44,46,93,95","True","va-1704"
"validation","1705","7ca1c4816aac8caf89fb87f2716ac769ee7c83bd5c036b24befba31c075e4b04","512","384","51,70,80,84,93","51,70,80,84,93","True","va-1705"
"validation","1706","401c2d393bd68da856a8e7eafc7415b6e4914e0c17d6d11b9192d1c123b29775","642","428","3,8","3,8","True","va-1706"
"validation","1707","ec18942d7823d9ff22b392416e85445c7dbf537d86b387c0342a1d99a7ef14fd","1024","1024","14,25,82","14,25,82","True","va-1707"
"validation","1708","33f9648ae32f5dffd1e5060cab99a9b7813d4b7a2a2a43193ff3f52cf172f2de","256","256","10,37,89","10,37,89","True","va-1708"
"validation","1709","8db0d1d066747604d51d2159dc58b7c7923d455c9c2dbf5933527ba13b944ea8","550","367","32,67","32,67","True","va-1709"
"validation","1710","9ad895d76c08c508c76eeaa7b56ba178e449066aae5c0113cdb7097d181d2d43","512","384","57,98","57,98","True","va-1710"
"validation","1711","bc32f34333f00d59b3da6c504e838dfa5eea2466151de5e1f583451c5d941e40","512","340","46,84,96","46,84,96","True","va-1711"
"validation","1712","a183da98fdebcf565786b8915723511928fa6ec22c9e89f785104ec100ae4830","512","384","48,101","48,101","True","va-1712"
"validation","1713","23b49fd74efe70dc7bd3367eff235c1045ad02c6860c696527a4255e6554fba1","642","428","8,10","8,10","True","va-1713"
"validation","1714","65828b927fc1c8b53c1cce6c1afc304a13fd8a58f26c05c7f7832b6194a3b1da","256","256","11,14,31","11,14,31","True","va-1714"
"validation","1715","b574d45bf8d36ae9a08113fc70cfbac0a44b0dfef433885747e4dae86653756f","768","1024","47,80,82,85","47,80,82,85","True","va-1715"
"validation","1716","99bc33687c22b3ed67a317bdcb8f17bd374736cdb0d090505d9c86c11b7d7c34","410","309","57,58","57,58","True","va-1716"
"validation","1717","e16886e632732cb986cc89cc9083f8e192385b9c976100c7e00935cc615cd1b4","1000","750","30,66","30,66","True","va-1717"
"validation","1718","9382dcfef34828ea52200301ae23d7f4838e09fab4d8f9038ea9f48f6a79e300","1821","1024","25,29,30,34,40,44","25,29,30,34,40,44","True","va-1718"
"validation","1719","84fac54f8acabb52db37753640b3a4f3aa7f18dea6516e9a283b6a4d6639e201","410","307","30,67","30,67","True","va-1719"
"validation","1720","e4b41a87362649dcd1d8bfa33ee32ca50d030bafd9afe7f0628806600eee638f","512","385","48,66,96","48,66,96","True","va-1720"
"validation","1721","6af6fef8db947d140377851bb69f6759f1ff18bc4225a7ca791ea635083e7406","512","384","24,49,58,84,91","24,49,58,84,91","True","va-1721"
"validation","1722","bcd76d3d2313e63c2d236d1be0ced0931d6226f3e4c0e0e39219ddea5c2d2bd4","373","512","8,40,67","8,40,67","True","va-1722"
"validation","1723","c9c2a047d488f4dd2a52bd11a63f4b12a3495246c662e9ed232f2a54de0db23d","512","348","8,46,72,84","8,46,72,84","True","va-1723"
"validation","1724","73d994ff89e0de81aea6aa59730d04a9ab35478fc30c1ebf7a60409ebc51dff4","512","340","48,72,77,84,87","48,72,77,84,87","True","va-1724"
"validation","1725","0485c41f3b4e5738edb020e1c05e3aa3ccf6e937b533301b8ea7e0a295a3eeaa","1365","1024","46,59,70,101","46,59,70,101","True","va-1725"
"validation","1726","81483f57402e13fddad76646cd80849de12a76c5c598790ad0c981541f27513f","512","384","47,70,84","47,70,84","True","va-1726"
"validation","1727","b1390deaa3071a91f35937443e24ccc83f91ae6b70637fecb22f3911eda381c2","512","391","8,32,35,72,82,84,87","8,32,35,72,82,84,87","True","va-1727"
"validation","1728","98519a32abf6e852d70d0a818b7a38502bb57e14c754bcc06ee21328b61883cd","410","557","10,103","10,103","True","va-1728"
"validation","1729","94d0b418d45ba766d712ef9e7559a12bf356840cfa9f497dc40d7477ef5cc537","487","365","5,30","5,30","True","va-1729"
"validation","1730","401c5538394f54348c06ec92d7b73a391065f75711728c5cbf756169fd55b8db","256","256","13,46,58","13,46,58","True","va-1730"
"validation","1731","5ed92dcc7523a9a40d467ffbcb8cf51052ef1ce49052df06d5c01a5c0109020c","512","384","8,41","8,41","True","va-1731"
"validation","1732","87fd967a8a72d549e6932d736f91851d71739cf6d636cfdcf671f8b960d9144d","550","523","10,29","10,29","True","va-1732"
"validation","1733","d284b694e9017204326350051ef2067edafe03eb17b7d33cd6bd9c9cf812068d","1024","1024","48,70,87","48,70,87","True","va-1733"
"validation","1734","057e1856403b0f4b86eb7e24473b7e273b110d96d763f7c822a526bc8dc7dea4","512","384","8,48,70,87,96","8,48,70,87,96","True","va-1734"
"validation","1735","5d83c7b7c0b2079cb5448dca5d52289057a6713e0b27ca968d748bb0bee7c945","512","341","25,52","25,52","True","va-1735"
"validation","1736","7eb5aa2e664e096d80a29355493fe14369667838288444c1811db46b68705595","256","256","13,58","13,58","True","va-1736"
"validation","1737","5485f1b87f76153dd4853eadd8bfdc8c73139d505a6b14ebeeed0c65c2ad353b","1000","750","31,52","31,52","True","va-1737"
"validation","1738","7f0a9b05499453895ced60c6426d89623f295a590600937ca30f2c9be970418d","512","382","24,50,52","24,50,52","True","va-1738"
"validation","1739","2782539b1ba0a85dc1a450ac633a4d1c7e60b06ef2303f9ad88a5dc919cb53bc","512","384","47,66,87","47,66,87","True","va-1739"
"validation","1740","9df1e126c3b3ee9f2129906d576bb383cc80a788ca9098038d69c2ee08faf12d","480","640","47,82,84,96","47,82,84,96","True","va-1740"
"validation","1741","e272514bedeb6ea4dec1b0eb1b1479ea6aa505012ff9bd9c2dd7604f4c5ba493","512","384","10,30","10,30","True","va-1741"
"validation","1742","1f98916b0dd797543be82e8fa30bf5b1d0976650528c96471e26883f86eba156","512","371","8,30,32,33","8,30,32,33","True","va-1742"
"validation","1743","9e0c494f951e75186123dcac788e57ed943698d6977d80ba63d3b925d35639ce","512","384","8,46,58,82,93","8,46,58,82,93","True","va-1743"
"validation","1744","310c1a5b04c97df9d281bd8cbc6f0cedc48156b93be0e614d17b03803de251e7","512","382","67,70,82,96","67,70,82,96","True","va-1744"
"validation","1745","40e0e47d9c811be187c603b7eac5d3ece01def9454e735e13da40e8bd92cc3c6","512","511","37,48,89","37,48,89","True","va-1745"
"validation","1746","fb5e52d868667592f632f184d316b7a3a6281e81802cd1bd786a90050aa55cf6","512","343","52,63,84","52,63,84","True","va-1746"
"validation","1747","8faf25e97093d8a59b9ac2bbd38760ccd294a359bc307b52aad91c276eeb5720","256","256","52,94","52,94","True","va-1747"
"validation","1748","c42562e0959346416862c22534262ad6d9b61706d59d8147cee6d98e4937f211","512","384","16,37","16,37","True","va-1748"
"validation","1749","0d6462dd2be5df163ffdc987d2c073bdb4d07d185079b750762c89634a932ba0","512","341","9,30,58","9,30,58","True","va-1749"
"validation","1750","ba403d5de470016bb14669da58df5abad0707ad1fe3f273d7ebddf8947f7e189","256","256","58,87","58,87","True","va-1750"
"validation","1751","1ff2c3f9228405198fcddf942198f24ffae4e461d6705797969dc8209ae641bc","336","243","30,58","30,58","True","va-1751"
"validation","1752","150897a31b4608fe8779d66d4e0da48d85579ef3ec2b29801a319fa5b3a648e9","491","500","47,66,87","47,66,87","True","va-1752"
"validation","1753","ae890f9e60825e088565b24ed812b87b85dd21ad9f3f400eb0bdf2416de16e87","256","256","10,30,33,89","10,30,33,89","True","va-1753"
"validation","1754","8638851f06540a8473ca2f3957dc6a99c5d3c7a63afc347c4b0fe541c5cc4730","512","360","8,24,49,67,89","8,24,49,67,89","True","va-1754"
"validation","1755","08a8ffaf8a0dffef3483cc63c0af19afccb8168ae08467215e9ac52c17c63d5d","256","256","50,82","50,82","True","va-1755"
"validation","1756","4e430afded247e1bbfb60d91e04856ad948eae82ee23da19efac183ba64daa52","512","419","50,52","50,52","True","va-1756"
"validation","1757","41de4c3c903405149de77b4b0019aac0408acf7ba1a6073311a160b7f427f4e0","1365","1024","65,87,89","65,87,89","True","va-1757"
"validation","1758","6ae5ac69c014c4b6074c7040de1247a47552bf8d00e71f8c7ae37bc7c05d9f2c","256","256","46,52,66,72","46,52,66,72","True","va-1758"
"validation","1759","37ac913341b686750ace840ef4b24abf3fc0fa3c6545b32c1b27b847622b2bdb","512","384","14,25,84,88,89","14,25,84,88,89","True","va-1759"
"validation","1760","6f37b6bcf52f729813c4b5a104cf579a55a8b5525aa27e0f05ebd2d1d0879aab","256","256","30,32,67","30,32,67","True","va-1760"
"validation","1761","ff9348241c83fd7bbaf6b0e9965fd59a24d9b09da9811b565783d9b325adf6be","1816","1024","29,67","29,67","True","va-1761"
"validation","1762","8151261d406f0255f0b18345e09cd488e7d273a720746c4d4dac0aef99a33d90","400","400","37,84","37,84","True","va-1762"
"validation","1763","3b35d71c648d489c92d463d1b835ca7911bba3ebd5c48ebb159d58dba425e81a","512","380","41,58","41,58","True","va-1763"
"validation","1764","943f95fd0767d4cf7f51a399c5dbfa99a5c238e0f6d8b491769af48ac14f5f96","512","409","47,65,84,87,89","47,65,84,87,89","True","va-1764"
"validation","1765","9371268789a0700c1209504bd6ea564ae6a615676a3506eb8a0808267f22d2e4","757","1024","8,10,13,30","8,10,13,30","True","va-1765"
"validation","1766","c1c05e3051e53837e2ac4819143e04257855dcf77d6aaf6758398891c3e93e2a","1023","1024","14,41","14,41","True","va-1766"
"validation","1767","27e94d58af3fb48ba4190def798427b2af162bc40756e19ac1235b9cee1b4347","768","1024","14,37","14,37","True","va-1767"
"validation","1768","5dce184f81c64d7fc5b77dfa82a531f046efe723d2ab1e4fc812715430a7085a","256","256","8,30","8,30","True","va-1768"
"validation","1769","2edb6618884b7d2883a94809eb4812f094c1e6e5777468a2f70899078ec7be88","256","256","10,25","10,25","True","va-1769"
"validation","1770","132202c62b029fd7b339e0e560852313b0e6332d8d0e77f912de308b18b121a6","256","256","3,24,52,67,73","3,24,52,67,73","True","va-1770"
"validation","1771","7e5d4061a21d0a0eb23494660389f07cae16f0b48d1a2af13214d830c090b5f6","512","393","8,73,76,82,84,94","8,73,76,82,84,94","True","va-1771"
"validation","1772","27d32aa69822a672d99169b3816e5b3b561474d290dda0007e07723d9fbc16dc","256","256","8,82,84","8,82,84","True","va-1772"
"validation","1773","a5f69e356d29950e11781cc3afb604ef4d87d5075b9301fb4cdb01ee38b50934","768","1024","46,58,80,82,84","46,58,80,82,84","True","va-1773"
"validation","1774","afe136cef9358c2f6e747048734805cbb2a599714ba4c0327362176e196903ed","512","386","46,73,80","46,73,80","True","va-1774"
"validation","1775","11b005af2c9286f7c5408b8276b069a434516cdee15ee0cfe3d845175f8aa8dc","512","512","48,66,76,84,87","48,66,76,84,87","True","va-1775"
"validation","1776","2517571347b78e25f2f70624ceebbafc5d5eef7e98c50035447c1055f76ab479","512","384","14,46,58,64,73,82","14,46,58,64,73,82","True","va-1776"
"validation","1777","2d976404bda3efa1a09e9e36c62155a64301961f6c7a4d46ab87a6557592e71b","256","256","52,67,87","52,67,87","True","va-1777"
"validation","1778","92e41c46295d04ccdfa8f10e944f095fc8e72abd102eb106f1f3382a014a5f14","256","256","73,85","73,85","True","va-1778"
"validation","1779","73d426bf68be786aa29567495e6437cb282ff397f5af44ff7106e284970045e4","256","256","54,85,89","54,85,89","True","va-1779"
"validation","1780","b71ec436043c46ccd9bc8a8e4bddba2d724c88a6f69b11e5cd4cc38afe8b5594","512","384","47,70,76,87,89","47,70,76,87,89","True","va-1780"
"validation","1781","931bd99014d449727d3d2d34bc8a066bdd3f624b4b51361b267c9a6ae9bcf5b8","512","387","11,37,41,70","11,37,41,70","True","va-1781"
"validation","1782","ad5bb918ec77c6eba75e7b9bc5af734aa50cfc1761636513781fd0e417daecbb","512","384","30,85","30,85","True","va-1782"
"validation","1783","669f64b5f0c302b9633b57005d5b557ef6bf8b8458a1e2946e8c34a1332689d8","410","329","21,22,37,66,70,72,84,89","21,22,37,66,70,72,84,89","True","va-1783"
"validation","1784","95fbac4709606647eb57979dca32c6b7cc74489c4973369b885f49b84dbc5ff3","400","400","8,52,58,93,95","8,52,58,93,95","True","va-1784"
"validation","1785","e6d7e3d5fa312dabb14d55f0974e025e7ace6c92ebc3ee6a083e9bb247651552","512","388","24,48,84,87","24,48,84,87","True","va-1785"
"validation","1786","1ffa901a563ca03b2ff53528d5a7abdbf87ffec0d8af4adec3db5ff422b48079","256","256","46,70,96","46,70,96","True","va-1786"
"validation","1787","8fb65d317425c199911b5eed13a082850220ef2641c5dba58e016d8e6a3e959c","512","384","8,70","8,70","True","va-1787"
"validation","1788","e7e6fac5668ffe090173ced46585bc1cea524bca4d7809e7d3ee24f07263a483","256","256","3,8,52,56","3,8,52,56","True","va-1788"
"validation","1789","ac24283cb1b8129e294da0c1c5f6160809a232d988b99fa902c3d10569a920b3","512","435","13,44,48,58","13,44,48,58","True","va-1789"
"validation","1790","dc7febf033013c6a3908b99119e17aa8e4e8a27f700d56f5e821a9f7240069ab","512","384","48,52","48,52","True","va-1790"
"validation","1791","b63a474dbd9fc2be658af893fda164e86157c818b1adf633e83b948a8edbe598","459","550","12,31,52,58","12,31,52,58","True","va-1791"
"validation","1792","3cc28f4e5cae3639d4eab4e7bb0bddaad0d36c6a27c273642d3d666862d9466c","512","384","37,48,76","37,48,76","True","va-1792"
"validation","1793","c0dde651e033ec8322f40386eb75454c056054a35bf5de7f2e6e7fd69d744a84","512","338","3,8,82","3,8,82","True","va-1793"
"validation","1794","315b094c431211bba00dda070d232599903e7f7c7ae9ba90eba288c26c377cf6","256","256","44,48,66,87","44,48,66,87","True","va-1794"
"validation","1795","6839ee46ed516cf78a7a730fd229b4bb9781c77a72947383353998a8f425105f","512","435","58,73","58,73","True","va-1795"
"validation","1796","2dadbdd9bd6395650def259496f66e3966ba7ee9f289aa23b70a92835ff1bdb3","256","256","10,31,33","10,31,33","True","va-1796"
"validation","1797","0f4f23c9b63be7a7c21c6be82aeea49ac224e2601b52da22ffec9a5886bbf598","512","340","9,37,56,70,82,87,94,96","9,37,56,70,82,87,94,96","True","va-1797"
"validation","1798","7664269fb8ce3f385504ef314f93c5ab358aca9cde4ba42402664c60e42cfa8a","512","384","52,84,87,88","52,84,87,88","True","va-1798"
"validation","1799","a926a7b1b32ac22097f68388b298a75e458e990a895e49f79afeb8337ee24a64","512","384","52,58,82,84,87,88,94","52,58,82,84,87,88,94","True","va-1799"
"validation","1800","804688dd6c0148edbf17b6d9e202244e56a70fd37823e3de33d3d4a9b1972caa","512","369","50,66,72,87","50,66,72,87","True","va-1800"
"validation","1801","c49e9763dd41088c53358f013ac70c8499567edcf203cb50071d887231fe505b","256","256","48,52,67,89,95","48,52,67,89,95","True","va-1801"
"validation","1802","c09a8385f5f493c67e37d466d548a883a40def7263ac6fad1efed15f4a4c46e5","512","341","48,70,73,87,89","48,70,73,87,89","True","va-1802"
"validation","1803","2158e762e8b07acfa885ff09b4e2d1f20ba26701108e5d74a91235149042b9d9","512","384","48,69,70,72,84,87","48,69,70,72,84,87","True","va-1803"
"validation","1804","a89fb5c1d49fcf93f09d1752d735a33c2deeecaf5cbb6d988aef9c0d72bea653","1365","1024","47,59,66","47,59,66","True","va-1804"
"validation","1805","e6914a8088fa6386348bf7393bcec3e91c8a197cfe73854242782996ddb6a952","512","384","48,66,84,87","48,66,84,87","True","va-1805"
"validation","1806","d2987ba790a1bc0df83053dd91f59176f10f847f694c254327daefab2faa42fa","576","1024","47,87,103","47,87,103","True","va-1806"
"validation","1807","134df8a40b56fe60beac7754bc7542be986c82ed542489234ac1974efd94860c","512","384","48,66,84,93","48,66,84,93","True","va-1807"
"validation","1808","7b8994c2246fb58142093ac3cfd321f0519bcf745b3ca8d0f16849daaa29a82d","512","326","3,8,84,88,89","3,8,84,88,89","True","va-1808"
"validation","1809","11bf627de112c5471041698fad3027531602ac6971670d5a7c4ebe3794284c52","512","355","8,37,67","8,37,67","True","va-1809"
"validation","1810","0b644dda96d1148dbf328967a51a455eb3b9b126ecaf23b3f320fe6767d8514f","512","383","49,52,58,73,84,87,88,95","49,52,58,73,84,87,88,95","True","va-1810"
"validation","1811","2efd11edce9d045cb3b654148f21b85e5dfe5e9ec884170b2c0ddb144c1c0860","512","384","8,35,48,90","8,35,48,90","True","va-1811"
"validation","1812","a384348bc6da14f48a44674a14c609cf14144c4ad9d13fe758051bfa4015c6ca","256","256","33,52,58","33,52,58","True","va-1812"
"validation","1813","f910ebdcff10c864531f13d52e99e19d7f44e807e085326a96de874cec86521e","512","384","17,52,67","17,52,67","True","va-1813"
"validation","1814","4568e3c9da15f2426a9ac389311efe9eba6e5e8f5b4f99dc114768bda6f3cc4f","512","288","47,66","47,66","True","va-1814"
"validation","1815","dc80427a03a1c6b14da653b1905fb79ce0b1007c917a76c712f4ac3f9da7dcb5","512","504","70,89,94","70,89,94","True","va-1815"
"validation","1816","847a18c7f46bcb89f51dfe797dae0ea5cb7666e47dae38664454a4b77489c471","512","384","82,84","82,84","True","va-1816"
"validation","1817","eb21c829d77a66ef482a6eab8d7f4bb8d55d91002c06ee8403c4746c116e5b64","512","384","14,30","14,30","True","va-1817"
"validation","1818","aa05ecbdf084ff96ccf65baf848975df3522d05d18bada045b0cbc75213b7eb1","512","341","8,73,84,87,88","8,73,84,87,88","True","va-1818"
"validation","1819","2bf4ff124b762b8ca0bf6bd584220d113655e36442e12d4324773b150086e525","256","256","4,10,30","4,10,30","True","va-1819"
"validation","1820","b8bfd7a696b7b04085b58923a573ebd3a2818b9b1bd2dc396cbb4cae01361895","512","384","8,29,30,44","8,29,30,44","True","va-1820"
"validation","1821","cdfbfe9a00a9d21fbe6a7847d8ccb167b965a581b9b6929cd808ba0a2678535a","512","419","10,29","10,29","True","va-1821"
"validation","1822","d787c42a9f95d003213d1fd93504058388b16af059b22360092f5a2880ca9252","256","256","51,52","51,52","True","va-1822"
"validation","1823","5432f7c7541a2c0b44bcfd6458db62ce182fc41b8b8347eaff770ea79bbc3761","512","384","61,96","61,96","True","va-1823"
"validation","1824","33f7b1ebcfb7fd8c8b91b8a499fca0f35d25fe7b085cadd8549ae1c7977c613f","512","512","8,61,73","8,61,73","True","va-1824"
"validation","1825","f7f1ba6460e1ed8f4e782aa6e079acbf233ac953d72afedf30c78a1a6bde8044","1024","1024","37,52,56","37,52,56","True","va-1825"
"validation","1826","a1f15173085fcf312af5af197e794397d9baed29f69d523f9474d8c65cc07657","512","402","48,65,84,87","48,65,84,87","True","va-1826"
"validation","1827","d220070253c598448c5a272a6848071c8a7dad34f8071bbe5f853eedaaa01462","512","457","54,72,73,94,96","54,72,73,94,96","True","va-1827"
"validation","1828","8b6cf71e36bc6c5dcd227756026f7bb4177353d538298b6cf330dd44bf23862b","256","256","52,58","52,58","True","va-1828"
"validation","1829","faa8e980ce46aa545afdc32db782ab70eea2947a7d56e90bceb91c6dc9d8daba","410","327","8,30,32","8,30,32","True","va-1829"
"validation","1830","461a48e983a83e2df0699ed04c56efd3c5dfb38d8d13521df637a27b2ad42955","256","256","46,52,70,84","46,52,70,84","True","va-1830"
"validation","1831","76e0011915ef831ac4581c0d468481fbcc1714902d435a3b3534f72722a2d9a6","1820","1024","47,59,70","47,59,70","True","va-1831"
"validation","1832","8148b2e33a234c77960740b95e0266a44884ec5ea1969e24ae24ce597a9ab24f","256","256","52,73,82,94,95","52,73,82,94,95","True","va-1832"
"validation","1833","5a25ce88522d438ed352fe6b65b0d318a1d0b4a8efb81c3f4411927211af5088","1820","1024","24,52,58","24,52,58","True","va-1833"
"validation","1834","d592fcd96063aa632211d08efe0b1e3a1d7960bc13fd06b25042489310b18e58","341","512","10,38","10,38","True","va-1834"
"validation","1835","fe60c3003426de4e3763cd28db2cd4fe294b36a7662cb075ae300a8094f9075b","512","384","48,59,69,95","48,59,69,95","True","va-1835"
"validation","1836","1d7da126494e7f6abd61da6fd83a76ca8a3a00eac2025ac6bcb0327d8fe57890","512","384","25,31","25,31","True","va-1836"
"validation","1837","01b5b588e172d5d0e0909fce38edbe683370acf745e011412fd8041f7aee219b","512","341","51,70,87,93","51,70,87,93","True","va-1837"
"validation","1838","530ffa21851362941a38af8dd83d1594292b69a213e722829ef14cd6e5e4cfa6","512","384","44,67","44,67","True","va-1838"
"validation","1839","c41813a1ece8bfc8894ce774c8d3e403d45a9752ad3f87481808b2221657bef8","512","384","48,73,101","48,73,101","True","va-1839"
"validation","1840","917031319198e593caa631f4d7898f88918b981cf560ad1d6346058bead227eb","512","459","8,9,37,48,70,84,96","8,9,37,48,70,84,96","True","va-1840"
"validation","1841","ba49caf8ad7a1d4132639339cf03e0f66798fcc30c6dcebae578513dc05e4f63","410","230","46,50,70,84,87","46,50,70,84,87","True","va-1841"
"validation","1842","51bf9f443eb9ecb5c6951875c53cea1370ac9baffaad3b5e6c99e643191c7df3","512","508","3,52,58,67,93","3,52,58,67,93","True","va-1842"
"validation","1843","4db825ba5ace99bc2cf0e22a45df89862ec8c758df6d6c91ccc534d7b9d62bda","410","273","29,30,52","29,30,52","True","va-1843"
"validation","1844","97e10626e1dff2b48111f8bea59683988c9f1e349f2bbec796c7aa29e99c2c65","512","407","48,66,67,84,96","48,66,67,84,96","True","va-1844"
"validation","1845","5ceaeced1a44e8713502fdeffe85725f992bc4497e07c2f7577656a5773380b2","512","384","46,70,84,85","46,70,84,85","True","va-1845"
"validation","1846","a7b26b9ae905cba2cfcebaa65c99070f61633d2f866be2e6b44b9482723a5618","512","384","8,14,47,52,67","8,14,47,52,67","True","va-1574"
"validation","1847","f1c24d898b97f8720b4373d1bea98366b2fc0b5c14ffef872152756c79786ef2","512","384","24,73","24,73","True","va-1847"
"validation","1848","4415dd48f0b6c8d2cf5c770e8d533cd6eff335745f63a3b133040d01ab77a101","512","402","51,52,70,84,95","51,52,70,84,95","True","va-1848"
"validation","1849","65858042f9bbecf8084c45d55a09c606d58552b32a4f9ad2a64e6a528a1bfdf1","1280","954","37,48","37,48","True","va-1849"
"validation","1850","791f49c88df7a4bcadd8af6c00047df0c894b71db924dc1d3e874aefbc2797df","512","364","25,84","25,84","True","va-1850"
"validation","1851","ff94628bbc6921e7582450a3309736ce7b9f7277d638836a24b807159b6a34b9","470","512","14,29,40,44,103","14,29,40,44,103","True","va-1851"
"validation","1852","f7b19cfa50fa3b71ac019f54603f079484dc535ec2d3ed03c9aaf7a62ea9dd45","512","384","5,13","5,13","True","va-1852"
"validation","1853","93d03e41ea4be64d1226e0b9e83e017c326f1102e7d4cc93e2b08a5f06cfbc9b","512","384","8,52,58,65","8,52,58,65","True","va-1853"
"validation","1854","2b946384ee5087b6a9960b0a05eaf5c496e8c17bc86fa51b674171439e22bfba","512","344","50,52,58,73,80","50,52,58,73,80","True","va-1854"
"validation","1855","827c63cc4048e205d5d8b241214105dbdcf03c38aba5980b24c7ce642128eb80","512","384","37,57,67,89","37,57,67,89","True","va-1855"
"validation","1856","7d95aa36dfcc8b2865a73a6f99c59fe9468777ce93a85f1da8f4fa8a1b1a258b","512","356","9,47,58","9,47,58","True","va-1856"
"validation","1857","8e627068ad146e120730814627190bff6dcef9eb09ce118054a74647e1dc1219","512","384","5,30","5,30","True","va-1857"
"validation","1858","25d302686dc458c88cbec99428d364e8311bd05f46d4891c7d171f6b40e7f0c1","512","384","10,32","10,32","True","va-1858"
"validation","1859","a9f2dba8b22f8c68576583ceea69a947062e584801c4bf32d9570908a8202c4c","512","288","5,8,73,88,94","5,8,73,88,94","True","va-1859"
"validation","1860","18dc43d167cb41f9c91da4c4815c59ee658f6ee4a23175396b974e918ec4eb40","410","274","8,25","8,25","True","va-1860"
"validation","1861","e8650837450b0ce3d9264b0d6f76126da4c1c5b45fd5575dc805b0eb2eeefbd7","512","386","37,70,73,96,103","37,70,73,96,103","True","va-1861"
"validation","1862","b112ee579664dae2b5eccd431231ee6f64cc9727c6d2aea677f5db9bb4dab050","640","428","48,59","48,59","True","va-1862"
"validation","1863","57e26a10d4018287a4f33b3c890420507a51ed4ec984d819cfad692962eb209f","256","256","58,73,82,87","58,73,82,87","True","va-1863"
"validation","1864","0e22ee54c3cd48be8ed39c9bf484fe27521ecc62bb5e25fee5f115728d1bc1d1","256","256","47,84,89,93,103","47,84,89,93,103","True","va-1864"
"validation","1865","9adc2225bce48862c30397806c8c125f60f0dd78d04225063bbe6b3c7e661921","512","384","8,54,59,70","8,54,59,70","True","va-1865"
"validation","1866","eb9685fc3d4fd06624268883468e2bd763ce31843e080927bf8cf37e7b483474","256","256","31,47,87","31,47,87","True","va-1866"
"validation","1867","41ba5ed15d7e2b958ee72435978cbc606824b01fb2fe90f70927f9a1eecce647","256","256","24,46,52,59,80","24,46,52,59,80","True","va-1867"
"validation","1868","dc34e941216357aab89c41addeee2d7b3746f822cfce796ca844ee9e5b5b5e5d","512","445","52,59,65","52,59,65","True","va-1868"
"validation","1869","8cf581d2fc5373a9c7d05e8b4eae47f4c69b7143548d8fc0ef92052d52bf35a6","256","256","30,50,58","30,50,58","True","va-1869"
"validation","1870","e42921ce1e643b09c5c6ab5cb5b9078fee8b2e8a79024abc4c55231c00a1ada9","256","256","46,66,72,84,87","46,66,72,84,87","True","va-1870"
"validation","1871","bd5d788352f04862f77a95f458924f154e2b323b1dc17b91c7b0756612750886","512","384","3,47,48,73,82,89","3,47,48,73,82,89","True","va-1871"
"validation","1872","5ce92009895ff8fc9e9dba128c5ef6f39312560a34a627dcd7f1e3372f6c1b71","1820","1024","47,66,87","47,66,87","True","va-1872"
"validation","1873","efffaee44e31bc5f4c0714a71370fa2f36864f7da6f2b8125d2b33a7933de51e","1280","800","14,52,67","14,52,67","True","va-1873"
"validation","1874","eb77608328279e54b5303b53c1909e6c3070490a8744d2f83b0fd1e22f281a77","256","256","9,37,54,58,87","9,37,54,58,87","True","va-1874"
"validation","1875","5efc1884669d9b748e99d73ad87b5ecfb0d2abc5a7e4c61b9bafd73458e65d01","768","1024","48,70,95","48,70,95","True","va-1875"
"validation","1876","90e666785dba3a03b78f66a1d9dcaf69015e2e1e8d36f0bb0809659defb744a1","256","256","52,73,82,84,88","52,73,82,84,88","True","va-1876"
"validation","1877","52d978bb654817f0d82999a769c07fd08aef31e2b82c67beb7993fb85a8bd69f","512","384","10,31","10,31","True","va-1877"
"validation","1878","3120763b2d6cd844dfa6221d40f81515b20cede343ecfabad2c56b24040411cb","321","512","4,10,31","4,10,31","True","va-1878"
"validation","1879","9820514a4c9e76ac7130c3008577e6f46e64ab04f8faad7dca690519965d84fa","1365","1024","47,85","47,85","True","va-1879"
"validation","1880","3c949a84aa8e4847173fdb120b9467a1a88cad54ab88cc6a0351af042b4dc129","1024","1024","25,46,52","25,46,52","True","va-1880"
"validation","1881","553adff5fb3e1951a0bf5ec6323aba14c0a1e3747c5704fde470622bb5a546db","512","426","5,52","5,52","True","va-1881"
"validation","1882","72d578a7c2b8c41b3832bb8412bfd5c3f5627d20bc0f76e3d0f15ede97f06a2f","1536","1024","48,52,94","48,52,94","True","va-1882"
"validation","1883","b48c6f045a35ca1b0e2cc7537874b79cc52e66caca9dcf3d3d73b781a1aed698","485","512","37,54,84,96","37,54,84,96","True","va-1883"
"validation","1884","3df9d12844ba424013dfe77b9c8dc24ac80254f87bf572b9a3a28e43635236c9","500","750","66,75,80,95","66,75,80,95","True","va-1884"
"validation","1885","7d4f8cffaa5ee88fa8d9df2aa7218ab540884864f605d6e4969fc63cccbeb492","640","640","65,76,83,90,93","65,76,83,90,93","True","va-1885"
"validation","1886","f07230d80253bdb7f573efcaa18fa7579b894119143ae66d301c8d3342eb1758","410","271","5,17","5,17","True","va-1886"
"validation","1887","150537be9bc64f2a852e762f23a565cb130f49e38b6dbb62eb25066b9f65cf78","512","366","35,67,73","35,67,73","True","va-1887"
"validation","1888","c3f09a15a0315cfff45c1be581246804c08da39bb3bf9af065268309a5a7c0ba","512","499","4,8,40","4,8,40","True","va-1888"
"validation","1889","b1ad06ed4904531259ebd189f861ed5340c5e4e26e7c0c3d982f5244c9f3a1a1","512","418","45,73,82","45,73,82","True","va-1889"
"validation","1890","af7bc06c9e116e268ff46387cd275c4fc2968b7d6bbfe1f2841bfa02c007157b","913","999","24,52,55,76","24,52,55,76","True","va-1890"
"validation","1891","ed6deac20ac3e5c61acde1545cd4ec93554a1954c2f5ad15decd1380cc0a817c","576","1024","80,101","80,101","True","va-1891"
"validation","1892","5d49ae2bd2f27e8c7f28e521a13f69709216365f8086bd5834cae08325f01dd6","410","273","6,37","6,37","True","va-1892"
"validation","1893","865b0712c403af36670f3718ec788ef7594e4d1582c35e9c8cb5b3c088310577","410","273","8,30,36,52,58","8,30,36,52,58","True","va-1893"
"validation","1894","89b1b9451095bbbb6b2af7592693c2443f3dbfaeafc081f4b547f49b551ed2db","768","1024","25,27,41,58","25,27,41,58","True","va-1894"
"validation","1895","3c498e2555fae7c71ba4edded2b6f0ca00de4774633297c7a97246624a6675af","512","384","14,37,43","14,37,43","True","va-1895"
"validation","1896","04715e2948fcec8d87aa358c67d30a43606ac437af104f41d1d505e7f96de1a8","270","208","8,52,81,89","8,52,81,89","True","va-1896"
"validation","1897","ae898350108a6136a893f958b2c74b30823391eb92717296c08516552062be13","512","343","17,67","17,67","True","va-1897"
"validation","1898","963b8cdd5762c2a4185d42f64b3988bb4dabd38683e3bc97360cbe946dd63221","512","427","53,73,91,93","53,73,91,93","True","va-1898"
"validation","1899","ce4a05a9ad1e4d10c02527e2e4a5c905eba7ffb45273561de5e662b8574d842d","512","425","31,82","31,82","True","va-1899"
"validation","1900","693dde762f59deaf427b3797351301388f9e51f12f41bd4b21c906c31a241c78","1024","1024","52,53","52,53","True","va-1900"
"validation","1901","d8ad690de9658f46eed71680de26b1fbc91c46e985a67eed534ee4e1e6fc617f","410","255","8,36","8,36","True","va-1901"
"validation","1902","916330b9a4250b1617f9ca88a11e15543c4e073471a3ea24697c8aa919750441","640","428","19,56,84,87","19,56,84,87","True","va-1902"
"validation","1903","54cc5143ee6f2099c86510247b51df60f836b53c49cf1f107843f8f866dc5f9c","512","399","8,30,40","8,30,40","True","va-1903"
"validation","1904","4993f9e464231ca1e3761201cc5bb7f809a0919fce7672fe75bcc2783f632f1c","256","256","68,82,87","68,82,87","True","va-1904"
"validation","1905","e6c55e3c36a470095b6bf7a2e948b04ee956aa3438bb61975ba89b541439de0f","640","428","27,31,38,44","27,31,38,44","True","va-1905"
"validation","1906","6f66d912e0ee6b0f9644f7ef9f6c272cd486babf24ce2cd5de1d6cc78dd5df05","500","333","68,74,76","68,74,76","True","va-1906"
"validation","1907","c096e69c609fb2d957f9c8b571d7e8e449d51f4555979b81f7bd1940e458b13c","300","392","10,20","10,20","True","va-1907"
"validation","1908","2b24032ec01ec53df985e336fbcf854513dda01f3673043d940d4d2e2e7d31c5","512","407","9,22,58","9,22,58","True","va-1908"
"validation","1909","599b0abb9613e889f2a11814eae8d147ae6b6cac99c2585799bad4c719798e3f","410","298","10,22","10,22","True","va-1909"
"validation","1910","5c3539b32b957ddc26a1faf1edfd028f4b1461d9293c5d93eb742f07d0f4b296","512","384","48,68,76,90","48,68,76,90","True","va-1910"
"validation","1911","81df55b59a77fcfb55654f4a6425cef66c4fe7f647f05e86e003d8d801e02249","256","256","34,89,90,91","34,89,90,91","True","va-1911"
"validation","1912","1df24c20fd648a03088523795c82549b1585b58aea5f982daf352359ed545809","512","384","18,49,66","18,49,66","True","va-1912"
"validation","1913","ee11c098e56e7cd84b714ddb9feb343ebc1f3b30611ebeff1b3983ffee9ec71f","1024","1024","49,70,76,89","49,70,76,89","True","va-1913"
"validation","1914","d73724b37fdf7081dc79379d6437e62a63587dc42121f90fc65f002333dbe7fa","307","204","5,13","5,13","True","va-1914"
"validation","1915","f648e7df6be49fb50c37bb35696f19bdde1bfe4c2ec961a6617938b5cf880ae9","512","339","11,85,101","11,85,101","True","va-1915"
"validation","1916","753cec38e341479b617d254e860f544c4ea42413edd68566149ee3f906c859e5","512","384","1,4","1,4","True","va-1916"
"validation","1917","0836cf9867f8350480462b8e2803f832a98da6a4ce046fc065cc1047754f2667","307","204","40,46,89","40,46,89","True","va-1917"
"validation","1918","b8d9311bff15e3c173318ae1fd9933b8168b51d81c21ddb669d9da23ae00565d","294","350","9,39,67","9,39,67","True","va-1918"
"validation","1919","34edf03f53c894c7e4123dfb98a2ccf20090279d03e8ec453aeb0a5c1b2e08c1","512","384","8,40","8,40","True","va-1919"
"validation","1920","be5a1bf82dc38f0ea2ad8d9db1dc457e610c4da7c6facf93a894bb09cb7be720","512","372","22,39","22,39","True","va-1920"
"validation","1921","efbb4bcdf35258dafbb0b2ec260bc464dfe94e15a7df160e530c1ab4904f1877","460","380","48,55,56,76,80,89,90,98","48,55,56,76,80,89,90,98","True","va-1921"
"validation","1922","03832763a94281a0730177beb22c900f73feed8e8736d134f8f776eb1e43bd56","512","341","18,49","18,49","True","va-1922"
"validation","1923","c406bf69c4ef3faf7c35e87d11b2501f88efb6bdf6c5bb35aa77bdbec8fb8df7","512","343","9,17","9,17","True","va-1923"
"validation","1924","0638cf95b90e56dd177889706a24b614c351517167c776de6b2a97e7243705b7","640","360","53,54,56,68,89,94,99","53,54,56,68,89,94,99","True","va-1924"
"validation","1925","edae8342661b2293fc6a1b7b119a96a4dfdeeedd86abb6bbabd5ef2e9910f681","512","384","1,6","1,6","True","va-1925"
"validation","1926","c0d6023c2beefb7e4704ffc2a5bbf9543290b5bd18d7f9c49b817a8fd271100b","256","256","20","20","True","va-1926"
"validation","1927","2e4a24ac42927a7ad59604747384a302d8f475b0c577a9708e37185695faef78","1000","667","49,52","49,52","True","va-1927"
"validation","1928","3a6d41e9ee023dd99797ce71d4714fc8005d360878ef11b7795325aa2726c3a2","382","512","61,71,73","61,71,73","True","va-1928"
"validation","1929","f4a4e3debb1ca7aed7a5f7f8132409660e38f14d79792ca5e7dd488da72de986","512","384","40,84","40,84","True","va-1929"
"validation","1930","064c1216fa4a5be143207d2432192d35d232c41f69c61deb0a9fccf87c8ddbdf","640","480","55,76","55,76","True","va-1930"
"validation","1931","6ab678abee583722269a920ec0dd7b9a116062d1f85cb5cdec30c2baecf45ac6","512","384","13,37","13,37","True","va-1931"
"validation","1932","824b48d7a3f31c7417091d5c076393ad4059f51550270eefb0903f0934cb2039","768","1024","26,67","26,67","True","va-1932"
"validation","1933","2d333d64f789a141693f8241a13fcd4f650423abffeb70cd5a1b78d5d419ff76","500","750","68,87","68,87","True","va-1933"
"validation","1934","2ccc7717ea989448f0bf01445e47c203d43f2875e5e9988214477b331ddf4c84","800","531","8,34,89","8,34,89","True","va-1934"
"validation","1935","4f6f4f4256fd1286b7272c62d1c521988ff60b66b81f8fbf935e438d6f1ac230","307","204","22,80,102","22,80,102","True","va-1935"
"validation","1936","3f6c97b0f84e84de454475971e642aed26ae610c38e6eccbd45a0c17948b673b","512","384","8,36","8,36","True","va-1936"
"validation","1937","bf98f1fce1813c41d9a9515109601db18712e4ed0baee4629e83f913db19be13","512","355","17,58","17,58","True","va-1937"
"validation","1938","eaff835a1ad1a887d41e2ce465980e15821fcabed013619d5644e775bdc8b719","500","750","68,77","68,77","True","va-1938"
"validation","1939","7ff3fd116678ed916f102d3b2df09459b0cc980899b8d19d6f97509e1138551a","512","384","46,98","46,98","True","va-1939"
"validation","1940","1ea53d63b1eaeb63aceaccd25cccbd86aa3193983f3e9259d2f91f3fd29c271f","400","400","14,36,89","14,36,89","True","va-1940"
"validation","1941","edcae6f9d98831c35c33a520f2368eff05d0ed2d38fa74caf251832419feb398","983","983","14,38","14,38","True","va-1941"
"validation","1942","c922768eaedce104e4ca29c5b7a90c51c2b5ab9f994ae79678790106f7185e5f","512","422","19,66,85,98","19,66,85,98","True","va-1942"
"validation","1943","24cffaa0e87cb37091bef5234e8cf400b39096bb5a77b4409b65083d2c807def","375","500","37,58,66,80,83,84,86,89,98","37,58,66,80,83,84,86,89,98","True","va-1943"
"validation","1944","1ff29c2b18c9eb95dc35e16f33fadca600081e3a0d0d77b245c604d488335956","1024","1024","83,90","83,90","True","va-1944"
"validation","1945","ad93301fb5997206abe0015b7b87e071f6c5276b0fe375d1c52116f262a753f8","773","1024","16,37","16,37","True","va-1945"
"validation","1946","c7f4546516818ec0b9f65986ecab117d95237049a4efe825458756aac55a29cb","480","854","56,76,92","56,76,92","True","va-1946"
"validation","1947","b24d0b7d32b2133c73c6916dc9c04168f47e4371a5d4d2900de4e7e9fd625f79","512","384","19,47,65,87,93","19,47,65,87,93","True","va-1947"
"validation","1948","ab91ba2b3a9fba8edb22a7d606240ec7c1e97bd1e37b512765adb761af8ef583","256","256","37,44,82","37,44,82","True","va-1948"
"validation","1949","365f5a3619fcecb98204ec4d59caa7b920edd82783921029e8348e025757b06f","512","384","31,40,58","31,40,58","True","va-1949"
"validation","1950","66d39e8774e8e6f04518bd2aaf78c358f1c70c4fc56a9f709b434a9485b01097","512","384","47,58,94","47,58,94","True","va-1950"
"validation","1951","c0711406028c978eed1b866ea3e2211ed852d4141aa3355cbf3c4857fe76c302","256","256","5,8,35","5,8,35","True","va-1951"
"validation","1952","f65b52f6ca75bd023d1a25910edc71ead67165643ed39a6cb8d8700187b32266","512","384","40,46,73,84,90,93,97","40,46,73,84,90,93,97","True","va-1952"
"validation","1953","a2497d203a9193954e4ca709fe9e17068c01df082239116f1082dde0d9336176","1536","1024","11,27,48,52","11,27,48,52","True","va-1953"
"validation","1954","b92eca23b7b47327e49a7015af4b34168d0b6632abf50591072ccea6fb821b17","280","280","5,36,37,58","5,36,37,58","True","va-1954"
"validation","1955","716e82f3db1c4c22f6e86625ca34fa5af2eaffcb503580d837b962ba8a964654","287","400","46,77,98","46,77,98","True","va-1955"
"validation","1956","4c614cae86dbe2f6ddac45911f7f98ddb2602f2056229b3da287b28e276101a6","512","384","36,58","36,58","True","va-1956"
"validation","1957","e7a598312bd65b4075d48ebecf5170b45b2ac7fd1af5442c81f0ce7846e9cce2","481","512","14,15,31","14,15,31","True","va-1957"
"validation","1958","5a7c726ac60ec9f4737668ec3b1250717f69d103fa0bcefefa3f96fd7812eb88","1000","750","68,103","68,103","True","va-1958"
"validation","1959","8020108a68c9438fadcf16f1974a558b965012f5ad673ce25afa26dbe7bd7dbf","512","438","38,58","38,58","True","va-1959"
"validation","1960","e3ff6576d44d262553c1bbd28a651e412b71159af279fbb7aea86adb1d862317","1820","1024","14,37","14,37","True","va-1960"
"validation","1961","10f7be38fb51da7a5b4767845e084c3a543cdbb369eab113b702c5979d6a20be","454","512","40,48","40,48","True","va-1961"
"validation","1962","a9e861e0411e66fed001668753e547d13427b7b856d2c3ff3dc1780fd70017e7","576","1024","12,31","12,31","True","va-1962"
"validation","1963","7c8ebcced3df6ed187d647113ce444268142293f3aafebfe9f0916aca71ad4e8","512","351","14,45,89","14,45,89","True","va-1963"
"validation","1964","2e4df84b45ccee13f70504341b1947b0c1b5bb7a1690bea8b98fdf37fb518bc7","307","204","5,13","5,13","True","va-1964"
"validation","1965","9b8062bac803a5407cbef2c8a962c65f147e7e4715c091b6e83ebbeba6769e4f","768","1024","6,31,32,44","6,31,32,44","True","va-1965"
"validation","1966","cc7b5d14415ae388ffc0f9abebc5a2655a3a7f0d5ace1344a3c173d9fca7ef41","1819","1024","67,80,102","67,80,102","True","va-1966"
"validation","1967","7fe1c5c0e0e5d6803c848f7d956c87b540dccb70af96c427412ea49fe2a11b62","512","332","35,47,73","35,47,73","True","va-1967"
"validation","1968","defd54e7d557c8bbd290d427c09dcf607ce7e226dfcac244c5baa20304fcec22","512","384","5,27","5,27","True","va-1968"
"validation","1969","0777d95e6b6330b314f9688e794fe69dfdd2dd730b25d5909c22b2a5765b388e","338","450","8,20,89","8,20,89","True","va-1969"
"validation","1970","fe79379be27a46df96711a7f4ed63997316ab07ca982920f22e45545f1872b41","410","307","1,10","1,10","True","va-1970"
"validation","1971","d007ec75e6123916a8f90c5c62f529e1531b583c7ffb8198751d52c28e228d97","512","334","47,73,96,98","47,73,96,98","True","va-1971"
"validation","1972","6e532cd7b09bd410abbf65088aba7b8af144d319fd6113d5f281b2ec2992597e","256","256","15,17","15,17","True","va-1972"
"validation","1973","db47fe6bac38aa77e8cd754d050eb40281da90ba03f5b6915072514cda150f5a","640","428","48,65,73,76,90","48,65,73,76,90","True","va-1973"
"validation","1974","cca542686af64644587d4c8fea718ed98e941a57cef00d0ab2362241af66faab","512","462","10,81","10,81","True","va-1974"
"validation","1975","51584a53fff3a5e887bc0cc15a71f5299ffe5bd5a0f8ae361d70bcfac26fe4e6","361","512","8,58,97,98","8,58,97,98","True","va-1975"
"validation","1976","2517cba21ef469b864c8d1d34d7ee4f77164a9c400817a85efd7934c6c0f4267","500","375","13,27","13,27","True","va-1976"
"validation","1977","9c7911af24072e5550b72556b10873a7da8ecf68105f4ca3bce39a7ba4dcb058","512","384","30,34,40,48,89,93","30,34,40,48,89,93","True","va-1977"
"validation","1978","bb6291c7605dfd5570dfeb0f27651560284aa43bfcc8feef422784e9d214a747","306","204","46,84,96,101","46,84,96,101","True","va-1978"
"validation","1979","da03bdbf4cf7b27312a0ed84af9d435e284682cc9442566685ff68fd79cd8d0e","512","389","1,13","1,13","True","va-1979"
"validation","1980","d3f68d3e5a98ccb151fd7676f1b9d9422afc5f58d0ca1342a1f41959dfd5b447","512","384","58,82,96","58,82,96","True","va-1980"
"validation","1981","f66aeb8419a051dd2f9646993ad2a21d4a9d1e0b9a84c6ce3608c24e3c424a8d","512","407","46,48,90","46,48,90","True","va-1981"
"validation","1982","960435df5c5b558af67c4b4430adfa4b0f663f84817c74ea3a919c0333d37d56","306","204","48,65,95","48,65,95","True","va-1982"
"validation","1983","f7658ec406f644ecad43a73230a7a91c923037ddec1cc7c203e6f515ceed4099","512","386","48,84,85,93,95","48,84,85,93,95","True","va-1983"
"validation","1984","d7fd1ebbeb619ee7526d2d4377261fe2d1a2791ce82087795bc01643b0a282f8","410","273","37,55,89","37,55,89","True","va-1984"
"validation","1985","717fde38da8ebbb7c93a7680cc4c36a760bf73af96136a9e86f62e3a7b898cdb","256","256","90,94","90,94","True","va-1985"
"validation","1986","f5b3d4badf64648d2d67a1c5c678f0cd00aa16d96ba0c5e7f6601021bf3d01f8","1365","1024","11,55,59,87","11,55,59,87","True","va-1986"
"validation","1987","60311d94fd6e1a2d3fab9d086c3ae0b0c800373cb0620ac2a976d017117aa5da","256","256","47,85","47,85","True","va-1987"
"validation","1988","1dec75aa7edd9782322513da389ce7094f5d27b1ecb94e7e377a1c38c369130d","512","384","38","38","True","va-1988"
"validation","1989","9b478a3cfe40c5dbfdcdf8e1cef5ef86ac106f39fee264e909e1fa673e1996c3","768","1024","2,13,17","2,13,17","True","va-1989"
"validation","1990","1e6579cb2a41e0f3b1782c6bb955dc092e9fdaa03ad815f13e573d8eeec09ea9","512","341","56,82,98","56,82,98","True","va-1990"
"validation","1991","e7c7c223e1322894e750d641b111720691dcfa76542b340fb953e67c17510e4b","447","335","76,98","76,98","True","va-1991"
"validation","1992","019e34d01d3ae4202203ae1dec5bdbfe60e75900c2bbb98e86eb1ea205346ca3","256","256","18,66,76","18,66,76","True","va-1992"
"validation","1993","ce763bbc9cb87d170c80bb78dde8d8f17f6baadae35d4fb901d7484ea02ca4a0","256","256","69,94","69,94","True","va-1993"
"validation","1994","440d2e914fe1d62997b18acce31e08f0b199aed487343a845a92832455433105","979","979","55,58","55,58","True","va-1994"
"validation","1995","78203b2fb5d741037000f114b48e50b5b1006d7b045ea96c435f4142a5d30e4f","480","800","68,74","68,74","True","va-1995"
"validation","1996","27f0d5bc8a547e3b9e9ee4f1274b5766ebd326a7d76acbd9c1aafe9d63361b42","410","546","5,15,22","5,15,22","True","va-1996"
"validation","1997","db82677f13115d279342d67e09440e2e1107e038fc81a7d25616cdfe3916a83e","1534","1024","52,55","52,55","True","va-1997"
"validation","1998","b2984260a25fa761fb2c38512a698ae48f445e3712665d6e9d551b3b2a096431","512","384","48,58","48,58","True","va-1998"
"validation","1999","75482a4f9be5504753c6a6c15c28a0ed3333a7ab1897585dfaf4de6d78490d60","512","384","67,85,101","67,85,101","True","va-1999"
"validation","2000","0990d4a2775959bf5fb238d2042103f94fb665a15928a03e48905508d472443f","256","256","9,101","9,101","True","va-2000"
"validation","2001","6115ac1c9b3658e65f279bbd93835dae73ad5bad7ab512b1c113a8fc790cb80f","256","256","56,68,77,95","56,68,77,95","True","va-2001"
"validation","2002","44c02b86dade7ae8b213915d2ebfd8c02d23acc77f227dfcc93307ee49ea0e0c","512","384","19,48,66,76","19,48,66,76","True","va-2002"
"validation","2003","4fd516963c0282209d221aec7b2949f82af0fb761997f5ba46e84416821d3ab3","1365","1024","49,83,84","49,83,84","True","va-2003"
"validation","2004","d0f8e0a4ea8d343ea4974722281bd078cab2c1b0df709d1b3d363b07a3fd12fa","642","428","22,58","22,58","True","va-2004"
"validation","2005","a5a8999e10b018537fca9c4be6d912c2be21663bce8c9bb91afdd70411529727","512","385","19,85","19,85","True","va-2005"
"validation","2006","61401bf51d56623140d247564285a2d3c343710807548c579048404b8a69a60b","1500","1001","11,49,58,93,94","11,49,58,93,94","True","va-2006"
"validation","2007","bbcdfad5f8687dd6c131c3f8fe454978e9cf889e9e2e2e3e69ec0a68ac2cad87","512","360","27,80","27,80","True","va-2007"
"validation","2008","a473f1724689e4670f8c97a66d29b756ef50beb7e53bb1842545c3fc889cbfc0","512","384","9,20","9,20","True","va-2008"
"validation","2009","19482f316da579b30e75aef89afd36464360e75273824e0c40734256985d447c","512","384","73,79,93","73,79,93","True","va-2009"
"validation","2010","2d4bd56f9a5857e76e111aebef135ac5933d81e405fcd5ee6856a23a3fea41c1","512","384","37,47,49,89,92","37,47,49,89,92","True","va-2010"
"validation","2011","d819bb9f53ff7519cfa3309457d6f3eceb90b271e328de7bc6aed0083f158f92","512","384","14,37,45","14,37,45","True","va-2011"
"validation","2012","fcf83fc8520330c83495971f3a3e4fa75b44b797f18fe88541e98c3f9f04a886","297","350","16,58,81","16,58,81","True","va-2012"
"validation","2013","ab065f9fa6e69578e321997bd16dd7088b74b3a6a7c0e5593b59746dc5ecfb02","1196","812","10,31","10,31","True","va-2013"
"validation","2014","0bd63e5f9738106eebad665027a5d01708259f49fd78bbd9dd226eae717fbde0","307","204","15,36,89","15,36,89","True","va-2014"
"validation","2015","5b14c17b46ffb3d0df443d7a56050ea55f21f5aa0cec5a981e928affdd1a146a","512","384","47,70,84,95","47,70,84,95","True","va-2015"
"validation","2016","56a4daea72bb170f06519a4e82363ef4c6c783e0e40a84790e52dc873bee7453","512","384","5,17","5,17","True","va-2016"
"validation","2017","e96ff192b4fc846753677561c0f91d99c3c31dfa75fb44854bd920ef12e52edc","512","384","93,95,98","93,95,98","True","va-2017"
"validation","2018","dd247838487304229cc876bcab8b7f9a3b2cd103b3e4c007ecebceda6c8716b9","512","384","58,73,80,92,93","58,73,80,92,93","True","va-2018"
"validation","2019","00933e10aa8bf8589b4fffdde193a58184d057e524c436add471a4173180de07","280","380","47,66,69,94,95","47,66,69,94,95","True","va-2019"
"validation","2020","e46bc0b428d3658cde0fb795d3256be3766d77756cf27f307e821be576d6caf5","512","339","66,68,73","66,68,73","True","va-2020"
"validation","2021","07d5960edf12786243d292c47f97c97edd9d8e862c369a022bff2769f9a82ebe","332","512","8,22,39","8,22,39","True","va-2021"
"validation","2022","49c899b85c9bd816221ba1aee34773d70cbb8dd847bd0d9fef1f825fb066f104","682","1024","68,96","68,96","True","va-2022"
"validation","2023","ac59cf6bd56d6771c7d4e1781e32c80effb4659899fc84db35608c4df2ef8aac","512","384","47,73,76,82","47,73,76,82","True","va-2023"
"validation","2024","91ea5b4ae3e0ae545e13dcec3a436a41f9891581495db5b06e0e5715f5517024","512","384","52,81","52,81","True","va-2024"
"validation","2025","538f53e1321f3f19a188f3b95018f615f520644f3b82092704f08d006c8385b2","512","384","12,29,36","12,29,36","True","va-2025"
"validation","2026","699b29438f25d000798d8faf5de29a9b1e7a7b9cfdae8a9872a50ecd816099a4","410","282","1,5","1,5","True","va-2026"
"validation","2027","3ac72f959da4c270841b453e7998bcba5b19ee4fa4234a95b664ff8d1a9de101","512","384","37,40,48,89","37,40,48,89","True","va-2027"
"validation","2028","2e41b0865a4a70d27791eb2d6def37f0e9cdcfed6cbf2643e2874fc8bfce60c7","768","1024","55,65,98","55,65,98","True","va-2028"
"validation","2029","1d8673429ca4a4f8be11a3a9a384c2f4666ebe67a8dbbf1761721efebf49eaa8","410","273","5,15","5,15","True","va-2029"
"validation","2030","d0b168ddebc79a5caf9e62196619c2f93b0bc133e713dcce759d85cd5ef16985","512","462","17,94","17,94","True","va-2030"
"validation","2031","04e469c23337cb225e8c1292c17a1e65a7aa8c1bd4089180fbdc040e4821f974","768","1024","56,90","56,90","True","va-2031"
"validation","2032","17445a77dbdea413fec9a97f69c3d199d320bb45edf86401c7c8741f60fc04fa","709","532","47,70,72","47,70,72","True","va-2032"
"validation","2033","5aaf1b29208fd7eadd86a2513a60f3980441849163689571d0fec99e1d634fda","259","387","49,94","49,94","True","va-2033"
"validation","2034","42d5a86152bbfbd97f91384a949262230b7cd3cccb34643f4588935df59741fa","384","512","15,40","15,40","True","va-2034"
"validation","2035","f3fbd599739239b2037f67bfa308070839c15396dfee28a016bc9c5bc3be8655","512","397","24,82,94,101","24,82,94,101","True","va-2035"
"validation","2036","581fa2ccfd03532ba7e8c8f6e217b5c6c029e88f873ddc9ac0408b8dc64939bc","410","299","17,58","17,58","True","va-2036"
"validation","2037","7ac02129b6c0508282a429ebc849100617c27907dc77a8868d667f87ce0d310e","512","424","49,98","49,98","True","va-2037"
"validation","2038","3f12d8f7dd437fb96815c6f4059b82d832674925702c8217f1fc464cb2479169","256","256","19,20,66","19,20,66","True","va-2038"
"validation","2039","4a3d8929722be604ab9fa525913ea2b675cfc4dbbaeb4806c9f1c5e2a1c67270","300","300","8,13","8,13","True","va-2039"
"validation","2040","2d4b697285b14b6b38286d6d0ae1c2f78571f35621d297ee9b904a97dd313f7a","512","384","73,89,101","73,89,101","True","va-2040"
"validation","2041","22df7250c29a9d4cb27f3cb9c51839a8691506227ddaae32f179b35a8fd9ad86","410","307","6,81","6,81","True","va-2041"
"validation","2042","95051c825310ee813ce328bb857eb9651a3900f2ef788577f05ca6032cc74952","512","500","14,34","14,34","True","va-2042"
"validation","2043","a97a0731042efa3d6c496db14296fab5150ee06d1a223e368660123ca204c2cd","256","256","17,85","17,85","True","va-2043"
"validation","2044","c0456d5679810d5653dba60ee86889a494e79278012d48fdbaa1a3a8a714f27c","1365","1024","8,53","8,53","True","va-2044"
"validation","2045","5afcba996baf6a67bb153eb43dfaa9353bde21cefd822cd8ccdc9578d42f42be","512","384","19,66,80,87,90,98","19,66,80,87,90,98","True","va-2045"
"validation","2046","3aa3c90bd5403ed58c7b1b318eff145ddfea681291ae164b04e021a76ba7fab9","600","800","15,17","15,17","True","va-2046"
"validation","2047","5c6f02dfd27a428e3f1ef51c5ea498a5788b5d4a220ffe3a552040c28f326ef3","640","428","1,18,22,28,89","1,18,22,28,89","True","va-2047"
"validation","2048","332be87ee72b7c4d1215874c3ab4f1a04b54e4c0c6954b3676be9d1406767cd9","389","512","14,37","14,37","True","va-2048"
"validation","2049","857a7d196dc2716bc3b148f2b9e3b534f64f911709b1661f92388d1a056e3937","256","256","25,30,32,45,89","25,30,32,45,89","True","va-2049"
"validation","2050","369e952f1d03d5c35728c2df166ad8436680f7831d84f6af16f829ee3d1794fb","550","550","82,94","82,94","True","va-2050"
"validation","2051","b4fbe8a77e123ea548e4d61da9b0de49db60593a9fdaad2b89bb5b8ea8c6aa55","1000","750","54,75,89","54,75,89","True","va-2051"
"validation","2052","a53421da870ab92087b42bf9180524430aafb844a8c6b145a167227bffad72d4","1399","1024","66,78,94","66,78,94","True","va-2052"
"validation","2053","791c1c2d5848419a8b4d9e7ab9e813443b674874a27cc6669d850f2181e6db3d","512","384","10,15,17","10,15,17","True","va-2053"
"validation","2054","12afcaef63c71f39c3031fb76181f2d79f023d2c4023994c0b48a549196a4659","256","256","17,93","17,93","True","va-2054"
"validation","2055","74ff614da87a364fcec8ded13fed31dc5be6ff6553042871caceed2163f47077","427","512","5,13","5,13","True","va-2055"
"validation","2056","1bd673af2a08e75f6b31c27185986e1030b16aed0dfe0517d0b057bf18fb1ab8","256","256","56,82,89,92","56,82,89,92","True","va-2056"
"validation","2057","50a206f4dc8f11d079d1b4242167c7caf558c7e43da88dc225193d78a7d42dce","512","384","12,22","12,22","True","va-2057"
"validation","2058","0b090ed720b06c46d6f4e1c7aeda61e4bcd32c627a989f04e6c6123b1f02b8ff","410","546","19,96","19,96","True","va-2058"
"validation","2059","ac121460400739c692f96754903dbd04285931d6555a9a6643f76384b2c6f691","642","428","9,36,89","9,36,89","True","va-2059"
"validation","2060","903d7e6349d06c722de06c2d079ff6ee3ef1ce318a141d590d523371fabe5b61","410","410","47,76,83,94","47,76,83,94","True","va-2060"
"validation","2061","e3b6bd53c3f05078dc63646117efc07f2c8e90efbabd0480827d8f49294da61c","512","384","1,23","1,23","True","va-2061"
"validation","2062","e3131df1931110854faa98c68cc3efe751c711dad854a0e17af1146862aeecb6","384","512","1,81","1,81","True","va-2062"
"validation","2063","0d0d319eea392bc7d23fd73f632e0e13390158327c102b373065387068ab483e","512","384","85,101","85,101","True","va-2063"
"validation","2064","57fce5f2958162590912f8c3938887ac1b7ac382c7616cdb2a01ccb365360791","410","363","15,36,89","15,36,89","True","va-2064"
"validation","2065","26c7d0a01d34467c67bd2dee034019ee6b13cd114e124fc8da0ebc72dc4fe365","286","350","8,36","8,36","True","va-2065"
"validation","2066","3d2d5e58a5d95794e56fe8a790ca027e7885138eb17c6756d44b67e39feecb0b","512","384","10,32,38","10,32,38","True","va-2066"
"validation","2067","93dea90e3fc58a46767c45d3fd19b6952163749113c33a843faab2e4cf627d41","512","384","52,71,78","52,71,78","True","va-2067"
"validation","2068","8cd3b0e02d0ecfd5940e0cfb253ec411e49464d8f04065019ba5865db0b22bc5","512","384","5,17","5,17","True","va-2068"
"validation","2069","6137d356990142c10f81a94b91d2fe7504bbae25e9a83d858dacd38f1dfcd19e","512","384","48,73,80,92,93","48,73,80,92,93","True","va-2069"
"validation","2070","7fa2ce9ae78524837c51446f59bf5e71385ae58ba54c3c81dbdde3613cce9e44","512","385","19,66,87,98","19,66,87,98","True","va-2070"
"validation","2071","661dbdbad9334bd5f1adc7a4febb18e8eb70d4699c84e9a3f25016ff90b99aaa","256","256","8,40","8,40","True","va-2071"
"validation","2072","de188af4f107cd5d246e64a0762d3685de97c12aa93fcddf4fbab9ed4e239eba","1365","1024","9,47,58,94,98","9,47,58,94,98","True","va-2072"
"validation","2073","08a3f9dab33134907792b1f26dcf9ada24c7042974442639254634010b781cd3","768","1024","48,86,96","48,86,96","True","va-2073"
"validation","2074","3a655c729313dc05bf17d787ec6b7ead5d86b3e3ed6c5ea6397b06ce2f83992c","307","204","1,10","1,10","True","va-2074"
"validation","2075","469f937e32474ad75f7c118da778d77362ec14438779ea5b2e57886ee17c6e2b","512","433","18,94,98","18,94,98","True","va-2075"
"validation","2076","92af82188cbf23d9f2c95237ae6f80758aa4232b881adb0450f359903dca82c6","512","384","46,58,101","46,58,101","True","va-2076"
"validation","2077","cc781b3988830068939b9de51f9f745b5aa9aeb57a70ab325edce1521df5684b","667","1000","63,68,76,80,84,99,100","63,68,76,80,84,99,100","True","va-2077"
"validation","2078","78140293bf8aa8bd410345a1adb70c04831d4b0f7b203921d7997989d843754d","622","929","52,67,89","52,67,89","True","va-2078"
"validation","2079","1b20c5776f995eb3d389411af22e8a4794f06f296312226a25c0aba9a2269d50","410","307","5,17,31","5,17,31","True","va-2079"
"validation","2080","45c946968cbcebbee16e434e3c83ec64bea82183d02fce85ce7345fbe1d3918c","512","384","8,36","8,36","True","va-2080"
"validation","2081","d5397efccf4231aae13f8beccf3f967341e40050ccdfeb7775a9285829cb5a45","512","370","10,82,98","10,82,98","True","va-2081"
"validation","2082","2b381bae68014ecf22e7851be0174498c3515fbb35f6975df4aed052fcb14035","512","384","17,35","17,35","True","va-2082"
"validation","2083","0be1adf07eab36798c80ba5b145b8588d586a93cac775651685843a33e1523dc","256","256","19,20,87","19,20,87","True","va-2083"
"validation","2084","c60ecc5ce8bf3d10ee1f6c4c59d29c4645c3504acd69535c6a0f85eae4e6d798","512","384","46,81,89,95,96,102","46,81,89,95,96,102","True","va-2084"
"validation","2085","3312a1a335b7cd412336c7e058f6c6dcb022a6a046956c2c2853f8522218e2c6","512","413","38,67","38,67","True","va-2085"
"validation","2086","812c5a851115f471632217f92f5ad3b6bb6e5590f3f3f19257c37d49fd744dc6","410","307","11,65,68,89,98","11,65,68,89,98","True","va-2086"
"validation","2087","b92270db0eae6e7fdb5b39de345de2019d3835afc9b09424180f6b421e4c10e8","300","300","40,47","40,47","True","va-2087"
"validation","2088","465748a8f25242305f755704d4bd3b1c6ba09887b43a7444daf6d95bc3b8a21c","256","256","18,66","18,66","True","va-2088"
"validation","2089","da36e9cb1a27f8631f789473f816fa8a48de15f76ca6358be373cfd8663ded09","410","308","5,8,38","5,8,38","True","va-2089"
"validation","2090","180e4b36644dcd1fb53fa227e6a985d8cd92457690d59fb52b307502cc75d787","512","384","30,40,41,42,89","30,40,41,42,89","True","va-2090"
"validation","2091","d8e00df89412920528942c90e2d9fdfb9fe8208ff6685500939fa3cc7e28155f","512","384","32,45,89,93","32,45,89,93","True","va-2091"
"validation","2092","2407a80e4ded77566f05d18a5a003c3a58beaa38e0216911157c6567a104e3af","487","512","15,58","15,58","True","va-2092"
"validation","2093","a8c9563c7219a048dc7ee4e4b0f2d2a9f9395a9dd88f0e248fc863a78f706f01","256","256","66,68","66,68","True","va-2093"
"validation","2094","e40f59ff5942b832a251d22f3dcfb2eb2e8a0dd7c9b899c7b5576aed427d05dc","512","341","54,66,69,78,89","54,66,69,78,89","True","va-2094"
"validation","2095","1c72b436827685cd0e5567d4850775df7604f752128f32767dde92364420bc5c","512","384","40,46","40,46","True","va-2095"
"validation","2096","fca0399fc01a33e8d0f5f9fd606e47f4f212bb37384464e9792b0d48db5b592a","307","204","8,38","8,38","True","va-2096"
"validation","2097","41bf4b50bc5ca468d2ff18dca67a8cbc113d246cf649431d2397e76bf4bb454c","512","461","27,48,68,73,87,95","27,48,68,73,87,95","True","va-2097"
"validation","2098","b6e93b3c798b485b9bd64f877cb1c86224b5fea1adb3bd23e3e789e60a3d50b1","1536","1024","36,48,58","36,48,58","True","va-2098"
"validation","2099","7f15c0d55c55865c8b38d30daf6314dbfc54a7b2742042d20f9131ba71ae9f04","512","469","8,29,30,34,40","8,29,30,34,40","True","va-2099"
"validation","2100","504725ad1d63d8a1b1f8758f8ca9de96a36d9e2cf7b2735f3f54a31785182a6c","256","256","20,22","20,22","True","va-2100"
"validation","2101","34e0450e22a5d362934914ded641c35678f8aa44ac4a056ab1600ee3b4e3a5ce","256","256","9,52,58,89","9,52,58,89","True","va-2101"
"validation","2102","131824f7586059d3c9fbe4c6bf53c47f66d997754fdf3612b68fdedb4052f13d","256","256","15,25","15,25","True","va-2102"
"validation","2103","e1759e583ccedf136fff85083dc25b4f9d8d7cdc9a58291b605142b72a92a0fb","512","384","9,22,73,89","9,22,73,89","True","va-2103"
"validation","2104","3832afbe67f801d16ec6743015d8c0249083ddb2cfd4e53f691d8fc3cf50352d","512","342","48,101","48,101","True","va-2104"
"validation","2105","cec6dc41956001c319dd23550850f2e4b28511a3aedc71ec57c996ed2ffb5ce9","512","279","48,77,82","48,77,82","True","va-2105"
"validation","2106","af4cdf3e3c58a1962ef1622bd99366a74ae57814099fd42cd8478077632c33bc","472","534","68,99","68,99","True","va-2106"
"validation","2107","2a09ab152d951c023f0700106be97e8e894b37efebb81e3876f9ba8eb9af7974","512","384","54,85,98","54,85,98","True","va-2107"
"validation","2108","614b1ea9ab8daf47442b2f47df4244df9cffa5aca607206d70e1f387f18b9760","512","384","40,47","40,47","True","va-2108"
"validation","2109","883efcddcfa06452dd74be93f31e076466454e6948ce8f34fbafb6bc48b964a1","256","256","40,45,66","40,45,66","True","va-2109"
"validation","2110","8bf0668df96e70912da24a735347c5099c305b47ce607ae29db0910425b81e5e","350","467","76,83,100","76,83,100","True","va-2110"
"validation","2111","8534ef7cd7f9b1898a5e4822a87be9a806966ef491ad4a94c78079622f8d3595","640","428","8,30,32,40,58","8,30,32,40,58","True","va-2111"
"validation","2112","9c15505e7db69baa741160f52b0850979284790058863329e56f0b6359dd74b2","410","314","4,15,58","4,15,58","True","va-2112"
"validation","2113","a43d3eda4bf72416954767583c32c1c0912bd0070af33f5540d94b9e6c9c98ac","256","256","20,84","20,84","True","va-2113"
"validation","2114","df1362fa07dbb51d679399883f55e3a1c52e0cdc00451d54e4be6bf4c8d1a7b7","512","384","17,40,48","17,40,48","True","va-2114"
"validation","2115","e835bcf7b2d5872c90039f81cba458a180af021efca468b7237e125b82ccdb12","256","256","15,44","15,44","True","va-2115"
"validation","2116","e1638f2fada40cce0a50bd57ea41a877401db2e9eb8020bf5f2446e17ed649a0","512","384","46,66,82","46,66,82","True","va-2116"
"validation","2117","5220b4be26f3e539ff2acf53ee207e2425f1b8aea4b0deede88c99c11dab47f2","512","384","37,68,89","37,68,89","True","va-2117"
"validation","2118","ca383f6d1605b4aa4408918953877b52b1480b32007cf4f3f1bf039454460004","1024","1024","23,80","23,80","True","va-2118"
"validation","2119","77c98c108ab55041b0b0491d9fc43a6410bb1df5cb787c34971cb3ceb372216f","410","307","8,58,81","8,58,81","True","va-2119"
"validation","2120","3b5de9d2492e9ef027f9c413d2f380a62a810c4011dfa982054d4e392d5a494d","512","481","13,37","13,37","True","va-2120"
"validation","2121","c804cd1f0d1c15185168eb4e712b8c150bfe390d22719ae166c0a6ad1dd871a3","512","384","55,84,85,86","55,84,85,86","True","va-2121"
"validation","2122","3555abab0e998474d77d32cea588011ec46e71d2666597eae225e4b4665c3838","512","384","9,47,49,58,73,98","9,47,49,58,73,98","True","va-2122"
"validation","2123","1575db58bbc2e614492a2ca8843d72d29b394d48d17e653b7e5f7a00c788200a","512","384","27,58","27,58","True","va-2123"
"validation","2124","2211547b7c080c88ce90a400816790e83da7fdae95a07daa4f421bd6265c6fc8","410","273","47,81","47,81","True","va-2124"
"validation","2125","7468748ab5eeaac63e02d5f0ea88f97ee7356b0959f0d66f7f2f2cf0367e986d","512","426","17,52,85","17,52,85","True","va-2125"
"validation","2126","a42716bf6681ca5abce2d2ea2e332c15bc772764f1368e0f1eb5a799b4976155","512","384","1,8,15","1,8,15","True","va-2126"
"validation","2127","05a1761dd251f8d3ce4bb12a234c6f9f5c29864ddeb99296a6dcd1be9d27d730","256","256","52,58,69","52,58,69","True","va-2127"
"validation","2128","192dd4f656d460caa0f67aa7f69fed15ba5cb204080e95239ec576a4b3f04390","512","384","47,70,81,83,98","47,70,81,83,98","True","va-2128"
"validation","2129","710cdbec6064c19ea0ea7cd2752da298814eb50ab60fe897ca87d4509b825812","512","384","29,52,53,56","29,52,53,56","True","va-2129"
"validation","2130","9f9c7d3e82bc9fd0d992e2aee7940f793b6288b40195760ead72355fc95d7783","410","306","55,65","55,65","True","va-2130"
"validation","2131","e16884fb8e05be9ef8fe33ec508d101803b423ecdb224ccf65b19867438e6829","512","384","17,22","17,22","True","va-2131"
"validation","2132","5d436992672ec50d0bffac728500d4140aadb5815511b9f6471b54fbe2960b5f","512","384","1,5","1,5","True","va-2132"
"validation","2133","2456d011955ea2341869ccb746c3b7d926ecd8b9bccaed9228fbea42fcc23cc2","512","384","15,44","15,44","True","va-2133"
"validation","2134","30d6a1412c102588c62bafc38349f5efa8e50b02605fe976a6ebc62fd8e17a40","410","459","12,17,78","12,17,78","True","va-2134"
"train","0","a8b189ce845545baecea92eee4b195ab2b07b116e12d213ce2c1e04cd8f54e63","512","384","48,66,90","48,66,90","True","tr-0"
"train","1","313a668d631ff59a82d89a2e4d99f0d3207b297a441ee6b4553e07775b4a55c9","512","384","52,70,82,93","52,70,82,93","True","tr-1"
"train","2","0f9d62ebcd2a6c58b456aa21903cb06074739cc9c52e356ee6fa2a88e7c421b4","512","384","58,67","58,67","True","tr-2"
"train","3","494df8781a7147cdf4103f7ce4f8702103417cba999a39b4ef3228f78960a64c","512","384","48,84,85,87","48,84,85,87","True","tr-3"
"train","4","164b7f0a674bb8ce22a25f1a2221e8c59534541bce7acd5ff4c9681c92e4d689","512","384","46,84,87,96,101","46,84,87,96,101","True","tr-4"
"train","5","f195e688555678dfa9d9395eff48e82b872b8f8dd84f4e996539708bd5923e3c","512","384","48,73,89","48,73,89","True","tr-5"
"train","6","9a834ce6f1af61ca76240d526b41cb5d5f43c1710d1fb523bacfae23fa32ba54","512","384","49,52,59,70,84","49,52,59,70,84","True","tr-6"
"train","7","b18273898070cb2a1769788e038be143578953df985d96292f0b0dc0c1452db7","1536","2048","49,66,70","49,66,70","True","tr-7"
"train","8","438c6a31bda4e9f92fc776e57d31eecfd40df3678023aaed9220830a4aa8b763","512","392","9,24,30,58","9,24,30,58","True","tr-8"
"train","9","35fc81b7133bb10442f4b9e7fbb16bbf9275f902aa68e12bd747416f1f9222c2","512","384","47,84,95","47,84,95","True","tr-9"
"train","10","cb1ae918502e221e7634ce0395313fb91578118065f4dc2f6833145db2811e9f","512","341","5,9","5,9","True","tr-10"
"train","11","b793069fd3d68924c1d3ac6ec612ac62bd54e2de63f95dad91ed9cf895d60214","1664","1358","3,8","3,8","True","tr-11"
"train","12","2ebf377e40b9a658427d9891391ce1828d698b064eb9932b49fd859efec1a16b","3264","2448","8,73","8,73","True","tr-12"
"train","13","b0d65634a87ea061907cc441da4784612a2a2d1a42a9b15c4c7347ddd2ae0c98","256","256","46,52,58,73,80","46,52,58,73,80","True","tr-13"
"train","14","dd422f930f0af0ca9f154fde9944a02ca5f8fe9d816bc1d9471c46fc3f632b2f","2114","2706","46,71,84","46,71,84","True","tr-14"
"train","15","1024dd9470f3de0e2304884aa058d90e43a567b192c0a852e71e229ccb9fda62","512","473","54,84,87,96","54,84,87,96","True","tr-15"
"train","16","6896303ff8b2a6558d0face6a188239943920d91bd01a1b5430e616d9f587402","1024","683","37,54,93","37,54,93","True","tr-16"
"train","17","9fc70bee4c85c03f915bfff0725da7e37e2271b5697f51160b0f04a78a91b426","256","256","3,46,67","3,46,67","True","tr-17"
"train","18","2f38adc40b52a050d1ee4fd2bb54e24f09265c8ff6d9274b5508ff30c66ba52d","512","386","55,58,73,76","55,58,73,76","True","tr-18"
"train","19","3f01bc754759fb88bb8970a98d6ab162bffd36db0acdec701b3d6e7c744ba685","1600","1054","14,37,48,52,94,103","14,37,48,52,94,103","True","tr-19"
"train","20","74df1fed2261fd48c5ca1c0b4a8921a6d28e067b5710d70d12795139a17bb605","410","218","8,72,81,82,84,87,94","8,72,81,82,84,87,94","True","tr-20"
"train","21","68acf3c8e9c009f8cee86e0ec2362d8e1ae8ccb63be186a74fc43ecd6ee9908a","534","356","37,48","37,48","True","tr-21"
"train","22","f39183f7324e1a574a6954c8c9458e40988cb699180610426c546a2a3605ccd0","384","512","14,25,29,44","14,25,29,44","True","tr-22"
"train","23","bfbc8ce6aa487f78e010d16d8f939da87876771f57e99e96ad94cf21af37e069","512","384","8,84,88","8,84,88","True","tr-23"
"train","24","6dd80c0a616b13ed8ce8d20c276ec811a3f03814bed19c17e5c8e29ed4a06f82","512","384","46,59,67,101","46,59,67,101","True","tr-24"
"train","25","fe1a6705c86830a4ed11411b08a8dc7dd2e9d83d104513ac12f59427faa957c7","512","384","47,59,85","47,59,85","True","tr-25"
"train","26","ae5c8fd3b48486a21800aae8a6cbaab110ad26d59177107f70c0f655f42f62ad","1000","750","46,96","46,96","True","tr-26"
"train","27","828681b5cfb07cbc83d0cc112156eb5e75806acfeebb2c71efb7e64d0aca7b35","2912","1840","48,66,96","48,66,96","True","tr-27"
"train","28","d60a69feb4f26d35defc57ff5d6a123656d3ffbd63d6a1859ca4eb6f9cee8b92","512","384","48,70,84,85,87","48,70,84,85,87","True","tr-28"
"train","29","a243bbc1970d70dc33a34dc2578f87c2de99aa37042bba736ec1878b06a18c9b","1920","2560","46,58,70,84,87","46,58,70,84,87","True","tr-29"
"train","30","19dc6327448cabcf0cf41bef8232ca592e3f88f2355873980f03ffceb4e52719","512","384","32,44,89,93","32,44,89,93","True","tr-30"
"train","31","14bacc2e4a6973343ea7159376e256fd90a2c493e01445d9a9e9713c2eb39ef2","550","413","58,73,76,80","58,73,76,80","True","tr-31"
"train","32","0271ddd11fedb253f087c411af1a978b2c81ce0b5ef644bb3c154250a345ce51","512","384","47,52,72","47,52,72","True","tr-32"
"train","33","2d61b41df1912231c42d20de5fc3fbdb4f00b49d8939bf63748994e3b628e852","512","250","46,52,76,77","46,52,76,77","True","tr-33"
"train","34","9cde768b7d24ade714ab73abef2c08d45ec1b5f98d0d307e982444f7483ee5fa","256","256","48,65,73,87","48,65,73,87","True","tr-34"
"train","35","1075bd5533d5d55a4fd182f458f9e9466f267346b4aeb3816c966306838a79a9","720","405","48,70,84,89,96","48,70,84,89,96","True","tr-35"
"train","36","ada2140134ae9cf466450c6e004bb686bf8a72301af5909c478874dd85ce4661","512","384","5,57","5,57","True","tr-36"
"train","37","21285f36f2307527d6965cf39534ac6c7b13b33f4b72147fbcc04de94a89c610","642","428","48,52","48,52","True","tr-37"
"train","38","a971038f3889e206ef4a342a3021de0cc12e58ef0ae63fa35545ab1402f59193","1000","1427","15,30,37,89","15,30,37,89","True","tr-38"
"train","39","e7a272a4e3fa41fa445605e75d15b08d9cc638771d9382e6c1a5c1df78caa5cb","512","384","58,73,89","58,73,89","True","tr-39"
"train","40","04bd2199b2ac3a83ad42c3a195ffdd713b1d49932fc32a486a139460f36d034d","512","382","48,84,87","48,84,87","True","tr-40"
"train","41","f2fcda861743b0673139875e86e012f99c16eff4f2147be61c850817a4e0ef95","410","307","37,54,85","37,54,85","True","tr-41"
"train","42","9e53a803eeba71eda2a03701ba22fe5a10b6235cd0763965c2732a266b1c1a89","256","256","50,52,89","50,52,89","True","tr-42"
"train","43","9f5096e3442ea792f6c3a28f378726906eea235a8147682c19ba792ad98edf5c","410","518","8,44","8,44","True","tr-43"
"train","44","03e1066f44be0d255432a7952969c16ee611c346b45ae284617c08b3c599d279","1000","750","37,42,44,54,73,80,89","37,42,44,54,73,80,89","True","tr-44"
"train","45","cf532d74cbfc0688e1129df6a6910d3236cb5b87ec9be4662f83276719608e6a","512","384","48,58,59,73,93","48,58,59,73,93","True","tr-45"
"train","46","c9eb4bd5548b818f60bfb34b118fa8b2030fdbb37bce43487588f6429dbebf49","512","384","47,56,65,73,96","47,56,65,73,96","True","tr-46"
"train","47","518345c8db99c5026859aa1dd43830ba4af01f50624fa9b73e75e90b26b7ff70","512","384","46,70,84,89","46,70,84,89","True","tr-47"
"train","48","8191b7e6503219a0b4e10f5268125f0dc816efbeea5e56081fb523b1a448d3cf","512","429","72,82,84,87,96","72,82,84,87,96","True","tr-48"
"train","49","14f79571b1c32f5ba6d8e81c5f34b83e32cc00ebeb1dc44d117865eaa3d7d483","512","369","47,67,84","47,67,84","True","tr-49"
"train","50","9c0c5c9f8003a9b7938fc67fd8d98fbdf1755690731906cb68974c4790c8e04c","1000","750","52,67,73,89","52,67,73,89","True","tr-50"
"train","51","cbcf8b072970b2a65828738e3f515db014eaaec6d636a8f571b32d66886b3a83","384","512","61,73,93,94","61,73,93,94","True","tr-51"
"train","52","5f4932f982e66484dcb8345b96d650ba999f086bea2a4f920b1330ce4d082332","512","384","3,47,58,73","3,47,58,73","True","tr-52"
"train","53","d7f7bfb5dba69bec80217d98b93d33833f9286f66e1307126924afa6bb55ef8f","512","384","5,8,84","5,8,84","True","tr-53"
"train","54","4f7959bd3e0240cfc2917e5a2a0212ad54fa5191aec4d5eea7a75edd2600e490","612","816","30,58","30,58","True","tr-54"
"train","55","9a4d4985361cbc5660d02ef12773752448d315e8b9473ed3c66d9beed96ac20c","512","384","46,84,87","46,84,87","True","tr-55"
"train","56","7e43d331cb86f1a7e638b52b17312204e2c65c989f56267e200e6847cfdfc424","410","273","8,30,52,58,89","8,30,52,58,89","True","tr-56"
"train","57","ca8594d6b8be4eaedcad81e3922ad9d62b77e3eb772bd77185d42afcb3cd485b","410","352","28,73,80,89","28,73,80,89","True","tr-57"
"train","58","ec87af9b13ddbfa744d63975db0aaa98f450c8e899e7f950dd45f57a12489e1c","512","340","8,52,58","8,52,58","True","tr-58"
"train","59","73535bd4c3675cc8b353bf56c489cd9b70e0ddf3e2336d1ad14c978fce3ab2e2","512","435","3,28,52,73","3,28,52,73","True","tr-59"
"train","60","165d3e1a20c3c40af355fafe3cf3a0944f5f7f076542c14fe7ff609e5431b931","512","384","37,87","37,87","True","tr-60"
"train","61","a332075bb2f67f1f7cce72a406f480e89197ecb99e65b95e62247d6fde9dfafe","534","356","52,58","52,58","True","tr-61"
"train","62","c1bb61a6eed4ebb972cb476e710caca5be8cf96113baa339e8d76be1c386b432","394","512","14,44,89","14,44,89","True","tr-62"
"train","63","1238ea291d3a69d4acb063ca66874cd14f7ee1d578747f7032cbcc9cd4f0b654","2592","1936","52,62","52,62","True","tr-63"
"train","64","b420c69b76124ce07ad8d47194ed236be2d817e8e9b36e374ba3a1ac9e461e05","512","384","14,37","14,37","True","tr-64"
"train","65","852bb2c89966b58fc0c07f2775f3e0dcd835b5b8dd020860ccafc6fd021c8e42","512","340","48,50,66,87,95,101","48,50,66,87,95,101","True","tr-65"
"train","66","1c07e7cb305e46987e1e9a3cc1768aff0554cb4607098806c6415402d612ad86","512","340","24,54,72,82,84,87,96","24,54,72,82,84,87,96","True","tr-66"
"train","67","a5f75b6b5045cfbf33e08d5ff6946320afddacb4adb7bb51c8fdcd9e5e9d8513","512","338","9,14,52,58,73,93","9,14,52,58,73,93","True","tr-67"
"train","68","df0e4d38d93621607e094621e37860d0c984607f8f518e8fd7171aa8ea99894d","512","384","30,58","30,58","True","tr-68"
"train","69","558e95f287aab6ce834c1689d09c29ccb2f37f5dc8d018f04beae3bd016d082d","512","384","3,46,58,59,80","3,46,58,59,80","True","tr-69"
"train","70","61e991116c2fb1688a9f1c8bde9167d3ddf468890b12f061c7b0cad2441be94c","256","256","3,52,59,67,96","3,52,59,67,96","True","tr-70"
"train","71","280caed817464d447aa8ad4fa7e5e00dd6747064492dedfb86bd84f3efae1ce2","256","256","37,52,54,56,66,85","37,52,54,56,66,85","True","tr-71"
"train","72","f7bdced3b057c934e60001415f7ab1361d8485086cdb047a644d99f029d2c462","256","256","32,58","32,58","True","tr-72"
"train","73","52f0bc13adcb90fcf638c64b85d11491dba1853ecceeb8685e26e5ed15cd27e6","1920","1920","48,49,52,66,70,103","48,49,52,66,70,103","True","tr-73"
"train","74","7aed57343808e4b8c6e8bb126ce61a6b3c480855cb520a0989d7f03fb03dc61d","512","384","4,10,24","4,10,24","True","tr-74"
"train","75","5d0e617a114b5616a09ffb4ebc59dcf621565f11f514087aea982fe92a8c2996","256","256","37,48,59,89","37,48,59,89","True","tr-75"
"train","76","97458839ec9a1ba01c746c0a0c8538e2e5dd3f7d72c124c70ad571d5d3e0cdf0","256","256","37,48,66,72,84,87","37,48,66,72,84,87","True","tr-76"
"train","77","263e1596dc1f154e253080913eacd57b6699a504f9a2396bcea28701f7fbcee9","512","384","24,66,73,80,102","24,66,73,80,102","True","tr-77"
"train","78","76a3649e1fb40ce66eaaf338f46a96fad76928d2fc8e06f1719eb96de70d249e","410","317","30,58","30,58","True","tr-78"
"train","79","26d3b5666c31681f3aab30ef3f419a38cc12f985284da2c5d6660a18002900dd","512","384","9,41,58,73","9,41,58,73","True","tr-79"
"train","80","a30807b781400b0e5c5d6b3f6673733d99d61f6e5a86f682d5d172eb695fce2f","2048","1537","67,73","67,73","True","tr-80"
"train","81","e19309424ae26a399b036353d152807794f792f78b0615cc4df8ed35b19357ed","2592","1552","9,48,66,87","9,48,66,87","True","tr-81"
"train","82","648e1fb5514401185104eff6c6a79ef574c9f1d9cb042c34d383c7fb83f991e7","512","366","52,76,82,87,94","52,76,82,87,94","True","tr-82"
"train","83","8e7909de838859fa9c9d7fdab0a104b65726598a406cae2ed8e56cb22afa0cff","360","512","28,54,58,73,80,93","28,54,58,73,80,93","True","tr-83"
"train","84","02a017ca1da6fba307f478e1e0c7906711128a2815170e47cb0ecb760da51ced","1664","1664","47,71,77,100","47,71,77,100","True","tr-84"
"train","85","8df6937fefb9175a1fc07102348152ba97f1ee50532d23411bdd2d52f7ba3889","512","384","48,50,72,89,101","48,50,72,89,101","True","tr-85"
"train","86","0b2d0ca951e178666ad5eeb8bbd7f58dd208ce3a71ff3806db7ddccb79617b81","642","428","29,30,40,52","29,30,40,52","True","tr-86"
"train","87","10c0f5afd68ea7b22bd3db6958185e3b6a9a10b5f1c60b92cdaba38a93c8e458","384","512","58,94","58,94","True","tr-87"
"train","88","840659d38b446dff6591e10a878037bf99ec167796309e95da4bb2c5412cded5","512","384","47,66,95","47,66,95","True","tr-88"
"train","89","6d201d3828465db8ffc568f4a36328030dc4a97dce946bd1e42c1cee1274954f","256","256","10,73,94","10,73,94","True","tr-89"
"train","90","b291417019b24b2e54390bdb652a70bcf7825b24c8e6ade97bb0d571860d027b","512","384","58,59,70","58,59,70","True","tr-90"
"train","91","c236f21ef67f70061c55517fdc72a4a81068dcd334d55c96ee4df5fce08a3473","410","534","48,66,84","48,66,84","True","tr-91"
"train","92","40ee341e83d4a0f8ecc75e18b4ba4146ae8a1ca4187c15b027eb566d536f965d","512","396","10,30,89","10,30,89","True","tr-92"
"train","93","04c3f7b6c7aed26966044fe55f4e64fede3302fb5297052c163ea800da9a8f54","1280","800","3,46,52,58,80","3,46,52,58,80","True","tr-93"
"train","94","91bbf62b41eb8b14cc6ea6c422a3f511e0ab1c737b128d204e9c8c094b0f6125","3264","3264","24,44,52,67,89","24,44,52,67,89","True","tr-94"
"train","95","bfbeefbce7385f6ebd16d70d886461d0e045697620c1d526b967edbe6f5861b1","512","384","46,70,85","46,70,85","True","tr-95"
"train","96","8ab96fd9eb87754782ea532c06dca2c703e9e75eb65cc2ea34c5f29519475f93","512","512","10,52","10,52","True","tr-96"
"train","97","6f6051b02f5f87adf7241f5a49d0c123ab2fef05f9761c739d6136a6d438afbb","512","383","54,70,84,96","54,70,84,96","True","tr-97"
"train","98","8bf1961f5a2e9521b907f8cf400a1b91bdef613096197257f45efb1c1df9e591","3264","2448","3,8,48,93","3,8,48,93","True","tr-98"
"train","99","770e93c01de4ddefa0d00c36c8051a7346eb3ea69cf33c65fbde23b5eb69b979","512","384","49,67,73,93","49,67,73,93","True","tr-99"
"train","100","1bd7093b3e32ed41aebb7e17e97f3893a8963940277fdce10759de7739bbf6f1","512","384","47,52,70,73,84","47,52,70,73,84","True","tr-100"
"train","101","a25490f06a3aa688e7b075a101a9e8269cbb0799b26574a524caf6a79d2a9ccd","642","428","8,10,30,32","8,10,30,32","True","tr-101"
"train","102","e81504fd64ec199f72e944ff32b1d159e01805d0172617fb114095c51ba0ce55","640","428","51,70","51,70","True","tr-102"
"train","103","3c0c0c50c98875f57fc16b441fa462911f9f291a8777ef96a3a4aa7315c1e804","4160","2340","47,54,67,73,82,93","47,54,67,73,82,93","True","tr-103"
"train","104","cdfbe72e4b41d290e43fcc90ab5c67feafc6cf2ada4001625e0ab472b1778231","3059","3059","24,73,85","24,73,85","True","tr-104"
"train","105","be2ebf504079e32a9ff30689bfb025f4688b80df02070702e9520f9351cd1ad2","600","800","4,8,13,30,58","4,8,13,30,58","True","tr-105"
"train","106","8efeb19b24bd8d3bda816e8adff3507a2993966abf72e9748a212bcf6dd9a348","2060","2060","51,52","51,52","True","tr-106"
"train","107","c0c186f068c88a3203f7546b274f199a864c92f01e64ca9c5908098945ee1555","512","384","46,49,52","46,49,52","True","tr-107"
"train","108","812b3e5f388ac36261e7273ed8c5027f907ce9ef6d34f800a2acd42049384ae0","410","315","5,73","5,73","True","tr-108"
"train","109","c3a14bf714141291ed861e106c5d1e2cd11ffb59d49df1286c927d92f6b2f88b","512","384","54,70,72,84,87","54,70,72,84,87","True","tr-109"
"train","110","6e543e9048764700f6f392d88ea1c043394d3faf95f01978342590a4ed7e4152","512","476","48,70,84","48,70,84","True","tr-110"
"train","111","37688dbc67033fa0e0949a94d2f49587c54476b2425d7d7f92414185ba7cd399","512","380","8,10,29","8,10,29","True","tr-111"
"train","112","424e8c810be49f772fdeb9e858b9bea1a383d38c353b9ba976e4062d30140002","512","384","58,72,85,87,89","58,72,85,87,89","True","tr-112"
"train","113","010e64e24e46b5c82f15cd984f7bc8e9d808fefd1e53bae37862b154858cb64d","256","256","46,58,73,93","46,58,73,93","True","tr-113"
"train","114","7bca67e30b2c93a62c7d996bcf7918a9abc9c779a93654956f9086f35d5a729f","256","256","8,47,52,70,87","8,47,52,70,87","True","tr-114"
"train","115","f5d482f3d9cac86253d49efb9a46a1931b1782987c6d0b00861db8e5ce53ecd2","512","343","30,67","30,67","True","tr-115"
"train","116","a13ffec5c04256ef06bd9cb8d96b255964fe7068334d0cef3a62738f008f7e42","512","384","24,47","24,47","True","tr-116"
"train","117","cd88b9bed20085260188dc0923f3415a27018ce0b0c6aef690b43f20e1b92b30","512","384","48,91","48,91","True","tr-117"
"train","118","83bda31963f2db1d5b03eedceb577fd12ecdd5a36af9e74768db90a5f5d7b919","3264","2448","47,66,72","47,66,72","True","tr-118"
"train","119","24cbbe0ebc980361f1a0c0cb80ed2ba99f2fb8441e99b980e27aff63616a68a8","512","320","46,52,70,85","46,52,70,85","True","tr-119"
"train","120","fa570f74f78c28de8be2a5206557fa906a05f31c2ae1071221800dc77e8b221c","384","512","12,36","12,36","True","tr-120"
"train","121","236661f1d1f5b0773196546ffead6f1541d011e9fb26dc009454d08c4bd1519b","410","305","8,10,30","8,10,30","True","tr-121"
"train","122","86abfed8af264f335c7da03db085819d221eab0cdf6665e95492ad1494902200","512","384","30,58","30,58","True","tr-122"
"train","123","725d663a191c4ee6257a714f53bb36b6f0f7b4aa0efb5cefb5bdbfdd82abaa5a","512","384","49,58","49,58","True","tr-123"
"train","124","f249c3ec1b3044b4d963de26cedf0ce5e33ca8dd2445974b645d951bf1e47c38","512","384","49,50,70,76,83,89,93","49,50,70,76,83,89,93","True","tr-124"
"train","125","e1ddc786121513b37db60cfd706530aed38d056e955d24ab1bd12c995a4754c6","512","384","44,52","44,52","True","tr-125"
"train","126","08e4ff90e1e1084c428763f3737fe76bb1ee0dfa61b73247b606c86bafe8a81a","410","273","10,30,32","10,30,32","True","tr-126"
"train","127","309625fe0ff76be5044d50b5d1f39b581df0ad78da86d904550d0eeb5d0827f8","512","415","56,67,73,82","56,67,73,82","True","tr-127"
"train","128","28787c5b5cdacbd0eafd42458c16248a363d99f0b28da2ca611d9241ac9ec7e3","256","256","10,30","10,30","True","tr-128"
"train","129","d1da53b82bb46bb937445bef13c29783445727628fcfb87f68880b1af13d25e7","1000","661","24,58","24,58","True","tr-129"
"train","130","5161cfa491b93e6e983f0b923149822d3dd7c2d0ad4de1f63386e4f37a805701","410","308","9,47,84","9,47,84","True","tr-130"
"train","131","d996403e822bfff03ff936b2f6f7ce252b3f8d507d137a9148631bc86cf9ea5c","307","204","16,44,52,58","16,44,52,58","True","tr-131"
"train","132","8d9f4a565917ba9f453e4d5f4a37c83e9895050b4e47742a8d2b196c0e6c1a5f","3264","2448","52,67,94","52,67,94","True","tr-132"
"train","133","df847c4c86c2d07c97d557ac8265c82662c3b52a09451cf375c45c616d9b94f3","5616","3744","47,70,84,87","47,70,84,87","True","tr-133"
"train","134","6006be716b8598b393048f18f05ebad33a5accc440f8dba9a2e13b321c631d79","512","384","24,49","24,49","True","tr-134"
"train","135","ece3ccbe5b356cdeb533a714797f3638c9937ecb4d076397ec80828721247ee8","512","384","9,47,48,58,59","9,47,48,58,59","True","tr-135"
"train","136","93e918d6dc374caf64f2eb661da2e01aa3edcb57027b1e6e1356924b3d5a1853","2560","1920","58,65","58,65","True","tr-136"
"train","137","516fe49e4c4260f3810968b1aef3356021aba035f249216bc044eefe10071e48","640","480","48,50,77,103","48,50,77,103","True","tr-137"
"train","138","582d864066a30908af012473447aa7b85aa878e771974fc9b0d717e0b617fa46","512","384","48,59,103","48,59,103","True","tr-138"
"train","139","4fe9cbe4e4b55fd0a20695755a045deb636087a4e6f82ed52f4ddfe477b28e90","512","420","37,70,94","37,70,94","True","tr-139"
"train","140","31912e3a23a548b0f41b31b412bee702a1081688470a100bbe4176ce34f3f2e4","512","384","8,14","8,14","True","tr-140"
"train","141","f4e6bc3899cae21152afa5db2e9f8f234fcddcf4d79ed66f9e452b5d7a0aece2","256","256","59,67","59,67","True","tr-141"
"train","142","f627099c845170114931dffa7ce3a29abd67ede59c0f316c2b4af676b2663ff6","460","620","49,85","49,85","True","tr-142"
"train","143","c02162bd40c81d08f07f8865bb1abb0cf3c6bdf998c2dfaea6b1ee788857f783","512","384","48,87,93","48,87,93","True","tr-143"
"train","144","684556b894cbee3c207fc7b4db5f7a43deac50c0543e1b64346ca49c69a2cfa1","2048","1152","71,73,76,78,88,89,94","71,73,76,78,88,89,94","True","tr-144"
"train","145","3a9f329f4b50d21afb8c97428c52b0b064549fea7d34d890b5da4b0028161adf","642","428","3,52","3,52","True","tr-145"
"train","146","b0eb4d67e9efe96f5d12602383d147610033c73dde62a83f110c0bbeec17bb1d","512","380","52,65","52,65","True","tr-146"
"train","147","d059bfd2361ab76fa66324a2d6df7d836a05c79b523f226da4683eab8a035332","410","391","11,37,44","11,37,44","True","tr-147"
"train","148","adc16cab594f829dfe108fe50251b5aafe61ee4d89341cda5e46344ac8f2f7c7","410","307","13,58","13,58","True","tr-148"
"train","149","61a3e9b7258ec4aef68458a6ae5937e7da36f49976509c2f26edb494dcc697ac","2048","1358","8,10","8,10","True","tr-149"
"train","150","0de39e68d4a2b6d4ac78a24dfde51c2a06457003b3ab0a3fb1c27a8f83ff9de8","256","256","49,67,94","49,67,94","True","tr-150"
"train","151","ea9e381d98cbe90e7a5521085511b208f5d56f6dbe87cd3e08c4fdb498f9ea17","256","256","4,10","4,10","True","tr-151"
"train","152","f61856823ce23f3e3dea3c6d788119806ac3b8062f2ae552acb13ed304504e9b","410","273","10,31","10,31","True","tr-152"
"train","153","60c8e01a7477da5501f169590fc5baf9a6239ce03ca56760511a84b4acf6dfb7","3264","2448","9,46,58,73,80","9,46,58,73,80","True","tr-153"
"train","154","0b991afa66b8625f2011725c506a5ebf4c2066767661b364aa13af098b1467b6","512","384","9,47,52,59,70,73,80,93,103","9,47,52,59,70,73,80,93,103","True","tr-154"
"train","155","233af6672b94c6d97760aa7682e7abdb8e6282491081141c9e9e368211dba65a","512","384","3,9,52,58,94","3,9,52,58,94","True","tr-155"
"train","156","f0d6a2fc69bfa2ac0db05577203d733747f83b0fe4dc36ea5ad17df1b1c13baf","512","384","48,66,72,84,87,103","48,66,72,84,87,103","True","tr-156"
"train","157","ac72680d74842e5374bf2a99e9fd7364befd078416be1937bf9a724a52f2820b","512","384","58,73,76,80,93","58,73,76,80,93","True","tr-157"
"train","158","44bda02c943e239b34c59e315cfc3c58cc10585fbf41d1c4a27691914b423ce4","512","384","48,59,70,84,94","48,59,70,84,94","True","tr-158"
"train","159","151735e65d70bbb11bda6424c65d03cad6715d7337b2ef824ef6e48d81baf891","512","384","28,47,67,73,89","28,47,67,73,89","True","tr-159"
"train","160","3246ac18975aae23033aa4d45352f558d70adeb1eb5945bfb7f189c8d506c2cb","512","384","9,46,58,59,73,80","9,46,58,59,73,80","True","tr-160"
"train","161","a951b6b689169a5d7db14c3e1723d73b386f5e49ae85cbd6392e8efdd1020996","512","384","9,48,66,73","9,48,66,73","True","tr-161"
"train","162","6af5157fb0de7d1e2c940ba60f958acc012a43db4a16cba26a11b7b327bdc925","256","256","48,49,66,87,93,96","48,49,66,87,93,96","True","tr-162"
"train","163","0be546d6199a371fb76b54e99fa1950ce69e1d3d54e31e7fbf77c620eadfec58","256","256","24,49,50,66,73,93,98","24,49,50,66,73,93,98","True","tr-163"
"train","164","b2ee8d60142f7d2c763b19f8f123134f0519f4c44e8297d244145187c9f30d70","640","428","5,8,73,84,87,94,96","5,8,73,84,87,94,96","True","tr-164"
"train","165","879b252a96c07a7c8c1557cb233c45138b5030df58046487d7792b500808560a","512","384","47,66,67,76","47,66,67,76","True","tr-165"
"train","166","a08248af4823608550220a384f7ecfce2d994147a4322a3ea2bebc32ebe67d9d","1920","1691","46,48,72,87,89","46,48,72,87,89","True","tr-166"
"train","167","7b27ff714153db3c6d28de8028f344d0e79f8566c374b0a016767e3274d961fd","512","416","3,8,46,58,73,103","3,8,46,58,73,103","True","tr-167"
"train","168","2b7f869a678293e55369df6140d3399a681683395e1fc770a7946f87ce9bc28c","512","457","14,37","14,37","True","tr-168"
"train","169","531afd06b5aa52508309f9bff4523f74b443f9192f476c71dabf3b91318bf9fb","512","396","5,52,101","5,52,101","True","tr-169"
"train","170","68cebfd699194d5f54fc0603984c2624139e48bf4ccb5c46b9cc2761c54222d0","1024","768","47,66,76,82,90","47,66,76,82,90","True","tr-170"
"train","171","05415cbbac6fc08c0e59a224059d283c9168547e61d96658f4f2fbc641de66f5","512","485","57,58","57,58","True","tr-171"
"train","172","33e98a861661ab5bfd564bedc27bfbd4b638004bbaa1cb9b1c20430c25e496cf","512","340","37,48,82,101","37,48,82,101","True","tr-172"
"train","173","3ae8c4fe4e77af7d88cf993ef2a0bd988de97db863477ded5a8dc8db93b016bf","256","256","9,10,16,44,89","9,10,16,44,89","True","tr-173"
"train","174","5705d12ca335c70d1b39e21f4a20b85316cf26d8fe24791ba78009931c07e0cb","4128","2322","24,48,52,58,73,80","24,48,52,58,73,80","True","tr-174"
"train","175","004ac5516e274468b927ce55048c259babc3ec5ef88d2ed6d0721d90666007c9","256","256","46,58,73,80,82,93","46,58,73,80,82,93","True","tr-175"
"train","176","341482cb8ff2c18af88d6c0d45dfde95f7e00a2e3cabb8d77528b5f6d85d6b59","3264","1836","8,66,67","8,66,67","True","tr-176"
"train","177","61f52f61fbab5b933637c6d23a871fffea4ad3359835011bdc7d5363623a9a42","512","406","46,47,70,84,87","46,47,70,84,87","True","tr-177"
"train","178","6969b4a2856fe61d6c2793de191e4868694e7fdb182da1dd7c8c3f0efa3e043e","512","384","37,46,54,87,89","37,46,54,87,89","True","tr-178"
"train","179","8e401dac434dc3973333bbf8244eb4eb969ebae516dccb47067ba109a9f1a348","640","428","37,67,89","37,67,89","True","tr-179"
"train","180","cefdb9acf153b1f219e9af8d433742d5453d7198d4d61e53777ac8c24c0612a3","200","200","48,66,73,87","48,66,73,87","True","tr-180"
"train","181","8a79f4329c63bdf09e64957edbd01760a5d06ccb8768ad278147e73bc43bb0bb","1907","1831","46,70,96","46,70,96","True","tr-181"
"train","182","7cacfb64bfdf1331a012cbb7ecb8223ac331efebd8f0c52e9e1e13b701b3086e","512","384","8,70,89","8,70,89","True","tr-182"
"train","183","54ca6fb31f9cc8755319bb75cb93973b5a3f870f22c8a93551fc51fe8c739591","512","407","8,52,67,70,80,95","8,52,67,70,80,95","True","tr-183"
"train","184","ab379bc33b0f7c3d80e44826cbfaab43770ee62833b6ce0a6b4984cd8e9d75ec","387","512","58,94","58,94","True","tr-184"
"train","185","ea474d6b25f6df26b0d037ddadbca7d7a36801bedf99545f10730c0cc0a69d42","410","205","10,37","10,37","True","tr-185"
"train","186","0e68b14d56809884f8821b614536bf0afb9fd301890b07ea29755492b2bbb460","512","384","8,47,48,58,76,85","8,47,48,58,76,85","True","tr-186"
"train","187","f3fa731a59677d76110ca7e192f4405548aefc8e196c43f24f524054228b47cf","512","404","52,58,73,80","52,58,73,80","True","tr-187"
"train","188","ba97f2976b3c04b7247238416ba25e0c36af138fa71042e6b6f4039e5d498d67","512","384","48,52","48,52","True","tr-188"
"train","189","1e4e1458b5689b73e5771d5b2128d2f86009a076873829ee0bedd41b1c7e22f8","512","372","47,70,72,87,103","47,70,72,87,103","True","tr-189"
"train","190","6e6c1357649a38b8f14bcd8a3837b12d4574c35b73a0c5af9076e85b2f65b29f","256","256","9,10,30,31,89","9,10,30,31,89","True","tr-190"
"train","191","9f3e3ba9a8caaeff01eb12cfa06db1ea8e474a2616d747e53aed4819ae28d961","512","445","24,46,49,82","24,46,49,82","True","tr-191"
"train","192","4c2164c01256fca329f0b95c310e3a1387e8673ab9815df5cfbde40de9b15466","2000","1332","14,31,44","14,31,44","True","tr-192"
"train","193","fe4d2dc5bfa92254acd622e7ea7b02ab7c1c883e10ac7fb2adbf4d1d7df521a9","2322","2322","12,25,73,88","12,25,73,88","True","tr-193"
"train","194","89ab771cd3fb013d3fb9429bee434a54c9c400dbbe9050f00358310328116198","512","341","48,57","48,57","True","tr-194"
"train","195","efdfaf594a7ee875087dcd8009a65711af3c766ab5c6fda7b3b3c15b19633b61","512","400","48,52","48,52","True","tr-195"
"train","196","21b0c3269f7cb08a874df178ab86adef50fc054b68221e9aad4cc4a1be98a197","256","256","37,46,52","37,46,52","True","tr-196"
"train","197","f0cfec7ae7442f463eaa56d643c8d5367a3c98b92d09a719071510e4decaafcf","512","384","46,70,87","46,70,87","True","tr-197"
"train","198","33565c554ce9de71d7a7cdb7ca4222cb6f633b86893400ce17d2983360a466c0","3264","2448","37,54,66,85","37,54,66,85","True","tr-198"
"train","199","5b2f09d83d1db9ae318b30d7a9ed3ed7817a5df7f2c4dc02154483cd4215692e","256","256","48,52,66,87","48,52,66,87","True","tr-199"
"train","200","7899455ee605a0c517f492c8f693784375694bdd953e2bf47ef6fb581c5f3463","512","384","8,37,51,58,67,73,82,89,93","8,37,51,58,67,73,82,89,93","True","tr-200"
"train","201","e976cdd9f4a4874cd732fcdeeb9455cb709490938967043ac029daf0aac6a483","256","256","11,24,46,87","11,24,46,87","True","tr-201"
"train","202","a4d02ff5205e70cd970e21e028a6aa5669b84df397617cfb186d2c13c6670319","256","256","48,87","48,87","True","tr-202"
"train","203","73bbe9f03a3e34173e7a0b37127bb89837347be137a3a49980c166fdcbf999bf","640","480","8,47,95","8,47,95","True","tr-203"
"train","204","c02ff7eab1171225ac5db8d273a4e0eb85213e127f49f48242e06540f37e7c8e","320","240","34,54","34,54","True","tr-204"
"train","205","87d41392385beeafaceefdd287aa9817958b87bdcfb233aa761c1a85dc2e7640","256","256","52,67,82,94","52,67,82,94","True","tr-205"
"train","206","9a4d4985361cbc5660d02ef12773752448d315e8b9473ed3c66d9beed96ac20c","512","384","46,84,87","46,84,87","True","tr-55"
"train","207","e0a1f5b4531b05e1f13ab668bfb89f7538570e9ad64886615d0cf692804c2a4a","512","362","46,70,84","46,70,84","True","tr-207"
"train","208","d010e6eed581e14d075415b92c23c0d19ac869eadb92c58fb9c346ffde847ca4","2330","2146","47,59,70","47,59,70","True","tr-208"
"train","209","67b68a88024a0feb565ff047495923977b78cee844a9979e673f77825684b0f8","256","256","8,30","8,30","True","tr-209"
"train","210","07ba320cebf64b3d0b71e63358fdda0fa57b046038f81ed82f2931984c3722e8","410","273","14,30","14,30","True","tr-210"
"train","211","8958153c401afe769d7374099b7119c6b4e0c787646c14143d9c99c3f831955e","410","410","8,10,30,33","8,10,30,33","True","tr-211"
"train","212","936a4dcff813e09bb6bc2dcb6460346534d38cd3c61c1e243caeb950dc3c473c","512","384","52,85","52,85","True","tr-212"
"train","213","efe970288608bcdaee28dd049b438685436ad79c4427aa9e5b7b0b1b9093da88","512","408","52,65,87","52,65,87","True","tr-213"
"train","214","e533d84815d28f8f15c89fdaf01e824d81d0231ad77b50210742e8b9ab2e207c","512","384","8,32","8,32","True","tr-214"
"train","215","35f00c3fc784603c72bffca0adc4ff610b7275dde00cf7240f790bd1da81ffd0","512","384","46,70,84,89,95","46,70,84,89,95","True","tr-215"
"train","216","0d36e04408c281b957af0e5ca1067ceda0b4adfa663e34ef2610d21e83249fe9","512","384","47,52,54,93","47,52,54,93","True","tr-216"
"train","217","dc338284dc4101966b3584cb2c8dc6596ecd0cdad823b2a43b9c47e1d420152a","512","341","47,66,84","47,66,84","True","tr-217"
"train","218","ee1906fd3505ceea7d4ead1cfd34ddf125c917b26ca20d17e2d7a4997c358ce3","3264","1836","48,59,70","48,59,70","True","tr-218"
"train","219","8a8b90bc63796643b775e906781ab6e5ba73dde0adda1e400c287bdb094a75e3","4128","2322","47,49,59,78","47,49,59,78","True","tr-219"
"train","220","d59b67fcea33de904d65c0a8202810bb250fc7820ee6ee7b4b488d926e66c302","512","384","48,64,102","48,64,102","True","tr-220"
"train","221","f7f30583938cda2590ac5ba39bb45f9c7f48b21887e1cc6779e1130d23b3a2be","1510","1875","52,59,66,87","52,59,66,87","True","tr-221"
"train","222","210b3c2947ca3032ac4eeea7c9c652da62082d39eec7c34315ee58453e14f4c2","512","415","50,70,84,89","50,70,84,89","True","tr-222"
"train","223","006e0a4876ef7fd4a96e2160d552b9dc34e1d8b620e7e84559dfae0989f3e8e3","256","256","8,10,31","8,10,31","True","tr-223"
"train","224","a25744ca40befcc49a872fe5ab2b11f11b62a3f321415da95b7b1cb62b503247","256","256","46,58,73,80,93","46,58,73,80,93","True","tr-224"
"train","225","5ef5fdc83992abcffb8922d0f361e80f3502241d975486e9f0163ce1ce31082d","307","204","5,13,52","5,13,52","True","tr-225"
"train","226","08e9406953ace462dc9fe8136726b72b9ba883b2bd9ae5359328ceae26bd1bb1","256","256","48,52,88","48,52,88","True","tr-226"
"train","227","aa1732c982f7566aaea09b69d04bea51f3767a2d0309ea1a4129a9441ce59e6d","2393","2393","9,14,52,58,73","9,14,52,58,73","True","tr-227"
"train","228","ef523bb09ab46174c8c3837e3b2372bdef6507cfb6e1627cf33c58f462c88ba1","1000","750","24,47","24,47","True","tr-228"
"train","229","39d3c3ac0a00b0b99f919d3612a242838b80796451f6c7f18cdba545b0eadec2","512","385","9,48,58,59,73","9,48,58,59,73","True","tr-229"
"train","230","668cf7c52cd48b7e323e7c87d09f6081acccd3ee0b022c456bbddafcfb61ab76","512","505","14,37","14,37","True","tr-230"
"train","231","388a50988ff5129ef8a42644247d8ca1388aa9bac90a9c3a1822d006b038122f","1000","1505","10,30","10,30","True","tr-231"
"train","232","63ba62c36eb75ee5b2d6f5e12df91c371d7fe0777b83644892b19624258a1190","256","256","46,58,59","46,58,59","True","tr-232"
"train","233","7e66f3103aa70e4cb1017470e3e2bf995bcc66ab3c35ecb96ce7ac940081356d","512","384","48,52,89","48,52,89","True","tr-233"
"train","234","84fd1f079fa5b7e059bc05ba960ae703d890e67fa7de6260559e3a513617b033","512","484","46,67,84","46,67,84","True","tr-234"
"train","235","2cc51bc3331e6b586cb5ee51d07c851643bb3f8b9581379fcd980478865dad56","4320","2432","28,73","28,73","True","tr-235"
"train","236","33bf49a05a3db16cf0f8972714a5808175320c1703b0969a6c405cf86f623c47","463","512","14,44","14,44","True","tr-236"
"train","237","00ef0849120eb73796b7dc0cfa2c5dc4cebacce28042f19dbb57ca2b68a0f607","512","371","48,66,85","48,66,85","True","tr-237"
"train","238","e20f12ada663e2117125f3051ed40869a5ddd596f9d5b0c20a40f5ab4578111c","1000","750","67,70,84,87","67,70,84,87","True","tr-238"
"train","239","1de43968bde7d9b44d9abc9bbaef631e01fd70f6f7ad95606699ce67d2488c1a","512","384","48,64,73,89","48,64,73,89","True","tr-239"
"train","240","7bee98329f482cc06570017bc1c3e40c81d153a996178ab735eed8f94ae4a35e","512","341","46,59,89,96","46,59,89,96","True","tr-240"
"train","241","0ff3b0692bcdc08fc0a719a51c1411a2f4653afd501f027d98adb420bd2259dd","512","384","8,9,32,58,89","8,9,32,58,89","True","tr-241"
"train","242","d8c60338e016de1af409e99d313cb6ef426202923b3f9e9e2b0fe8dba900eb1b","256","256","54,59,70","54,59,70","True","tr-242"
"train","243","21b98e8da6415158ac048e9155b15ea8a2aa8f7b766fcfd0814ba8dc006f0368","256","256","38,58,59,70","38,58,59,70","True","tr-243"
"train","244","e20e24b6aae456376c85c4a55243dc3e95108430ba2966fff2cce4b8ccedfa3f","410","307","32,52,66","32,52,66","True","tr-244"
"train","245","7869f8553608e93c4c5f3822b65fa8efc6fd0e343edf1cd431467ff4855ef2f1","512","384","44,47,66,82","44,47,66,82","True","tr-245"
"train","246","4fe64f9f58703f10bdc56ac89b33578d906d6d4583c5ecefe292cead4aa42789","410","307","28,37,46,52,58,80","28,37,46,52,58,80","True","tr-246"
"train","247","6f56ef5f2510d962bdacdccb5f99696f4c6530860d1d400952f5b75854e7efcf","642","428","46,70,84,93","46,70,84,93","True","tr-247"
"train","248","cb32a91813b3f2296d5c095de4686ec589be35e23a1056ee8860342e3f2baafa","256","256","25,58","25,58","True","tr-248"
"train","249","b4dd3a1e419815cb92d5057f68ef95c916a5ca258f9bb7b7073e7699cf23d4be","512","384","3,46,50,84,89,93","3,46,50,84,89,93","True","tr-249"
"train","250","004f6cb48751a589274924e3ced69830c8a6fac60d979b2b290f10958af4daed","410","273","5,8,84","5,8,84","True","tr-250"
"train","251","30df68d379acc8d7e7ec49d7bfcf297cc214cb66d9c2e68e706ea084e665a7c6","256","256","12,30,34","12,30,34","True","tr-251"
"train","252","2072dd5fb744d72e541a45acf44a5ae401423bf47e2cbfe8aebc074496d9604b","451","367","52,58,73,82,98","52,58,73,82,98","True","tr-252"
"train","253","51c4729ba5da9a8a6c4152303e217e222b957fae0f860c840dd184a2162c8238","512","384","5,8,84,88,89","5,8,84,88,89","True","tr-253"
"train","254","797ca010cbf909090ed2784d347872bbf8d46b4ac8d797cdeeb12adcb6bfcbd3","512","384","48,66,80","48,66,80","True","tr-254"
"train","255","c0d033b64380cb31fc35c320e3d559352f23e75b10337339a93b24c52dcee25f","512","384","9,66,73,87","9,66,73,87","True","tr-255"
"train","256","7f4792c2b9d2d94dd4e86af4d5733011b484c475b55ce3e52c163abafbdcde09","512","384","58,80,93,96","58,80,93,96","True","tr-256"
"train","257","b09b82544e8b8445e6a9c57d833abdd4f5f17b48a7cd386e4d10fdea951b1ab5","642","428","5,12,84,87,94,96","5,12,84,87,94,96","True","tr-257"
"train","258","2162e583767486b04ee84fa05ffb1f0755a3b8afb19b7235445616dd1a3a27ed","512","384","8,9,16,48,65","8,9,16,48,65","True","tr-258"
"train","259","c49c75301f90838879780ee21a99004660d39b205156862e23510779d892e855","256","256","8,25,30,67","8,25,30,67","True","tr-259"
"train","260","27ab6a3a7b59728c773dfa13205018c1956f734b58b416fa775256569cf9ed8f","256","256","32,67","32,67","True","tr-260"
"train","261","1929be9b657f56cf377e85fc9c2419661d140849b8455760a4a65e888d88cecf","512","370","18,48,67,87","18,48,67,87","True","tr-261"
"train","262","3b82b8bb140b9cff844bf251629e1742ca14560faac6c5520c03d914cce3c334","4128","2322","46,58,70,87","46,58,70,87","True","tr-262"
"train","263","a1c99dfcaa98825a2702ceaa4f16e6a93fecaca170a9d4640b54a712f55a6503","512","384","47,70,87","47,70,87","True","tr-263"
"train","264","8879deee54886551085a57aeb6ada29f00efd7220a9a1e18c58b9fdcfc117e00","512","378","3,46,58,73,93","3,46,58,73,93","True","tr-264"
"train","265","1f5d6c292abcad54795ad10822f2fa0efb5a7424442be5190c33bcdbeb092ce6","256","256","45,48,58,89","45,48,58,89","True","tr-265"
"train","266","523b76584dba66087290c763f497ea9ab41e90187508c701815e98c76af95394","512","384","48,71,76,80,84,88,93","48,71,76,80,84,88,93","True","tr-266"
"train","267","15690e68dbb41f1bbfbfb814b3854204e031522b74321089ce62bf2ac27754a9","512","397","56,73,80","56,73,80","True","tr-267"
"train","268","4ba1c2028644e11ca527e27e31398bcb4d054168fd44ed7e136aa8190629420d","512","384","37,48,66","37,48,66","True","tr-268"
"train","269","37e99b23c17f5bb675f7a2545cf412203f194e327297ec9f68ffce58a6389341","256","256","47,66,87","47,66,87","True","tr-269"
"train","270","0b7be4750990bde8f49b86ed25d8403a2197dbae6c55b4e2890e063596dc6d53","200","200","71,73,93,94","71,73,93,94","True","tr-270"
"train","271","191f81187bd3e5824afd6e3c1965e05973d357559ef221bd777c42f883092881","384","512","14,32","14,32","True","tr-271"
"train","272","862cb3a33c94da9672f653a723c6d7f22b01c73c19f2ba4646deec976614ec52","512","442","47,67,73","47,67,73","True","tr-272"
"train","273","7a8791777aa18ce932c3f63fd5d8f111e5a796a72510c6c8b0debac4cc0f5220","410","273","24,30,67","24,30,67","True","tr-273"
"train","274","82cc35551c07ce7e969370ddca295cab0dac010822c48771a574de8558a40c31","512","384","52,78","52,78","True","tr-274"
"train","275","59096fdbd4dbb37ee21c3848d36af65cfb44883b159bd58323fef71ee2fa10b7","575","385","44,48","44,48","True","tr-275"
"train","276","3c9dc6764691caada6fe469aa69ca0b9747fbd98bab52d86e17c4509ee7cde47","512","384","46,52","46,52","True","tr-276"
"train","277","5e237fd07c61151426bda5c7376094c88f3a3eb71ab4214d0f3b6f4a9b31dbe6","410","361","8,25,58,82","8,25,58,82","True","tr-277"
"train","278","2ae305830d6128dffbfa2d8ea4ef01336a6235e9265400572140cb05d8b98520","1751","1751","3,52,73,82,83","3,52,73,82,83","True","tr-278"
"train","279","1daf605f6b9018e6c5924fbc4fbac4804cbd7b75688f952eb3f8a2f9a0b53492","512","384","10,13","10,13","True","tr-279"
"train","280","5c0014b6901ed355c570a19867eed44522eb1b60ed4cd1d8d012193f8268b902","2560","1920","47,48,64,87","47,48,64,87","True","tr-280"
"train","281","e85ad23f68d470c43aa0c1732e1f892a2a29b6fba29019c9654f1ee140f387fa","512","379","9,30,52,58","9,30,52,58","True","tr-281"
"train","282","b44084e6e8c82e92a09ec82672fc21b25acb4a3b05c9e46fedd3c666fb2c1f37","642","428","48,59,93,94","48,59,93,94","True","tr-282"
"train","283","2ee83ab4dec3107f9795580f9497db21af9d02813bd07b339c319b4af22e85ea","1137","1610","16,46,58","16,46,58","True","tr-283"
"train","284","35bec3136f916bc6656e27f0ed13e71d36142a53d51d9124a6e396e09929af0e","410","273","47,66,82,93","47,66,82,93","True","tr-284"
"train","285","36b2750f8c7787c87abd8ebea67283c8e6ac08041256279f7c741239e64bac3e","512","384","30,44,47,58","30,44,47,58","True","tr-285"
"train","286","b8a95945a034146784075e66b1829b55cfd268417fdb5a5f1fee60111da1ed7f","3264","2448","48,70,73,96","48,70,73,96","True","tr-286"
"train","287","0c9b5e93de5af90344d1984245c8f986735cecf17a650c0fb8b1959d5c200d67","256","256","48,66,72,84,87","48,66,72,84,87","True","tr-287"
"train","288","b9e8eebbb92276933fed60104dd4a5859177d1d4008eb58941fdd47560182d4f","256","256","46,52,70,85,93","46,52,70,85,93","True","tr-288"
"train","289","9cb84f7481d61d90007204de85260e902ab5918fbddd032750047e47be25ea08","2448","3264","24,52,58,66","24,52,58,66","True","tr-289"
"train","290","967cbc02e22dfc50010ab9a00dc16a38dd86386e081e3e8219ba6a9198b02b8f","256","256","10,30","10,30","True","tr-290"
"train","291","31a724707eb5757c551dcbba935186e9f08ec180bd546531b1110e85c54aab9f","512","384","46,52,89,94,102","46,52,89,94,102","True","tr-291"
"train","292","300f053ded1ab6a03df3cbc5635edde221e1b8db7bc1095ec56299bb36ae889f","3264","2448","47,48,66,84,87","47,48,66,84,87","True","tr-292"
"train","293","78b72c7fa074f877d1128fb270b3bced4f28ad8b37889eef45408480c008dbe8","307","204","57,84,88","57,84,88","True","tr-293"
"train","294","bd76c12926e12a9371208cfe0832e1b217a246bcf6a91efd1df3c17d83633fd6","2316","2316","1,10,30","1,10,30","True","tr-294"
"train","295","89f13949466617e0cc0a311354f4cb26022c4891b0bbfd70d2fadf2f86ae7750","512","512","25,62","25,62","True","tr-295"
"train","296","b8ea2ab5edb819ba66ff56631bef1cd69fe0105c70a5989079209835a5d7a737","256","256","32,33,67","32,33,67","True","tr-296"
"train","297","a7f7481144c4412f937d0f4780ecd0bd6a50d37a15437ca69aa217a36cea54bd","640","480","37,54,71,73,85","37,54,71,73,85","True","tr-297"
"train","298","e1dffcbb138d43fa030451da060772dec9d25bd5ed9b0b077acd59fd46043a9f","512","341","58,70,101","58,70,101","True","tr-298"
"train","299","f29a0ca509718f21f24ec9f40f8141ccc9ddcc3ee29ce3b77f9ae0e31ea0a1f3","3264","2448","54,59,70,93,94","54,59,70,93,94","True","tr-299"
"train","300","dd22562a3c9cc4f5b9724c75b3644a1412d55ecec779415be0df000f02b707eb","512","395","52,54,58,81,85","52,54,58,81,85","True","tr-300"
"train","301","2692da768d3981ee622ad81dbf206aac020e143a7749b310ced8e78812842592","512","384","48,66,96","48,66,96","True","tr-301"
"train","302","4172b45d819630c330678dfe5699c61ce2bac9fb76003cc9fbda1008b0a730df","720","960","3,46,58,73,80","3,46,58,73,80","True","tr-302"
"train","303","27d2b30fc10aa633a4ab97f5f0570d78b8522fd0a58017d049fd91e5c1e19001","384","512","8,41","8,41","True","tr-303"
"train","304","b2fbb5d135707830e2c8b6b70df3e2855f4ff9eb097324977aa70652b3c69cd0","512","385","10,32","10,32","True","tr-304"
"train","305","3a2dec856fe4c16c50f330fd0cd35250ad4005fa86c2f34c1803e13df7e24952","512","341","8,47,59,70,76,93","8,47,59,70,76,93","True","tr-305"
"train","306","6ab1a7bd1baefac035984259de34cfef740a2e418780b3789201e6ec185c2c7c","387","512","52,62","52,62","True","tr-306"
"train","307","cf29f2a1d5fc11557539c5bcf3425eb30f42aa8399b66a4f04d33f5b340a7476","291","194","46,66,76","46,66,76","True","tr-307"
"train","308","352dc175142eb8c99a3b6e78006cf0d5fa51362f1a94efe3afde89e65a5c0fde","3840","2160","3,58,73","3,58,73","True","tr-308"
"train","309","000e4a43757ad4739e445ca67bf45b801bd7e56c425b3f9479cee7c67198daf8","1000","1333","47,48,52,73,87","47,48,52,73,87","True","tr-309"
"train","310","b0a9fcb0cbafeecd969b5d53a18e1a41e52faa4de5fcc9b20f7b7d974d0fa2d9","256","256","3,46,52,58,102","3,46,52,58,102","True","tr-310"
"train","311","95153e38b00604f4144887b67bfdc00237a8c4246c9e021b3fdbdca597e689d3","512","342","46,70,87","46,70,87","True","tr-311"
"train","312","2af171961e1832971d53a93177f0dcf921c0bf2f208c41878403031c8c6e33e9","800","600","51,70,84,89","51,70,84,89","True","tr-312"
"train","313","90ac4dd76209a0304b98f4f9bd24b49cd9933b2d67c35c4726fccf5c5bea58d5","480","640","9,28,48,73,87","9,28,48,73,87","True","tr-313"
"train","314","95737c6fdc6c5f8a04827f2f8498470392c2861e022265755e34706e8aad17b2","256","256","54,58,84,89,94","54,58,84,89,94","True","tr-314"
"train","315","aec57cce1b836cbc308b8668049cef05734cbec6e24e9096b6f9b715f176f89f","512","384","56,66,87,101","56,66,87,101","True","tr-315"
"train","316","967bceb040e3d8e422f37a03e2836a927820c15f66dd797a98a869b615172e7d","512","411","9,58,67,70,73,80,82","9,58,67,70,73,80,82","True","tr-316"
"train","317","0dd651a60dfeb457345f96115f47ca2e95102e5a702ea8a385ce949c36c0e792","1000","750","48,73,92","48,73,92","True","tr-317"
"train","318","d18c0d4eb9aea2f1e5bc68ff2b58c8227c9df93e144c20ad8ec8250412ab14a5","512","376","51,70,84,89","51,70,84,89","True","tr-318"
"train","319","13b3cd0b638f029320d6cc79c720d0af71222112a8ea1bce4aa0d8af4b2a4cfe","512","489","48,66,70,84,87","48,66,70,84,87","True","tr-319"
"train","320","a87e9509a98abe00f270897fd3aac6d547e1b16e0270e02ef9ca3da752d6ca89","640","640","37,51,66,96","37,51,66,96","True","tr-320"
"train","321","7ad94e2abb47f4bd526e23d7da4482bc2d77f58351e8ef8c48bfaa819b53f53f","2584","1938","37,56,65,87","37,56,65,87","True","tr-321"
"train","322","513db2033cd49dc514731c22c3e7c9ea736de85770880d19bf8c3eb631dbcdcb","512","340","8,72,82,84,88,94","8,72,82,84,88,94","True","tr-322"
"train","323","4b7063001551342f16b96b93782ea5ae92fe8a439f1b675ba53a937854652d0f","1000","750","24,52,66,82","24,52,66,82","True","tr-323"
"train","324","254a809e05c1dba5010dd6869d0fccef772507be1fa5fb573b958a1ff7b23e87","512","373","5,13","5,13","True","tr-324"
"train","325","a2717ebc37b8570897375a694fabf2043a995a2d09db7c3fa16ad7f85e26c8e6","512","341","14,33,44,103","14,33,44,103","True","tr-325"
"train","326","9da9cd7514c7c0278df722c7d7f2a2582e23b942eded7061ab05a80403d908b9","512","330","4,10","4,10","True","tr-326"
"train","327","0708b8ff0b07de75d8eaf08f698eea2a6d574a60abd13595538dead89f4aaf48","300","300","56,58,65,89","56,58,65,89","True","tr-327"
"train","328","08227981d1aa549ffabb2a0c423451f0d835863a86dc23b6f84083c9a4c9e6d3","512","384","93,94","93,94","True","tr-328"
"train","329","43bb773a3263ede87cc4f0246f691786cb64d681e01f8fe49aadb478d8fa52b3","387","512","5,8,52","5,8,52","True","tr-329"
"train","330","1558581070ea5513341be26f0717f4f530b24d0e7ae49f2124b5d2d52253bdef","466","512","13,37","13,37","True","tr-330"
"train","331","525ede0c992d1cc3f83a2aac77901d1b48dec84f8330494f9394f28ec272b927","410","273","9,25,50,57,58","9,25,50,57,58","True","tr-331"
"train","332","b55523eecb97c2eecfa63d6b650b0f82c2055eb093d03fbb2d4c4bd3e1c14492","1280","800","25,37,78","25,37,78","True","tr-332"
"train","333","9dba7b2f7a61053d3bc65f05f305ced42c509e762bdb08980eea5dfca0310067","2400","2400","46,70,84,91","46,70,84,91","True","tr-333"
"train","334","25f9872e2349f04349482887f2721570587e096d286b473f1b46651128878364","256","256","44,49,58","44,49,58","True","tr-334"
"train","335","86fb3c2bdf96dc8b0b00de39c4eac0fad002d9a86040df3ab368c840bd94b24c","256","256","54,66,87","54,66,87","True","tr-335"
"train","336","f166688a5aa499de24fa9ba23b09d68066a998a2132c4cbbb979de9279721b93","1000","1000","54,73,80","54,73,80","True","tr-336"
"train","337","a70b03a3db99745811521755d7b7b3cb03d60df66c5364a354c679dc26bf4860","512","384","48,58,87","48,58,87","True","tr-337"
"train","338","b93a25c6002676e149e1c098e58e15bd15c08ce3fa8e34dcd2aab32504aa9f87","512","384","37,48,76","37,48,76","True","tr-338"
"train","339","5f3622ab77f1ebb305b4b6e981946885a12475c77a154cabf5d596f95f5a110c","256","256","51,70,73,96","51,70,73,96","True","tr-339"
"train","340","d97e991a2b3b7c7999e9f559a00b28428b3304484bd7dce41787585640012e72","512","383","8,41,58,73,84","8,41,58,73,84","True","tr-340"
"train","341","e8d03524604c5ff0470051545ccac2842a29e90c7c486e49c41ecfe8cbc60b77","512","384","48,58,59,73,87","48,58,59,73,87","True","tr-341"
"train","342","cf51fdcbcad3c15022176d33f9be43c7f7759fda7b5a72ddce779facd969e582","640","428","44,48,73,76,87","44,48,73,76,87","True","tr-342"
"train","343","0a9a27a695bb83d41a3122cf18e5c177abcec684a072092452c87c00be9b12b8","3744","3744","48,76,80,84","48,76,80,84","True","tr-343"
"train","344","bee00680a95d866e1dd292990fb5a69a8dbb23b2a9ad2b244345be487814a609","512","341","4,30,58","4,30,58","True","tr-344"
"train","345","0ff46b2808140d055df51bfde1d08c1a60ee53661ef4b5d76cb268ca5bdd8b74","512","341","25,29,30,52,58","25,29,30,52,58","True","tr-345"
"train","346","178bcdccc7016ae5611cfff36238df3f6b4f19303f34353c7da56193b94cd4fb","410","615","8,30,32","8,30,32","True","tr-346"
"train","347","dd8e52f1734d431ef6c20b371f3996b96f3201c33b5b60ae37aeacd1740b33a7","2696","2696","47,58,91","47,58,91","True","tr-347"
"train","348","fd1831a1a1c25c783d93efde95f683a8939c61b1aa2bd112437100e38af4d803","385","512","13,58","13,58","True","tr-348"
"train","349","212dab427e58bf63ea5b33dda7d064a675801052875d0f86128664c80ee257ee","512","385","52,56,58","52,56,58","True","tr-349"
"train","350","d74f5bb180acb7bf20a9ad2dbca7a2cb27c92c3dce4cb7caff222b00094e363e","512","384","46,58,73,93","46,58,73,93","True","tr-350"
"train","351","18983aa3c5e54ec819bf1d85175d9a30ddab769fbf1b83e2baa926f49a2f3351","2048","1365","52,55,95","52,55,95","True","tr-351"
"train","352","a1177deffcb36ef9d34d98c8648c28d173b641fe83c8a3d8c8dd5e627bdd70a5","512","384","48,72,84,87,89","48,72,84,87,89","True","tr-352"
"train","353","71a864adebc8a19a68165808bf51302c68b8da20ddbcf159fda4ce977d8c94db","512","384","47,64,72,87,89,98","47,64,72,87,89,98","True","tr-353"
"train","354","3de5db2524b136c46113169f008193a56d80e794ea1f67be1635bda950c1feb9","2048","1365","18,24,26,48,57,83,89","18,24,26,48,57,83,89","True","tr-354"
"train","355","1ff7acbf3863354be607d98692eda5103182cddaf1730755fefbc1595513a54f","512","384","46,66,87","46,66,87","True","tr-355"
"train","356","a10e9bcf87197c15f7d0c44f44b40ba2836997d71500de954d061da2d2ca3cef","512","343","46,67,73,82,89,93","46,67,73,82,89,93","True","tr-356"
"train","357","47a4aabdf1a3126843ba4d53edb6843505e69fb5dd8a257762d69dacdbdeb9bf","512","358","46,70,84,89,98","46,70,84,89,98","True","tr-357"
"train","358","6eb4779df5f205eb64a3281d0628565df7cb3717637ca31d6f797054cbe9e120","410","595","12,29,30","12,29,30","True","tr-358"
"train","359","4dd7903ed0c930f352937af422082d8c27e928db7e06d898fb9c1293683bb0ee","256","256","58,59,67,80,82","58,59,67,80,82","True","tr-359"
"train","360","721ae6209f7cbca338e34c1e48b54f9ce9a7cbc57c8a9480a4a514f8d9b9fcd5","410","307","54,66,87","54,66,87","True","tr-360"
"train","361","451485f92e33555817b9320f357577c6f4e2d448da94bc9e5e35491c2a05f50b","4128","2322","3,47,52,66","3,47,52,66","True","tr-361"
"train","362","17e632947fe9062213d5cbab8bcba53f9588f79e0b7a9081dc03925a30568046","512","433","51,70,72,96","51,70,72,96","True","tr-362"
"train","363","5b7a79e1bd9a6f5333790082d39f085b44f85448058d5309c30dc6a425e34632","2448","3264","37,54,66,87,100","37,54,66,87,100","True","tr-363"
"train","364","888e3e3484c4328199a9f892316b62dfaa067ec6661d7368b90400928604880a","512","386","3,47,82","3,47,82","True","tr-364"
"train","365","41e3a7271212dafa4c5521d64204d8fbc6776e35e3d402f594c0672caf7d6416","2988","3984","8,54,80","8,54,80","True","tr-365"
"train","366","df76d19a925df856a639c509d8851e8ad7ba58c9bfed6ff602bbb8fbdd6110e9","2560","1920","5,9,73,84,88","5,9,73,84,88","True","tr-366"
"train","367","9bd3e011133b042b9a354bea5a1ba5190c69b67f67d3063fdac651fe22b3586f","512","384","52,67,89","52,67,89","True","tr-367"
"train","368","1a19cda07c0ddc831ffb0dafbd7d909d4767bbc0a623dd3fff721604226238ac","512","382","48,73,91","48,73,91","True","tr-368"
"train","369","41a09f8ad2bda1d17c1669a0965d3c91c2509787dcbfe83c6fb423c62847ee07","512","429","67,87,89,103","67,87,89,103","True","tr-369"
"train","370","44b0262116b2a715d2ae8f582fbc5fa3eecac2abeefafea07633237362c633f3","512","384","70,101","70,101","True","tr-370"
"train","371","60c1eb03bc8ba1bfd6f9e175f7b2c5ef12037deeb98051125ef72cbf0e1fcec9","256","256","8,84","8,84","True","tr-371"
"train","372","6e68f503218fd394704185ab9b0e8562130364a7d56279ec08b2346744d71359","512","384","61,72,87","61,72,87","True","tr-372"
"train","373","222ace4b0db2eaa269ff9dee5f4f7411c9db6edd2505f6cda0b5c59864fd80ed","512","424","37,51,89","37,51,89","True","tr-373"
"train","374","beb62498c3b671ebb5a02d1e9ad00971759a83ad4f5d729d68b2db32cc1a2818","256","256","5,52","5,52","True","tr-374"
"train","375","2e607a98974fcd447f3580eb3836ed68f3d4ee011507204cb679999d472a4c5c","1440","2560","51,59,70","51,59,70","True","tr-375"
"train","376","6152cddb13cb829f8d3a2af9c611f237561f5015f1d356140b91db482516340f","1944","2592","50,87,101","50,87,101","True","tr-376"
"train","377","301096782e4909caead067c3b2bf289d110fa58efeaa07cb8e24b5840fe1b538","640","428","8,49,58,82,103","8,49,58,82,103","True","tr-377"
"train","378","1f9dc0d2b7486b1dba0150c5d017da5054c528900f5a4e41d6aed5d926e70c99","512","384","24,44,58","24,44,58","True","tr-378"
"train","379","1b1eb8b04b7a15252882d5eb1f3a34b768dde51739f393d1e4137d6875a77e7a","512","337","8,46,59","8,46,59","True","tr-379"
"train","380","9dbc94054d9fc7fa319d0006195085a4349505354636fbcf077bae0e0e064d81","512","346","31,58","31,58","True","tr-380"
"train","381","7d60ef414e5e3aac66b999422514a9bcd16058653396161a696370d9b645ead5","512","384","10,30","10,30","True","tr-381"
"train","382","cfde9cda7f2f90fe41f132ec249298dee9611f66fe4874861df23f9bdd397d53","410","613","5,20,31","5,20,31","True","tr-382"
"train","383","6e764cc6d1655abe16bce66ff4a88f392399419b5d92b7deb3662bf6a3d3ddf7","512","384","9,52,58","9,52,58","True","tr-383"
"train","384","1041427d9927a7d24da29c42904279f002d6868bfcc9c0fd49f7b0c7ed5c5c08","512","384","14,25,37,103","14,25,37,103","True","tr-384"
"train","385","7182fe603ab22b655515b9454d77f4433186b2cc92d617c2c452238e4036a375","512","499","52,58,73,80,93","52,58,73,80,93","True","tr-385"
"train","386","7ba2de5376e5060a4e1ade4457b80da6c73df72b8a1907ccc7237c89d1bde4d1","512","384","47,70,84","47,70,84","True","tr-386"
"train","387","9731105aa7949c38182f6c56e438dc22ad8790e48d350587ac54b9a9086040b9","512","341","46,58,73,80","46,58,73,80","True","tr-387"
"train","388","88e75e42f672495ca7ac41205a66fe9dc26c5e73d89625662889695d2466f8f6","512","384","24,46,58,93","24,46,58,93","True","tr-388"
"train","389","e29d62e03c1925967d6054af3249c307685190fd7c776fb7ee1168be2f0b65a5","512","384","3,46,58,80","3,46,58,80","True","tr-389"
"train","390","dafed0f1ebaea350e98893f3c6ee5a95a1ae81700396d548c66c7ebda7959bcb","256","256","67,82,87,96","67,82,87,96","True","tr-390"
"train","391","1e5280de1d0eac5e373d2ee72ea7e6c8c2bdcfacf985886324013916f5ad31bf","1439","1439","48,66","48,66","True","tr-391"
"train","392","a39d507711c880093ffad43959869c9b7f9967b70b735af31b3d98a855d7d992","512","352","46,59,70,88","46,59,70,88","True","tr-392"
"train","393","44f46421f2f66dfbcfae8610593fff2d5356941cce84111dd89238b3a360908f","746","578","48,49,64,87","48,49,64,87","True","tr-393"
"train","394","02f5b391b8fc9f04de1a7223c33cb5d7b68d563aece19aed8cc838a79c9b396e","256","256","46,52,70,73,89,93","46,52,70,73,89,93","True","tr-394"
"train","395","a1f5d51c2cc2765621ee8c6aa3459c8430228de46c74154f64c03df2f8f21389","512","384","48,59,66","48,59,66","True","tr-395"
"train","396","340e0865a4ca199e536523e8175acfbc8578318de450a76885f06abf3a7b3087","512","384","48,70,84","48,70,84","True","tr-396"
"train","397","3680fdc77094d22c58fd0295e0681a9346a8d7d16f89a617546cdccd3b8f3b38","2148","2148","8,11,13","8,11,13","True","tr-397"
"train","398","67d0c97615cbc5325918c7cca7fa022741d5adb2c8f7c6e0aae24db5178a4037","512","384","9,58,73,84,89","9,58,73,84,89","True","tr-398"
"train","399","67e4d8a03e471033bfe198428cb8cb80f9186fd2e6e56cd11ca5ca3460fc766f","410","284","10,30,52","10,30,52","True","tr-399"
"train","400","40e3a44da59e914396632a8e1741661a7a7b47e6a5a18d516e44f872ae21fccc","512","384","14,25,37","14,25,37","True","tr-400"
"train","401","febb7b70d312ab01068e695626961ea9ed808174fb95c413f2596a762d4d77e7","512","384","3,52","3,52","True","tr-401"
"train","402","363a210eb9bbc4dfeca41c93070268ec34d55b9293c34ec2694ce9be42246551","410","278","8,30","8,30","True","tr-402"
"train","403","c52355fd494d069c5f9745b5c3a28ba59ff81b998452ff11b51e3a7f0765dfca","764","764","11,47,65","11,47,65","True","tr-403"
"train","404","5c94b4e23013699b0aff64e04b0a6d51c8ebaa7a7ebb5f254882dd78e1c2285b","512","393","8,67","8,67","True","tr-404"
"train","405","e759eb4d4b0b166bca4dbc96db377cb64ef9aec3adecb91ef63ca3f806582410","640","960","3,46,58,80","3,46,58,80","True","tr-405"
"train","406","acda684df13367e36c1cde9beded842b7fa391cb161073df62223720b50f590c","512","410","12,29,31","12,29,31","True","tr-406"
"train","407","7c3617e76e806965e2c0b945c7a3beef122e2d37429aa6ea531126d21d0e32df","400","400","9,24,58,73,89","9,24,58,73,89","True","tr-407"
"train","408","d179c61bf838e9679d52ef28de01756e04542ad89b9ec5809f536cce22b25c23","512","384","47,89,95","47,89,95","True","tr-408"
"train","409","478dce4379bdd7fa4215944b6d5ed0700844cbe857382fa551f4e97cfb78d0c6","512","384","30,32,58","30,32,58","True","tr-409"
"train","410","218533d5370a118ac85eb8a5898f3fdb1f3ad3cb2b0ef887013fb8afa1cad269","256","256","47,73,89","47,73,89","True","tr-410"
"train","411","1278cd141ecc2df5ebe838ae802a3a2a4534dbf81b83e0c48dc8de41c6efcc40","512","420","72,87,103","72,87,103","True","tr-411"
"train","412","39be23a3aaeffd91ea771a78d8b153c9d4b480baeb953710d1a906eb91bd6632","640","428","7,30,32,52","7,30,32,52","True","tr-412"
"train","413","b266d1c981f75b3769135263c67f7dc1cc08baf7a237a7ab81c1bc0abe624de3","512","384","25,90","25,90","True","tr-413"
"train","414","a44364fdf5c6c257ecd851b26659f5b623b9198593e71fb2532915aaa691ae19","512","384","3,46,73,80,82","3,46,73,80,82","True","tr-414"
"train","415","8121b4343e41df1b71752a984fd2d966a6cae2ca26710c12f8cf46250164db93","512","384","52,56,66,73","52,56,66,73","True","tr-415"
"train","416","839fba137404b31329de18ca37ec290c2eae8d604a09f2c183fab5e50fbd9e7f","3264","2448","50,66,82","50,66,82","True","tr-416"
"train","417","e7dc8797bd494359160b80373bc9c04469731235917e798c4c50ada60237ec91","500","750","46,73,89","46,73,89","True","tr-417"
"train","418","263834457e86e3f9885d2a516cb86291fd731ede92815419219607dabd2d17d1","410","546","56,87","56,87","True","tr-418"
"train","419","8ec13f35bd90845093175246a6e29e2be583a89bafc53b82a1740f5bb6265998","512","384","52,67,89","52,67,89","True","tr-419"
"train","420","1d8d7d6f73430048299dee4a60510cf3fa45f40154fa12eb448dcb3a6d8a9d08","512","384","47,70,84","47,70,84","True","tr-420"
"train","421","ddd1855c03745a26d1cac163c429c9ca55049d512df7a6eb65591b096df76fed","1783","1783","11,18,46,80","11,18,46,80","True","tr-421"
"train","422","6ccc0dc7ab1d95310b51dda92dfc3087751d0c0178d1c91a89faa827b767b9c2","512","352","46,48,95","46,48,95","True","tr-422"
"train","423","ae54331ab8e9ca30974742ff61aa0a8b16e492933a6eb7e438e4f918c7a57c1f","1840","1840","11,48,83","11,48,83","True","tr-423"
"train","424","941a9228cc94c329247e012e478e3838b6f72ea86552b3fab0b50dfe1d4a0375","512","384","25,47,58,77","25,47,58,77","True","tr-424"
"train","425","8a13dd684b59af7a3ff32d4498ef3fa2e25707f0412a7470449bf910afb833e8","512","384","3,48,58","3,48,58","True","tr-425"
"train","426","2fdf4ca8eb97308a33885f70230f4c753eb2ebf567690ec2b638785b418dfc93","640","428","30,43,58,73","30,43,58,73","True","tr-426"
"train","427","ea8e75aaf7827019ac114bd29f09aa27fb67267054ba22ca421bd3e4712c83b8","512","384","52,73,85,94","52,73,85,94","True","tr-427"
"train","428","669f41b675f77285be5478c909f009d0b197eda02be1ba0ddaa6a3142e55ef5c","1758","1675","24,58,73,80","24,58,73,80","True","tr-428"
"train","429","be5c98f5fe3aa6a755882595134cbf72343ff22a32a061a0542adc45982cc4ab","410","273","52,58","52,58","True","tr-429"
"train","430","143b24d3ccfef210c0a03e38a16c4e3540c7b449314b44ff22353a8ef526f445","512","509","46,70,95","46,70,95","True","tr-430"
"train","431","cd4de001093a8636f65e788fe257dbe84cf9a81c370b51b6472e09aab4b958a9","1600","1200","48,59,66","48,59,66","True","tr-431"
"train","432","c2b8c9b80794e022a2ca393efb60cbc47e74edf4621f6b6c161d59bf6f883fef","512","383","44,49,66","44,49,66","True","tr-432"
"train","433","d5cb657dfe32efbfc83e2a1090c73c6526075dbe0cc9a485beff8689094b6d6e","512","384","46,52,70,84,96","46,52,70,84,96","True","tr-433"
"train","434","3152ff08700ccda250f0959f7d044a5e68aa58fb10275bf4d4396dae55a2e990","512","366","24,44,58","24,44,58","True","tr-434"
"train","435","021b6a3fb94594fbbdbf41ae76be43bbd8ed8a1077388d56803339a8a7b2b6d5","512","384","44,46,70,98","44,46,70,98","True","tr-435"
"train","436","975efbceb078733120280538575bcc8b77baac3ec43ad0f59099ae3ce13bf33d","512","507","49,56,59,87","49,56,59,87","True","tr-436"
"train","437","f24ac7e683535e71501d7f72829052429e507d27cfd2e8eadc95e1e764f9971d","1000","750","54,73,82,91","54,73,82,91","True","tr-437"
"train","438","77a6b0ae4ca5f91abfbbfa26e65cccf1dec0c3460401494e0659c9e32d974c73","512","384","46,70,80","46,70,80","True","tr-438"
"train","439","2ed0b52ec3961d3426ddae62739560f3aaf4ba62304b634f489779cc0a6c35da","256","256","31,58","31,58","True","tr-439"
"train","440","bc4d42c7825263bff45df08d4986840a4a6ed475e63de823ae34c5b755683ed5","512","396","9,58","9,58","True","tr-440"
"train","441","3be556111529c19e78e1df7cde14023887d5981ff5118fd6a1fede7720e737ac","1000","539","48,73,91","48,73,91","True","tr-441"
"train","442","d0cf546ecf57aa6b76a4fabf0fae8211b1c0fdc394ec001adefa78f18c87bd3e","534","356","3,46,73","3,46,73","True","tr-442"
"train","443","79a91817ef529638b5aa4f011b5b4a734432794ba136b30a57093ed938171b77","256","256","47,58,91","47,58,91","True","tr-443"
"train","444","32790312f628bf0a6592d4116c9b486b6f4282aa0e7ab6ad95e15a24ffd02b39","410","275","47,84","47,84","True","tr-444"
"train","445","a20e0820906ec73f70221f68f5e08f0116df695af04e168b58644ee8780ce1f1","512","341","30,32,67","30,32,67","True","tr-445"
"train","446","ce5f849cb6a5159c77fda172d7b701e2ebf2beb6550091e1238049889a6e24e5","512","384","47,58,84","47,58,84","True","tr-446"
"train","447","18129ad7ca09cfa65fcdc4569da3f10b50df7eec0139f557af5f58e6798bf18c","534","356","24,67","24,67","True","tr-447"
"train","448","145f76e819bea4a7b69181c706590b49a919a6fefa44ac556c88e55e55bc0581","256","256","24,70,96,101","24,70,96,101","True","tr-448"
"train","449","5cb786898d6c62365d8b38eddfffb3aa6e9b5308837633ca0b889acc8479b374","256","256","9,58,61","9,58,61","True","tr-449"
"train","450","832b18b7e2163f6664532dbd8f6308d130a8cdd1cc86ba3758aa2d5090d6c3ac","512","384","5,16,52","5,16,52","True","tr-450"
"train","451","6de52a6214f626c346038769f90f84de5b8ba038d33039454ec42e392e529bdf","410","410","5","5","True","tr-451"
"train","452","879befd1c5b740e189749d93074ab6ee9c947f70a84de63b9b04457c11077d35","512","370","52,58,73,80","52,58,73,80","True","tr-452"
"train","453","37cc611c3c3ae8ebe221f1a80a7c47eee736b795b45919261bc03c39fed83e44","512","476","47,65","47,65","True","tr-453"
"train","454","f667d42c20b514caac093cbe0595391481962504e88c1ac8748f95cf0d17d9f8","512","384","46,52,58,96","46,52,58,96","True","tr-454"
"train","455","0380f39ad4b4ffe717d6767225f3a236927a1908f1e08b28c955be0cf932ac4c","512","429","52,72,73,83,84","52,72,73,83,84","True","tr-455"
"train","456","5e507ea12458a9fec6fa86810197f1afbf47c6c57a0328a9cc27da84fa2303a1","256","256","48,66,87","48,66,87","True","tr-456"
"train","457","c695de6147544b2e3f1018070f1611a3958e0481559c0a99deedeb19c670ab15","512","384","24,47,58","24,47,58","True","tr-457"
"train","458","b4dcd79e51c42a8147dccddfa1163ba93a340840cc2f1580fde4c10bf2371843","640","480","48,52,66,70,84","48,52,66,70,84","True","tr-458"
"train","459","06be55277394ef6aeeb00e64e9c2c142264774864c4061d74fa7ad96e0f829cd","512","426","54,70,84,87","54,70,84,87","True","tr-459"
"train","460","08ffb2cae726dbe04b582dae6a7a35ea8f054d19911d265f38e21a299a3e3f42","512","400","47,70,87","47,70,87","True","tr-460"
"train","461","a82ed4bd13f68045fca48fd8aaeb0c3c63b6efc65e86ca9765dbc8fd1af73dc4","410","273","58,73,89","58,73,89","True","tr-461"
"train","462","5a08c7d861179d708489bad10bdaec24803b90d48c29e75a97d8c51451316723","2639","1791","9,24,52,70,73,89","9,24,52,70,73,89","True","tr-462"
"train","463","63f1cfe66ca864cc86190e84f2c415a8d82689bb79b4e695cbaf9b07a7991fbd","512","381","9,49,58,67,73","9,49,58,67,73","True","tr-463"
"train","464","718492ea7af311981b673371120bc059645cf8a426dd479b55728fd9c18f5fb2","5312","2988","46,56,66,93","46,56,66,93","True","tr-464"
"train","465","c7f08353c04d598dc565dc93d186e397f33b2581f0db069171affed91bb1da2d","512","384","10,29","10,29","True","tr-465"
"train","466","1b4ca454278adc826bc722a32496021469d85ac4ab26c7c670cf9cc72edf62b5","2448","3264","48,59,96","48,59,96","True","tr-466"
"train","467","8fe2bc6907357486226568cefaf0b932f6b70906d1022971e0ab125b5035fdfe","512","384","48,52,70,84,89,95","48,52,70,84,89,95","True","tr-467"
"train","468","11cc6d2f12f088f1d3e8be38977cf0d9a918d4d91b9128386265e2faa45e0cbb","3264","2448","47,59,66,94","47,59,66,94","True","tr-468"
"train","469","7ea5e8d868f3366095cfca9b62a74800ff77f6bf351926b57bdc1933ab8f4409","512","341","48,70,84","48,70,84","True","tr-469"
"train","470","2d2eb35ca4c37d25e097898dff1322275537a651283ff60482412e3b5f639a60","512","512","3,46,52,58,70,87,89","3,46,52,58,70,87,89","True","tr-470"
"train","471","6f0a11741471d3794f8b042ad5c9b68930d3cd11ec6b4beb9a4f76db9a511913","512","384","32,48,52,70,85","32,48,52,70,85","True","tr-471"
"train","472","ed82348689edf102e720d254aa57ed299a6a9551ccc0f57d34ceb55b1922f8af","256","256","48,58,59","48,58,59","True","tr-472"
"train","473","967b96950e47e58701582191cb1acec79810e86f49c9388bbc68586a3da3ca63","512","477","5,15","5,15","True","tr-473"
"train","474","97bf5f5be8149b351a0fb95049f427017c60e234a35ac034651f5d80194c052d","340","512","10,25","10,25","True","tr-474"
"train","475","b517a4033479c05509ca2f9aec1f98e19ee8745c4032a0dfde41ddcad8846986","512","384","24,52,72,80,82,84,91","24,52,72,80,82,84,91","True","tr-475"
"train","476","acf897c2a2c9c0f24b2bed3d84b62e47e711bb4bba88d82f17e2d736ea2bedfd","410","273","10,15","10,15","True","tr-476"
"train","477","e5d2d71501b2e6cbc769685edee9dda05df4ccc2d64b3d041132bb92a230d3fd","410","273","10,31","10,31","True","tr-477"
"train","478","85f1e45d642c7543ae1189af01115560d71322cedeac3ad010e16c970817eec8","481","512","14,47,59","14,47,59","True","tr-478"
"train","479","827872668c92358f45aac701b1e16af3322a226d3840ce4e033ef060ed8e1438","300","225","71,80,89,93,94","71,80,89,93,94","True","tr-479"
"train","480","4d6fe985d033adf2eab53cbf076ac9c6dbe0c1a325306ef929833df863799cd4","512","384","46,59,70,85","46,59,70,85","True","tr-480"
"train","481","e0ea43036b9b1151bf8de3c2a58626b248d7de346f5743664c20b42ab56e8caf","512","384","48,52,65,73,89","48,52,65,73,89","True","tr-481"
"train","482","aed1fe1bb1baaffbadd3fe18268e20ded27b386f42c3e230dfe0cc371d1041bb","256","256","29,58","29,58","True","tr-482"
"train","483","6bddc9d9cf9adee0f681953690ca599b449d15655f4317d11c94973493d0c263","2592","1936","70,84","70,84","True","tr-483"
"train","484","2bcbc6eeec1726d3b21e5a1f338bb76ba2b1706109e9db8ad3ef0497279ea975","512","384","46,70,84,88","46,70,84,88","True","tr-484"
"train","485","0b826e832c1ef5b731f49f2ec0fc8758f590dceb060a59c98f2e527dcb3cb6d4","401","369","4,8,10,30","4,8,10,30","True","tr-485"
"train","486","10148d2c0010534fd2519b912edfb51e797611b0f8edd9249b94f9c1202cb497","512","384","8,82,84,87","8,82,84,87","True","tr-486"
"train","487","d886f9782bc973293dfb90cc082710deef87ad2b7ffe3a656b6aff043c28e5d0","512","341","9,48,61,70,76,89","9,48,61,70,76,89","True","tr-487"
"train","488","e5b14434fb334609145c653640707a16f33e27934a0f1a194b926f3f80093b38","512","395","52,58,80,82","52,58,80,82","True","tr-488"
"train","489","57fed917e528d725fdea926ceb25ba62272e2c0e2f8d0a96a67e2e9664b3555a","512","384","46,52,59,70","46,52,59,70","True","tr-489"
"train","490","f4bf8d1803161cc28beaa2e688cd2a6780ccdc88b5120e3aa4dd04669cbed3e8","512","384","8,14,46,73","8,14,46,73","True","tr-490"
"train","491","13db84dcaf33ea38b72416f1600810c595a7c84ca6d51651d1006186d14676b1","512","384","58,59,70","58,59,70","True","tr-491"
"train","492","8630d99d382cd2989cf05095bbcc94d936cc306ef1c8bb86a0fdf450c6536caf","512","384","49,71,76,84,90,93,94,95","49,71,76,84,90,93,94,95","True","tr-492"
"train","493","f5bbdff9a8d1e30048eda6bfcfd8ecc9b8b4aef530287f0dfa2e7c4a003588f3","512","384","41,58","41,58","True","tr-493"
"train","494","20d82f5b9384b10d8d18dcd559526e6464b91c51b7fd99eb375b35dbc6750d08","512","340","10,33","10,33","True","tr-494"
"train","495","cea11023b547bd3789992c9210fa8ea37bcc1b8ee285f5edd45f7f1d238dea5e","550","367","32,52,67,89","32,52,67,89","True","tr-495"
"train","496","7b4e4faf83730c25603f2c1196a35fde7092c8a2393c5d629be980f87433b0c3","501","512","46,52,58,71,80","46,52,58,71,80","True","tr-496"
"train","497","4d8ec47acaffefe154b5413a2a2e436ce65b176a10e045ea6793edbf11fb630e","512","384","8,10,30","8,10,30","True","tr-497"
"train","498","cf9cc4410e385f8cdf2f090f9c453564b2069dda39d4ea66252d7fe110010813","512","399","28,47,58,73,87","28,47,58,73,87","True","tr-498"
"train","499","992178c58feaf79cc19a1ea6eca743e924e3f0a34e7eefa465af5ee0be68ffea","512","384","67,73,80,94","67,73,80,94","True","tr-499"
"train","500","dae2a8cfa91c380588cd94372f23b76627f3c8dc5729309d24074ccc609884f1","640","480","80,103","80,103","True","tr-500"
"train","501","99c349d2339b2a03b2f9032eb65eb77e26584c552ee9ac166fa3fe1af955e3db","410","448","4,5","4,5","True","tr-501"
"train","502","9f03e81fe00ec51ca026de8545dfa1ac27d968c60493b3624edb4cd4fd5b4063","512","384","47,70,87","47,70,87","True","tr-502"
"train","503","185347725d61a860f835f8a86575bdf2f503f1a0c9e08d7ee88d18de44421906","512","432","9,13,58","9,13,58","True","tr-503"
"train","504","1158c7f7734723bbee0b0e06780b82294892cfceb953069fd1cd9338b555fc63","512","512","50,67,70,80,89","50,67,70,80,89","True","tr-504"
"train","505","8ca9977462b9ee230a8ecce328f9f9e4d99fa91df355f1109ed2b22ced5245b2","512","476","37,54,70,84,96","37,54,70,84,96","True","tr-505"
"train","506","d1ef0393d05e6554d63dd09c45815cb252875070cbf3120f53dcd61968f841a5","512","384","37,48,73,84,89,93","37,48,73,84,89,93","True","tr-506"
"train","507","50e29239438e986b7718cbe5ed0631f1b43ef0155b86363e72677a50d10e1d88","512","341","48,57,59","48,57,59","True","tr-507"
"train","508","7083b2dfa583b5fb9b7848073cc7cec0374e6b6d7667ba96ebbbd51afe80320f","512","341","46,70,84,93","46,70,84,93","True","tr-508"
"train","509","5f07520db4985a59d4b36630379f28f2ecca08a6c51ba6865c5cb8f95bf78d35","410","373","41,52,65,73","41,52,65,73","True","tr-509"
"train","510","4d14eeac0c31c40af23d7acb99ec93e74babfcbbdf1a61771d35e7bd2d2e59bd","512","384","48,84,87","48,84,87","True","tr-510"
"train","511","32b38ac3ad52c70b75024b09da4b4cdf6f31b7d3dc721ef126f05e4634a0be6c","2048","1536","56,58,64,80,84","56,58,64,80,84","True","tr-511"
"train","512","4a40fe02635902645c5379b114cbf268df1a1235780d6fc62dfbcf95fec7c1ae","512","384","8,73,84,89","8,73,84,89","True","tr-512"
"train","513","c3c11aa151466634a35034e756185d592b9ee279834905502418db1c766e8b5e","750","1000","46,52,69,73,77,85,94,98,103","46,52,69,73,77,85,94,98,103","True","tr-513"
"train","514","8d07f0419ea093911454011c29e7766949236fab3d2234b20ec88f7f795fe7dd","2560","1920","52,82,84,87,88,94","52,82,84,87,88,94","True","tr-514"
"train","515","8141bd43c555f7f974dfd7be7cd0b87bea3aebe9f745c1bc13fa1866212b36e4","512","401","34,46,58,94","34,46,58,94","True","tr-515"
"train","516","2bce8ce8bc3ed29498a461f55b0059edd51bb97d1f96f3b8d688e095ab8ccafe","467","626","50,77,93","50,77,93","True","tr-516"
"train","517","85fac8fa3fc4aa1a6dea8698db79af196a3a9961f06108900d28fec942322ac8","1536","2048","9,48,58,65","9,48,58,65","True","tr-517"
"train","518","2019c6cefc9180aa6892146804fbf5bdbdd6f86c19a85d64800d10e2dc1f0264","384","512","67,73","67,73","True","tr-518"
"train","519","394d71e8f3c7ced0b4f6b3cb6687dd6ac2ee46692eca620877499a83bc37f529","512","384","12,30","12,30","True","tr-519"
"train","520","730d423b95d32a637344df968317a29a2f48bfe9e9907111ecabe72c4af50593","2448","3264","37,48,65,73,80,91","37,48,65,73,80,91","True","tr-520"
"train","521","b82279d0636d761fdf410b80d72c616d1c2c8ef33a235a378ff12c18f1410574","512","384","8,67","8,67","True","tr-521"
"train","522","1f00fd4f36fd6afea1f017ab6c81555626426a9b47ff5be1a412fe3807be4cc7","512","303","46,52,70,84,101","46,52,70,84,101","True","tr-522"
"train","523","3f796a1680b0495e9fa2f5337870183ef767fed64e83313fcd905ae7a431cfdd","512","385","46,84,103","46,84,103","True","tr-523"
"train","524","fc8054efb1e60fea5d1fc7963c5fc59900d474adabfb213302ea68193f8120fc","512","384","24,46","24,46","True","tr-524"
"train","525","7b2f984200f6b975dfcf22352b799436c71fa28028278a3ed3680fa0c8a0aa87","512","364","8,84,85,87","8,84,85,87","True","tr-525"
"train","526","f0a5bb7899e198835e3f014583a8d0c33a3fb20153bfe5a705b1b9c8d995561c","1482","1090","9,46,58,73,80,93","9,46,58,73,80,93","True","tr-526"
"train","527","ca38a033386a19c9650ef6f55f5d8098e51722a73ca1a74bd550de6a6ad7283d","512","384","52,67","52,67","True","tr-527"
"train","528","41ef3751d673958d0e492bf7842d3d0b612af11c69813d7c838fec9e1822d394","2448","2233","46,87","46,87","True","tr-528"
"train","529","4efbacf8d418ec35048d1a8efa0b2be5246e90a1778a78a208d81ea9b88613b4","384","512","13,58","13,58","True","tr-529"
"train","530","bcdddd8ad09884076b01ac60fa98fad7e4a0282e67c7e0ccd7b502e3a7424b7c","256","256","24,50","24,50","True","tr-530"
"train","531","430eff6652c87f84bc037452bf285e159ec75f0d03b9cdd4cad95e352f2cb349","720","540","3,9,47,58","3,9,47,58","True","tr-531"
"train","532","13556aa936a0eea5b8313f19e988adf682c648b01741568c25bbc5038ac1a1dd","410","273","8,31,58","8,31,58","True","tr-532"
"train","533","d182443820f1dd6ac94f27c98154bac1ee84ec4296f68a0aea8cdf1e2e711315","3150","3150","30,31,32,33,42,43,89","30,31,32,33,42,43,89","True","tr-533"
"train","534","138cf351d1ce27f4603eae4320ea994d78936e2842e7fd95c6c41c2aea79e385","512","384","54,66,72,84,89","54,66,72,84,89","True","tr-534"
"train","535","c760f5ab856003c07e131f1dc1693c77be30d8b29f334270306edd820f152663","410","307","52,84","52,84","True","tr-535"
"train","536","e809e3c00d82ae87c5c275fe1cff1c7d5a9e0e760f04e7acf2be0cc819274251","512","344","52,67,73,89","52,67,73,89","True","tr-536"
"train","537","6bbdd53b5ba2754130f6abed96dad07693dfa23b2714644c2c56d0284b2d8ae1","2448","3264","58,70,95","58,70,95","True","tr-537"
"train","538","ee020de13beed7f150dc85e4cd12bd1c98c5e4c95be7328f4c05cfa54af1dff5","256","256","37,48,52,64,87,89","37,48,52,64,87,89","True","tr-538"
"train","539","94bf9c837fa31ace8a78aa15669d969d784882dd5e3305e8e9e18167a16ed6bd","3264","2448","9,47,54,58,59,76","9,47,54,58,59,76","True","tr-539"
"train","540","6d818ce34b421d515c949ab962ecf2b39d5c23629e9c4a20868bb6ffe9008228","512","371","48,64","48,64","True","tr-540"
"train","541","cd05e7889726a84d60d16806a5ea7782f31a8269f700b8b7b256233c86d83ad7","512","384","46,59,73","46,59,73","True","tr-541"
"train","542","50b1170ba22f6903f7daf8f5b0b0095092b87e00ac1c12aadce058d5d7dc05d5","512","337","47,84","47,84","True","tr-542"
"train","543","c4bc28ee3f543a7a6caf63a24596a09742b0aa41be5db1040e29c456ec72ba35","512","384","48,52,66","48,52,66","True","tr-543"
"train","544","39babfb1fbb17ef2e96fff93c64dd59641d6f511f68d6ee6ecde197e83c827c2","512","384","48,66,73,89","48,66,73,89","True","tr-544"
"train","545","59f64752111320f8b51b808b7e8fd08e95834242654cd204b03a983671022495","512","340","29,30,61","29,30,61","True","tr-545"
"train","546","092d3027e8c93d3b9f6796aa01b783dccf650887c49867a4b775a217d0f8c595","256","256","37,52,55,89","37,52,55,89","True","tr-546"
"train","547","3d83a555b7fedc3a9461fc2088f4596944fb146a81fd8f81394b74ea4a1505b5","512","384","46,58,70,84,96","46,58,70,84,96","True","tr-547"
"train","548","8168bc0858a789f27045753f05c6248c76b55420142ac65d68e9e6e24bbff7ad","3264","1836","30,32,42,52,84,87,89","30,32,42,52,84,87,89","True","tr-548"
"train","549","f4549f9fb5752eb494105cb7d9a40a331e700f40bfe73a626745cd9c1c1a4761","512","384","58,59,89","58,59,89","True","tr-549"
"train","550","2fd659df4bf6ce0148b5b79d66102bb477184b5031b3fc58bd4ed86b68c6b748","256","256","48,66,84,87","48,66,84,87","True","tr-550"
"train","551","0c9bc711c92afee699569b10eadde2375ac24f1260022150f427b5ea62d03f5b","512","387","47,59,70","47,59,70","True","tr-551"
"train","552","d3337074cdde93ad7c6d243ad49be383854dd170dae1a37977dd65a94ab015e9","1866","3122","52,58,82,84,88,89,94","52,58,82,84,88,89,94","True","tr-552"
"train","553","034c0252073393b4d1d49d4128eea2d97359fa06de4f6dfeb442713992eabe34","512","384","10,29,34,41","10,29,34,41","True","tr-553"
"train","554","2ea01016d1b8508de42a06df2e0b61453b0cafda8c2010b355bb14cb740d6a88","512","382","24,52,65,69,71,89,93,94,101","24,52,65,69,71,89,93,94,101","True","tr-554"
"train","555","c22ed137d42e9958a4ee471dc160f0b900676058e2b424b5c8b8057198fbfb92","512","384","37,50,52","37,50,52","True","tr-555"
"train","556","48d962a4e1ef919a3614818df9101bbc92247140bed50ecd8c6acb82d3b633d5","256","256","8,30,32,67","8,30,32,67","True","tr-556"
"train","557","8cf6e20a70de02003fbcd89463e07ca2141e5bcc59f1ee1e853bb701e6d1a724","410","344","30,32,52","30,32,52","True","tr-557"
"train","558","5fb336e2c8f8e7db7ea0f605257cdcba56dbf79738f46a243451d756980c14d0","256","256","3,48,52,58,80","3,48,52,58,80","True","tr-558"
"train","559","a5301dde4597023817fc22b3e80526cfa559665be19155cdadf31f1612cfbecf","512","447","9,84,89,94","9,84,89,94","True","tr-559"
"train","560","a35f53c075692a35987b824b0c5b8129f37fc493a4c7c84a7518b69b65de6daf","512","384","24,36,58","24,36,58","True","tr-560"
"train","561","c3a51b46ea65a227be86ffd781b511676c003e233f3e615a7eec95fc21c1ff64","2448","2448","50,59,70","50,59,70","True","tr-561"
"train","562","77682c9f7817f58b94660ae3f2a92e3e6e38375ed70b6153d512b8d7a5b64b8f","512","366","37,54,70,84,96","37,54,70,84,96","True","tr-562"
"train","563","3be32feb14c33e710851f9036f25f8ac6f023596836696fe8689441a6e1b7759","512","384","67,93,94","67,93,94","True","tr-563"
"train","564","bed565e01e01fcb52ee1711e134365077b098cd97395c1f13d75f9ff390a2295","512","384","51,70,80,84","51,70,80,84","True","tr-564"
"train","565","3a733f643eaa311a1ffe63d289eccc82ef2b3be56dbb36acb570880bbb3c2173","256","256","51,66,69,94","51,66,69,94","True","tr-565"
"train","566","2ff25ec8dacaf2a3d28894ad3deea0ca1616be476193baa057a0b39969654615","512","384","54,67,84,96","54,67,84,96","True","tr-566"
"train","567","c30f590ff2cc51d06ec287622004c2e089f275a5432a525a5a678433967a3f3a","512","341","1,24,66,76","1,24,66,76","True","tr-567"
"train","568","433be29c345bbd59955191eb0b6e6d3a3f439f1a1a478c7a34c191fa4f6ef6c1","2048","1347","5,8,31,52","5,8,31,52","True","tr-568"
"train","569","88ac1fefc6667625788936232e689dd80beefed985f13f6022c9ae9172c2fb54","512","384","54,59,73,87,93","54,59,73,87,93","True","tr-569"
"train","570","d1aaac931f5bba2cdbeddb051f500528a32f48e15fd3c54cf4d861e268d3226b","512","384","46,52,70,103","46,52,70,103","True","tr-570"
"train","571","2956fa091e2e500a65adda00a9174dcdc7a045c931cab2dc1a263b375e0735b4","512","384","30,41,58","30,41,58","True","tr-571"
"train","572","5ff205baf5770379de8527e47e5a19db1e2b86b514a571f45fc568e33e535047","2560","1920","48,66,72,87,93","48,66,72,87,93","True","tr-572"
"train","573","b74897e7266ff6368954f28c931780471b54ee4de0a75a30bbfe72c5daf344ba","2560","1440","48,64,102","48,64,102","True","tr-573"
"train","574","e3cbcc2d64e7980361054fb7e4cdee9ea0dc4e79e5147ec507d1123a2f7010a5","1840","3264","47,48,59,64,103","47,48,59,64,103","True","tr-574"
"train","575","434367f43136f82e4b10cc4f99df9f5a738d582d7c82b97502bf44786034b7c9","512","384","46,52,59,70,73,95","46,52,59,70,73,95","True","tr-575"
"train","576","faf7cbff2e7c080c4f1f9035add287408afcc79a04ea78662d8190042ca162ca","256","256","9,46,96,98","9,46,96,98","True","tr-576"
"train","577","791bca27faf4d10469b47c202214850cf54728505695b82afcc488d22a784c50","256","256","37,58,70,87","37,58,70,87","True","tr-577"
"train","578","ee2b8603140b5ea75c7c98af7c1869659aa90ededfa0b60bb2831c5af3a0ca56","256","256","8,46,52,73","8,46,52,73","True","tr-578"
"train","579","2b9ebee863598d7395d1e70c3cf1882aadcf54f29b922e3baf42fddf273ead31","512","384","47,62,65","47,62,65","True","tr-579"
"train","580","9d30b666487aa380d4e1e9a6cde35c0363aab1d58757ea8a91eb60f273e013bb","512","384","52,58,89","52,58,89","True","tr-580"
"train","581","7d966197189234702b075334b1cf78369313a28e23b46c04c27c9a5533ab2fdc","512","384","10,30","10,30","True","tr-581"
"train","582","7274716f996dc3b87ac1bdd04a2b2478b72f1ed3f6d5fbb1abb7afbf61f15722","512","337","46,59,70","46,59,70","True","tr-582"
"train","583","5c4ceb95fa3bbab07a4c54e398b8118f484f0067d727ce5bf4bb3c5c715dd8c5","512","439","47,59,70","47,59,70","True","tr-583"
"train","584","da4f1852f3003ac22d85fdd4b8e600606a36cf11a9fa5e127685e32d9b5bcd25","256","256","49,52,67","49,52,67","True","tr-584"
"train","585","21ec8b89178820ed82b7be2dd67ec075d34d5dc34ef10aef7df021a76d40ca4c","256","256","21,52,66,87","21,52,66,87","True","tr-585"
"train","586","cca96eb78c108345c7f7a59ac5c1862c04413738efdf5e1a81f06da04aa77d15","256","256","46,70,87","46,70,87","True","tr-586"
"train","587","8c6a0e13257dc3e191d285ea7990d8685987ec78740acedc1b8325202139ad65","512","341","37,56,65,95","37,56,65,95","True","tr-587"
"train","588","c317e23c9d2cc7ea2234188589db76f3aa9401f0a9e8bfcef345e62aa6a70a97","256","256","3,50,52,58,92","3,50,52,58,92","True","tr-588"
"train","589","6b329a0fd28e543826cb2931414e2315971b11505cd861225d6f0b56be36afa5","256","256","48,52,66,89,93","48,52,66,89,93","True","tr-589"
"train","590","170f2eb2d98f3a77d091f6009c5c0d71a2e8a1778079522fafa76aa246660402","512","384","46,52,73,80,93","46,52,73,80,93","True","tr-590"
"train","591","b7e697f67ab74c68ba831f17b72d82c3fb1b50d470a694cbd39f9213544f24b0","512","384","48,66,84,87","48,66,84,87","True","tr-591"
"train","592","fb73ec63f6f74f126f14ae21f8a70aea539773828a1f97c948f2e3eec7a5a6ee","2560","1920","48,70,72,87,96","48,70,72,87,96","True","tr-592"
"train","593","39d259f27792d4d707dcdddfe8853e3d5e9f159abe9174fd1ea8b0331e3339de","716","960","46,52,59,70","46,52,59,70","True","tr-593"
"train","594","b15c75d949c381a47415635dedae936f1b062a40f973606d94755dafd8ec5f0e","307","204","49,52,58,84,88","49,52,58,84,88","True","tr-594"
"train","595","10c4d0d2e06813dedebc6f00f9c1526a6a608eaea2ae1ca67ab613641863968b","256","256","47,58,70,87,91","47,58,70,87,91","True","tr-595"
"train","596","27a0e0177272d47aa556c5e662ac0b9623c9dd5d309447da02cfc21837bc0eff","256","256","49,52,58,65","49,52,58,65","True","tr-596"
"train","597","8e8b36286e19637b4eb309d5a21559429f8778731761156a5c2ba27efba653bb","512","384","52,58,82,84,88,89","52,58,82,84,88,89","True","tr-597"
"train","598","a786f27f58bd57da08d44881e3f5f4f762d7689e43fefe4fcbaa8af686ba6a5d","410","274","9,24,48,58,94","9,24,48,58,94","True","tr-598"
"train","599","694797244f21a35e56668a52faca1673942964a1a36c7da9e178d70815a36b18","306","512","11,48,70,84,96","11,48,70,84,96","True","tr-599"
"train","600","4281a0147ff5a5b7f97a9813b98798a4c7fb77e8cd2c49e017f7e5903b9445b3","256","256","15,41,44","15,41,44","True","tr-600"
"train","601","d4acbeec170dbb9aaceb38595876de390a981e12527274ee2a9c8024d510e74b","1000","750","52,66,73,80","52,66,73,80","True","tr-601"
"train","602","b22b663798b008e48693e312dbe2fd17413a674c0a83d95c99bf1499a759dd4e","256","256","5,89","5,89","True","tr-602"
"train","603","692daff08b4d8b4cf57a5788d50d6ab80e7b51153afb8b0da4d905eb57259401","512","287","5,57","5,57","True","tr-603"
"train","604","7440f1392089512accfa5f414afee61f995e2ed2a5d402da60a0927afc7b03f4","512","384","17,58","17,58","True","tr-604"
"train","605","ff23b809825fcb873ee95c2a474c67b2a04ff87a00bd1ca24f034d41dbccc9e9","512","384","8,30","8,30","True","tr-605"
"train","606","4a539fc10d397b0aaf996c42189c21d42bc0d6d0cc0b611173b740d69e4c4711","512","384","8,82,84,88","8,82,84,88","True","tr-606"
"train","607","de005c1b8718928cf2e3510ac2b580b983658db315de89668f17bb5aba84d561","512","379","47,70,87","47,70,87","True","tr-607"
"train","608","d949b71b57d73706a24c1d471e683ba34d98d2e51db433da7c227eef5e93b076","256","256","46,70,87","46,70,87","True","tr-608"
"train","609","66e70e046b8e9e270215032f811c32fd80a6d28d4f1e1b367397c00eba065cc9","410","273","46,66,87","46,66,87","True","tr-609"
"train","610","b8f4142ed73a799bbf00028d90df7d70fa5ebe2f31e5fef385081291c1685b4f","1000","750","8,30","8,30","True","tr-610"
"train","611","1a13c7e10fc9423d6665b29bf0d7ef7c514fff93029777a2cb76d384367ff1cd","512","384","8,29,30,44,102","8,29,30,44,102","True","tr-611"
"train","612","6463057c58b59f3d3ba6c72e9b4c9c729342cf2f22cbdfd87826bf08e7840fcc","512","384","8,34,66,67,89","8,34,66,67,89","True","tr-612"
"train","613","72514b5837cfe174f6d674aacf3b3e7482a64243299fc043cc47e847692857a2","512","288","17,20,37,51,66","17,20,37,51,66","True","tr-613"
"train","614","5c98c8f9299770c66668a66dbcd5e3b27eb416cb506dc9f6c272f26375c6eefd","256","256","8,84,88","8,84,88","True","tr-614"
"train","615","b3470e00447858d92abc2cd06da24e148c20c3bef6808550ba99fcd35780585a","512","384","52,67,73,88","52,67,73,88","True","tr-615"
"train","616","77474d3c1b266eb6004462170b73448dafbfdf236a068489efb84a6d5cc7d716","3794","3794","37,52,80,103","37,52,80,103","True","tr-616"
"train","617","23c3948dd27947b89f2a3e8f067c8c53e1e2175551ca80d211c1b26d32757025","512","355","46,64,73,89","46,64,73,89","True","tr-617"
"train","618","cf5b9e5d8946fd7f5e96c0fb2a05ac8a99dd6626372d9f4032afd8fe0660e7db","2448","3264","29,30,58","29,30,58","True","tr-618"
"train","619","2773e2955b6f524dbaa8ee8f318b6450535d8c6fc5ab6a86b9ed6349c74c3d2b","512","384","46,73,80,82","46,73,80,82","True","tr-619"
"train","620","2e979efb0d38d05fc452e636059d82ba717555a5e94cd4c23e330c5c06c5bc56","410","273","8,48,73,89","8,48,73,89","True","tr-620"
"train","621","0bf239923cb4d70b095728b2ff5a1c66bde0bc6356572152014899d7bef55dce","640","428","52,84,87,88,94","52,84,87,88,94","True","tr-621"
"train","622","5325863dd0ee39d27a242e4ccf483c1ceaafec9aad1d6fb6408ac3fe61c96cbe","256","256","4,5","4,5","True","tr-622"
"train","623","fa55909567c7fb06a393058a3fe954ba321a90b5723bc46b18dd2c2804b4e5a9","512","384","3,52","3,52","True","tr-623"
"train","624","9c44f74b8f53c27de3dc55ee51f38488d4450ced8056d43a43ca69c38f83890d","512","426","11,52,67,89,94","11,52,67,89,94","True","tr-624"
"train","625","1cc62dfe5811bac89c6bc560c36e4a55fb7315bf368b88765dff9042e97a4d45","256","256","37,48,58,87","37,48,58,87","True","tr-625"
"train","626","2b8b33ae5c9d68cc5c582f43dacec8151c07079a72143c540d94abb80c26456c","256","256","46,52,79","46,52,79","True","tr-626"
"train","627","a19751dcc8910a862595cccd39e941017d9d8a2a83495f7d81c4135b8be8f068","512","416","48,52,70,73,85","48,52,70,73,85","True","tr-627"
"train","628","660cfc38111a8e6b3ab37493a1be743504cee9952a1ff8dc8f27575c70994dc1","410","410","8,32","8,32","True","tr-628"
"train","629","1e30741a4f6c23b161cf4049c9860d032e303da1e007ce9d9f5e1a396f08ad55","2592","1552","46,52,59,70","46,52,59,70","True","tr-629"
"train","630","bd2ea1cdee7d5446809da052ffeb3553f6640f55d147574d5ab499b9c3a67873","800","600","48,66,76,96","48,66,76,96","True","tr-630"
"train","631","c4c42280b775c8a170b249124f948e045283b8aeb2bc7fb3a61699bd518ffc17","400","400","48,70,96","48,70,96","True","tr-631"
"train","632","35be75c7ef2e84846c9434965aa3bc5202416d4a21a55a33abfc5b683bc90f31","512","420","37,48,84,85,89","37,48,84,85,89","True","tr-632"
"train","633","16f31d90cbf3713abfe29257566b2deabdd0beeb38af74c187d0be41cb6d7282","410","307","44,58","44,58","True","tr-633"
"train","634","e52c5220196ddffa1dbef7831effa84bb8e13393d25de872b9cc642cf8c64c03","512","384","35,54,70","35,54,70","True","tr-634"
"train","635","a093f37e3c6b0c318042dab20758a2957b90bee6dc2a5e689f8273f7a88e6973","512","384","48,70,84","48,70,84","True","tr-635"
"train","636","0ed390da15aafe8153857638f38bc59eee163b8f870678187737145161be4b80","1280","960","48,49,66,84","48,49,66,84","True","tr-636"
"train","637","298bbdf38197fbde272a90fff51c5dbbaa9b1d7b981a4ccddf0a5e5a42518c44","256","256","54,66,72,84,87","54,66,72,84,87","True","tr-637"
"train","638","eefba9e22c69e24bff3ccb0fd87e78af705b2764ff3497fc822a9aa3ca901a78","512","384","32,67","32,67","True","tr-638"
"train","639","2b5c32a7e139d4b5e2c4a70997bec4d6cf1158bf5042559adcf5b03acbbf4ba6","410","273","5,52,84","5,52,84","True","tr-639"
"train","640","c5552ee5641309c6202f7333686c3240f7da1024424ef323215dc33cab482f1b","410","272","14,22,25","14,22,25","True","tr-640"
"train","641","57d00223978eddc9fdbdef586c679f5e76e5470ac5e5fd81e0e75b1743e567f6","642","428","9,49,73,82","9,49,73,82","True","tr-641"
"train","642","9084244e8e909da8043f8c9b062618d55a3542f3c99f9807697208ea77ba4d3c","512","378","14,37","14,37","True","tr-642"
"train","643","ed8795b9d79700b786cb3635b6d1f28e920615136857647d2046e9bcb8f9458e","1000","750","54,73,89,93,95","54,73,89,93,95","True","tr-643"
"train","644","08e0e7c59e13a0dd755c8548c3e5780b206e8bfaa7ddae3d8d88ef6feddb6ece","400","400","5,37,52,55","5,37,52,55","True","tr-644"
"train","645","0a214cfc5373e88804eda38f1d0de32ca9c6c4bdd7c6e72b0b344594d0bfef34","3264","2448","37,52,63","37,52,63","True","tr-645"
"train","646","a393f81987287d871a73d596093d61aa12134fb452f5edb730b26c6d892273db","512","429","5,13","5,13","True","tr-646"
"train","647","d69aa676a59f71e9fbf4f361d2af9e66104aead6babc304f26e436cb7e464e23","512","384","52,84","52,84","True","tr-647"
"train","648","f1799cf18f5482b0bb102630e2ea6d700ba807741e26b48e48293e9002b5721f","1000","1255","9,24,47,52,59,76","9,24,47,52,59,76","True","tr-648"
"train","649","4929bbbc5da80732faf8f7f1a4ed9cb0ab1e29bcc225fb33f1c28fe3c2f54ae9","500","512","4,8,30,89","4,8,30,89","True","tr-649"
"train","650","d982c5fd5faa048bf0c2edc2887f4a3fbb2cd091a3e35a302ebbb95b207ee47a","512","384","8,30,42","8,30,42","True","tr-650"
"train","651","801b3261ada263d5cb26dbdd885a224845d11917fb520bb9575f90b0c1493158","256","256","48,66,84,87,89,90,94","48,66,84,87,89,90,94","True","tr-651"
"train","652","6c48e06c3ba307416e6ba55371298f284144d38a81bfab505aab72696e3d91d5","512","384","48,66,73,90,103","48,66,73,90,103","True","tr-652"
"train","653","b4d65959ecfbf3f06538bc413fa75521037328acf8dc99d38a6023745f8ec126","512","398","47,70,76,95,98","47,70,76,95,98","True","tr-653"
"train","654","2672838734a0f34563df61a5730158eef51dbb0b07f974285e710ab3d1305ebf","2832","1537","44,47","44,47","True","tr-654"
"train","655","bff52337fffea5cf1179cf90cad52b2329c5b2504253629ea93960e2446c8977","256","256","13,25,58,82","13,25,58,82","True","tr-655"
"train","656","02e144ff5932a112afc9b9de0f10b247b0f4d767d3d5ca9107e3b778bb13844c","3264","1840","9,54,64,87","9,54,64,87","True","tr-656"
"train","657","f1e2f218b629aa6f1b954297320122c4278fc7e0d331bc6de0fe2162aca9d356","512","385","50,70,84,89","50,70,84,89","True","tr-657"
"train","658","3be333b17be51efdf64ba9f8b988ebd7ad8e5ebb1ef0024f314ddcc51a4b60ba","750","1000","50,59,73,80,82","50,59,73,80,82","True","tr-658"
"train","659","558431c259aa1ae56233cf6eaed72cd51506303dc8f1084f71643a8ae576c77f","512","371","37,54,70,87","37,54,70,87","True","tr-659"
"train","660","795213263359ce726bc1be83832de71e43bb3be231b7608713c7a5ad34df3c9e","512","375","48,65,84,96","48,65,84,96","True","tr-660"
"train","661","3128c233b3ea6b40b3c634c3bcc8c06f8cbd8a92f5612bd9fe2d51e3ca121a6a","534","356","3,57","3,57","True","tr-661"
"train","662","f09f5b0ad35a8ecaa16f7462a312e82f9a0af19d304961d6d6653125015cc754","256","256","11,64,67,70","11,64,67,70","True","tr-662"
"train","663","3ea7d15584c5101eea23196c25e1c834194a176bfea526e89f4e7846be8af4fd","512","384","46,70,84,91","46,70,84,91","True","tr-663"
"train","664","1182ad43af6a0e183e76b4f518a8f4fe495e10c3ab23433cec29f0498c10b484","512","352","32,50,58","32,50,58","True","tr-664"
"train","665","29962d8d37fbf12f8ecec268c1a8f90d8519549a3e452fbb4881e4a4be4dedcf","2592","1552","28,48,66","28,48,66","True","tr-665"
"train","666","f1242508f997f06b5b9d8a22dbde94627d692182c63a02335d4ec3f22ef07e8c","410","307","58,73","58,73","True","tr-666"
"train","667","775241abd7b0f54a432879a5fab2f3aafc2ffb18a36adedb465e2cc202f6c03f","256","256","8,10,32","8,10,32","True","tr-667"
"train","668","75c87c160d3764168f7d1b0810cc890ae75056d79ba09b8bb435b0c5c00cdd99","410","598","10,31","10,31","True","tr-668"
"train","669","9adb9f1da3a7956dfd3e591881c085be7061a08c5764a772508efd94cb742aee","512","384","14,30,49,67","14,30,49,67","True","tr-669"
"train","670","43722cef7eaa0fe31be4009f7cbb0732971cc7d7a4fa390e942137e2ec23d489","256","256","10,33","10,33","True","tr-670"
"train","671","7ef18db1c2a5f3c952953f208baf5bf4f2a76e7a59b661de68fbef583a72caf7","410","361","10,31,32","10,31,32","True","tr-671"
"train","672","39bfa242bb0b7a5a79a63ab55442ab3bba8bb1970135fe47c81bf5ec2bd64e98","512","384","37,48,65","37,48,65","True","tr-672"
"train","673","73e2ce1a302539d9577d63c8f715789cec6e26872a81dfbe34d83c7fa448b5c6","512","384","58,82,96","58,82,96","True","tr-673"
"train","674","cda69c59b2a536a5b2b46e00315fdc8d7239d607644ae96485b57f11c3122df1","280","373","52,73,82,83,84,85,89","52,73,82,83,84,85,89","True","tr-674"
"train","675","fd2b144843a71e5631eeb88d38aea3b67837004dad82f1b30510d15b319598db","512","384","8,46,72,87,89","8,46,72,87,89","True","tr-675"
"train","676","ba20983a4b31736c6fbdb78e9fa0ff2763b1a2509dfdd4a2f0f09dc54b2cf0a0","512","384","48,58,64,73,80","48,58,64,73,80","True","tr-676"
"train","677","9874187956b1e2793a4eb485eb0fe8c2ba2087f5009f46ac82fb03dfc91efc36","512","341","8,72,73,80,82,84,87,88,89,94","8,72,73,80,82,84,87,88,89,94","True","tr-677"
"train","678","eca6a0d3b09947501d9d909dd20febce6b8a9afb7a0cdb62b6f441ef0c481ea8","410","273","8,10,31,32","8,10,31,32","True","tr-678"
"train","679","acd2693021001b8dbd76af6e8f7edfbae5735806839375a06bab1eda5cdca089","512","341","37,46,71,89","37,46,71,89","True","tr-679"
"train","680","08fb21bec4c04cb29f617fe97dfac1da9c1e612c2ab490585e042fc76e50f978","512","385","48,58,73,82","48,58,73,82","True","tr-680"
"train","681","c8dd819d4dbe14f73c6e449aa2a945ca14e55853cc1b9e9ddda45277dfc44f74","512","384","47,70,84,85","47,70,84,85","True","tr-681"
"train","682","0801223c2a7a847a17ec8a94fd3571abc1fe939b98fc7932d73bf03c5967441b","2048","1536","47,50,70,87","47,50,70,87","True","tr-682"
"train","683","1f2139e3f55dd07bfd2f22b37667f2842c6d9701cbbd0e499761b1ad8b34ca13","3120","4208","45,49,67","45,49,67","True","tr-683"
"train","684","ef1b18856f81643a9980355ed23bcffc759368c0596b8d44ee9735be8b971619","512","384","61,94","61,94","True","tr-684"
"train","685","2205cd3125124cf95fff40bf3e7b4c4b6fd3e5c106c43c98897739837fe6176c","512","384","47,59,66","47,59,66","True","tr-685"
"train","686","b9f501b904cd3631e0d5bdbbe0c75131159ba9dc7ac513092e2e3465273eb293","512","384","35,54,70","35,54,70","True","tr-686"
"train","687","6dc3e2b5f716c9a99909a0e2f420b806d0824f729719a92ef32e16efb80074b0","640","480","47,80,82","47,80,82","True","tr-687"
"train","688","da85880e696190b9f44cb5e381f6133ef0387831ad097955f3ac363fec1be0e6","640","480","46,70,87","46,70,87","True","tr-688"
"train","689","8b1a91a38712d88428f8ae0097aa3d2bbcccd7c92635c0504dd1d2af193aba08","512","384","35,46,67,70,73,80,93","35,46,67,70,73,80,93","True","tr-689"
"train","690","b65e8afeecf9dfac5b022dd98fa468bf38f5c448aa39224e6afa471f4a3a1886","512","512","48,59,87","48,59,87","True","tr-690"
"train","691","fab8c2ae532602a2de719bd1895701864fc1cc329d825bd7128f673711ffa074","512","384","47,70,82,93","47,70,82,93","True","tr-691"
"train","692","b103c573c4e19c7fc88ec2c32e31ea5dde6c7f621cf962ae5a87a9b5c4bee669","256","256","48,66,85","48,66,85","True","tr-692"
"train","693","547bcc48373959e5336cbf8742e2b17a69099fb4bb16a38d305ed77f0540e326","512","384","9,48,66,96","9,48,66,96","True","tr-693"
"train","694","f5822ab7e8b8a70e219358064c447adb812a18fc37a57c238505f2749a2ed758","512","347","29,30,31,49,58","29,30,31,49,58","True","tr-694"
"train","695","3931096bbafb6f306d3ef364f76cf622f7a0d6ae03a1c11648a05c702bfccedf","512","305","8,84,88","8,84,88","True","tr-695"
"train","696","14b535b07bcf9f671af369c8feef560dc843261c1aee7ff3d23abf2f5c38ac3e","512","387","48,58,59,70","48,58,59,70","True","tr-696"
"train","697","e2e12344ff50bc9d49f6247c3da7c1badc1628146652b627b51b85af441005b8","763","960","8,30,52,58,89","8,30,52,58,89","True","tr-697"
"train","698","2fa8a0324706deac4eb28c698349530f670016a4c0fcbfa431f97ba7fbfc134b","410","274","10,29","10,29","True","tr-698"
"train","699","40bb8ad97e31dff35e46081502ef7a4918d7958f5828779f999bd543841eab6f","512","384","9,49,58,80","9,49,58,80","True","tr-699"
"train","700","6d55d173caeb0cd14c025ac6511f0df6df0c389f75440cf18df0f86265e4bc2e","512","384","15,29,32,58","15,29,32,58","True","tr-700"
"train","701","120becec98fa0ee00f7aaa346afb825f6ffe247195a611ca83fe3cb1b68bb89c","512","460","52,58","52,58","True","tr-701"
"train","702","5f99f823987750913952b91122d8745d1fd8e432d409149efdc70d6462b991b3","512","384","30,34,40,44,52","30,34,40,44,52","True","tr-702"
"train","703","ffe55eeb727400bff02d92ee0e81d0bb87a835f3b48cc07f9aaa9714eeb212c8","512","384","48,73,87","48,73,87","True","tr-703"
"train","704","a02ef0adc0b3caa8c9a75411591f19bfeee2e942a8c3564c9794db4229aa6f9f","256","256","46,66,76,94","46,66,76,94","True","tr-704"
"train","705","64d283174a163c6299c731587b3355a7313e157fa1fd24d2dc3fc13e315ab0fd","3264","2448","8,47,48,52,58,70,80","8,47,48,52,58,70,80","True","tr-705"
"train","706","ffc2ff927e51f96334989e7c5953cd698b1ed85c17ae58e4e07339232f7e93ed","512","495","8,25,30","8,25,30","True","tr-706"
"train","707","33a49942f762d971665144fbe4fb82df2ec490f376c76a1e0a4f3fbc9c716291","512","384","37,46,87,89,101","37,46,87,89,101","True","tr-707"
"train","708","37103cd01df15dc0b66edc4d477afd84248cede405a3966db3f0b95f7b6058bc","256","256","8,58,80,84,87,89,94","8,58,80,84,87,89,94","True","tr-708"
"train","709","f1affbbd8bd50bdf7c2c0de311818ef43840becf13dd2727833e54f20ef4cdeb","512","441","25,52","25,52","True","tr-709"
"train","710","10eaeb94a0649680292029a3d7296e51f15cea1370bb320be0356e9b0d4c4d5d","1952","3264","47,48,70,87","47,48,70,87","True","tr-710"
"train","711","7ce5340f9203d61debb1554688d75cf0a913845ec4950427e19762cfc2d98dfb","2560","1920","47,73","47,73","True","tr-711"
"train","712","2286570c06d415ccaeebb311d299bd1b126b0cb4e1634ef8e80c7b0bbe924b88","512","384","48,52,59,70,96","48,52,59,70,96","True","tr-712"
"train","713","5719199ef152fa14782851d5b1ad0f899d1e17ee21e53d4a8fefd6c4991b335a","1024","768","44,47,96","44,47,96","True","tr-713"
"train","714","798ad0a5131628659f5187afb0fd6a0abc31286a224e793561e49aef4e5696fe","512","384","54,66,82","54,66,82","True","tr-714"
"train","715","c9501b65db85704ab8077eb4747fcf0bed09a0c248c85d8618f33c71a1c72562","512","416","10,30","10,30","True","tr-715"
"train","716","4061f3232649642eea6fe9de9f053cfcbb84afa11ee6a4c2f6d86b43cd6914c1","3264","1952","48,70,72,84,87","48,70,72,84,87","True","tr-716"
"train","717","2d7f9723ccf41cc31b6016741090aa7189c2e3dc4e459529631ca47b06dccc69","335","504","14,44","14,44","True","tr-717"
"train","718","0aa0970b8866a22d5cae8bb155539630949baa4b7b16165c82596842a6db3009","512","387","46,58,73,88,89,93","46,58,73,88,89,93","True","tr-718"
"train","719","c37bcc6b24540a3c9e000d762595a0d0109013b2d8642c5635506b4ba256313c","512","384","8,41,67","8,41,67","True","tr-719"
"train","720","5fd9dff7b937bf1cbcc8e49bc9f687c3fd02195a3ddfc72bc32cb1f53c07bb8d","2707","2706","5,14,15,22,103","5,14,15,22,103","True","tr-720"
"train","721","d3aa530761d0e6c66834c70efb98651d9320f37534f2fd4ec8be402a1db6fc23","256","256","52,73","52,73","True","tr-721"
"train","722","a749b6b8de68859265b048df7d399ae9ea0852f0595968ab03e79e3bfcf57578","400","400","11,46,58,94,103","11,46,58,94,103","True","tr-722"
"train","723","2a8b9dba966e6ae7a00d4b3421c72d32456e0e4f2b2730553c39233041a12421","512","384","3,52,58,73,80","3,52,58,73,80","True","tr-723"
"train","724","3b34737e11b9aaa6dc2cd26299c8979870b4a3eff97a0c831244a2dc6af23af3","1213","1213","16,37,58","16,37,58","True","tr-724"
"train","725","a46e0a14b158bf19f9f4c6939a3a8d696ce3053c29aabb83fd88b09354fe55b7","512","391","3,51,87","3,51,87","True","tr-725"
"train","726","733bf756c746488fdecde0d7e9de9f79d96bc8a4ab0b7260b17c6612e51b9750","256","256","37,48,66,95","37,48,66,95","True","tr-726"
"train","727","213647685b5f6e5dfda43f70c0f2ea6eee76b2a7c67cca11ce3f3b8f2c59e7c7","383","512","8,10,16","8,10,16","True","tr-727"
"train","728","e31009fcd249fbaacd13f071bd52c4e707d56c71dcc0f84b8fe5ce4421c5cb35","512","384","8,41","8,41","True","tr-728"
"train","729","40e7f9c35ef2b75f31a77a902fb8108e614e4a0759acc40908e3f4b80fa589cd","2048","1536","48,49,65","48,49,65","True","tr-729"
"train","730","01e46ddb9cc25746aadfe6a629b9197fe9f527ebd818a1b5ae4e7ce2bfc02629","410","273","24,41,58","24,41,58","True","tr-730"
"train","731","e4896f5e15848655c8de2dd76e98f8a893ac45b56262b6289dc0832370407a46","256","256","48,59,70","48,59,70","True","tr-731"
"train","732","3ad8e54739805732e1366345a19b77b31623622a9fe13f1f4125fb9495ee4d15","512","384","10,30","10,30","True","tr-732"
"train","733","b08dc4f462a9388445b66cfded5b647abcb50fff3d12b5e10f4f633ea2194e9a","1080","607","47,70,84,87","47,70,84,87","True","tr-733"
"train","734","322d2e2b72e640d4c5af22244bf96abf29ac80e4c25fbc8a862bb07c5b340fb6","256","256","48,66,84,87","48,66,84,87","True","tr-734"
"train","735","6cfb924c4f486de6d1f20e47ceafde28dacd5bb43a53a9187402136e29ebe32c","716","960","24,28,37,73,76,89","24,28,37,73,76,89","True","tr-735"
"train","736","e98699245ad5b1bf7f8929bc3b1623dc12df9cc155b9feafd2b5b640a3baa526","410","410","5,50,72,94","5,50,72,94","True","tr-736"
"train","737","d7d20a36ce3c6b2959c99d3a94b5c7ce1bb727e2bdff6b8b092b7c88a4b955db","512","384","48,66,82,85","48,66,82,85","True","tr-737"
"train","738","ac6bc00faa4af63dbb2f2074d51c058dada73f4f48854e6a5d5c003cc9a04ed3","512","474","48,89","48,89","True","tr-738"
"train","739","0d5d3c9b8a1141e8a61cacc7319eb7726fddb81ea48b78cad2e23d97c6ee02a1","3264","2448","50,64","50,64","True","tr-739"
"train","740","e61065b5569140e866eef5c94ab177ebe0ed6c0051437b1f5c3bbd4465608836","512","384","8,37,52,54,58,95","8,37,52,54,58,95","True","tr-740"
"train","741","75a2df62a4ee8eb0ad16a9f4635a5189ba697e614787492159ca0855809358c8","2560","1920","47,48,65,96","47,48,65,96","True","tr-741"
"train","742","4d61578d3ab1f9f4974f62b8f60566594d1897486a581c21e6e8214c459136e5","642","428","54,66,73,85","54,66,73,85","True","tr-742"
"train","743","42b9af4b2ad51ce00870e971f90a777a4292344c022255d0955ba560f7e2f0c9","1000","750","48,70,73,89","48,70,73,89","True","tr-743"
"train","744","08b24339479925b882966b39ceca19752ac06b7ef57d38b0f13970a730d5c69f","3264","2448","48,65","48,65","True","tr-744"
"train","745","7568d487d253a1fb8852ee06a86e0516080a2feaa2bd1b88afe7370d1d9c8aa9","256","256","48,54,87","48,54,87","True","tr-745"
"train","746","a2e2646b4f4d78a2e53bdbce77c7f2576f62fe323e61af3d687032e7b00dfa7e","512","384","8,29,84,88","8,29,84,88","True","tr-746"
"train","747","a6d833d10437c1b1a26f90c7944adfd4e8a3ec26cfd9c75cc3b2c53e6989d089","256","256","13,58","13,58","True","tr-747"
"train","748","73f33e4e9c04b7dc5526f91ff0f56b21bcd9a979486584b514262a9b2689d2d3","512","384","24,47,98","24,47,98","True","tr-748"
"train","749","326ae82578fa429b8a1cbb3d76013dad99dcd6fa4b6ef8867a4a3df029cf8a18","256","256","32,67","32,67","True","tr-749"
"train","750","2b506fc95ded928fa611e06c8040ededc6578eb2a2deda8a229c445d2ee008de","600","415","57,85","57,85","True","tr-750"
"train","751","9cb2b7e03b249f5709988729fd79be7aacf203d4a4557ea841065d5b03114f87","512","343","70,80,82,84,88,89,93,96","70,80,82,84,88,89,93,96","True","tr-751"
"train","752","18833b9c8c8c38c5dc6f75c139295aa7467e3456f0cba0b7201c9804ae346d17","512","384","14,37,103","14,37,103","True","tr-752"
"train","753","a04e703fc9c407851af6f750d68e72e01a6fddbd7853aba291c215eed220bc07","512","387","25,52,67,88","25,52,67,88","True","tr-753"
"train","754","fa263e781ae0825b1dfef6b4ba0238030b4e5fa05b1677f3e0752c57a86daffa","550","367","10,25","10,25","True","tr-754"
"train","755","212a8b052053133b0318b06459a85eb01541e7dc30277426428dab9ad9428a00","512","384","48,66,87","48,66,87","True","tr-755"
"train","756","e8904f41924d858297571d6c175df42153a3090c7e4360f9b9b6681fe213b543","1840","3264","8,30,33,41,58","8,30,33,41,58","True","tr-756"
"train","757","42acdbfc829591f292fe583ec31dd45b3134362e763c2b56c0822eb4d3c965f5","1415","1273","8,9,52,58,93","8,9,52,58,93","True","tr-757"
"train","758","45157f884b9f00172ce5abc9f3180db3282d3cc657e783cc77fde0cd7a14fbfa","512","426","5,22,41,52,84","5,22,41,52,84","True","tr-758"
"train","759","9a61136b5128715511011097a5dcbb3b9e3705bda5dcf85b2151790aa4711351","512","410","37,54,84,96","37,54,84,96","True","tr-759"
"train","760","06d6c2a3fb7540ac90138a30bbfa9d4a7766594f1287369218fdffd60dc32ca4","256","256","48,59,93","48,59,93","True","tr-760"
"train","761","b91b2295e7d0e69349d068bb0cea550b75f3639116265c49ed64634001875645","512","364","51,70,84,95","51,70,84,95","True","tr-761"
"train","762","0a2e63a7630d8d45733f01d60e094f89e0916a7574fc4aebfd8891f57538c5fd","410","273","31,32,67","31,32,67","True","tr-762"
"train","763","305afb90414b3c9d798ec10fd4aaa43af4526fab38f9ca81a852035099cea230","3264","2448","54,66,87","54,66,87","True","tr-763"
"train","764","b759f80ebe1fc8bdc81769ce12534d19b0fdc2a092e571017ad400f8f0ea233c","1280","800","5,52,82,83,84","5,52,82,83,84","True","tr-764"
"train","765","46c383d3237ea240f927a626460fc3816a6ce44020e6b823c0deffcf33ae9a92","512","384","46,66,72,76,84,87","46,66,72,76,84,87","True","tr-765"
"train","766","0149a7286b7c5bb0e61a4d355748938f3b12495681cecf7f8fd969ae38a16a8e","256","256","44,58","44,58","True","tr-766"
"train","767","1ec2b2cb9db5586fd2b6dce5a73ca8c36a25ca904bf5437869060b6573b894a0","512","384","30,47,66","30,47,66","True","tr-767"
"train","768","cf51fdcbcad3c15022176d33f9be43c7f7759fda7b5a72ddce779facd969e582","640","428","44,48,73,87","44,48,73,87","True","tr-342"
"train","769","e5d26cc1d58d856e6998c6625473d81a7c89470ef7570ba184ffdce4a2357d96","512","358","8,30,52,58","8,30,52,58","True","tr-769"
"train","770","e4b1d692fa58e6ed99230cc614e859f2423854098953fe9d862513ef2a15d139","2434","2434","52,54,76,83,89","52,54,76,83,89","True","tr-770"
"train","771","0b57081a359a15ea76bf403091cdac19ea6c1898abf0f25b75a1b144cc8539ca","512","384","3,52,58","3,52,58","True","tr-771"
"train","772","9efd0b761cee84c70dda3ca0bf2c18d739cb4f4a838b3576b6f521f221995ab1","307","204","46,58,80","46,58,80","True","tr-772"
"train","773","88211a72f08e848a09ba6f6d6a26b4bf091696ccbe6e8a25a7c39ccddc9650d7","512","425","10,31","10,31","True","tr-773"
"train","774","87964d4889c34b47e569ab25269bf45d9d3c98113f87bd9676aca7513b87458f","840","840","11,48,52","11,48,52","True","tr-774"
"train","775","aa1bc65cb9d6109923c58a7703e4b58b4179d389087232979cc98571d76131ac","512","489","72,84,91,93","72,84,91,93","True","tr-775"
"train","776","80f6b4e7b6cc26fd4d34106e78a5864aee208545770dc66270934b4f53176cb2","512","384","8,48","8,48","True","tr-776"
"train","777","31270c125c731c9f5e2af7d9d0ac72439bdcf83788bfa688a4c60eb25440b4af","291","194","31,58","31,58","True","tr-777"
"train","778","fd74db964ceb270dac3851e51f718428041950383f1c5a30c9aafadd9db6504b","300","300","41,58","41,58","True","tr-778"
"train","779","295ae53b2b55ed7638f1758d252c88c16c8f1542d3cbf601c38bafb3f6bc1ec9","512","384","67,81","67,81","True","tr-779"
"train","780","91636978c9a06152782b7d132441c09d1d564881584cf1166ad5f4e0f8242d8a","256","256","8,58,70,84,88,94","8,58,70,84,88,94","True","tr-780"
"train","781","6f7e0e6d2fe097bd583e1bbf7fb25ae1ee12fcda5adb383d4b1bf4219f95e785","512","474","48,72,84,87","48,72,84,87","True","tr-781"
"train","782","07846665727ce2915c9e3a78c37040eae441a9f1045e7d23bd0f9eb25ba92d8f","512","384","10,47,73,77,93","10,47,73,77,93","True","tr-782"
"train","783","619cc439688da29616e4e0925adc2fd95babeee53dc9d0d824f8334815b44d7d","512","384","44,46,58,67,73,80","44,46,58,67,73,80","True","tr-783"
"train","784","021b8ecb9830585d1622b5e28e08088147e4a4d1a67262b61aff057fe7677e62","512","341","46,70,73,87","46,70,73,87","True","tr-784"
"train","785","090a8057739a4cfeedbac700e276a6f04a9a3282f1f2c44f626ed8391a969b1d","1000","750","52,62,87","52,62,87","True","tr-785"
"train","786","f43fd1a0e879e682f4af7bbff6e524a5fd2b26479896d2bdb5615c21c14a971d","512","393","9,46,70,85","9,46,70,85","True","tr-786"
"train","787","ac363342e71b2c16a599e61cc5b31161de8dfd66cdccb63c91d7390f122ec57b","661","440","22,37,48","22,37,48","True","tr-787"
"train","788","e1696143778b7ab95158e433b53cbd772913572b62aa6f4b9a31f5f62966383c","512","384","37,54,65,89","37,54,65,89","True","tr-788"
"train","789","783d696103e40b0cbf24a5f4772df137c37ab1046b42f0a1cda8eb3e4c19cc9f","256","256","14,48,52,70,87","14,48,52,70,87","True","tr-789"
"train","790","89981e700c1289c69e583d2a3e05d18ff07e74cd81f0b08219a840df0edd89e4","512","423","8,31,42,58","8,31,42,58","True","tr-790"
"train","791","01b6c1bcef66eee6210d3df764e9d8e774ba6c13c99ea91d1f58771afa14b663","512","411","8,41,47,58","8,41,47,58","True","tr-791"
"train","792","7d765cfd47913b58b23b3f49177a42540569e5992c87031b51bc4518fa5c0cdb","1280","800","44,48,52,103","44,48,52,103","True","tr-792"
"train","793","f60986303d27e8ee247ffe06044bfe23b0159bdd3c2c47d562d9a493e37c9461","512","384","5,57","5,57","True","tr-793"
"train","794","cdd90fc389835472a973f124affa67646fb82b885b4d14aca6afecba3d657cac","512","384","30,32","30,32","True","tr-794"
"train","795","b538f6c2c6c903b24a70217f6950d8e135e5abdf8a9582ce55c16fa66a58cf95","512","459","9,46,49,58,73,80","9,46,49,58,73,80","True","tr-795"
"train","796","719bf8aa15f0112688e950c4ed5d39427bd53846524d086117ec0a1e7fde6dd6","512","384","47,70,84,85","47,70,84,85","True","tr-796"
"train","797","1157319f7ed43c3e583d1b35ffb41edfc6d9bfee2b8955a5af1f6c185074dcdd","512","425","52,54,70,84,91","52,54,70,84,91","True","tr-797"
"train","798","edea3840ab2168fe682f79d59b1b92350658b667e822830bf90c68b3085a51bd","410","307","10,31","10,31","True","tr-798"
"train","799","e5ec0b83ddf087c7fc91269b80792a67ae047c8a28107d120c21d28beedabf29","1156","1156","57,58,89","57,58,89","True","tr-799"
"train","800","963b991d4fc49675d5691029812458daaa4b4273f2d11ee040be690afb1da570","512","512","14,31,37,78","14,31,37,78","True","tr-800"
"train","801","15bfd86c7a8cf92026410069b86afa11b029b3f46b5540791826049117927bad","1000","1333","24,47,57,103","24,47,57,103","True","tr-801"
"train","802","5fa196f7754c573d2f555f4e8950a1f6d0187e66f98373520b7bfb3da25280c6","300","300","33,58","33,58","True","tr-802"
"train","803","f4e39f53d02f225f5abefedbc7609f166ea877c569dab62ae4981e6e9e9fe0f4","307","204","10,13","10,13","True","tr-803"
"train","804","6ee1ec3334593c9516208f2a9210164d8f860d2c8c0ad25d5b806920afecac6f","512","384","47,58,59","47,58,59","True","tr-804"
"train","805","d06187e89d6be22dbf5e77bd25f2e208b49378abfc8d6047dc9d737038650da6","270","208","32,52,67","32,52,67","True","tr-805"
"train","806","3dc6e956443592900c81246620fe758f6fd129e1fab31a1206d0939c072d9335","512","384","48,84,93,96","48,84,93,96","True","tr-806"
"train","807","d112a151d6b19ebb86fa000972b9e1033bb445c02f79d0483046dad0b1825ce7","640","480","46,52,65,84,89","46,52,65,84,89","True","tr-807"
"train","808","2536176d402cbf559910ae6b1d8ddcf542ec91ccc2b3f51909be089899515f75","256","256","47,66,87","47,66,87","True","tr-808"
"train","809","678a886336bc17e349b2b11507d0aa21bbc710631531387e1cc2d53545bf44ae","512","387","48,70,93,96","48,70,93,96","True","tr-809"
"train","810","f38c5eb7ef2b70c4fa15587fd69d45273ee2808214f40668ff8c2e5ce1f0e853","256","256","46,58,68,73,80,93","46,58,68,73,80,93","True","tr-810"
"train","811","bccd4ede5956907416c36138f462b2a6a3ef9c5e4e503b8e2e31f0dae5c731e7","2592","1936","12,16,47,64,96","12,16,47,64,96","True","tr-811"
"train","812","8299dd350c145865eab138782b142e97663fa64d0b6e0a7bbb2d12c2bc77ea68","256","256","52,73,82,84,88,89","52,73,82,84,88,89","True","tr-812"
"train","813","8cd4c19ea2bda1a7aa4968001d83e8a636cca5b72b6f823a96a75a9f4a57f535","3264","2448","47,58,66,72,84,87","47,58,66,72,84,87","True","tr-813"
"train","814","379c500a18b2dc549f1df60bd370303cd1601b7f41cb6d7fadaf59ea39389d6a","512","384","10,30","10,30","True","tr-814"
"train","815","b2ea4a6f5a97a79d139cc72b79232172c1f0d315bede1f9869657137a4f6e26d","1000","1333","28,37,50,52,73,91","28,37,50,52,73,91","True","tr-815"
"train","816","18dbc9d8d8ae4119b950435dd918517b88904d657626a6c0556eca2a26131ae8","410","307","46,65,95","46,65,95","True","tr-816"
"train","817","d0a0d3a075c046d9978ff858355fab2ac49857573853c7c787ed3605166b9f5a","410","273","48,52,67","48,52,67","True","tr-817"
"train","818","ba63a6d35f0594447980b68cfc43a3b42dd0ca7fcfdb722af870118b98c0e2de","256","256","29,30,58","29,30,58","True","tr-818"
"train","819","84d3b10eaf1f5a0c508a31c45a0e35e9cf6ceb40d2b9456a4bb0db43fd81f8dd","512","384","4,8,31","4,8,31","True","tr-819"
"train","820","8b2077931921223b14de8fed6fc0977ba558a682ad2289dc103a48af55817a34","1936","1936","13,15,50,52,67,82","13,15,50,52,67,82","True","tr-820"
"train","821","50c27fd22ce9c2eeae958e27d13b3486084d214c6758474e529eeaffdd590090","512","384","10,31","10,31","True","tr-821"
"train","822","b75d38033608f435662d0d1a13f5df9c3ea338726f1a8a23a6c5d8bec0e1c57e","512","384","5,13","5,13","True","tr-822"
"train","823","ba5f4c8cee743c3e117eea295a52dca5db41e7a330487b00957d4fef5bdf0062","512","384","10,30","10,30","True","tr-823"
"train","824","8169c645388c25abc5399a9774b5a8f4973341fad0ebff6cd2045f567133cddd","512","384","48,58,59","48,58,59","True","tr-824"
"train","825","9dd192e5ce9980b352ed0b64bd01c551927358508fc38a0dfc5edecbeaf1092e","1000","750","52,67","52,67","True","tr-825"
"train","826","3062b6b4538eaa0cb68e47949840b6a2ee0731f3945e0d58550d97af593939b6","256","256","46,52,58","46,52,58","True","tr-826"
"train","827","531a9f67baaba16ac17bfcf71a5093352a9c5963a8e10d70a3f47658e11b6dd6","512","366","52,67,70,73,88,89","52,67,70,73,88,89","True","tr-827"
"train","828","7986ebf117bc37abd8b1bef5971577f61b92d631052bcade2a655f4d8784a0be","512","364","24,58,77","24,58,77","True","tr-828"
"train","829","504d1356dd121e5aabf5f209bbfd24e7b4b8c386df4ddc4d0274ede460f522ae","512","341","46,70,84","46,70,84","True","tr-829"
"train","830","3abfb9f5807684b32d670e39a4330b1a152ff2c3f93225bec96ba139bdd93701","256","256","4,8,30","4,8,30","True","tr-830"
"train","831","3a8ad7ff8195b8922c2f2bb649c377eb29eb96c616bbebbad8a21478d943a1af","512","512","48,66,73,82","48,66,73,82","True","tr-831"
"train","832","68a4d7c49349ea02350aca5603e7f5a180f6804fca01be99092aaa863c2a8dad","512","384","54,66,84,85,89","54,66,84,85,89","True","tr-832"
"train","833","849238d1a8e7fcb2f056487dfbe446817db029fd60983118185915363f468c6f","512","384","52,54,58,89","52,54,58,89","True","tr-833"
"train","834","8f075136a7e23c364c5cb96cdbbf51972592faf38cd72b4ed166c6c76fcaba5e","512","384","48,52,84,87","48,52,84,87","True","tr-834"
"train","835","e060bbd7b1b49e3ab27f51f07238d54d1a6dc832cf4b029becb4f77315efb3e7","512","340","52,59,67","52,59,67","True","tr-835"
"train","836","f54cae93a1c1ec7653d9d0ec8381c0c2667cd87e968e7d008eebad32ac5cd809","642","428","8,73,83,84,85,90,94","8,73,83,84,85,90,94","True","tr-836"
"train","837","9b1f9f86067fa0aea8fd85488d77a268d8e495cc72049f45cd713a7a8a8d6783","512","409","67,73,80,84","67,73,80,84","True","tr-837"
"train","838","ac86baa2f33e96d796328ccef7903892ca7361c07cb5646db4e3ed94b7aba1e1","307","204","8,10,32","8,10,32","True","tr-838"
"train","839","1360c1cb9d5689ef1ec9914c5d77b93b59b9152f6bb21e464c37450df87640da","512","341","56,65,77,87","56,65,77,87","True","tr-839"
"train","840","91002bbf359e4d354e683f6666a302f7e8c57cd31c1ce9dc6085c9cf06795ab7","512","401","25,48,59,87","25,48,59,87","True","tr-840"
"train","841","2e9600141590724dc17d7e7fe336799ccdcb1b97535c948c961b2b0d1feb0095","256","256","3,9,46,57,58,93","3,9,46,57,58,93","True","tr-841"
"train","842","8cc26306689369e28e2ab8eef440b00b437bf61289eba7d6c8969111dccaadc4","512","384","46,70,93,96","46,70,93,96","True","tr-842"
"train","843","73c03cf69480364983f31f73d8bcf69420f04190a54fe0cb57d2e36721038e13","512","384","37,54,87","37,54,87","True","tr-843"
"train","844","cdc03acae1fe4e41669f3d50618f0229d9f3e716680ed5b3db67a0d27bbf6509","640","428","8,87","8,87","True","tr-844"
"train","845","ebb65598d2a5e9dba429d1faa62308a75468fcd69bcf4f9675e1f24a89b64bd3","512","384","49,64,93,95","49,64,93,95","True","tr-845"
"train","846","9a5e666db54e6cb440ffe948aea72836a0e720e090595974199a061034a444e5","512","393","66,87,101","66,87,101","True","tr-846"
"train","847","31329d436be12e8f220991ea37342c54513a178cbdfba27484dd5c80f475d8d7","410","273","10,32,45","10,32,45","True","tr-847"
"train","848","f657c66851dd51a7a327413666f3cde837144df5ede7c0c93bda72bd0b501f23","512","350","46,58,70,95","46,58,70,95","True","tr-848"
"train","849","461fc4b1231ed4c1f5b990de3e39934424f05b5524a8996d90a55087c6754393","512","489","30,31,32,33,89","30,31,32,33,89","True","tr-849"
"train","850","564ace704a0cba4f3ffcbee5a5c0e6ddae92a45c5043c6cb5b8a7dd331fa274c","512","384","9,46,58,67,73","9,46,58,67,73","True","tr-850"
"train","851","2198a17a187ff674648f196a3774d3b1bb3c32aaa4614f8e4db00abafb7a4bd8","642","428","9,24,29,47,49,58,80","9,24,29,47,49,58,80","True","tr-851"
"train","852","42d3e0fae6c6124ede60e4740015b12a8ee86d0a88a5ef9209a33bc1f93c6670","642","428","17,48,84,87,89","17,48,84,87,89","True","tr-852"
"train","853","b8762b12ce7b6dd0566c6d7a5669ea8e116d289e1b51f8aab2677d682b257ed8","512","384","47,66,80,82,103","47,66,80,82,103","True","tr-853"
"train","854","4040e488537eea493fb1d848a38d1523e6c92569c0ad49ecda1de3d12e3e3331","512","289","15,30,58","15,30,58","True","tr-854"
"train","855","0d45d23311d9f7281a8cdff8ba0de3411c534435f1d46a20cb77cd197171a42b","512","384","8,30,42","8,30,42","True","tr-855"
"train","856","511e9f581a6a0f469a3ec04b0bfb59711fd33f9d9969bed81c3d7b38fbb69ab6","256","256","9,46,52,58","9,46,52,58","True","tr-856"
"train","857","94f440bf6cb28d12c84062c0961e282fa3145af07dd26d5d3aafc8188560426e","512","326","3,46,47,58,73,80,93,101","3,46,47,58,73,80,93,101","True","tr-857"
"train","858","cce31d44a94d73acae2fa94bf6bb386e1713b68a02962da396f60bffacd05fa5","642","428","5,67,84,88,96","5,67,84,88,96","True","tr-858"
"train","859","f89a014d95e29e84cc0a90e0fe560b859c84ddd8304a24a35af6b3eae4e4262f","512","384","47,70,84","47,70,84","True","tr-859"
"train","860","320a3ec6de4c5237db9b35a6ddab243d7fe651f5333eb83a5875a8d8941d7fb1","256","256","9,46,59","9,46,59","True","tr-860"
"train","861","016f96ee67c693872e0d76c92d07eca0806296038dbed197d93a0915f18d19bb","3264","2448","73,82","73,82","True","tr-861"
"train","862","d13723d65de3b1430c9007789634ec71efaadbd80dec42e0ed22815fe325c95d","256","256","47,70,84,85","47,70,84,85","True","tr-862"
"train","863","42c2552b7b04525faaf528c300a1ffac69f5c75d68fad18194d2703c19fc13f3","2403","2052","3,46","3,46","True","tr-863"
"train","864","6dd30399fca3b11797e255e27548502e4304dfb0e5d9698e8f597d278c947656","256","256","48,58,70,87","48,58,70,87","True","tr-864"
"train","865","9f93fbe6938e2e7afa5dbdbbd589abfce8e12d18e3cf77a6ea31443c0c8fa5dc","512","384","52,72,76,82,84,87,90,94","52,72,76,82,84,87,90,94","True","tr-865"
"train","866","046a08dcf9e967688251333beda061df2ec0f6c428e780a196c872abafc1cfde","512","390","8,48,72,84,87","8,48,72,84,87","True","tr-866"
"train","867","fab5189657fc9574bd45dd5ca88c1a3d4e207eff2473bd5369ad08789a44f52d","512","384","54,66,87,94","54,66,87,94","True","tr-867"
"train","868","30695f9d6509c7a0900fabb8a2b121a953ba4e3c64627f6ad3c426e6afdea225","2250","2250","8,35,37,52,70,82,88,89,93,103","8,35,37,52,70,82,88,89,93,103","True","tr-868"
"train","869","e4a95eeaf9680d5f3d1f710ace1682c8310ddc5ed908d79f6c67f0482bc391b8","512","384","66,67,84,95","66,67,84,95","True","tr-869"
"train","870","976b0a1c55316735df068d6be6fec90bae7e9524f836b02cd3f6a91d5d0f8edf","4320","2432","5,52,87","5,52,87","True","tr-870"
"train","871","671122e2d6b6585c31e46634d778cb118adedc93272e9e934408fdcea066fb77","512","384","52,56,85","52,56,85","True","tr-871"
"train","872","75ef196330fe25373f26c06f15ce410c5181fb1b956337c0c0dd4202679814cc","512","384","14,58","14,58","True","tr-872"
"train","873","374f0658562dbd8d1eb3d17174ebaf0f18fa3a7c366d8f7905e925286122b762","512","384","46,70,84","46,70,84","True","tr-873"
"train","874","7d8f7b6edc9b30566931bf51501961ac9c965c7b94bbe03471f48fb76b16f8ac","410","307","12,29,30,32","12,29,30,32","True","tr-874"
"train","875","c7731191ceb10be2e423fe7923de243798d54fab9938916273fe2a7f5fc73066","512","340","48,69,70,72,84,87","48,69,70,72,84,87","True","tr-875"
"train","876","87941adac9081b3451ffd58be8d38a976577374dddb66755c572c962d47fb98b","410","257","10,31","10,31","True","tr-876"
"train","877","6958c1a6674669614802dbf6ff23d9a209700380d2b3efad80b441d017ab6457","497","512","8,12,22","8,12,22","True","tr-877"
"train","878","198a4ee0db4e593ae09414ad23b30634792db7b8f97091debcadd7d71c1ff2e8","640","428","8,10,13","8,10,13","True","tr-878"
"train","879","0257adf8485eeaee22013930a998a0eac234260e8297b9cde7ba4391a6be36e9","512","396","48,52,58,73,82","48,52,58,73,82","True","tr-879"
"train","880","072452d1159137a72241f9f048ed4ff57eea85afbbca270aa024292a852d2867","512","387","13,67","13,67","True","tr-880"
"train","881","4b61917bc9a28092fecbc261557ad03fb4b45cddb97e0107699cccf7b8d5301b","2560","1920","48,70","48,70","True","tr-881"
"train","882","12adf2f002d28a6713667f659a7fa4c0a6df5b7c7923a757ac337b4829b79f52","256","256","52,82,84,88","52,82,84,88","True","tr-882"
"train","883","469678f7ba92019b854b3d75f578d7a4980377150c369d01fae013e88e164868","512","384","12,89,94","12,89,94","True","tr-883"
"train","884","00a3481e8efbad7286e27e00731dd12d2dc90cbd12d5a837f654d38dcf317b09","1000","1500","11,47,73,80,82","11,47,73,80,82","True","tr-884"
"train","885","7f7c7b25b9aa212166a9a1451a4a2fda0090bce8dbcfe402b28ca4b3c8534964","512","389","46,59,80,82,94","46,59,80,82,94","True","tr-885"
"train","886","2b40ff717e0f655875b482907721a234c1d14e56c3be9d23b0f5021d6f5ea94f","3264","2448","48,64,72,87","48,64,72,87","True","tr-886"
"train","887","bfca5dabc7e178a9642f48b7e880aa005e0f53d30f971ce1f1f98c758c57a746","3264","2448","48,87,90","48,87,90","True","tr-887"
"train","888","ab3a024c124de48cb1aff5fb7a06419f652890e6ec96b3946795ad70c5692fbd","512","384","46,72,87","46,72,87","True","tr-888"
"train","889","1e3f620cb8f2b1e37a5510d7ab0e374f031ea61d740672c2994853360bee661e","3264","1836","46,81","46,81","True","tr-889"
"train","890","50584ec72b104e347dcb15e1ce22e457326318cc5907e1a64aad9d11bce39038","256","256","47,59","47,59","True","tr-890"
"train","891","5a20f8adf0789d34eb7e6ab5c40447ec23abd6f784a7bb7970455a2263acfe01","256","256","48,89,101","48,89,101","True","tr-891"
"train","892","8b3e2fcdece09e024415f2276dd428f0d86a0478a65f53d32153a3f016032645","280","210","24,65,77,82,101","24,65,77,82,101","True","tr-892"
"train","893","96031cb64384ceb6d82c57af4450378080ff48d0a04fa0789b6efb6844fc0398","600","400","58,70,84","58,70,84","True","tr-893"
"train","894","12f4dbfa3dd9a1aca9e5317c9f0f138b998b8edfb831504194ad2bb770bc8503","512","384","24,49,70","24,49,70","True","tr-894"
"train","895","22f251481bc51ff5b69f58492b56345ad84c0738b092fbd0ccda1c6db61b7d85","642","428","3,46,52,58,70","3,46,52,58,70","True","tr-895"
"train","896","ec538bbc2c8a86801fb30d1e0822d48982401ff57bf6c3e17231d91838243aa2","256","256","46,58,59","46,58,59","True","tr-896"
"train","897","4de861b614873b6f3ca3edb80984d50fa817593e1fb84b1423b1d22fe590a3f9","512","354","51,70,72,80,96","51,70,72,80,96","True","tr-897"
"train","898","37ad1b15ff729ca48349adc0a4984b3f71d34c44a17065893acca16cf9fe59a1","512","397","46,70,72,87","46,70,72,87","True","tr-898"
"train","899","0359593e69006af4030524e5443495899eec1e337dd81dfdb281f514867ca7d1","512","384","48,58,64,95","48,58,64,95","True","tr-899"
"train","900","c3e31a7e3ef7c1d7136c36e88113c14e19869917ade9506bfa3539023e3d143e","382","512","48,66,94,96","48,66,94,96","True","tr-900"
"train","901","ccb69526c1e61ef20ae91f0896235c8d878f18657786e0fb7f40fafc6cc44c5c","512","376","8,46,58,67,94","8,46,58,67,94","True","tr-901"
"train","902","82cb864d06c731d84df4c1eb0b7f2ab0b7aa7a88406cea4806b47ddcd497fd96","512","423","51,70,84,91,95","51,70,84,91,95","True","tr-902"
"train","903","88f08bb3b9685913fec1b28b1bbd8dc05db6779d7c2a1db4b15a94bc5fd3c426","256","256","14,47,85","14,47,85","True","tr-903"
"train","904","2e8a0203c1ab71073415d5bc80716f553cccbe1aa255f2ee1f189fe74663a65c","512","359","5,13","5,13","True","tr-904"
"train","905","ab8ad4d351aa9144714b202b84d0aa30d93280dd80e47f48b91d819f824b6f3f","256","256","48,65","48,65","True","tr-905"
"train","906","18cab111702210095f91c9f485029c41a8525c129de89d1928a87eeafc150f29","512","393","41,84","41,84","True","tr-906"
"train","907","4f1fcb767bbcf7395e233d6b41804ed379e671ef32f688c9fec99f9e17fd576e","512","382","48,70,73,96","48,70,73,96","True","tr-907"
"train","908","eb02389880f87716de88e5b976068e584df74267e31433720408ffac97db8ae7","512","501","52,58,67,71,87","52,58,67,71,87","True","tr-908"
"train","909","189f7a036247cc4e6428da4b4ba868f157213963ff61515e2019ca4ad9073d4b","512","384","37,54,66,73,85,89","37,54,66,73,85,89","True","tr-909"
"train","910","8f0466eab21e4a828790d7552202d5cbd1d51ca5a1ea5b86a4c47d261d5f378a","550","367","10,31","10,31","True","tr-910"
"train","911","970aee63bf94af3df2c982c8553f5ee522f4139c6a19e52d4e82a1d087518e6a","512","384","46,93,95","46,93,95","True","tr-911"
"train","912","292fc8c327c5d25507a6f3d92742dcf3ff7777bfbd10a5d67a4667a40a4f1050","512","384","8,10,41","8,10,41","True","tr-912"
"train","913","119ed3beaaeef5efc92443ae556efb29e7b3c1648ab5caf543e575c7126c7960","512","384","47,66,84","47,66,84","True","tr-913"
"train","914","7ab345d2596150b7290b1df833ce6c6c3636f0f7dbbde48fa7d252bf73fa4310","256","256","47,70,89,93","47,70,89,93","True","tr-914"
"train","915","e56ff39044ba0e8e32c7112046687dc0ac1aa5aa5b2bb8bba67676831b81ccd0","1963","1452","48,80","48,80","True","tr-915"
"train","916","d0426c70148e8b4ed195aebee410e8a27131bb5f56f4ce965f49cf1403c6e8cb","512","384","51,66,73","51,66,73","True","tr-916"
"train","917","9d765d5bfeaa895fc8c258469957e5c1c4cbd8293004bcef970d38f6f8a168e0","2400","2400","46,73,76","46,73,76","True","tr-917"
"train","918","5e951aedbb5e49aec533199ff22780c5f3256802869a047934f0a407e7c68cc4","512","354","8,13,52,58","8,13,52,58","True","tr-918"
"train","919","ceac61cc73e19d887d7756175f29e60450878388c5652694ff0d95c163e71a1e","512","338","9,58,84,88,90,98","9,58,84,88,90,98","True","tr-919"
"train","920","9ddcdeddb4158041a14c7cc08e48aedb30f96d666d73a1685bf6c2ad4819a8fc","256","256","54,59,84,95","54,59,84,95","True","tr-920"
"train","921","5101799e02853d9af92c881363e09810ac9de36251784b5d4f629b0573ba272e","512","384","46,58,82,93,94","46,58,82,93,94","True","tr-921"
"train","922","6b3200875c98d7a39489cb947eedeb5651869c9f96973917486e572565703628","3264","2448","9,56,66","9,56,66","True","tr-922"
"train","923","34bfde9cde471a2133351446c1cecda17f99152a0fc517eed736aaeac4e52615","280","280","67,70,85,89","67,70,85,89","True","tr-923"
"train","924","a3911393c4ed86771a6a56517cb365e69ef52bac00d5ce656c588416c154dbfa","512","239","9,49,52,58,73","9,49,52,58,73","True","tr-924"
"train","925","c3748fb58806f370f817e91b8c4c19472f7531735ef62e193821b347d1fc2ee9","410","306","46,58","46,58","True","tr-925"
"train","926","1340fd2f3145eae9ce72f398d74ed3e8777400eea3444c001a7c1bc4c9c9e14f","512","384","47,89,96","47,89,96","True","tr-926"
"train","927","73b65a4520fd1959fa2e42d5033c64625566e803a576a77109fc965966812ec5","410","615","9,10,30,32","9,10,30,32","True","tr-927"
"train","928","70efe43232c3408df9abe4452607714c5557c8e32fc62c039c28804ceb3a12f5","300","300","9,41,47,58","9,41,47,58","True","tr-928"
"train","929","ebcf13098c7247b95bf00dc49073877f2d3a86df9a89de07944b1535d2c83fe3","256","256","46,84,91","46,84,91","True","tr-929"
"train","930","09c1d0eec1569a245a9a56ad79349c793f7438808108f67e8dcaacd3862d67e8","512","384","58,80,82","58,80,82","True","tr-930"
"train","931","1889021d73a749932f1206af76973e03b6ebce236f9a723e2eb5ea53f69ed9b2","512","384","11,67,87","11,67,87","True","tr-931"
"train","932","657f50ea90f2ec4b59823c023fe2ce23326400a2756caceddc5439dde9a59447","256","256","50,58,73,80,84,88","50,58,73,80,84,88","True","tr-932"
"train","933","2a10845f7090efdfda4395ee2b9d76ebafb779008baaa919a1221e5b4fc6361c","256","256","9,46,52,58,73,80,93","9,46,52,58,73,80,93","True","tr-933"
"train","934","98f82b9953943379011ea625c4fc897a6a0b2cd895384cf83c671b180e0a0a26","512","384","10,15,29","10,15,29","True","tr-934"
"train","935","18768bceda9a1c47697f3abd70bf9df12dd96a0413386101f3f29c33e47a6823","256","256","46,70,87","46,70,87","True","tr-935"
"train","936","53420383ad363364ac68b105cf6ce7a7cecc20e604379f5892ccc5342fe8233e","2863","2335","24,47,50,73,89","24,47,50,73,89","True","tr-936"
"train","937","799d61b06c45256b7e386e88e7828940f6b6fda7778a0675f050e2dc1fa04468","550","367","10,32","10,32","True","tr-937"
"train","938","593939180d7559e61e6ee371fa8569215deae2993e1c510332787a3bd57fcdb1","512","500","44,57","44,57","True","tr-938"
"train","939","4630786e97b106b88983a8c56862d49a439595290b497e19075b13c0e2656545","1849","1434","48,70,72,87,89","48,70,72,87,89","True","tr-939"
"train","940","a86c467835d58acd65a72a9ba52a1297ef6def9d0b948c7aecc188158d48fbbd","256","256","52,72,84,87,88,94,101","52,72,84,87,88,94,101","True","tr-940"
"train","941","9692b2d716ea8ca9fd8f86a73571cb856a82228c7a246806927d3f834d42e0ec","3264","2448","8,24,46,52,58,94,95","8,24,46,52,58,94,95","True","tr-941"
"train","942","ae22613e1e57df1454823b32569719c575f41ca973879964aba9e702d657b9df","512","384","35,41,52,72,82,84,87","35,41,52,72,82,84,87","True","tr-942"
"train","943","00ae06141e9ec8cbd73ef551f94fc7cb8ae5224d1682dbc1b0190db13985aca2","1836","3264","46,65","46,65","True","tr-943"
"train","944","0c7b5a1e14156ad60ca521b99813fb170aeee152e4cd3e258801349418530746","512","364","56,66,72,87","56,66,72,87","True","tr-944"
"train","945","4c4894bd79fbc09c4bd26c27e0ff54f63d48e4c25fa0c5e32d0194c01a0017bc","410","410","8,10,33","8,10,33","True","tr-945"
"train","946","6ac4808b375fa9b35bc2c3681c8d1bbad55a9b3583e98241dd0227fc4bfb400a","256","256","13,31,41,58","13,31,41,58","True","tr-946"
"train","947","c70e39956fe061353b0aa223fb4748086c0b52aaa06e144a5b0c0cceac9eba0d","512","384","3,8,46,58,59","3,8,46,58,59","True","tr-947"
"train","948","a43dab6be4e6643f9393fe833df5b1a6d35bc3fc07e889b52b9c171cb054cf76","256","256","46,70,73,89","46,70,73,89","True","tr-948"
"train","949","53cc545b6f264df0596cdfc6adcf0c242eb555f573ca997d3d3e041127fc8b56","512","391","4,5,13","4,5,13","True","tr-949"
"train","950","fc6d4d44a504a06ab397b3172d08db8bd27f7de7f70bde35bdde289061c738bb","512","384","10,81","10,81","True","tr-950"
"train","951","d59abd236ce3d1bf4f1717facb88c448993f4a23335407795599de6108ab8ce3","512","384","30,40,58","30,40,58","True","tr-951"
"train","952","0fdbc5e44b2baf612b9a8237214b9eefa1df2cd72b6243767d6a424291a22751","512","384","48,52,88,94","48,52,88,94","True","tr-952"
"train","953","795dfa58030157f275c87f1e4f1cd9f5a386546019534852c51cddab8a4982f3","256","256","29,58","29,58","True","tr-953"
"train","954","49fd9eb644741f7e606c99de00b30990a2f6db4e8e8b371ccf7ec5e88b6c5d0f","512","386","52,82,84,88","52,82,84,88","True","tr-954"
"train","955","efd76a262e86d6d2f2de24172d268313842086b8ce21e6ca409a4c00a8eb22b9","307","204","10,13","10,13","True","tr-955"
"train","956","a9147f4e56ed20845eba10e79194b5fce0ac723796b286b1b662763b63c12fa8","355","512","12,30","12,30","True","tr-956"
"train","957","b7fee4110bf92a656865444763b423034427a0b5565da5562f419789d05aa1d5","380","380","10,31","10,31","True","tr-957"
"train","958","4c20792a1b2781499631400bfced1be19bf0f9bf44eba2a1cd8aaeccf7a42918","256","256","48,72,84,87","48,72,84,87","True","tr-958"
"train","959","f0bbce8f5a524c8ce5cf032ebbc53a7e1f09a97bcf39df25ad1971832d189d7d","2448","3264","49,59,70,94","49,59,70,94","True","tr-959"
"train","960","5e2f5bc0088e80d755dae1a470ef24ec346be1caa75ee696bdee25b3f7294e10","256","256","46,70,84,89,91","46,70,84,89,91","True","tr-960"
"train","961","12f5eab59867766d226678a378957a786d5cef001e5665a511a26a4a4422ba69","512","384","46,70,72,82,84","46,70,72,82,84","True","tr-961"
"train","962","fd4c6ba16a350a8c29088e29a5aabc8a44d4d2cade9cd9e396f73ed0e982cf3d","2322","4128","54,66,73,80","54,66,73,80","True","tr-962"
"train","963","7807696e6476b93707ae306ce550631b95ad844a63493275929a45a5f809c867","512","384","52,53,56,66,87","52,53,56,66,87","True","tr-963"
"train","964","c081dadd339c55d561989b1d28ef94a9b7db7b4993a7bd1484bfd75fa6ab00d5","512","448","8,37,54,67,76,84","8,37,54,67,76,84","True","tr-964"
"train","965","09fd1daa7cbb70b93bc77d6d7bbd677e2bcb30dd67a522111124dde4ea1bfcfb","1000","1000","37,46,52","37,46,52","True","tr-965"
"train","966","ada668045908686551ea974f0a63565be46eea8071877dfd99a42f08866d7f99","512","435","11,47,52,84,93","11,47,52,84,93","True","tr-966"
"train","967","82471809534cfe39f68280177c9967b278d73850662f21a1a242e39e3e983d95","512","384","13,17","13,17","True","tr-967"
"train","968","8fae676600e7392be84e2fc0f3fbbe192480f38b642f8e239e1b3b6608336150","512","379","49,52,63,87","49,52,63,87","True","tr-968"
"train","969","ea069343ef62c1cd2c34da514aefa07e976b8ec2e1919bf633e7b606deca06de","256","256","10,30","10,30","True","tr-969"
"train","970","9617d9b90c8f471212b2b760a8b646fef4289aab4e8f353f2d98e8f7a8a52985","550","367","10,30,32,46,58,59,80","10,30,32,46,58,59,80","True","tr-970"
"train","971","20ac8e169e005d170c4b00c3d2167f0bb457621be618fbbbb6b1986f12845ea9","1800","1198","8,43","8,43","True","tr-971"
"train","972","dd80588a9c5f1f9ebf9442c7ffcdda8fce7ffcec03326b7a2cb199608fb4b38c","256","256","10,30","10,30","True","tr-972"
"train","973","0b6820ba4ee5e126e97720852a60d3a1189a2789816b023d51fa2c8cfd65fb9d","3264","1836","48,82,101","48,82,101","True","tr-973"
"train","974","0ccf8e53cbc14d682bc5a0c74009385fb0cfcb12e492a7b1e49772f1fe7dcb2e","512","384","14,46,57,70,73,80","14,46,57,70,73,80","True","tr-974"
"train","975","e17c6aa435579d3ece783935529a2809627033e32e5add3a846ae061394f1008","512","384","8,32,42","8,32,42","True","tr-975"
"train","976","9f99e8eb94479698fb074b1af6749a703f94201f589113347908d61a511ed0d3","512","384","5,41","5,41","True","tr-976"
"train","977","50891cdff631b9caac41f3b021e2251c5281c36c422029c57a817caad3816aa1","256","256","48,52,65","48,52,65","True","tr-977"
"train","978","2ae05a8a24e8a52142d5314de24731bca66f81efb98fd857d294d82811f6c3f5","256","256","49,56,58,59,70,89","49,56,58,59,70,89","True","tr-978"
"train","979","826b2149d7f8f4a63c2b42f14a44df234bd61ca16cd2a52d435ecfd2ae961856","512","341","24,44","24,44","True","tr-979"
"train","980","cd07f9032162a2d4250190bbfc764c3e51c425b0143903eb86fad381988f6c98","256","256","24,48,82,89","24,48,82,89","True","tr-980"
"train","981","715a292e694e81347d2f27139fb406c40e2ce2fce9042aeb6890fdab907f61d9","512","492","8,67,84","8,67,84","True","tr-981"
"train","982","9c4c80e4aba54e716b421fcfd6269aa86cb3597cae3d3cf115846ef0e8cf53b6","256","256","52,64,87","52,64,87","True","tr-982"
"train","983","f2dceb298d1423cb5647fc4d9dfdf791ac03b53b8b1d0ac8c0e7ac97176ec94f","512","384","5,52,73,89","5,52,73,89","True","tr-983"
"train","984","eb11c2b16923aa0d8941fdfcc5054c78316119558b267f65a8472b0d26093d7e","512","384","52,65","52,65","True","tr-984"
"train","985","69fd2f206651a4702c1aa2960a100f0dba0e51ae34a6899ad9b7fc298aff6310","512","383","48,70,84","48,70,84","True","tr-985"
"train","986","f99631a8d02e37972f9b9d6c9b1ef5400b84f45f32a8017c1c7653470eadb731","256","256","46,66","46,66","True","tr-986"
"train","987","48fea4d75e910cbe62eefd68bcfa88c2e7e2678dd2730524ac77e320d2db06b6","2592","1456","56,58,76","56,58,76","True","tr-987"
"train","988","b8d59eb3a2ef34a8d147d0d9d216973129318c9b42f3726663837845f59767e6","534","356","9,14,46,58,80","9,14,46,58,80","True","tr-988"
"train","989","81fd3aa26547a51280e60df021b4c86f4e515ed9955a2695fa9df265b122c43a","500","378","10,31,89","10,31,89","True","tr-989"
"train","990","c1a48a8d79196e921eb3dafa2c867bf65e20950f6b7f4fcb9f14e7c410c3b43c","512","342","47,48,58,73,80,103","47,48,58,73,80,103","True","tr-990"
"train","991","60697cff6b0f40f650d145995032718721f4c8ad0ec1677aa3f59bedf54abc89","512","340","56,59,64,95","56,59,64,95","True","tr-991"
"train","992","b6f1d0dac4737852f33e618d1cdf312a0027d08cd701555dd93a26f64d374d55","512","384","46,70,84,91","46,70,84,91","True","tr-992"
"train","993","ddafe8cacc6703aa485cbb59c0ff5f90513438671449abe1128115841439c7f2","4128","2322","48,52,66,96","48,52,66,96","True","tr-993"
"train","994","c1e27265301f44c69b304b2b3d8856b1ac254d8d0eeddede215508a45b988e20","512","384","37,96","37,96","True","tr-994"
"train","995","745e3cfc88499d56c0887e9bca61dbcec6345e65beb54ded7ff78dffefcaa4bf","640","428","10,31,36","10,31,36","True","tr-995"
"train","996","e95b9b6d05cab3a1cccb1e8dcde566259e450c8bbda3e8ad20b04a5f3389a0b3","1000","1500","66,73,82","66,73,82","True","tr-996"
"train","997","1fcf072663807e38b6ab83ce4adad6302437063ecc2757e187cf40404b434cb7","810","1080","50,73,80","50,73,80","True","tr-997"
"train","998","482cf90558b833475b2d73ccc2f2426206a45e58c98447a86a1871d1f95ec1d8","512","337","47,52,70,87","47,52,70,87","True","tr-998"
"train","999","72c5a760ed292a1131733ea12357da0edaa19bb44fb4b4b3e37757ae8336ce93","512","401","48,59","48,59","True","tr-999"
"train","1000","96249598fb5f669b07c5541aa0c77ed6a45b0f79548e91361aef74ee56dffc92","512","384","47,52,66,95","47,52,66,95","True","tr-1000"
"train","1001","fff6472da3f311ad41c0ceb25ad18cdca91428c0279b7264e84ab9e4a0793da5","512","512","8,37,67","8,37,67","True","tr-1001"
"train","1002","a9d90c3630ea48383b050f572a4ba9dae49fa95272a9bfcedcf907698cf38118","1000","1500","37,48,73,80","37,48,73,80","True","tr-1002"
"train","1003","5f7f0d91afedbdf5614c49c3f7239e902cc18ade1125a1559a838f48eb60fe8b","409","512","8,46,58,73","8,46,58,73","True","tr-1003"
"train","1004","281e631b3dc399c1ae62bb60364875aab1f5d63d373b25c150287c144083c15d","307","204","46,84,87","46,84,87","True","tr-1004"
"train","1005","30d762b942c55abae33609987390bc4aeb89feba9fc9f4e4bd8df9f996fdf95e","256","256","48,58,66,101","48,58,66,101","True","tr-1005"
"train","1006","b5c0763381845de5a5020778dba7b03dbfdb9d700dcf87c656500043ca74ea08","512","384","73,82","73,82","True","tr-1006"
"train","1007","55ff7a74e948992a51ca1d72579c2a1b07d0b1aa884cc3b56d280197cb795c98","512","384","54,66,87","54,66,87","True","tr-1007"
"train","1008","0b58eebd961740b93cce8e9c02ceeeb1e6543aaf0cf8b486466b640b9b102f22","512","414","47,81,84,87","47,81,84,87","True","tr-1008"
"train","1009","ec7c65e0177a8a2cfb07d71232621587665a290d708b472d88fcca0287e581b4","512","340","46,58,73,80,93","46,58,73,80,93","True","tr-1009"
"train","1010","7aeb783328cc273c5e64c8b031c4c84aa2eca43426913dc403ee4e9d598b9f05","512","384","46,66,84","46,66,84","True","tr-1010"
"train","1011","3b3958526adda5d0138c3e664c2f4cc9b63dfff2e004c86dd9dff17f04496315","512","386","48,58,64,73,89,93,101","48,58,64,73,89,93,101","True","tr-1011"
"train","1012","8f53bc81d9ee0855c05ba8bfa0bcba1425e8034ff1da18420ee70fe37c26aa7d","3264","1840","3,38,48,89","3,38,48,89","True","tr-1012"
"train","1013","709edf62b14b8617d3f8dc0fc5df3528de5e57b21409d3b0b60db6ae646f8c98","512","384","46,58,70,96","46,58,70,96","True","tr-1013"
"train","1014","94219ccae50c7ed408b4b08fbb1a9e0edda26ad070116217770fc769dfb607a2","512","458","46,70,84,95","46,70,84,95","True","tr-1014"
"train","1015","8d8c0cbf26c407da8dd9abe43357671b5b55ad2797e1599b376cd74d8171b4e5","640","428","48,59","48,59","True","tr-1015"
"train","1016","b45cce3375658dd96cd94ae2c6f9ea6cbb4bcb56eaf8ec32eb3dccfe1baafa7d","512","384","52,58","52,58","True","tr-1016"
"train","1017","4d2bb11ccfac0cb5adb98d335915fce6c1a94a923639c88247ecbe7b30949838","512","478","5,39,52,89","5,39,52,89","True","tr-1017"
"train","1018","bf52bd8e2be1c0f71153248d710b046cae186c13c5daac92623728894aa82431","280","280","48,58,73","48,58,73","True","tr-1018"
"train","1019","453c9eec8c8be5e33949e24b0753b6cc35357c28c2dd9b0936e450d650138cc8","512","365","35,46,70,84,90","35,46,70,84,90","True","tr-1019"
"train","1020","9969dbbfbb58cebccb4d5dd26aa4e563eddd811b1efb4f45a485958dca8e955e","256","256","54,66,96","54,66,96","True","tr-1020"
"train","1021","3521a1b9d4b8486ea7783d9e73db36f7cb866adf12a7925426528a31f3f5e380","512","464","13,44","13,44","True","tr-1021"
"train","1022","91144e9779afa29bf0a839ca8c2a730d68da7edc1df803fe7f665b464209a582","512","384","48,84,96","48,84,96","True","tr-1022"
"train","1023","817d6d706a1aee07a0c927335510273eb6a2f4dacb11a2e3c6cba7f4a5d3dd51","256","256","29,30,67","29,30,67","True","tr-1023"
"train","1024","a13277aea4a5750f6f8b60fc6665a5ab95d7360604046de005522726a2fc2f60","512","384","46,65,89","46,65,89","True","tr-1024"
"train","1025","9418116a02175b7d9ee1361c588f593fbe19960c2747e465c596c658d69a48d1","512","384","46,58,96","46,58,96","True","tr-1025"
"train","1026","ec523c346fbdf0fb152cf831a559edb335d9e24b24ef35b12e762acd97d70e94","512","384","24,52,56,76","24,52,56,76","True","tr-1026"
"train","1027","46d109fb6b72c987dc9e9d694fb2456d503d9ff978b8c137961d94b1c37e7bc4","512","384","54,72,89","54,72,89","True","tr-1027"
"train","1028","05c7dff3d5375301deec69668bf162d51f8f1b9e117b85221bb44b8a8283e4a5","256","256","48,70,82","48,70,82","True","tr-1028"
"train","1029","224235ca3e15ea4b8981bdfe97a5f7e2434d55b2c6e866016c24e395c7e2f2e2","512","371","9,37,54,82,84,94","9,37,54,82,84,94","True","tr-1029"
"train","1030","e0ff9ccb2b174c3bb36aaaebb430c8cc1d4bc75c697ca8d97abd762aee59e93d","410","307","30,46,52,66,95","30,46,52,66,95","True","tr-1030"
"train","1031","29c90e0e56def5a4b0839c005f9c7ca1c9c5e877a70a1ea717149300559fa0c1","512","384","48,66,76,84","48,66,76,84","True","tr-1031"
"train","1032","8c3618174f22b9b44f3c4e0cb074d481709f07f894f5221b07e3b7e9366a2fdb","512","382","8,48,59","8,48,59","True","tr-1032"
"train","1033","08ba2ddc14c3f7087ef068359c7fa968d051e682dfd7fb6a59bcee3920294701","256","256","9,82,83,84,88,89,94","9,82,83,84,88,89,94","True","tr-1033"
"train","1034","c7a184d533d2ef2a215cead606325d711d4b5b8bee8e9ea31a0ce70b30ebb6ce","512","461","25,103","25,103","True","tr-1034"
"train","1035","45527cce33a56be6d7cbcb7fcb0033aecede589cd88dd754d24e3a963e3893cc","512","432","46,58,70","46,58,70","True","tr-1035"
"train","1036","503b78a0dbe2f336fc6ac98751e7bdc796cb8d87426dee9b7e51c186ccb09e91","512","453","8,30,37","8,30,37","True","tr-1036"
"train","1037","3dfbea7c911ceb586258b64bb173dfc036c0a65ee980e7bd99ce570f7dd64a67","642","428","5,8,88,94","5,8,88,94","True","tr-1037"
"train","1038","aa1423688bc3a8c4696becf5cbfe0604c168795b0ac036c0491c51461c72f168","642","428","14,40,46,58,73,80,82,103","14,40,46,58,73,80,82,103","True","tr-1038"
"train","1039","6bc9093029d470dc6a191b64e5bf95240a495f051f720bf0064bb3db77981d7e","256","256","8,13,58","8,13,58","True","tr-1039"
"train","1040","844b4e24cdbb676538790b295192bc8158fd355b61f0790f0675b32942088995","3264","2448","48,66,89","48,66,89","True","tr-1040"
"train","1041","301b030f5673a92632b26d99630b3df40e51b420e846efda237a33adf9dc8873","3264","2448","10,14,46,52,59,70","10,14,46,52,59,70","True","tr-1041"
"train","1042","1a967329e02063d1e7c100f32a0f8a07370cb380e84e5853af119e514688ec05","512","384","48,58,73,76,80","48,58,73,76,80","True","tr-1042"
"train","1043","9c5f3927d4f9ff3f672124efecd8a6ba70cb0528326fa645a8aaa559fd41f15c","256","256","5,8,30,52","5,8,30,52","True","tr-1043"
"train","1044","bac1816e21a9518795ab52b0d82dd86d077ad83042bc6d6c3c611ca8fe8c4bb9","512","384","46,58,73","46,58,73","True","tr-1044"
"train","1045","cef41429fbd8b0736fca8317512e2a803a8a55d588cc61767e00caaebbbe8702","1530","2048","24,28,50,82","24,28,50,82","True","tr-1045"
"train","1046","c4f1f9846656f94014c1966564674e4ac0128de78f7a7976f567ab291706dd20","960","1280","48,59,70","48,59,70","True","tr-1046"
"train","1047","4a2ef643465f1f17981afe1b434694e80d6db91bedea9bde5a65cb774047216e","642","428","24,52,58,73,80","24,52,58,73,80","True","tr-1047"
"train","1048","4e5700bc226fe9a9aee9fa58e024b8e28b732875ca897dfcb7e6edaef6a5782e","512","384","84,91","84,91","True","tr-1048"
"train","1049","1d34261dbb75a2c20002a3081438015097bcb5e5cbab85020548febaef81f304","512","384","8,30,31,41,44","8,30,31,41,44","True","tr-1049"
"train","1050","88b0d5e213081c68478623abe68093ef86f3c7acb7afd51880c51a369417c9c6","1901","2149","47,66,84,103","47,66,84,103","True","tr-1050"
"train","1051","2251ed5c5f0c97b0a7d964f52e2cc68e2538d0b3149df0c427555f5f6a5da835","2056","1536","24,58,67,73","24,58,67,73","True","tr-1051"
"train","1052","b1e5f08a7b316106bae21ed1968007eb55d6043e60280d33f6b84b55940265e6","256","256","48,50,66,87","48,50,66,87","True","tr-1052"
"train","1053","639b6cc6989c9b2307450932b4572b4216195fa74e8f25d4302c8348efa02b57","512","384","47,59,70,84","47,59,70,84","True","tr-1053"
"train","1054","3672dee8bcdac01e9bbeaf3de52938b760780d3956bdd3ff40c5182b79460518","1280","800","24,49,59","24,49,59","True","tr-1054"
"train","1055","f2794753a9552309663dedf3d60e32f39f6118be654a84d68b637cfd986381eb","512","384","46,52,66,96","46,52,66,96","True","tr-1055"
"train","1056","c2c77deae071c45d7f28bea4073d6b25c35f2e3d60eb0b88b40627faa1d791f3","512","384","16,44","16,44","True","tr-1056"
"train","1057","b7372098942dbe1a718026282f294ff7c95e485a1224d5fa2a1d95c1a031d44b","2432","3227","24,28,47,59,73","24,28,47,59,73","True","tr-1057"
"train","1058","1bcd17772404deb981fa8a1e7180ed3cbbf90e8d42ab36aab1a07c4dd18880b0","512","384","48,70,89","48,70,89","True","tr-1058"
"train","1059","9f4a83a13f6d4e95cdd7e2bc8714db5122a791d791e91a03129b5f4bac337873","256","256","37,54,84,85,87","37,54,84,85,87","True","tr-1059"
"train","1060","59aabeaa4bbf7608e3893eb326fa8a484f2efc9fca5474fc2a6c5d0546aa4636","3264","2448","50,84","50,84","True","tr-1060"
"train","1061","78925f81cafdce7d17ea8e52ca7a29963ec29815f2ae5042dfe8494282772bbc","256","256","37,52,84,85,87","37,52,84,85,87","True","tr-1061"
"train","1062","05651e16e62eaaac0e89cda5b51faa83738050f7d49448f982f27d71d12d40aa","512","361","37,54,73,80,84,93","37,54,73,80,84,93","True","tr-1062"
"train","1063","fee2bad14c87cdff44472e4877d5fcc913bc1415b4caa8096e0b59d2ee461747","512","426","7,41,43","7,41,43","True","tr-1063"
"train","1064","3e36299fedd9fe660d86896c5ff78eb4fb8d214f91c8b1aaba984e98b4426159","410","615","10,30","10,30","True","tr-1064"
"train","1065","375a3ed04ef3111760102fcce7856ae067a2341ee4c84675673973e260acc7d8","256","256","8,10,30,42","8,10,30,42","True","tr-1065"
"train","1066","63cdf3fe835789f160f4ea215bb5d1b073f5de7f2c98c7b81129ad831545a9f3","534","356","52,70,89","52,70,89","True","tr-1066"
"train","1067","e1e3d26c73b4c487abdff1f084421239ddc5e7ca67912890b58ba42c9c7221fa","512","384","52,67,80","52,67,80","True","tr-1067"
"train","1068","375f6a00e245739d948355abcd285e8e88d38752cc037bda33331c908af7a119","642","428","44,46,52,73,89,93","44,46,52,73,89,93","True","tr-1068"
"train","1069","1655fba2b93a13fc314c3f4c20c8a8848abf50070d32d9ec795d3369ed487a29","256","256","9,10,30,32","9,10,30,32","True","tr-1069"
"train","1070","f7188e192125fab3e724a2a7f088ad7cb5f6770d43a23ee3cbc4f705910bb607","256","256","51,64,73,80","51,64,73,80","True","tr-1070"
"train","1071","bddb0907886fa3ab022a478ee0dd880919d5e959e357121e99589d46fb4e49ac","256","256","9,56,66,87","9,56,66,87","True","tr-1071"
"train","1072","a43d4154dc67644dd296a8d83f7e567150d0b6451a8fd106bdd3f2573df7ef22","512","384","52,56,89","52,56,89","True","tr-1072"
"train","1073","cce31d44a94d73acae2fa94bf6bb386e1713b68a02962da396f60bffacd05fa5","642","428","57,67,84,88,96","57,67,84,88,96","True","tr-858"
"train","1074","98959518695e441f68cc42ffcdd423842894681c79badb4f9f60fa0548a20a56","512","384","46,52,59,70","46,52,59,70","True","tr-1074"
"train","1075","d44d11203cf30b2e8cbc232165095dbf51746fdf4def5f75cea388a504670b2c","256","256","47,58,87","47,58,87","True","tr-1075"
"train","1076","4b18572d8a84ed8a34ffc5fd63ca532206903938c92e2a9566d0a688e627e9e0","475","512","47,65,84,93,96","47,65,84,93,96","True","tr-1076"
"train","1077","298aa7d510917e928a1d2ca0da9ae9f9c9cfee9ca871dc9d96f37cd3cc995f33","1728","2880","24,50,52,58","24,50,52,58","True","tr-1077"
"train","1078","0b7be4750990bde8f49b86ed25d8403a2197dbae6c55b4e2890e063596dc6d53","200","200","71,73,93,94","71,73,93,94","True","tr-270"
"train","1079","f333ae25a59156097ee888124e7a04e2fd6c4986e1766c892b808d3daddef29b","512","384","52,58,82,89","52,58,82,89","True","tr-1079"
"train","1080","e3868f830a9ed35bb8bf3a023b6d51b58bf5d8165864c68aaff60813d2e56a2b","512","384","54,85","54,85","True","tr-1080"
"train","1081","83818da00fe232f583d749fbd2bb429180eabec7ebcad2c3744b7a2e4d054b1e","512","386","48,66,76,101,103","48,66,76,101,103","True","tr-1081"
"train","1082","0bf5faddb29145007286baeac0f2e062756b555011321f6e78790d527ec47eb6","350","278","8,11,51,77","8,11,51,77","True","tr-1082"
"train","1083","a09e1f8939246e1317156b324bae3cdc29ab940dcd1ea4ed96afa76440cf8da4","512","406","47,66,82,93","47,66,82,93","True","tr-1083"
"train","1084","bf84fc250712245bb717e148f6ac3ab998daa5ff2a87aea51e15bf40b5f8ea12","512","343","46,70,71,84","46,70,71,84","True","tr-1084"
"train","1085","a40ac12f420853ebae574e9c20424d199f9bb171b7c5ae6df5d0927c7e4e61a8","642","428","11,46,70,87","11,46,70,87","True","tr-1085"
"train","1086","893d1bfde475105516aeeed81acaa23ad1ebd5de4e9bf5227c9a7b2806fc3937","512","455","52,56,65,82,89","52,56,65,82,89","True","tr-1086"
"train","1087","61085a01cc9bf6bec8038fa5e6d71412c2cfc3b25f23ce561179e13bf605d61a","256","256","37,67,80,93","37,67,80,93","True","tr-1087"
"train","1088","a12e7b8fb934ea26628d73ce8836515d2b784a166333ee79905ee9bdd2b11aa6","256","256","31,33,58","31,33,58","True","tr-1088"
"train","1089","4441d0af5bf01dfdb4ad761f9c4538f26dad63cdd956a412ea94bc083d2de13c","512","384","51,70,84,85,87","51,70,84,85,87","True","tr-1089"
"train","1090","004a279734eba68c1dab37b79a5628c3be01c746554c17d087c0f198029c2f92","512","428","10,15","10,15","True","tr-1090"
"train","1091","d219039ac2a139e563b38799dccbdf0c26bc1bcca3f24dacea1df0293ceaf603","512","384","12,48","12,48","True","tr-1091"
"train","1092","4d91eb982f8778e1e86c3e3687bf7ff58305b4c76ade5a070c4c84e43ec42d00","3000","2000","9,47,58,82","9,47,58,82","True","tr-1092"
"train","1093","e12b44d0e6905df8ce7aa46420189ee4e4ec7f2c23877c467d91b671840b1b50","768","697","50,66,98","50,66,98","True","tr-1093"
"train","1094","52de0426cf5401cef6e614e0e8484531dba258f2a1d67bae053bb627c5a9de6d","307","204","5,44,46,58,80,103","5,44,46,58,80,103","True","tr-1094"
"train","1095","8eae01d2ff108b456e48e8630891d07def0e7595aa4bb3ce730d30887e76744c","2448","3264","50,52","50,52","True","tr-1095"
"train","1096","96b20cd241cde5fea45e8c4f578d81c302e184ee8fc180386714494ed780e22e","642","428","9,24,29,49,52,58,80","9,24,29,49,52,58,80","True","tr-1096"
"train","1097","016f6e1e8f7ff92e0e4520efd63007c2ecbc9002065ef854c6330a0aa8a67b84","512","380","5,13","5,13","True","tr-1097"
"train","1098","72981fd3e99cc06ea871c85b8429765bb01d50fb383eec66eea4308fe94bb002","1106","786","52,54,84,87,89","52,54,84,87,89","True","tr-1098"
"train","1099","6382d103b6cf14daadbccb6c960883e5f4f2e6b285e8ce8ae6b49aaeea174005","3264","1840","58,59","58,59","True","tr-1099"
"train","1100","3945c4d84ead5104e09b5fbca421390e174724edc5eb7fd930b2adbcae685eaa","1559","2048","14,31,37","14,31,37","True","tr-1100"
"train","1101","e2f157227d0c67b4b1ba5e1e3dff92cd14a83819c55e297df227b2615502dcfc","5312","2988","3,46,52,58","3,46,52,58","True","tr-1101"
"train","1102","20f60859056cf7a4f2d9c3aef81c9d9a630d99adb713023823ba24381aff0ddb","410","273","10,31","10,31","True","tr-1102"
"train","1103","5d77960767d8e800f01d461147316983949b792c48e80293829c0efbb3565bfa","512","311","58,65","58,65","True","tr-1103"
"train","1104","5bd71db9cbda8932707bb77ab8eef720b7e7e49cdfd31b5b8f6a150a0d4dbe60","512","366","9,25,29","9,25,29","True","tr-1104"
"train","1105","0b7be4750990bde8f49b86ed25d8403a2197dbae6c55b4e2890e063596dc6d53","200","200","71,73,94","71,73,94","True","tr-270"
"train","1106","f9c7800dda031965c11441eefbf11aceab60fd8b8fcad5dc9f016e69691a05b5","1636","2220","3,58","3,58","True","tr-1106"
"train","1107","918be898a05ad09102a4f7bc602cde1189a1441079abc210b7d418468fa285fd","512","384","37,47,89","37,47,89","True","tr-1107"
"train","1108","3f2c9551e7d30fea6334ac5332a4e08fcbe53084eb579718053993e2facde9be","1040","819","8,9,58,84,89","8,9,58,84,89","True","tr-1108"
"train","1109","a18752395d67aed3816d84dce22f2fbe7aafbd90067ee3c6497f0581037c78ae","4128","2322","54,58,70,89","54,58,70,89","True","tr-1109"
"train","1110","7dc40c6e715ce30b546165b771dc9d3f4b57500f1d55455a655d776713b0f54d","512","355","8,37,67","8,37,67","True","tr-1110"
"train","1111","f26ed32fa0d45090aaccb61bfda39215b79e2d61b817515ad1abc1aa35e9aa07","256","256","47,65,72,84,87,101","47,65,72,84,87,101","True","tr-1111"
"train","1112","e79e4f335f42c37e5a46570c12ec192ffba3f9dd2457c5e72379ad581ea18558","512","384","9,48,70,84,95","9,48,70,84,95","True","tr-1112"
"train","1113","ebc1738d126ec6482cb5ef05d45c58e47830cf885d9167778c857d1559be433f","512","384","64,66,73,89","64,66,73,89","True","tr-1113"
"train","1114","0420c65797916171a542d944859c3e627ff65e8b1d87969f76889f6646c40f6f","410","273","21,37,48,66,73,89","21,37,48,66,73,89","True","tr-1114"
"train","1115","6c05f0e34f1919a38c1f1d3e50550b16f8cc0b8205101ae904eb74f671bc83df","512","393","47,70,96","47,70,96","True","tr-1115"
"train","1116","fa424bf753133bac3a678bb501c1b0e2ec1e2d006e68d1b8c3c5f1c227603a88","1057","1077","3,37,52,89","3,37,52,89","True","tr-1116"
"train","1117","f1f3b2ab5f8e3b0439a73b85c51363c04d9b280ea5de29480ef980eaa17c070b","256","256","9,51,77,84,87,89,103","9,51,77,84,87,89,103","True","tr-1117"
"train","1118","f5f9d7345270a64ae125dd256747b68c027bfbdeb7961ffa43a518aaefcbeb60","512","305","8,48,88","8,48,88","True","tr-1118"
"train","1119","773fc0e2cb5730768168a9b6846027c2c9229e81e78af8c7130110d8d492343a","642","428","46,52,73,87","46,52,73,87","True","tr-1119"
"train","1120","2dbf90d2d1cf878e688773657823bf76ed13f7e0217601b3945334a47f2f1528","512","387","30,58","30,58","True","tr-1120"
"train","1121","3d0682491ddd86ae62ba48e94c9b495d6578243df155c98bfa7bc2b0fb6c2d5a","512","384","46,52,70,73,85,89","46,52,70,73,85,89","True","tr-1121"
"train","1122","08a243c602b2729e558755ba4e187511c46d2bb4f8e25ce7d4ebb29a9161d6ca","1000","1333","52,54,73,87","52,54,73,87","True","tr-1122"
"train","1123","204863b88a5e32e37c43e2b111ee651b1b674b31fa2973c6aedde29fd90dad6f","256","256","8,30","8,30","True","tr-1123"
"train","1124","2d10153de7f0935528103b26bce6c5405e6d6ba158b85325937b08127deae1d5","512","421","11,48,66","11,48,66","True","tr-1124"
"train","1125","9c4fa502a7a8a6673f1a40e95bf6d04203f8d16b4f8e68333cf806cb5413572a","1555","1555","14,46,58,93","14,46,58,93","True","tr-1125"
"train","1126","3fbc0507b3b5c76d34fea93adc28cbd36ccea87bd7dd676e7dd97d226ff16514","480","473","8,30","8,30","True","tr-1126"
"train","1127","84963d3a11ca9f1bc1bf1f039b893bb5f2207a3e65e1fd41af859ca2f1e1ac77","2048","1529","9,24,46,58,73","9,24,46,58,73","True","tr-1127"
"train","1128","66c86c03dc790bc94863f719898c58405d54c188c2fb25752b23808f8a8a5028","256","256","48,59,87","48,59,87","True","tr-1128"
"train","1129","2887ff8bacc5609a3fb93805a77811015ca19116729cf62c2e59d4c5f000191a","512","384","34,37,47","34,37,47","True","tr-1129"
"train","1130","f487fda3f9d7e11224019a676cfdd076d818ee73ead7094f590bf20cd40a7333","1775","1183","25,52,58,81,103","25,52,58,81,103","True","tr-1130"
"train","1131","e1dc339e0cc3c461e16b8f8ec3745c40b779720fa52cd754b415dc3fdebb9094","512","340","70,72,82,84,87,89","70,72,82,84,87,89","True","tr-1131"
"train","1132","a0a660a121bdce8a47ffc0b28302bd0b65c45c023bd13a784698402f41398eb0","1536","1536","65,70,73,84","65,70,73,84","True","tr-1132"
"train","1133","41c202e6773cfce450a7e89cced73e07e6526e78ee6ad48cc37f3f8e3f5e9d92","512","383","46,70,84,91","46,70,84,91","True","tr-1133"
"train","1134","c3a4fa5edf6621b4f0f926af2f43dce6c6fe59c30495494eceaee29b5976010b","3264","1836","48,59,66","48,59,66","True","tr-1134"
"train","1135","df45fe94c969f90b34a3b67ae1b781554d09f7ffbe7dd7ddb80c00a5b2067e4a","512","384","46,70,91","46,70,91","True","tr-1135"
"train","1136","8c94706c38f1c3a6c3702c6aac65a141387e357ff0c6512807383c9350b691cb","512","439","3,46,58,73,80,93,101","3,46,58,73,80,93,101","True","tr-1136"
"train","1137","199460f828634b90eed744965e2d6c9c7fa03530a476ff4c20a0bcb14116daff","750","1000","9,10,30","9,10,30","True","tr-1137"
"train","1138","4e1c3c558cce45c4b8dd5f2b0e51af006362fc2a31867a6723d9e928386b658e","2448","3264","48,64,70,91","48,64,70,91","True","tr-1138"
"train","1139","63ab93ede87d028304a9260801553c3548abf3d097ced9c60a5572329b22ef22","384","512","52,83,84,88","52,83,84,88","True","tr-1139"
"train","1140","dce219ffc9221e747f44f18455a9dce2848c556be146cdd6c9f36a18962f4518","640","480","24,65,76,82","24,65,76,82","True","tr-1140"
"train","1141","bf9417f2a2531329338aa649b9bc1ad4b2a436f9fe3308dd237ecb4e46db3d0f","512","384","37,47,89","37,47,89","True","tr-1141"
"train","1142","d2d32f5dbe1a04a127a81849b9867c024ca45be4165d6963b3ecc03c71752d03","384","512","48,66,84","48,66,84","True","tr-1142"
"train","1143","2987813b23ca6072474911be45ceabcf26409bdf890e2df08a403395cf99ec35","512","384","50,51,73,80","50,51,73,80","True","tr-1143"
"train","1144","c999e74d375956b36be356e8ed7d00677ea9054f5d7bc6495e207eb5845b82aa","512","384","8,28,46","8,28,46","True","tr-1144"
"train","1145","441e745e21182dc7852f17115dcf3bfd2b2003f6e4ad3d078db54031d7854153","512","384","52,66,73,80,95,103","52,66,73,80,95,103","True","tr-1145"
"train","1146","eeec62d5aec908d4a37299b70452d7e41f211a2f31b3462bd0dd104b13d8385d","512","371","8,48,52,66,87","8,48,52,66,87","True","tr-1146"
"train","1147","3e6479a4ff008c29f3a638da7ba8b3935ff773801118b4bd11fe376fdd31d289","512","384","8,48,67,73,80,82,93","8,48,67,73,80,82,93","True","tr-1147"
"train","1148","6a804a7e67f02eaae252fa1d83f80f17f8609e7c90f36c719e62e592d1afbc46","512","341","52,65,89","52,65,89","True","tr-1148"
"train","1149","de56c25419ec9641355c7eae1a0a0df831174d8642a501a87cfbc3055e6c4275","256","256","3,21,47","3,21,47","True","tr-1149"
"train","1150","2c239768bc1ce7bd986f92fc004f60a77b0d90fa0aba84f77df6673f7fb7277a","307","204","5,84,87,90,94","5,84,87,90,94","True","tr-1150"
"train","1151","db9a3a970499ccd5cb8e5e393986e94045399b9444e5446bf3fe84c890f0cfa2","512","384","48,64,80,84","48,64,80,84","True","tr-1151"
"train","1152","bf654a71d144354d1cf69aa7e03c8634f9f2a200b113cb9bb428fd7c51f83dce","256","256","48,52,88","48,52,88","True","tr-1152"
"train","1153","a13c9d86fb4ab4bba1ac71490b46d8a3aae185fc741e2b5e7bf00b8ddd875e39","512","385","29,58","29,58","True","tr-1153"
"train","1154","c085531329088cb35a4b73885d0a449619f12d04ddfabdc2ab7587acaf7d6a53","512","384","8,10,31,52","8,10,31,52","True","tr-1154"
"train","1155","510d03e77ce325831beede6a0d94a458a64b5049e15e2729eaf209189be27ea0","620","627","13,14,37,78,89,93","13,14,37,78,89,93","True","tr-1155"
"train","1156","ce533fe5fa5ed41c45f8ffc5d5fb91670da7aa7e97bc0ca50b47217da283c6a5","512","414","82,93","82,93","True","tr-1156"
"train","1157","1d8e448eea569eb17015f6e97a5b06bd58623ac65cec097e8eb871304a2b2657","256","256","58,82","58,82","True","tr-1157"
"train","1158","d2a75ace806467fa89398a286de9cfbc39e5bfde1c86c13bd2b2f623de247aa4","512","384","47,72,84,87,90","47,72,84,87,90","True","tr-1158"
"train","1159","63ba5fda9ca470f4b8cb176d9b8ad822a9ce9364e89e9b72f10ebba3ba4e8f2b","256","256","52,58,84,88","52,58,84,88","True","tr-1159"
"train","1160","83a71d0f4c0213fd638b64ed6ae63b4d3a14ed69bd03f937868de5dc28e218cb","512","396","9,35,73,82","9,35,73,82","True","tr-1160"
"train","1161","6fdd186fd0a32a665c5ce3447edef14727226eba10a46535a3ea321532c568b0","512","384","9,46,58,73,80,93","9,46,58,73,80,93","True","tr-1161"
"train","1162","9652e17d429ea4cba72674a2cbc229900e1308dfc2c6a03c68ce54276d0b0886","256","256","24,67,73,102","24,67,73,102","True","tr-1162"
"train","1163","069784f0fcdfa0ffc00eb0f2af67836cf2b3db9b26fcd7b5bd0b244eeac06182","390","260","51,76","51,76","True","tr-1163"
"train","1164","9449471d18f3c28685652663c522018924dab2f3f558970a6438253ac523fc3c","384","512","8,30,31,32,40,42","8,30,31,32,40,42","True","tr-1164"
"train","1165","9c7ebcb946d5f3adf6594ea2fbb148022fd4db0fe69c6a49d1677f210eb4bd70","512","353","47,52,64,87","47,52,64,87","True","tr-1165"
"train","1166","827ecb066f045949409a251980db38efb4607e2d4e4f78a1282eb6a9cc464a03","512","383","66,91,103","66,91,103","True","tr-1166"
"train","1167","d89bb3858aa0a9ba049567f2a608a9548c160f95a74a42ad1b823d9d2b3f9f96","642","428","49,67,87","49,67,87","True","tr-1167"
"train","1168","9a2ba86763035081fefaea4d99ad26543b3d280b42a961a4993b77fc7353e0bf","512","384","47,52,67,72,87","47,52,67,72,87","True","tr-1168"
"train","1169","a93b8a55f79d5ae7b01d8ac21ad5d8ccc5baec5271477c23ab2b6277d2ab4d68","256","256","46,59,96","46,59,96","True","tr-1169"
"train","1170","b7b97b3cba1cef98eff9a5692d7d0c0c259a35cc66d11f012e5ba5a75b857954","256","256","67,73,82","67,73,82","True","tr-1170"
"train","1171","2b7995129584ab7728b1eb27a252ca51919f602f2cc75a5ba4709b0d10e96d5d","410","619","10,30","10,30","True","tr-1171"
"train","1172","94c7ca6cab81ce3e661a7c63b913d04572dfb300f2c65b7d7b0f520d542b3bf9","512","411","47,70,72,87","47,70,72,87","True","tr-1172"
"train","1173","f01a09fdbe70ec3bb0aa03fa4a572ea2762d1fa6a04bf8590dabcd58e69c581f","256","256","48,70,72,84,87","48,70,72,84,87","True","tr-1173"
"train","1174","f93c20628c83475fc79193958bc0a8b64a0c433fd45c47ee28e051d1d8635735","410","307","30,67","30,67","True","tr-1174"
"train","1175","37a7088121831ce49f86ec40308d7333c9dc7360d99b6836339b59a92644588f","640","480","48,52,66,82","48,52,66,82","True","tr-1175"
"train","1176","dd674a98a78b2d645077d10bdeba1465dae24567d1fa63b862f66ea465b6bd1e","512","434","37,58","37,58","True","tr-1176"
"train","1177","77ec4c992283918d8961af07f66f3ca987e7aeb2dfb029ffa5beca3ce02137a5","512","384","14,44","14,44","True","tr-1177"
"train","1178","02a4509afb1cb0c38bab0424663dbe45f3f544dd6997cacba89aee3a62c8e594","3264","2448","49,59,70","49,59,70","True","tr-1178"
"train","1179","899d63c88fafeecbaeb304cdc6ace236f0a159f0bdcdc6026475c9fe40f79243","512","429","12,29","12,29","True","tr-1179"
"train","1180","cda4f92260f1c4fdfc7449a9846b2587bdbd554c52dc6330db44af2cdcf67ae4","512","384","47,70,84,87,95","47,70,84,87,95","True","tr-1180"
"train","1181","593d18c1f17e3da624ce89f5db6f3162fe7df4babea8a9e6012a48ec4b147aa8","256","256","10,25","10,25","True","tr-1181"
"train","1182","bc3a2db7d8bdb302bf4cacff384d40fbfaa113ba27c76a378789192c27afd9aa","550","456","3,9,46,50,58,73,80","3,9,46,50,58,73,80","True","tr-1182"
"train","1183","335d479c5ce32edf778301d464b5f336729258cdb203b9f5086a9893f5b4014d","512","341","37,48,65,89,95","37,48,65,89,95","True","tr-1183"
"train","1184","4f51367ce4e41a2daa93c9b4008484318f13b62c8f51426b138222b35aa90650","307","204","10,30","10,30","True","tr-1184"
"train","1185","3de869fc274ca024e9e7d227c2d901043b93fbf4d9ad93bb4d18ce5f82af9f6c","512","341","89","89","True","tr-1185"
"train","1186","5f8e184a0796f15e86d89cc428c0b6533f39a02570502ee06f7caac080e5969d","512","384","37,47,70,84","37,47,70,84","True","tr-1186"
"train","1187","217f2d86486de48f1cf9894ae13759f01fab29a195009140e5806721c725a5f6","750","1000","10,30,42,44","10,30,42,44","True","tr-1187"
"train","1188","3c0b34fbbe5ae4f41d03559a641ea4f4928df55fd8a92e1148aa3e0b78743def","854","640","10,52,70,73,80,82,87,89,92","10,52,70,73,80,82,87,89,92","True","tr-1188"
"train","1189","b9752b79b3637f32b59db8a57e77a929644920a250f6d66797ffc36806c3e1cf","3264","2448","48,59,70,95","48,59,70,95","True","tr-1189"
"train","1190","4b5752490ea43147a44be7e4c246ebd7abc5df415979ba8f843424a9655e6456","410","306","52,62,80","52,62,80","True","tr-1190"
"train","1191","abca2746cef0cbc1c306e181d7f0fee6d1c4b30a1d5a4f2461d2c7beb947f3d6","512","384","46,70,87","46,70,87","True","tr-1191"
"train","1192","9b4f6e260dfa1995fe269530233c24995bc08e52b211b8110b9e508f1a011ff6","512","289","14,24,50,67","14,24,50,67","True","tr-1192"
"train","1193","9bf2b1ab9527b2f31c0fe1eeb7c56c2ea390dc33bdaedd86bbc0d476e8a8ef27","512","365","46,67,70","46,67,70","True","tr-1193"
"train","1194","18e602fa4eac8b8ec781233c5b98be9e15ff48f21380fb704542f42c8b305428","512","365","8,46,67,73,80,93","8,46,67,73,80,93","True","tr-1194"
"train","1195","e614e6c895b7f0a82062cba20acd5cdbc4c3c98d4f7871a55ea85f49e5981cc4","512","384","46,70,87,101","46,70,87,101","True","tr-1195"
"train","1196","32ab9c33d770b3b4d3ca5c1f1fcdfd582dc090ee7fc1af975b95bc98e732666b","2048","1365","47,52,58,73,80,82","47,52,58,73,80,82","True","tr-1196"
"train","1197","7da1de17697e4e9731d3a47b840ea3f9e75849eb89e41e7a16358969c5947627","336","448","48,80,87","48,80,87","True","tr-1197"
"train","1198","5f35b14b4c049b248402b60ebc8b22aa40a9cdd53156224dfc74cf980de91331","820","615","5,37","5,37","True","tr-1198"
"train","1199","f3a26f1c12ee23d2ff0afcb34465b96fa4975b03632b025381ffd4ea680f442e","1941","1939","9,46,70,85","9,46,70,85","True","tr-1199"
"train","1200","d4fbadc7e7feb4c8d0f46fa4779fc64b27c6b21072f557373561270f8430c8ff","256","256","8,73,82,84","8,73,82,84","True","tr-1200"
"train","1201","e9b1e1f30f79bd4414aeb2178301271235c8a91462e386061bafda9351316a6e","512","384","48,84","48,84","True","tr-1201"
"train","1202","11191a8d4e319fc30c02ebc865abeb4752535c41743a635b9fce7646f1e98273","410","546","48,52,67","48,52,67","True","tr-1202"
"train","1203","121ab2dab62b053b4c88dacef32d3587692e71b3669729230f472389b7379c0d","1152","1152","17,52,58","17,52,58","True","tr-1203"
"train","1204","ab9e3dd0ef2111010f51a580271d4a8220825b1f68ed0c6f06557a23d994ba49","256","256","29,58","29,58","True","tr-1204"
"train","1205","ff2fc6c51c9a9365fbbb973ee511288e5d353ce14e002317196270635ff97cca","512","341","49,89","49,89","True","tr-1205"
"train","1206","faef1dd9431ec246c0e048452d32806bc0d49b05d6b7eeabf32dfc51830bf4c6","642","428","5,44,48,82,103","5,44,48,82,103","True","tr-1206"
"train","1207","559099c73ed526b3aa5a962fa722546fbd3dcde44bef188e94ab705b85ba4c7e","256","256","48,80,101","48,80,101","True","tr-1207"
"train","1208","e6f4cc3dedec4e4c25451ef282ee20e9b2424cb08087f60ac311feae64f4faa0","512","384","41,58","41,58","True","tr-1208"
"train","1209","4b9cb6815871cb04eec16e88e331f6d57d060a1bd7125ad2abf395bd61e9ed08","384","512","13,48,52","13,48,52","True","tr-1209"
"train","1210","132b90f2756d722566fb3fbb09d3f20b678279aa3240fb9119fcd4dd46fdef40","1552","2592","5,8,73,89","5,8,73,89","True","tr-1210"
"train","1211","fbb66357a2e6f3ca14a2587c8da0898f202577f217917a35a8df59c8f3b66056","512","325","51,66,83,95","51,66,83,95","True","tr-1211"
"train","1212","fe9ae5983123df5697688cc934c8d11b3c75fee5407249924a9b2a96b487198d","960","540","46,52,58,65,96","46,52,58,65,96","True","tr-1212"
"train","1213","fa39c52dd4d810feb92c72dc79a96d86ac1f8ab9a7c12d08ef43f031c3833494","256","256","48,66,85","48,66,85","True","tr-1213"
"train","1214","9bdcf5566fb2e509c57b045c37b09a6a0241a379d13ad42766badd8b5ab0fa69","512","384","9,47,66,85,87","9,47,66,85,87","True","tr-1214"
"train","1215","29f3585bfff0f3f2b8c5147d3081b2add0996ef383eb67b1b365d9659ad9511c","512","340","48,70,82,84,87","48,70,82,84,87","True","tr-1215"
"train","1216","4e29457d79c2bd686d7b51852f3923564918a46bef8f99c4f870c80f2fc59f9d","512","385","51,70,84,95","51,70,84,95","True","tr-1216"
"train","1217","93eb29a53e7394f092ea400c24056ee806ba0a0958198ec6f239939c98b50340","1920","2560","47,58,67,82","47,58,67,82","True","tr-1217"
"train","1218","fc29030e6cd31969b77c7be2ad55c70d24e1f3294ed630259870505f50183c00","410","273","18,24,28,52,70,73,81,89,94","18,24,28,52,70,73,81,89,94","True","tr-1218"
"train","1219","cb0ab76db53ec9ed6a8d8ff324a188ef252d69e05212b6dab9d03b1ccd0e28e2","512","425","46,48,70,84,93,96,98","46,48,70,84,93,96,98","True","tr-1219"
"train","1220","97f23cef24fe4134af6a994d87a1038a01e554511cc90caf0915d177e03219eb","256","256","58,64","58,64","True","tr-1220"
"train","1221","459804779528cfff2431776c9c6b54c53e9aff66e3b946f225ade9f541a469b7","640","480","37,58","37,58","True","tr-1221"
"train","1222","9e4c26114b2056f88dfb17b12ad7130806bbb9fdb898722a0fb84476d66efa4b","512","384","24,50,58,73","24,50,58,73","True","tr-1222"
"train","1223","60dc163f76852555fcfd93ec7e881d1e3a9682fa6dad9f9adea5c6d79be918e3","2592","1936","58,64,73","58,64,73","True","tr-1223"
"train","1224","fbfa77176b2797708cb8968ad3a363b6838bebc1583880dc31ad75900700573d","3264","2448","5,9,41,58,59,68,73","5,9,41,58,59,68,73","True","tr-1224"
"train","1225","d6fd49b618793c3d38120b828bcfddd87743140c297fd497a2c9495697135015","256","256","50,51,52,84","50,51,52,84","True","tr-1225"
"train","1226","5cbd50512c6ef11a987f411bc2269b448f5c0abb798df7188774dff54a0e95fb","843","562","48,58,73,92,94,103","48,58,73,92,94,103","True","tr-1226"
"train","1227","8146f9175e4da9333a3d19609fa0be387c93abe7716ec77994feaed03354c206","2592","1936","49,58","49,58","True","tr-1227"
"train","1228","7c120533c29cd847dc02ad42850807d87b3c7057523ba3402d010b8a2633bb31","500","400","30,58","30,58","True","tr-1228"
"train","1229","00bec324a42569793428e21588188f2caf6f52bf67fc0312c2984029687067de","512","416","29,37,58","29,37,58","True","tr-1229"
"train","1230","2b51ab2a230debbe8bd6a276a0cc38bbfe7c7e298762c1cb877d974ab0e7c832","3264","2448","5,13,24,58","5,13,24,58","True","tr-1230"
"train","1231","c531ed26d23fe70dc3de63e38ed934437538f5ced37ad36c293ef9a346ffad38","484","800","10,32","10,32","True","tr-1231"
"train","1232","dc1a2b6cfb895c0faf6c01edcad5f6cd46fe2d899ee4b2b144d7f6d73f5bb186","640","428","4,10,30","4,10,30","True","tr-1232"
"train","1233","8ae731127377b853006f4d5fd992b5e526bdd9fd9ed2ce8db350f8ce0eb0e10f","642","428","9,84,87","9,84,87","True","tr-1233"
"train","1234","940e6d31297fe9ed658c873251239853fa879da7e21919a0219949934b66bcf5","512","384","25,57,58","25,57,58","True","tr-1234"
"train","1235","3b26be6ddfb8e490a86f17d5310c2ec5c77e55d056c1e42db9c6666492986694","2592","1944","3,61","3,61","True","tr-1235"
"train","1236","ecb90ae2258aab05b8c2f70ad2b4054c6ef61d085ce468031ff558125ec50b1f","1952","1952","37,46,85","37,46,85","True","tr-1236"
"train","1237","06fd691dd976e83c9566b47247fe9c71d43727b32285fdd731597e2d88e01abb","512","410","3,47,58,73,93","3,47,58,73,93","True","tr-1237"
"train","1238","43cdec4ccb8ffccc4de88523cc665d93d1859a27b2c2fd388ba9c58a865b52a7","512","370","46,70,82,93","46,70,82,93","True","tr-1238"
"train","1239","c11a766c0b5fd2db2b3762e1bde61b86e85d9893fa1321bfa1c65fc153061a97","420","514","50,73,82,89","50,73,82,89","True","tr-1239"
"train","1240","54617c2ec56b44ee5248c01b7ed4a7422b9bb9577a760ae62fee7b74a8f59020","512","384","46,67,70,73,96","46,67,70,73,96","True","tr-1240"
"train","1241","7a8fc2744e089e4d59d27bf5fbb4693ba2548d393fafed79d69d716cc5d51dfd","512","384","54,70,72,87","54,70,72,87","True","tr-1241"
"train","1242","0e940080edb1d49709894e2ff73028094e366322109544160f5745a41efb88d4","512","327","49,66,89","49,66,89","True","tr-1242"
"train","1243","760381f9e89174ef275160fa64063defa6d6feff769ec46e8d4b8313793775ba","512","384","48,84,96","48,84,96","True","tr-1243"
"train","1244","688ad940bd28f5a4db6f4468f97170b2f9a118895c55feffdd021c7ebc069c8e","512","384","54,59,87,89","54,59,87,89","True","tr-1244"
"train","1245","1bac08b7d5a77d709eaeeea43ec7dc43b587b2a110ac16e5e76508a0592ca822","512","384","46,49,70,80","46,49,70,80","True","tr-1245"
"train","1246","fdf3770ed603718aa56307c3b1a35b3180a60615726260b9e2e1c9552c7c07a7","512","384","8,46,84,87","8,46,84,87","True","tr-1246"
"train","1247","a889d88cc90254b86810cf4d30c0647df9a1fc6cf962cf8eaae4421ca7af74d1","512","342","58,59,61","58,59,61","True","tr-1247"
"train","1248","c55e0448a93f73d74bd9bce474eae8ca1a149f8b48be1e25469d3505e85516a4","2536","4881","8,48,88","8,48,88","True","tr-1248"
"train","1249","000c8cce11da6dd6ca061c5ed7a88dc4b217b585c6c62e387b38aad0d941c058","642","428","54,73,81,82,89","54,73,81,82,89","True","tr-1249"
"train","1250","f958c34d8599992227279df130be2fc1fbed52e0a7791f7e05d8265a170393c1","256","256","8,29,58","8,29,58","True","tr-1250"
"train","1251","dc30b597f18805ef25c6729ace61987653a6e88032169b0798a61ec7cf5f5f37","512","384","46,87,94","46,87,94","True","tr-1251"
"train","1252","c2ff28777387775ea1479afb0ce37361ad34465f49fd444545917bd6827202d0","1920","2560","49,70","49,70","True","tr-1252"
"train","1253","0a802acbfd8e473d3a44d304469b16f985a9b0df2f46e7982a6102ac3e5e381a","256","256","4,8,30","4,8,30","True","tr-1253"
"train","1254","115feb5240b1a2154ff8a4406ead9ce4ce71293717136e9113e4ec9e6a1458aa","256","256","50,52","50,52","True","tr-1254"
"train","1255","46dccc01ad3964f77cb553f8d16b8e9903e5aed14c9b6a85156635299cfdc459","512","384","9,48,58,73,80","9,48,58,73,80","True","tr-1255"
"train","1256","31dc427ecd8b9c2285d3daf6cdee767beb1426732d41f7d68ef4ceefea443c71","642","428","41,48,58,80,103","41,48,58,80,103","True","tr-1256"
"train","1257","a0334fb15065b5fe3005dc8aeb2147299d744bc5235db7ef907eb0f35c4b71f2","512","341","8,30,41,42","8,30,41,42","True","tr-1257"
"train","1258","34958156530f68957798558ce12b40627b2ba16d1c372d84d662359ad4ba8ba2","512","360","48,66,82","48,66,82","True","tr-1258"
"train","1259","b55a5b03cd5d03818863fbc246ab9f87379599fca65d734229e4b2e1236a6679","512","374","8,14,44,58,94","8,14,44,58,94","True","tr-1259"
"train","1260","2062dc9499c6769f01a46bdbefff6f23cd4745a90cf92afd784e83b3c742c5cd","512","384","46,70,84","46,70,84","True","tr-1260"
"train","1261","dbb1c23a858dac673808fdddf222b0e3b335652b7c84c16e287ee4c08bc7d97d","512","384","46,52,58,87","46,52,58,87","True","tr-1261"
"train","1262","bab8e0679fd886fb4972e46a31a92bfc6573d67044b09badea9babd6dbbcb9ad","480","343","13,30","13,30","True","tr-1262"
"train","1263","d2f078a60309962d5241db5a4d20756dfd0860802c22613731a880c6f3e0fd5d","512","384","30,67","30,67","True","tr-1263"
"train","1264","369c5a2f75709621141475cb6b5ca3015b58b926aada98ffd530ca6bf11ae8f4","410","300","37,46,89","37,46,89","True","tr-1264"
"train","1265","4f3a84c53feddac85f3379dd27e51a7af7f67b0f95e90ad5a7a297f1fbec8f53","512","384","37,44,48,52,93","37,44,48,52,93","True","tr-1265"
"train","1266","f6b98ce28b132f49fc7afc140ed6ca57e6d9807010b5ea36010cc44dffd2e32e","493","512","37,48,82","37,48,82","True","tr-1266"
"train","1267","d4fc62b20be5124367fee1c09f78a5f5b284ea198fba49cefdea40db48013691","256","256","9,48,50,96","9,48,50,96","True","tr-1267"
"train","1268","907b02384ee03a2400a1c6868c319b41820290ee96950628f8ee35cb2228cfd7","256","256","30,58","30,58","True","tr-1268"
"train","1269","b7cd0b489dccde69b2c70a0eba0722f38e4b4a9cefb3782701a1907391fab755","400","400","37,48,58,87","37,48,58,87","True","tr-1269"
"train","1270","0e499a1f2a1062bd255cb6c32a7e1117199aa77d43360571f1ac4d26605a1293","3264","2448","47,59,70","47,59,70","True","tr-1270"
"train","1271","1e5a6f5df4471e16f3590e26b5667b16de8d0f2178ef7559da755b18f267a240","256","256","8,72,73,82,84,90,94","8,72,73,82,84,90,94","True","tr-1271"
"train","1272","b68bb41808f4eaf7b89b7b66f6b8f4f0ff83f908ae8ef303ecc5aab86db7c27a","512","341","46,58,73,80,93","46,58,73,80,93","True","tr-1272"
"train","1273","78ec1f5f027a1dbc9ccd2bd633f491eb89b96d9706826543e792800cc73ff4a8","512","385","47,70,87","47,70,87","True","tr-1273"
"train","1274","58bd0ac0e42494614aeea83dfb36efb64e93150547190fdc1c80b554ce2ca714","1000","1333","46,73,89","46,73,89","True","tr-1274"
"train","1275","8868eab1a96d26690a5b2995198a63520a3ff8b7f8b76212a6c4ebbbc3857328","256","256","50,66,87","50,66,87","True","tr-1275"
"train","1276","643236d2ff7737f4238171f45c99abcc27614020d3f712da84ad321531be07a4","3264","1836","48,66","48,66","True","tr-1276"
"train","1277","12f5606f6a08af3c54a7ae5feffbd874102925556bccd17e7e376cb465d95454","512","384","52,60,70,72,87","52,60,70,72,87","True","tr-1277"
"train","1278","6e7fc8403f899d64d2a249a549d097d16b003480450a1f471a51725bcd684680","642","428","46,66,87","46,66,87","True","tr-1278"
"train","1279","38e49fd74901d196493ff0acbac41353817bfebf8d3e693af3bae12534eda7e8","512","438","37,54,66,71,84,93,103","37,54,66,71,84,93,103","True","tr-1279"
"train","1280","eb2eab76bb18eac9d6372f7633ceeadbc70a534cfdad3cffda428f5292adcc9b","512","341","37,54","37,54","True","tr-1280"
"train","1281","cc375c50171f0f2635280da35cdf0390fc9fb7604b851e454742fee19f983a68","512","365","37,54,59,89","37,54,59,89","True","tr-1281"
"train","1282","6c2f577c24d7d0a43f2753f3794fd49f37c3cbd8e08c5ff92b5d0cf889ea8f8e","512","397","47,52,65,70,84,93,96","47,52,65,70,84,93,96","True","tr-1282"
"train","1283","7924173ba7ac1f64cf90bb8a6414f39f9fb24f6332ace16ad80b04cf839fe6b8","512","413","35,38,47,58,73,94","35,38,47,58,73,94","True","tr-1283"
"train","1284","7e00e93abd6ea57fa5bc701f1c420d462639500495bdac99466e8cea9efba509","4320","2432","46,66,95","46,66,95","True","tr-1284"
"train","1285","215fc38a7e80c7de98dfe7790f6f930231c873ad639859da5afb1e61724d12b4","512","384","52,58","52,58","True","tr-1285"
"train","1286","bd3771f428d8f130fbbe002cf67367391f5eaa5db2f444a0033e8aac6ed46052","1000","750","11,24,49,52,58,66","11,24,49,52,58,66","True","tr-1286"
"train","1287","7cf5ac46f8399eb3625e3178756f5b22b80a8bedcc7e18242ad1fab68832f16f","612","816","47,52,57,71,80","47,52,57,71,80","True","tr-1287"
"train","1288","2a5498df2931fab18dd5e123a26e3c1c997b7f6119c3fd72a6a9cd0488a677c0","473","512","14,44","14,44","True","tr-1288"
"train","1289","1964ad037b0e427eda7d14aa8636ada58332f5349b70a053b10c3f623539aa94","512","383","3,8","3,8","True","tr-1289"
"train","1290","c8683cf0fddbabdc54a15e424eccd02b54f596db614db2a1b31dd05e39c56b14","410","274","8,30","8,30","True","tr-1290"
"train","1291","899913b401c45bdac9ae99c839ef7aba72caa56baae81071e39b554f2ba5fb34","512","400","5,57","5,57","True","tr-1291"
"train","1292","b4394543b6747576b2688388e834093cf23167088f06290f7d45437acffe8f29","1000","750","13,58","13,58","True","tr-1292"
"train","1293","09575524366015fcb69cede5dd59876e338a58a0af84b9286b9a41f306294149","307","204","10,30,31","10,30,31","True","tr-1293"
"train","1294","9b2c16ccd893f4c312efb63611de14bfe6b20cff7b558693329894967130fd8d","512","384","52,73,93,94","52,73,93,94","True","tr-1294"
"train","1295","7ae4ed5f08756cdba2802a3792acdb1fc21043cef6e7e0c93df07e28f32e9376","512","384","46,58,73","46,58,73","True","tr-1295"
"train","1296","082554524bf1a12cfcef542330119f0ffadba9069e2a275af3a5e82425161879","4320","2432","58,65,87","58,65,87","True","tr-1296"
"train","1297","c9cd284b5ede4f798bbb61e491ae0b0f3ad9dbcaa3b801aa4de82575bf53a9eb","512","413","48,52,66,84,88,96","48,52,66,84,88,96","True","tr-1297"
"train","1298","1d2700930c4df8f6cef291facd5a9910549b1f6e0d563022cd6b91ed3e1b9cf0","512","395","37,67","37,67","True","tr-1298"
"train","1299","2242afb491863b0854196ff4dea90496dd38cb17b4945e80daa1dc1ac2fc9d13","2448","3264","37,54,66,87","37,54,66,87","True","tr-1299"
"train","1300","9c9a554811b991c84620e8c6d0386ae5e1955fffda0e86b30ac35a3169ffac15","3096","4128","48,66,84","48,66,84","True","tr-1300"
"train","1301","0a48e9cae9c03e385c8525d6ba33b294a96a47b1a734f2d1a5335bcdb45c265a","512","384","70,77,84","70,77,84","True","tr-1301"
"train","1302","fe3881475456d949a75497f502b4972e45f8fb7f4b98b510dd4a2def1e7c806b","512","384","58,84","58,84","True","tr-1302"
"train","1303","45e6a6de2eb12f1a0a315a68ed7c93a941b860d91fd4156abe08aeb393ef33bc","512","384","25,44,49,89,93","25,44,49,89,93","True","tr-1303"
"train","1304","ed7e4fd1205cd98e9ec243d27bb6868a0d7c816f661bfe1e5d9fb4d4f622298c","512","384","37,48","37,48","True","tr-1304"
"train","1305","ea43f90e676e22f797fa2d7de868b742651e7adeba72737d5dd6caaead8536e9","256","256","48,65,73,87","48,65,73,87","True","tr-1305"
"train","1306","b233b7500d8e5a0ef5666ffe84596673ab5bc21d71574b65bae088a39219a1e1","512","384","67,76","67,76","True","tr-1306"
"train","1307","955a138829875222e5828461c569dacc49313fb303abde0825d27348a9ec3d1d","640","428","46,52,58,89,94","46,52,58,89,94","True","tr-1307"
"train","1308","ecf141e752db711ed56eb499e981793509129b680786959fa3a778695075aac0","480","640","49,87","49,87","True","tr-1308"
"train","1309","10e00c43834be316644cc9c52da4d4c76ffeae325b94ba51a1a46289e880c36b","256","256","10,31","10,31","True","tr-1309"
"train","1310","f9c5c15993b804789ed4397f96046c78945f66d4ef83e07a52e5ef49b1ebac0e","512","384","10,37","10,37","True","tr-1310"
"train","1311","f9b32f13cbc6bc4db2cba9fe96ab8eec1c08516ef98d1e14ecec42b484410e69","256","256","8,10,13","8,10,13","True","tr-1311"
"train","1312","c8bb9e458fca1d6fbb3f8614b7afec86fc4cf35fb640e373271583fe9e88555c","512","384","9,37,58,65,67,72,84","9,37,58,65,67,72,84","True","tr-1312"
"train","1313","8c17b4ecbdbbf40120ff828807c5ba608dbbaf6405af2b06deb660e9eb3d100d","512","384","47,70,84","47,70,84","True","tr-1313"
"train","1314","69f1c311bd6fc86a7b786fd782eda0baa769bab65c39523a386dbcb3a4e08133","512","501","14,44","14,44","True","tr-1314"
"train","1315","f437a95514cf0aa2ddfbf25b51e9ff86642288fda2889f018bb21a9b68a29b72","3264","2448","58,59,65","58,59,65","True","tr-1315"
"train","1316","cb4f11ab39b8900b211a7bdb354d73e7afa62515667410d6d386a71cec371bb5","256","256","17,25,52,84","17,25,52,84","True","tr-1316"
"train","1317","687aed58256880cbcc2a6260332b0c07638de677712ca11853e192619f0009d3","512","384","51,70,80,84","51,70,80,84","True","tr-1317"
"train","1318","32e0d2953515195a57cf3f7624b82efcb5cfd6b7fe213ace4200d80f82834671","642","440","38,52,58","38,52,58","True","tr-1318"
"train","1319","620fd4225d0a2574d98df082a989a1120a629df7fa9a0174a3e08694016645d6","3264","2448","48,64,66","48,64,66","True","tr-1319"
"train","1320","74fd58fb631e093fdfe09b3117d268e77197c430e59267b35a362acc3d527a18","512","384","46,59,70","46,59,70","True","tr-1320"
"train","1321","5701c08baf6015e1e2e6fa38f431412c25ef736ccd791c771e1366bbc05a5bf1","410","410","58,66","58,66","True","tr-1321"
"train","1322","0bd0b08b8fc0b6950f236e96f74d173ab84ebd18eadae5b82911283bdae4439b","512","384","52,70,87,89","52,70,87,89","True","tr-1322"
"train","1323","de2d646944cd2bf37b16d3641387f2972d662fa475dbb06fe9e1f630b17984a0","256","256","46,59,84","46,59,84","True","tr-1323"
"train","1324","c5345b8ba387ccf591718cc481536e952734f57c3af19741ec50e1965949b560","256","256","48,52,73,80,82,103","48,52,73,80,82,103","True","tr-1324"
"train","1325","68cf6081023c8351b0c8259ed3da411a05a338eb34273d2895dd111f26288e46","512","340","70,82,84","70,82,84","True","tr-1325"
"train","1326","e7ebb7103ac4b3854362690f9d59440e910632724275d33d9b2b576ac3bcca11","504","512","5,8,58,71,84,88,89","5,8,58,71,84,88,89","True","tr-1326"
"train","1327","2a3d9916d6064c55aaba1eafb01b86bcac7bb186b9e29245d58b99752382cfab","512","379","47,101","47,101","True","tr-1327"
"train","1328","b7a15ce6a1d521ac5e63afc62983cc8ec3d5e209fa7de228338e3fa80b69debb","300","300","14,50,52","14,50,52","True","tr-1328"
"train","1329","3799a45c797d57a78187f290db6a0f060149c5dc21f6bdc809f56235444ae2f3","307","197","61,73","61,73","True","tr-1329"
"train","1330","cfce88462e7f7d259b97ea0930ff9a12ccc36fcf33500e44b0927fdba8cd290a","410","307","8,22,31,67","8,22,31,67","True","tr-1330"
"train","1331","f7d5a24f4655828c9f3dbe0ef21189b97240bf05f6923f0e2d48c87c3bd00219","642","428","46,49,52,58,73,80","46,49,52,58,73,80","True","tr-1331"
"train","1332","0be7b9b145aa5e113f507cf82b58c9fe2a4df04b2640ca15987865763f5887a5","343","512","4,12,30","4,12,30","True","tr-1332"
"train","1333","8e953facba855e9b843dcdf198cfaf0ac203e1876579acd7777b561d43ede79c","512","384","24,50,58","24,50,58","True","tr-1333"
"train","1334","a7e585fb77745188b748cbad14927562d587357a3b21e75a45f4daaebf75fe14","384","512","5,13","5,13","True","tr-1334"
"train","1335","158f5dbfae302a363729e74977a3170c4c69a8538aec35e5905568aab71211a0","512","406","8,10,30","8,10,30","True","tr-1335"
"train","1336","65b2628ccb24c2f259b499048816e6aaa03697cefc88d5734d3aa1acf91bc6fd","3264","2448","47,66,87","47,66,87","True","tr-1336"
"train","1337","01489d2c203399549ce27bb626e07c592a5186147f367cc95b489e9c5921ab5b","256","256","46,70,84,91","46,70,84,91","True","tr-1337"
"train","1338","df740660201d9bf3f599c158e173a609f62967c44a0e98fbfc0cbc66bdb854b7","200","250","70,71,82,84,87,96","70,71,82,84,87,96","True","tr-1338"
"train","1339","ec7955de00211d28c4109458e0292314b3891aa3869ed85a06897df83c4dbdca","512","384","15,24,54,58,89","15,24,54,58,89","True","tr-1339"
"train","1340","c6af319246d4d0b728ddd395e6d34e78790b85c68fd907938beb5dd7ecf8a602","512","341","44,54,66,85","44,54,66,85","True","tr-1340"
"train","1341","acb1fde64df14186da4d5b124636862214b05ef5441dc17a851396fb95b3ef75","512","336","61,70,82,89,101","61,70,82,89,101","True","tr-1341"
"train","1342","99eec021a7847edfe41a1e9655969f3f17acb36d63fba04e4545aa394f856799","256","256","48,87","48,87","True","tr-1342"
"train","1343","791e3137943861cf796a70491a72155136af1d5a5d148bd38ef7614d08efd228","465","512","46,70","46,70","True","tr-1343"
"train","1344","f4d5056002fb0e08844ddcc3dacb8b53deab7c16c6f548e8bdce055df9bf894e","512","384","56,66,94","56,66,94","True","tr-1344"
"train","1345","a92e28560e2ef400b5cddbcdb5b9e882036c82e68dc15e58e09e2e187e915271","800","600","73,82,93,94,101","73,82,93,94,101","True","tr-1345"
"train","1346","60d4d2863fd7565b8fcf7b35a9290f6d50208a4ddde68e103d687b67c48eba94","512","384","46,58,73,80,82,93","46,58,73,80,82,93","True","tr-1346"
"train","1347","3c696ef0db841cd6709ec01e4a57dd3160843aba26300cc1cf90c1315d01e103","256","256","10,31","10,31","True","tr-1347"
"train","1348","d1702a7d1906f540a23c6e815aed4579bbc81dcc52e65b6b5bb02a939443221d","512","458","54,66,73,80,93","54,66,73,80,93","True","tr-1348"
"train","1349","1d3f6019285615d5e70b7a3a565aea5520455f45feb73ae10952f87005f0fb37","512","384","76,78,84,93","76,78,84,93","True","tr-1349"
"train","1350","b1212c5e1aaa576a7b9a573143bedd99371eb412357678586137054d855d36b6","3264","2448","48,65,87","48,65,87","True","tr-1350"
"train","1351","ced234bc8386ce0a24ed6f11831e9f839a1db50435b01dc3dd1c1c3c683d4015","512","384","10,23,31,33","10,23,31,33","True","tr-1351"
"train","1352","b539091afc0b974948bb1b9f2f4708a3d7efbc81f519341147bdb718e9bd8da1","384","512","9,58","9,58","True","tr-1352"
"train","1353","a01264419d7ab1fa8e0564869e35c3c8c2f77a4e1eb168e99187edaa1a316416","383","512","5,15","5,15","True","tr-1353"
"train","1354","25b36e82c1cb5de1507b94af84cb754f301a9bdee2269e46e38e72b8f53afb51","410","297","46,58,73,80","46,58,73,80","True","tr-1354"
"train","1355","b0d8ad90903dd6cb625d552af2dff14f46a84f4228dbdffceb369aff4ae08f22","512","384","48,70,84","48,70,84","True","tr-1355"
"train","1356","b5f045c7ad10435d0e8743b7774a9f9211125494e871d928696a080ff3f206dc","256","256","30,56,67","30,56,67","True","tr-1356"
"train","1357","1db6a7605e95c0fad82bdfe9591eca504ad5e5283396ad4d468e89f3422c062d","512","391","47,73,82","47,73,82","True","tr-1357"
"train","1358","2d377e822ee58acd33ec5462a8cddbb623451d086a6afc1d0352e5ff80250f58","256","256","24,73,88,93,94","24,73,88,93,94","True","tr-1358"
"train","1359","743aff039b47575bd236a6f5d2dc630fa2c23615ab1e2377493b959fd6a55e20","256","256","9,37,54,85","9,37,54,85","True","tr-1359"
"train","1360","32bb65691d8ab573402645da1942fb11d10772e83732d5820af708adb1542b7e","256","256","54,58,87","54,58,87","True","tr-1360"
"train","1361","dfbadde1ab8c26d7c60f0e3d96d733dcf7c68f5e1c75f0947290cee0b8f987da","512","370","37,54,66,84,91","37,54,66,84,91","True","tr-1361"
"train","1362","942810655d5d719b380a34d3fa3a4ecfcdfb9d3e80ec4f912880d3ad7cefcf78","512","347","48,59,70","48,59,70","True","tr-1362"
"train","1363","e1a38c7db760e13036cfe57eb54f3e08b1c1dc51b5a49f50f670b647004cd528","512","340","48,66,73,95,96","48,66,73,95,96","True","tr-1363"
"train","1364","37fc1ef92026cd2899a0dbab63606fac6c8b846bd2b5b5bca295a8b7f3b89902","512","384","3,47,52,73,87,98","3,47,52,73,87,98","True","tr-1364"
"train","1365","482ce0739d33f8681539b9c5100a21cc532c0292d9619e3f297a22aae4c2d761","410","273","48,52,73,80,82","48,52,73,80,82","True","tr-1365"
"train","1366","d930f94065e09eeab864f62d95da6d9f2968092fc3e4894d7f948265f27b7376","512","384","48,66,84,87","48,66,84,87","True","tr-1366"
"train","1367","63a4197e2406fa835bc81f265a9a42bdcca69c31405835f2a7a0c897d44272fe","256","256","37,48,101","37,48,101","True","tr-1367"
"train","1368","b80730458fa2e40d4613f6af6c1c1a224a97d92946f924f4bfc1197896b2f82b","1540","1540","37,52,56","37,52,56","True","tr-1368"
"train","1369","b4201a2fdd2e7dd38d45396f5f9e3837cdc7096df70a49c8e2178a9297c6b7ed","640","428","8,9,58,73,80","8,9,58,73,80","True","tr-1369"
"train","1370","d9af5f676bb814ce12f8d1a8d1de15a5c872b55bf56a2646bba29d5d750ecf29","642","428","9,44,46,58,82","9,44,46,58,82","True","tr-1370"
"train","1371","ada832d518113378a4e686f9d6870c48049ad1be9110430d771275f13b725f8d","384","512","37,48,70,89","37,48,70,89","True","tr-1371"
"train","1372","620059a68f95a02488d5f704203d6d6afc113dbd377b0d12fbdee6e28cc37544","960","1280","48,67,72,84,87","48,67,72,84,87","True","tr-1372"
"train","1373","001e34a6b4c355b5d46a589b1035a393482e716317d7917607f17c478b3e5c65","2000","1333","48,57,84,88","48,57,84,88","True","tr-1373"
"train","1374","bdc3c045112c4b7b6cf9c9aac91406e3a9c3074ba79b885846e2464d9c45b5f4","512","385","46,70,95","46,70,95","True","tr-1374"
"train","1375","82cf66e3fa1535d5b09e47a4793ebab4a8b1879fed56793480a3601365665a5b","512","384","47,58,73,94","47,58,73,94","True","tr-1375"
"train","1376","383a8b9b5950197f6b077aa92f8fa8d7a18d2a2e8175a1de1c04e5f1d904508b","512","372","57,81","57,81","True","tr-1376"
"train","1377","84b9b6abe8f5f106e21808b38454e6ce1c243c205e41f1356437641f88a6d1af","664","665","5,14","5,14","True","tr-1377"
"train","1378","7585506122dae01e58ada8a43f77d73d718ca3cf440fe5899e7cb5a29e58c01f","512","384","37,52,67,73","37,52,67,73","True","tr-1378"
"train","1379","06b56722ceab576e0bda6f37c56b4bcc029ec594d0a4c71f0982ad1d611976e6","512","384","44,52,56","44,52,56","True","tr-1379"
"train","1380","dbb7bbdaee1520fce8d7c98ed564d58fea9930e6ff8994149099c5f0601729b3","512","341","52,70,84,88,103","52,70,84,88,103","True","tr-1380"
"train","1381","dcac3a6e580703b75d125fb286307a5ce77c0a89a37942e1b74aceb28bdfdf30","512","384","8,31,58","8,31,58","True","tr-1381"
"train","1382","ae60bd90f939cf1764204fe82baf02ad89260d3447a1e3d9710860836e8653fa","1600","1200","8,9,73,84,85,87","8,9,73,84,85,87","True","tr-1382"
"train","1383","ed95675a1502e91eedab7a68ca861d980660033e6df4f2cd18e57931440ab7e0","256","256","48,52,67,94","48,52,67,94","True","tr-1383"
"train","1384","34dec4d7f17a1a57fc44503c382e50f0ea4ef440beb0b58e4637624f84ee07d7","512","420","31,48,66,80,96","31,48,66,80,96","True","tr-1384"
"train","1385","d7fb0e35954c4e8b2b2497c6fcff9b54292998b2bb9ad39ce8f4398a4d44e54e","512","384","9,54,70,84","9,54,70,84","True","tr-1385"
"train","1386","33b4d508a8ddfac63d1c07547e9e5fd89af012e45a625ff308e1596509c28ac5","256","256","37,54,59,66","37,54,59,66","True","tr-1386"
"train","1387","30dffad57f848ae6fc25dc16ca64c7f0b507373af0a34fa6be96195ddc837897","512","385","46,52,70,91","46,52,70,91","True","tr-1387"
"train","1388","cbdca32914c85bd158a5ffcd899c6e125ac83aaeca2f8ded79c5f39a31437cdb","2240","1344","15,44,48,58,82","15,44,48,58,82","True","tr-1388"
"train","1389","46b97fa7cea7bffec6a7ab86e4d083f8297ec0c7be38952b97ed1c49587b7275","512","384","8,82,84,87,88,94","8,82,84,87,88,94","True","tr-1389"
"train","1390","f195e688555678dfa9d9395eff48e82b872b8f8dd84f4e996539708bd5923e3c","512","384","46,73,80,89","46,73,80,89","True","tr-5"
"train","1391","12b3651bfdbbc89da30a18135c4239394f2cf40385eb33f447c1458fbde5f7bc","550","366","8,48,84,88","8,48,84,88","True","tr-1391"
"train","1392","0d5a60a030dab8a0a0da179d2b4c80ad4717441d2b55d58afd13f668c6eb5acd","512","384","9,49,70,80,82,93","9,49,70,80,82,93","True","tr-1392"
"train","1393","f4acd4231b2fa71ebefb4495cd96524346513e4b734a051016de5b96d499e738","810","1080","8,48,88","8,48,88","True","tr-1393"
"train","1394","e62d0c7375fc260f1f9517c85e97cb69d1aab6e67944670b514b8e082e05ec21","512","384","54,58,59","54,58,59","True","tr-1394"
"train","1395","5418dc8353570dc2bb60b974888060aeadfd22c04912166d05a4a6875d00d660","1500","1000","46,50,70,92","46,50,70,92","True","tr-1395"
"train","1396","8791c4f1a26df62b4302bf8f965ce26e84f24956e6a0009f4601f30b6d4083b0","642","428","8,30,42","8,30,42","True","tr-1396"
"train","1397","406eaf689d135281fa232705b6bfebe5285a2ff8c9bfe1a5b7baf6b312229d40","1280","800","9,41,58,73,80","9,41,58,73,80","True","tr-1397"
"train","1398","04af027e66d4b65f02d2ad3ca33a8dd6977674409c341ea3f9f4306ea3f8cebf","410","273","24,49,84","24,49,84","True","tr-1398"
"train","1399","6966a9df94f6d1e48dbf79d7724f147ca521e289368fd810dcea0e2a06e96e5b","256","256","67,96","67,96","True","tr-1399"
"train","1400","6481005cf044c28ca454ad1bced4ac1550b13bc3156d93b581c905c8b1667712","2304","1728","52,58","52,58","True","tr-1400"
"train","1401","18a0a243b4aa4ea530479715919129c5879299574557a032fe704e5c002946fc","410","307","10,37","10,37","True","tr-1401"
"train","1402","d5cb657dfe32efbfc83e2a1090c73c6526075dbe0cc9a485beff8689094b6d6e","512","384","46,52,70,84,96","46,52,70,84,96","True","tr-433"
"train","1403","d5312f07fd02a24b69b666a2234c7c252870823f81de7e0ca3f8b74a67a1e366","410","273","48,58,73,80,93","48,58,73,80,93","True","tr-1403"
"train","1404","89d8b6a26a3ed2a22310fb0c3f1ec18e881076bd5b730157e3846eefe41514f5","410","274","31,46,70,96","31,46,70,96","True","tr-1404"
"train","1405","4e4414ef1693f8b9a591e68ad9a2b2f0b4c132343c25859cd99b9db6bc43caf4","512","384","8,37,67","8,37,67","True","tr-1405"
"train","1406","9a1234803754da1755159a3b9d455efee5edfa8197b67c4a0efb3f5ddac4eb86","512","341","3,52,93","3,52,93","True","tr-1406"
"train","1407","174f0259db89a12b1494a802ea4db8f2eb52ffda2dc8620b3da0ff2394f6f947","512","341","46,70,84","46,70,84","True","tr-1407"
"train","1408","b4bcd86539c2edd9db9fc2a5f27880908e9ddc7b1d2845aa7003d6fb26d13520","512","382","10,44","10,44","True","tr-1408"
"train","1409","253ec09f41fbf7b4a2b5549da45085d7cf868ad574269083fa97be640512d91e","384","512","10,57","10,57","True","tr-1409"
"train","1410","3a1a861ff2a80231238a02ba58f5d855972dd002de4b5a8b6510cef79e888bc2","256","256","48,66,87","48,66,87","True","tr-1410"
"train","1411","af4a0f16df01fe4397600e2db540ee9f2d5682ac1680623141d18590606b1985","484","512","39,52","39,52","True","tr-1411"
"train","1412","23124d00c10e987bd332653388d682ef23102a1267e9dae9ee00222bc5eebf95","256","256","10,29,30","10,29,30","True","tr-1412"
"train","1413","a1de56eb470c76c2236560cd4542c13007d4add7b3e573c288458cf0097b844e","410","272","9,24,25,58","9,24,25,58","True","tr-1413"
"train","1414","54521e93f848e557bf3bad0ce25162218c5d4b3b33b5122e55ed698658417dea","2592","1944","46,59,70","46,59,70","True","tr-1414"
"train","1415","776ba4d3a39631adb3f610d93201d1b70f36c7cac5740d2edbaea5ace8c3d69b","512","384","48,58,65,87,93","48,58,65,87,93","True","tr-1415"
"train","1416","cc349a117c7ac25480803ce2ba00969de0fca82b97507478d10c8a379f1fe921","352","288","62,73,89","62,73,89","True","tr-1416"
"train","1417","c4f550232e55863b97e88742dba8e6e53cdd1c27e44f8cd4fc4c1076d555729e","512","345","5,8,30,41,89","5,8,30,41,89","True","tr-1417"
"train","1418","6c8e0f30e6cb398e7390b4485cad05b553ccb4db4836ae03379c326d2ab328f2","512","410","41,48,70","41,48,70","True","tr-1418"
"train","1419","3d75aaf0d539454a76b97d5b0478309504864e2fa37a96bd13fc7301d0ef2c7d","512","341","48,52,60,89","48,52,60,89","True","tr-1419"
"train","1420","2c97efa113b38f6f446507d954d1ea053ad928f818ce2a651593b5074a020ea1","512","384","66,82,101","66,82,101","True","tr-1420"
"train","1421","1dd71cd12bf54129853d783636c31258fa9c377300aef99934eed1e948718f7a","3264","2448","8,47,59,66","8,47,59,66","True","tr-1421"
"train","1422","d9f5462360b077896b26287b0b6f8a2474ea7153a8a10a3340889b401d7a2bae","498","512","51,70,72,96","51,70,72,96","True","tr-1422"
"train","1423","4d1a365d821e23d865f90de12072e22b5faee3727548f48bc65e56216b1ff9a9","256","256","12,25,89","12,25,89","True","tr-1423"
"train","1424","cdce616bc95396ef8eb2c66854493216748b6509cd2fa2d20e7940b679f8c03f","410","307","24,44,49,58","24,44,49,58","True","tr-1424"
"train","1425","5b9782c8b2247fbe9d33ed2a720948a26117cd23b0bba923f9d7b535ea7e0f5c","640","428","46,58,82,84","46,58,82,84","True","tr-1425"
"train","1426","ef896e6bb92c7ab7b2af695212a4d4b5dd6c58b7ff7cba41195cfd638c0734b9","512","354","37,52","37,52","True","tr-1426"
"train","1427","c3583a308247951ac83e665f94027e7db373bcac83fc0e3e01834910b3794427","797","689","37,69,70,73,89,94","37,69,70,73,89,94","True","tr-1427"
"train","1428","742f75b5a7c2b6eb134088f2d9863892a62bf11bf782d270abb5cb21ee066c39","512","453","10,29","10,29","True","tr-1428"
"train","1429","895e1e252a916b61203c6f1649713de595ac5cc1e48c2876fbcdfbb63e62f879","534","356","3,46,89","3,46,89","True","tr-1429"
"train","1430","059d0e351fc3b2cfacd55819b685b4d049e873458d588a76375735b6881610b8","316","350","9,40,46,57,80,82,84,89,92","9,40,46,57,80,82,84,89,92","True","tr-1430"
"train","1431","c4db389754fe002e81fda4385120d87fa95ddd6258e7ffa5345cb3aad5562f92","512","384","51,70,84,91","51,70,84,91","True","tr-1431"
"train","1432","a5964b81f19e7f17107f760b2f269f919f8be35ba11ef88e48869b3948802546","512","384","24,50,67,73,82,89","24,50,67,73,82,89","True","tr-1432"
"train","1433","df2a22f1d25267ba88a4a9680704af87c385c827da2e6735f28884d842e25761","410","273","31,67,70","31,67,70","True","tr-1433"
"train","1434","5fdb72b6b794e70cf91e8187838633635ce01394e24346b9304ab1c1b5db540f","512","343","48,66,84,93,96","48,66,84,93,96","True","tr-1434"
"train","1435","547ab9e3f587074529e9f439a6e717452df471c7f6e1182d6ec2f52816b4e07a","2311","1546","3,8,52,73,76,94","3,8,52,73,76,94","True","tr-1435"
"train","1436","9fa23f56ece8042f0e1259692c38d24d25edac3833081720a2c1a5012a93f152","410","286","58,76","58,76","True","tr-1436"
"train","1437","4ce7d672d3b703d35b25b8503ac405ad7822011b126f678e62da9c81bd23bd6f","512","384","43,47,58,67,89","43,47,58,67,89","True","tr-1437"
"train","1438","514f74ba18e9e0da6e7a48a312c463b45bfc1288840f8cb08b7da426a7433100","512","288","8,10,30,32","8,10,30,32","True","tr-1438"
"train","1439","d16327d6e6c6d71a36f302d9ba8a25f2eb4372fecee174b00c130e60338fab83","512","412","46,65,84,87","46,65,84,87","True","tr-1439"
"train","1440","81cfcce8dad0b8813c355159b5b1322ab0031e9f31448e84e5f93a735744476e","512","384","37,54,70,77,84,93","37,54,70,77,84,93","True","tr-1440"
"train","1441","9d19e1eff4243e48ead9008404d03bd8b6272f9e3a9617e3cb6c3263bbd3f58a","382","512","59,64","59,64","True","tr-1441"
"train","1442","b01b33c1be567abf7c0799c7bc3db393da2b589760b6f30e09263a96f6d85a48","256","256","48,66,87,101","48,66,87,101","True","tr-1442"
"train","1443","f06a5601298b44136c2a6359734719ff62217b0d11feb0973dce55bdc6058f34","512","384","46,70,84","46,70,84","True","tr-1443"
"train","1444","d88caa0630d3a466664fcda0f082c5d32883d450b607f06ce2a1e836ce259918","512","384","24,27","24,27","True","tr-1444"
"train","1445","8bea93a39e1794fa8442ae2585814c3d62f99d6bdf1decbe984a5066f52b8190","2592","1944","8,47,48,52,85,89,101,103","8,47,48,52,85,89,101,103","True","tr-1445"
"train","1446","95e463e2ec7edfc23091a550661f1b1d007c3fe697103c61abb5b169043290c1","512","384","8,29,41","8,29,41","True","tr-1446"
"train","1447","9925c94fbd805a7853bf569dfd9cab779cab5c759fa363647ba2a892b2f54c47","2584","1938","9,46,72,82,84,87","9,46,72,82,84,87","True","tr-1447"
"train","1448","0ed175f1c0e0afe815d2fc3e0ba9345f4312fdedeb8291f31a89245a984ad3c4","3264","2448","54,66,82,87","54,66,82,87","True","tr-1448"
"train","1449","1f609a752168e695db4c50ecae2ff86e9bb415a7ac8d969149eef9ec985b6a93","512","342","37,85,103","37,85,103","True","tr-1449"
"train","1450","a0962528221c8710e8c3bee1bbee67c14c9894afec965d8fed6f52aaabe6a7c9","410","615","8,30","8,30","True","tr-1450"
"train","1451","26e9fb51dd07c5c0265bd5f44d6367979354513af7f2cdfe2e149b501baa8e99","512","384","73,93,94","73,93,94","True","tr-1451"
"train","1452","0ca2df5574aaba501c6a1e3b1d9cde81258b0accc52d9e2303fe2a0ac1de2e0d","256","256","24,64","24,64","True","tr-1452"
"train","1453","390d79b0d022f8cd92cbbf578086f229cbca1822ae6ea8d58ee07d92c7f6611f","512","420","49,61","49,61","True","tr-1453"
"train","1454","ca42b5f2018eab3579b74095c6b4e518dfdc3ce934a52461cad64e7afd0c46e3","512","384","46,52,80,84,89,92,97","46,52,80,84,89,92,97","True","tr-1454"
"train","1455","74aacf9b13c4fae3bf43fd4e8a3e3683d68c445acf9ded7634bd93467348b66c","480","552","9,11,46,58,73,89,92","9,11,46,58,73,89,92","True","tr-1455"
"train","1456","354c8c97201a59e4782224ce137d6f5836bd79b920ff6903db78f41566a3d5f8","400","400","24,41,44,49,52,67,89","24,41,44,49,52,67,89","True","tr-1456"
"train","1457","ebc68730b9b692d07d8e8ef9ae099efe98b56297a085876ea2e0bad9e6d269e0","512","384","46,70,73","46,70,73","True","tr-1457"
"train","1458","8556fc109942aafc954de016911f20b1b58abce50bf6e7c6eba8e5b0d515e66f","256","256","4,10,29,33","4,10,29,33","True","tr-1458"
"train","1459","804fb98599ce3e89ecaab7259e7ed2dbb639b882a9dc5e1569ce26719ebae179","1000","667","9,28,30,49,58,87","9,28,30,49,58,87","True","tr-1459"
"train","1460","e0bbfbd28d2babcea6295e1e687720512c7d9719ee462d25e786f179fc17bc90","306","204","3,61,84,88","3,61,84,88","True","tr-1460"
"train","1461","1f13467cf5a9ea79db061d2a2db6066245947c919ce96eb131209648ecbbdae0","256","256","48,66,84,87","48,66,84,87","True","tr-1461"
"train","1462","275c2dbd3871374efd755c360040d76682f87cf5bb5bec0cc567944d9478906d","512","384","41,58,73,80","41,58,73,80","True","tr-1462"
"train","1463","b7a46d46ae0f36173892782d1c92ec51bf3384075d187fdd9396be247b55688f","512","401","46,70,84,93,101","46,70,84,93,101","True","tr-1463"
"train","1464","9a4d327dae3fcf0202ed616dc13d211a3eab3ecb272ac6a43c13c5af389ea21e","512","384","5,22,52,84,88,89,94","5,22,52,84,88,89,94","True","tr-1464"
"train","1465","76c8e3c0a52a1d109f44038b1fdf336dee7ca13982fd656d0a3ba8f7f1ae7d5a","512","328","8,29,30,40,43","8,29,30,40,43","True","tr-1465"
"train","1466","656f537986c03cf911c00440332c10297b47021b6ec156e2992d820651dfbbfd","256","256","47,82,96","47,82,96","True","tr-1466"
"train","1467","3de350a43965621cf45cefe5748839946324de3fc73247ba7befc4bed56928a1","512","348","67,70,73,81","67,70,73,81","True","tr-1467"
"train","1468","78fe44d86c561a3892c64b5eab5458013f8e917127ef6bf3e20e3dd7de8f66e4","256","256","58,73,80","58,73,80","True","tr-1468"
"train","1469","338b7b6ea67f5cabcd2892799423438dc1db1223a82517f52e4b91cdc0f42061","512","384","48,66,93,94,96","48,66,93,94,96","True","tr-1469"
"train","1470","9eadc8e83c55474966e469624eb465565bdcf3a205d64e2b913ea9a04f6da019","512","384","47,70,84,85","47,70,84,85","True","tr-1470"
"train","1471","d117fded4f914bf45fd4a61c43d4350a0195b4259b7d3285262f62e483dfed30","512","385","3,46,59","3,46,59","True","tr-1471"
"train","1472","9de59e4dc147123e4521822849141ece505f70c9e615913c4e257a140c5ba325","512","384","47,66,73,89","47,66,73,89","True","tr-1472"
"train","1473","16bab53edf5103f1ff355c96ed62a2e5e40cef1f33af80309d63f26cf307ab54","493","512","5,13","5,13","True","tr-1473"
"train","1474","c9cc67ab9c580e75bcf298c2d680a07e90d93cc947a9e641aa864d3af64b7c8f","512","358","9,66,73,89,93,96","9,66,73,89,93,96","True","tr-1474"
"train","1475","a1c26ee471e171d4770dbd4076e534fcf44a987accf29b4956af70cb357f6d2e","3264","2448","47,48,66,87","47,48,66,87","True","tr-1475"
"train","1476","c768d948527ec4d955d49f771d0218fe82d0fad348ca8915631ced9d1796a992","512","395","3,46,58,93,103","3,46,58,93,103","True","tr-1476"
"train","1477","a54b2f2648a9e65af204de4213ed21b5dc76ba318e8bf2af8a822b2e98be39f6","512","384","41,67","41,67","True","tr-1477"
"train","1478","19d556f520830ecf283ed44d17407b9c98bf5d6c97e706f934498ce8a66e49ae","256","256","46,59,70","46,59,70","True","tr-1478"
"train","1479","4de51ae279072ac2d354fd31efa2ec2da398707a3a0aea2d53dc3f2d5ab5ea7e","512","496","54,73,82,87","54,73,82,87","True","tr-1479"
"train","1480","f102422a08c951cb457da07973e43b848044e44eac9b7da04123fe13709212e8","1920","1920","8,10,31","8,10,31","True","tr-1480"
"train","1481","583038109c195c49c62e9978b45ad46f871d1ce53bf3f1f00fc4df9469af9b86","454","512","14,37","14,37","True","tr-1481"
"train","1482","243c4f085a260e8a2dd9322387329a8da2da4d7dcee195b1a89e2196c3ee9b49","512","335","32,67","32,67","True","tr-1482"
"train","1483","33e99955ecbfb1c4b187a5949ac96b8430e70fdaef7378c5b8d3f923d7623f0c","256","256","48,84,87","48,84,87","True","tr-1483"
"train","1484","150711e9472d976c55d0f8379e38667c6276764f28c18e324f95bc0667c2985b","256","256","10,31,89","10,31,89","True","tr-1484"
"train","1485","0c19b4e983b9ce4e63ed5aba2df05eeb208c5f84744b4f788c6dc65ac2d6cf47","512","387","5,11,37,41","5,11,37,41","True","tr-1485"
"train","1486","8564d9300dfc6c13c4f5a13c210ccfc7aee59b5b5d8241552ae9abc9ca9cd1d5","512","384","37,52,54,66,87","37,52,54,66,87","True","tr-1486"
"train","1487","7afede3cb5cf28d142167bc2157f73b963530d4e5a23471e9b6aa37a4949abd3","512","418","52,62","52,62","True","tr-1487"
"train","1488","16a2ef02a77aaa573ecbbc44962069642ca866011258ec5672e4455e6240895c","512","384","54,70,73,76,80,85","54,70,73,76,80,85","True","tr-1488"
"train","1489","e7c211aa299c8b8aacee32243f87c22782ac3d21a6384143ba8c41d7657a8aa2","512","384","8,31,41,103","8,31,41,103","True","tr-1489"
"train","1490","58f3b0dacdbb18e0002e4bf7c28b991ab25cc8933d5e21a8178fc5b76b666578","642","428","13,24,37","13,24,37","True","tr-1490"
"train","1491","756005ada8199fe96dcbcecef950067787414e32e601ee5db77c275d8fc05fd1","256","256","37,54,58,67,87","37,54,58,67,87","True","tr-1491"
"train","1492","364b0a44f403af30b50c73f61022f1f193b7e4bb9f89de4390b23345835f6f9c","512","384","47,58,70,87","47,58,70,87","True","tr-1492"
"train","1493","eea7113449e52a5274ae969083f29f42031d4f4aecd8b0a8cd36064a34d60a31","512","384","52,66,94","52,66,94","True","tr-1493"
"train","1494","d50913839caf08fd6d00415269127aa3ad8ff5f24bcbf5556cd9a2d7b1f67cff","3264","2448","47,64,87","47,64,87","True","tr-1494"
"train","1495","56bbe605c59524d8eb2cc5a1e2d2a8bf699ad46e0a8b53e29e642cedb5f38a95","512","384","47,64,72,87","47,64,72,87","True","tr-1495"
"train","1496","e78d9ebcf8347b1fbd86100726519117d8dd266b307150bf87ea5c1d30ac6232","256","256","37,48,66,89","37,48,66,89","True","tr-1496"
"train","1497","888b1559ec2211033869bfff0783d461a79d0fbfc76ea56155536287b71ba7b2","640","480","59,67","59,67","True","tr-1497"
"train","1498","8a829cf7d22c2f6144a193d0affa1020aebf29e0fa9f86526d21d998b63f0473","512","384","46,73,89","46,73,89","True","tr-1498"
"train","1499","74fa6dad3168738a6ceb074d97094dd83ffef60aacbab865c92ef4aeb305cfee","512","384","3,54,95","3,54,95","True","tr-1499"
"train","1500","7b0061a3f5cf6bc3ac9d749701a8cc6564da14e0f15c6da3d813b7c97c36f30f","410","326","8,30,32,58","8,30,32,58","True","tr-1500"
"train","1501","73f15d1d1a766410b23eee4e3402f04b0aac5077711321bdd9135529d1229c1e","512","384","46,70,85","46,70,85","True","tr-1501"
"train","1502","39f314beb51db81e804506a9ef9c1956758dc4a50bc39aea604a7ce325696574","512","386","48,70,84","48,70,84","True","tr-1502"
"train","1503","5fc03d3516ddca38ab72de611fa24e48cd1a571dd7b1fa98a41c175d3886cf0b","410","546","10,29,30,31,32,34","10,29,30,31,32,34","True","tr-1503"
"train","1504","3d2bc39cef8ecc475efe7ee8c8dbd284a0ef6816956b3c62c27bbdad93da375c","512","411","8,30","8,30","True","tr-1504"
"train","1505","b7018a51a0317d18747272b6e632bd4984f45f9b46c411b303b19a192fcad2a0","512","388","8,30","8,30","True","tr-1505"
"train","1506","f6ed9205c4d40feee3dd00dd126f54d3ea1f02c1732f17cb86c987f50165f01e","384","512","8,30,32","8,30,32","True","tr-1506"
"train","1507","e5cf87ce105708f96abf2841dea0fe19cdc44c19bfc22f04467f507a9ef1aa04","512","452","24,73,84,89,93","24,73,84,89,93","True","tr-1507"
"train","1508","ff0e1e4d25e9d656610685600c7477343862a5e375a5bbe40c3e178104698a10","256","256","82,93,94","82,93,94","True","tr-1508"
"train","1509","aef425d54e4e88d510969eb2521ef4157824ba83225f23a73f983888cf431ffd","512","384","24,46,66","24,46,66","True","tr-1509"
"train","1510","487732cd2d80a9d93a579b181b8b1f0fa095af6fed131bb40a0ce84d64713092","512","384","73,87,103","73,87,103","True","tr-1510"
"train","1511","677f7b2c88c53a60e7b8534308ccc2d54c143a8e70d07105d600ac1b83f9df8b","512","384","10,32","10,32","True","tr-1511"
"train","1512","3f97308e942d8f921cba3ee81e436375e0a3ae77a90a7498e66d5784c309e79e","550","413","3,52","3,52","True","tr-1512"
"train","1513","67a5b6b3d40325d483109a31f525d93ef9540cf60aa03bdc222f6ba5e6d879d5","1836","3264","8,10,30","8,10,30","True","tr-1513"
"train","1514","b18b3c951f45f961b720aac5da87de92d72a11bdb0e35c6c977a323a739c632b","400","400","8,37,54,70,96","8,37,54,70,96","True","tr-1514"
"train","1515","b8a5b30c1309b3017c421b28c72ba8da51d183ac3f8f6246311875968fcf17a0","256","256","3,46,58,80","3,46,58,80","True","tr-1515"
"train","1516","a66d208918917556c73b3f3c00ea591f5e54346eac02fc79196fb897f8f23bb7","300","300","8,10,31","8,10,31","True","tr-1516"
"train","1517","bfe712cc2cd901f3ad71f92164179198b224ebcc3c94f587a9a83a31d4d44233","4000","3000","47,52,67,103","47,52,67,103","True","tr-1517"
"train","1518","12847a7a556a7764749df4179558e7934bd5c86cb6e65bd41660e278799532fd","2400","2400","8,52,76,88,94,96","8,52,76,88,94,96","True","tr-1518"
"train","1519","c860748e935bb5d0cccb9596d8f474c3b2cc8ff52a674463c5a8dc36ffd2b6c7","1986","1417","48,64,70","48,64,70","True","tr-1519"
"train","1520","86581892ed63fee9c10ae40751c42125d4ea02312dd1c7b737c06db51f9334d9","512","384","24,67,73","24,67,73","True","tr-1520"
"train","1521","682da2553e1da3ef4dd80474888e6e77e6d9d395cb78fc6cc457acf078ca249e","2085","2085","11,48,73,93","11,48,73,93","True","tr-1521"
"train","1522","1e31045c3f48650cefe0f6caba1771380b108b2da89fffe8e147c132df8f4dd3","2448","3264","52,59,67,87","52,59,67,87","True","tr-1522"
"train","1523","31a867206d47b89b325250684f7f9239f5bb9d711be7f8efd0be37908360f205","410","273","9,30,37,58","9,30,37,58","True","tr-1523"
"train","1524","a7f6aedea758d2a577292af71aef453963ca2f284a1f0219bfc24cae1c43b920","1080","1920","9,13,18,67","9,13,18,67","True","tr-1524"
"train","1525","e0931148e81fb760d280768e905ce0f06ce70037e7f686e9d22a36163b11718f","397","512","37,42,59,82,84,89","37,42,59,82,84,89","True","tr-1525"
"train","1526","e0c49d93a0b922a9388454c433084ba4cc683c3d83bce0bf5e0d1bf9193e637b","512","384","48,59,70,84,95","48,59,70,84,95","True","tr-1526"
"train","1527","7f415bfdc53b337355f9f3d3ba177aaa6e8c87d29f4c3cbf3f31a89d1cc0b1f8","512","384","46,58,72,82,84,89,93,98","46,58,72,82,84,89,93,98","True","tr-1527"
"train","1528","e8b1b8c5115f0f1d5ca5c6c0826bd54c46f8f27fd76a1973a8809a8c09410fa4","3264","1952","47,56,59","47,56,59","True","tr-1528"
"train","1529","86a396698b1e6df3fa96fe66f8e005244931d7b5332616a8cc00da9c6fc65945","1601","1601","46,52","46,52","True","tr-1529"
"train","1530","5bd025876419fd53b60ddb98e8921fcdd45e0d99fa0db7d29ba99215315f1dbb","256","256","14,31","14,31","True","tr-1530"
"train","1531","b6b51789576a8a8fde028bfbceabc4e34198e4a862fce8eaefffd02a89a9a485","512","341","14,37","14,37","True","tr-1531"
"train","1532","73097ce22868c0615c6d8f858a4fc2bcbc0a94bf8d4ed980ab11ca02708ddcba","512","384","17,31,44,47,59,66,89","17,31,44,47,59,66,89","True","tr-1532"
"train","1533","6c463f215e07d64e45efb277ed79e175acf0d04d0948e2c56c5180b4c641d693","2048","1536","61,73","61,73","True","tr-1533"
"train","1534","c010f2cb393f5689d1ef6d3039350a7bad4e5ad4b4c2bdc8998b64c81c9de4b3","410","273","44,48","44,48","True","tr-1534"
"train","1535","0016bfeae92a6f56be1614cde818c3c7159db48ce98b46cb92d1a09547823693","300","300","50,56,80","50,56,80","True","tr-1535"
"train","1536","9c43947743dfb6b2a8ce06bf8e76d584b13ceb415d193d9c517ba1380b4dd9bf","400","400","41,67","41,67","True","tr-1536"
"train","1537","56c3ee12f4b32835b074d6baba708c6b27689345993befc3a2da6b63e8d862b0","512","329","8,47,58,59","8,47,58,59","True","tr-1537"
"train","1538","c6ed43a9c34f15a6f69235d70aeb76a206a57ed4c2a54b090d59b459cceaf2b8","400","400","9,48,52,58,59,80","9,48,52,58,59,80","True","tr-1538"
"train","1539","8286606fd92bfb5f92ff9221873dfee6adf4310430991e5a4950c9db484c5f2f","256","256","8,24,37,48,80,84","8,24,37,48,80,84","True","tr-1539"
"train","1540","f3e1d683ea3bb91d70b0f6cd3be08965d90ce52479a4dc414d656ea9739c6ed1","512","384","9,52,58,73,96","9,52,58,73,96","True","tr-1540"
"train","1541","139fb0b0833c4b7ecc1145992db9ac66ad5928122263ed2eb5fc56bc0418ee1c","2982","1678","24,48,84,87","24,48,84,87","True","tr-1541"
"train","1542","80bbfabc54164f04f61b81eebf48fd4e3670b30eb4f527c0d1c68a18344a15ca","256","256","47,65,84,87","47,65,84,87","True","tr-1542"
"train","1543","5134fc6640209a5db5f676b3d7fe981bf51b77399cbe9d04585f951778ae95ae","512","341","46,59,73,80","46,59,73,80","True","tr-1543"
"train","1544","f08c846d3bfe8ce67765df9cc19ae0eae3ebed856816ab536e996990d4719be8","799","478","47,48,70,87","47,48,70,87","True","tr-1544"
"train","1545","41df56a3d7bc1462899deb5e01d33bf685214a187ad1aa18cb7e0a862e9d9cf6","512","385","8,37,54,70,76,84,85","8,37,54,70,76,84,85","True","tr-1545"
"train","1546","036502b86b6e8d10afcbcabdda1df03764f27d5fd0006a2c19365457ff137f09","256","256","21,44,46,70","21,44,46,70","True","tr-1546"
"train","1547","b3424058968d2c6935ce4207294024bb4311c33b013039b2673cd0b59f743c1e","512","386","8,41,80","8,41,80","True","tr-1547"
"train","1548","0ee500063a8dac9b9647f6e9c9f06efb612957947fbdfacb43ebdc93128ed739","512","384","58,73,89","58,73,89","True","tr-1548"
"train","1549","55b2af3d9a27246fbe6b292045cdca27a4268e3d2cea58fa473f556a7abd93d3","384","512","37,52,67,73,76,80,82","37,52,67,73,76,80,82","True","tr-1549"
"train","1550","c9974175865f7840d76f45d15b58cfa792a2e36ff0b326e6c2f701fbadcdafb5","426","512","8,72,73,82","8,72,73,82","True","tr-1550"
"train","1551","43d3147a54db43970c5b584cd66b3dbafb01f3c98e79d0a7250ff94d668cdb30","512","384","37,54,66","37,54,66","True","tr-1551"
"train","1552","3f0262f01e169c2c7689edab0352da4f3e9fd30fed978a7c588b3bd18b70f953","256","256","37,54,89","37,54,89","True","tr-1552"
"train","1553","c4a71dd202591bf1c7da7ae48b0b7f9d297b88cdeb5a6ee59c97c7e959b5f6f7","2560","1920","48,50,59,66","48,50,59,66","True","tr-1553"
"train","1554","4d92c90e500f0f66d1dc6bb085562048db5bbc2b4167f105726faaaef48223e7","512","384","10,13","10,13","True","tr-1554"
"train","1555","2ad41ebbc1823ca795e6059ff6f804584033e8a9c910d15b2ac0fe195ccb7c09","512","512","47,50,66,85,93","47,50,66,85,93","True","tr-1555"
"train","1556","f1f7697927c0c03b32ebd6cf65a58fa1759c5ffdcb5649b3d1853528ce550c89","256","256","12,30","12,30","True","tr-1556"
"train","1557","a13938f4499cb4cdb98d02f793c8c5a672c0d5293c9e521875bd34cec55ad299","3264","1836","8,30,32,58","8,30,32,58","True","tr-1557"
"train","1558","b4975110acbd461b3a8d7668e7c94456216bf39e6709f71b3b609d3541b6b7cc","410","292","37,52","37,52","True","tr-1558"
"train","1559","2292485b5adb4c26c94694f6bd58b3c2c79b9f42c314ae6b5d1bb50d897aa28b","512","384","46,58,73,80,84","46,58,73,80,84","True","tr-1559"
"train","1560","32036a90de69ef643657cf715bfa5e7a2f7d32040a615872214a3d287b2acdf8","1280","800","37,49,56","37,49,56","True","tr-1560"
"train","1561","7d1e1cbd5ade05f5d707b01b93f38f6345d5ca3ec792a4ab2de9cf0206e5c655","1000","750","50,82,91","50,82,91","True","tr-1561"
"train","1562","825dbcdad18c3955f9baa53695e437c513bd6d2537fbeefb0a7657fa9b7ce1fa","512","384","8,50,59,70,73,80,82,84,93,94","8,50,59,70,73,80,82,84,93,94","True","tr-1562"
"train","1563","4bf8ca77da71a7b1c62cdf94fe9c57deed17e507eb4aa149711b39127bf575dc","512","384","52,73,82,84,88,89","52,73,82,84,88,89","True","tr-1563"
"train","1564","f2b159a10cc3fcee0fb181fe51e82d2a22c2f9316cc25c86ed9ae266347a9d26","420","512","50,57,73","50,57,73","True","tr-1564"
"train","1565","adc87a1b30f95a2079607f61fd2fbce1791c5b23afb4b9550d4eac8b5ea29fd5","512","384","46,70,72,96,101","46,70,72,96,101","True","tr-1565"
"train","1566","19134d9a0b0cf6779b686748630b55697f18aa8cfa76879e439227cd7b0e32e7","256","256","48,70,84","48,70,84","True","tr-1566"
"train","1567","9efe2c1ac80483880a990f79d2cdb8f7f22276017aa2d028047ec52f00bcbb6a","410","272","9,35,37,73,82,84,93,94","9,35,37,73,82,84,93,94","True","tr-1567"
"train","1568","4294465397af1ec411a2fa4b09ce741dabcd31e854974d85ccbdcbd860e2c37f","512","384","47,59,70,84,95,96","47,59,70,84,95,96","True","tr-1568"
"train","1569","e9d2e34706841aee88f5edbaeef523e077d63c8adb97d2c0b3b636d13a78c7e1","512","384","8,76,82,84,88,94","8,76,82,84,88,94","True","tr-1569"
"train","1570","90803dc229a4b7167a667d43e03da78a426d133a847ee19a3c509fe8509ddbff","256","256","46,52,58,65","46,52,58,65","True","tr-1570"
"train","1571","bd9e13f6f7c30a894da34f5f19056c8fce6ed4de70d9fa312621238f953d0960","512","384","46,70,95","46,70,95","True","tr-1571"
"train","1572","ac18c6034eab5a4b02db6af15873d1229b40c1acc8029405f1bcea34794e4f84","663","663","8,73,94","8,73,94","True","tr-1572"
"train","1573","6454bd73d9e754c724a6f7a41e4f073b5455128a41ee4af5c90779001db41f1e","256","256","54,87","54,87","True","tr-1573"
"train","1574","75992a91d2a3a245b22cd34243bdc532d62299802330f4dfbbf277447f0d4fcf","410","336","57,81","57,81","True","tr-1574"
"train","1575","5822319aa93167027c8fa0ad53d72eda99e0c8d9bddcb56fdd0d65bf609ec39c","400","400","4,5","4,5","True","tr-1575"
"train","1576","254bff3e4e96c76d9228c18078f88d36c68aa835d1b809283ec0080fc581d2ac","512","423","47,70,76,84","47,70,76,84","True","tr-1576"
"train","1577","7525d8b6b5afbabe88e32f974ae78ad0e2f7ea864aa005bb09a28791afcaf048","512","384","31,32,67","31,32,67","True","tr-1577"
"train","1578","1e5916aedadf6d5883d4a7c1513e20c315ef1c3d8645782f2ea22241945f62ee","400","400","49,52,58,64","49,52,58,64","True","tr-1578"
"train","1579","385b6234f07ef20f3b5009776028a82d0bd3998592bd13787c4feedbb807adcd","2413","2413","5,11,46,58,73,80,91","5,11,46,58,73,80,91","True","tr-1579"
"train","1580","285e632b66501784dfd26e973e6e831680b3a161211b9d0a9aa3f9783df2dd91","410","589","8,32","8,32","True","tr-1580"
"train","1581","e3457ea260d3c6e20fb068c0de50384b37d5d3220c4778110a8f75afa55732bd","256","256","54,58,59,87","54,58,59,87","True","tr-1581"
"train","1582","0954063304ca24e38fa872851bcd94232f41fa0368462170bb1b05c7483f1d09","512","382","46,58,72,73,82,87,94,98","46,58,72,73,82,87,94,98","True","tr-1582"
"train","1583","a67e77843e98e2d4f76e47a4d5db323cb94f8a6bc2b25ae83bd92aaf15c184dc","512","384","30,40,58","30,40,58","True","tr-1583"
"train","1584","26b1bd43953ca8ea9849e5c0ef76f2d245c96105bfae31667a7c13c8de2d0022","525","700","46,52,73,87","46,52,73,87","True","tr-1584"
"train","1585","091e3bb83f808a6b1df4d52468143f98a54711286e17b9d58f6875155c5be2af","512","384","46,56,66,96","46,56,66,96","True","tr-1585"
"train","1586","e845a484dd67d4377b7d24636d35ff033117c15260a677ec1fa79b2b4a39c42f","512","384","46,70,77,84","46,70,77,84","True","tr-1586"
"train","1587","1c1a98399ff84c2a402a7f9a4e4cffe0e1f69f7d5c3d77516cad668dd7659571","256","256","5,9,82,84,88","5,9,82,84,88","True","tr-1587"
"train","1588","03a983ab463d2d26c26a798e89c37a6bf4b2051cc6c090c7cad7212edc7c7c80","512","453","3,37,52,56","3,37,52,56","True","tr-1588"
"train","1589","f0ecd0de987099b42d8e81dc64c1b196d8d5f22c8051f7a5b15188508863b3ca","512","384","9,67,84,85,87","9,67,84,85,87","True","tr-1589"
"train","1590","eb798458b5e8ea6dae8c372f1563a0a4503730f3c905537076b313f521ed423d","512","421","48,57,89","48,57,89","True","tr-1590"
"train","1591","21035ad1400208a20e0e95f56d627b073660a8b8bb986a842b9c656ccdaa511a","512","371","44,49,52,58,67,84,96","44,49,52,58,67,84,96","True","tr-1591"
"train","1592","a050ab647047d7131dc7721ede65426062195aa6ccb453b13ab51be7545f1792","512","375","10,30","10,30","True","tr-1592"
"train","1593","1e6f7c957d1cc368b0bcf0dcad574d31445602ebc86e00045ec14c0239e86453","550","413","46,52,58,73,82,93","46,52,58,73,82,93","True","tr-1593"
"train","1594","005269e024d72561a777c62c34452f551316e371b7ef5cb664eeae0e799af1bc","2048","1461","67,89","67,89","True","tr-1594"
"train","1595","99ea1954eb7441324af0ef186a16ed513ec6fb255676f8cb938eea9de5f1773e","512","341","25,61","25,61","True","tr-1595"
"train","1596","e4734262e32e19bf59d6c86edc4c8049b7e2a41cb5cb2c4b8a9dfe2afbaa8095","512","384","8,30","8,30","True","tr-1596"
"train","1597","390f398ed4f7c6a268c42c1a38431461b65f516e28dd7637e9faad24a760d093","1920","2560","8,31,32,41","8,31,32,41","True","tr-1597"
"train","1598","39c34e875bf4b608e7157313b5e631bffb84c3b07aa687a111c6f90b3e17a950","512","384","16,24,49,58,67","16,24,49,58,67","True","tr-1598"
"train","1599","7621de5490c4ebee34b423105e6cac806aedcd2011ca5704d755bf692fd06191","512","384","46,96","46,96","True","tr-1599"
"train","1600","20a835380b28bb77423f26850575aec249f093a3d7204355e2daa6d5ca336bef","640","428","8,82,88,94","8,82,88,94","True","tr-1600"
"train","1601","a2521ef0ad55dfefd9fc9a72cf2335bde02411a8b30be69461f6d15aa85b2369","2048","1270","37,52,54","37,52,54","True","tr-1601"
"train","1602","a3d3534933f85a8fb286bca45719a8aa72df540331847fe69f1ae878aac8f7bb","512","352","46,52,58,87","46,52,58,87","True","tr-1602"
"train","1603","0946fd962281d5a96afd908b4064bb165d3256fea8e67d699a2eabdf9a622813","512","403","14,46,52,89,93","14,46,52,89,93","True","tr-1603"
"train","1604","27c0c6c01c7d8e6b2d028e83a7070056610b5dc0eadbed1f3e479483d510a2f0","512","384","46,65,84,93,95","46,65,84,93,95","True","tr-1604"
"train","1605","b0dea2fe2d8064f11b2a79ea6b0bf694cfb39df6bc78567615738104e0f25af6","512","384","48,70,77,80,84,102","48,70,77,80,84,102","True","tr-1605"
"train","1606","108561680aa857e3d321b7f6cc5937c876a09d0b0af6f772552a1b77ef8db0d0","512","392","46,52,66,82","46,52,66,82","True","tr-1606"
"train","1607","0edba7e2570569c6c44d3a6921d614a4dc802b1e24e3eeb5eda8ca9576f4b37f","512","363","48,84","48,84","True","tr-1607"
"train","1608","d16130a3ec4801eda77e2da4f83af3a54b8889bfd1e40f04c9ab578e063c777c","512","384","58,73,80,82","58,73,80,82","True","tr-1608"
"train","1609","2952730cc9d8d3be1d7bc4b8cf5cd2ef98c2b38887dbf240a2d62f08ed7f7eaf","307","204","37,48,73,89","37,48,73,89","True","tr-1609"
"train","1610","d39324fd82226bc3700c85025f18daee116ed1ea6507fd8c2f31d99636770c0e","512","512","48,59,64,96","48,59,64,96","True","tr-1610"
"train","1611","edcf951cbef0085d7a86b44ea837fd6c062c51fc4f465569f17514524d273af1","256","256","9,48,73,80","9,48,73,80","True","tr-1611"
"train","1612","eff4482a0919b663711439e45041bbbdb136059394707a1c778ca654c29acdda","256","256","8,50,85","8,50,85","True","tr-1612"
"train","1613","dd43ddd9ac0e250cc5a06e4162f273e564481bbfbe676ad715f5ff06f66c9458","512","448","51,84,93,95","51,84,93,95","True","tr-1613"
"train","1614","07f51d736cdf55519eac4dfeb2effaec0671cc56b70d04dd0aa6944e74a1dc3a","256","256","46,52,70,87","46,52,70,87","True","tr-1614"
"train","1615","ac017ab53e7c48aaa9dde7d52696d4fed5182ff125fcd422f883f54ca5f5f315","512","384","49,70,84,91","49,70,84,91","True","tr-1615"
"train","1616","42d35d402cf959636c40cde21194414fb225f6c14d555293d4a3052b4d90157c","256","256","25,30,42,67,80,103","25,30,42,67,80,103","True","tr-1616"
"train","1617","75a9cb92f26103462e5535fb2f6feb797c6a9db0b0da59a9064573d3d2f26a66","410","306","30,40,41,42,43,45","30,40,41,42,43,45","True","tr-1617"
"train","1618","2d96a5ac699852c658faca5fab9aa13eb8154608dab73354318d2b022fda1b54","512","384","28,48,49,58,80,94","28,48,49,58,80,94","True","tr-1618"
"train","1619","f4d5f75825c2bc7ecb56ea7c835428910e0eeb195fb970a0db7c9e18a85e1a06","512","341","46,58,70,73,80,82,93","46,58,70,73,80,82,93","True","tr-1619"
"train","1620","bca6b67d48f22c645da4a054e3a0fe1055e5d2c792d21ed58f30c61435d928c1","600","450","14,84,89","14,84,89","True","tr-1620"
"train","1621","325d31288265d8c19761a44470fe66fd1d41dc03a5c3b9045c17ac838dd59fd3","642","428","8,9,10,13,31","8,9,10,13,31","True","tr-1621"
"train","1622","7f87b73bf9a3fd1dde2fcdcfebf59533187abadf884ca612cb027a9f7cabb78d","410","230","30,52,58","30,52,58","True","tr-1622"
"train","1623","ca1852303f6ff80638289910dd1f9007aecd371e35614682d5d7a733a99b4a5d","512","417","8,30,40","8,30,40","True","tr-1623"
"train","1624","88da92982ca390e3a7ceef481e12f99b8a2c55502df7c52dcf420d90cc6fd130","410","583","10,30","10,30","True","tr-1624"
"train","1625","c4034da229eba2c33c403b9d73b19cf579d372e0aa7e48666eeb6d49492903b8","512","384","47,52,89,103","47,52,89,103","True","tr-1625"
"train","1626","2d1b5f00cb3bc4a0c49b5d97d2303b4b601470853dad8f2ba50de95d3fa13b6f","512","384","52,63,94","52,63,94","True","tr-1626"
"train","1627","e3ab356c6d2fa928d54e1625b2f9faf16b7e7cb1cd1e90228be465c61ea98634","512","434","67,70,84,85,101","67,70,84,85,101","True","tr-1627"
"train","1628","ac161427767c01a7c74e41a0dac420d53b790e8b53951846a6130993a84835de","2322","4128","49,70,93,95","49,70,93,95","True","tr-1628"
"train","1629","e912e21db572aaf0172172fa0cedd7b27e218b10e264c4e2752702e127f18b1d","512","384","48,65","48,65","True","tr-1629"
"train","1630","d82a0db8fb333894c43fc6336e9e6428d0695f142c881d29845d516aba245a19","2448","3264","47,52,67,93","47,52,67,93","True","tr-1630"
"train","1631","ec4273d77553feaf2ae22132774dd2d1cc7414b182b0cc13bb8288997bf1afa6","512","384","9,54,70,84,87","9,54,70,84,87","True","tr-1631"
"train","1632","a00a7a2b03a7e1f2573fce81becd51fe230123beca3d410e5228a08230089d82","512","384","48,73,80,93,95","48,73,80,93,95","True","tr-1632"
"train","1633","786b089bd63f7eed7c957695c1c6367a712425c12f571484e7ff0ddccd6f3549","512","384","47,70,95","47,70,95","True","tr-1633"
"train","1634","953d1d4c399705f32f8747740469d55829dacfd6c29c86788bb696b3a737bf9f","512","384","46,52,64","46,52,64","True","tr-1634"
"train","1635","5af013efb4947c92606cac792bc4e3c5714b85ccf46a0df095058f20247bbbd0","256","256","48,70,76,84","48,70,76,84","True","tr-1635"
"train","1636","3d73b9a9d0233f6f507737d69ced4658f98fd776893055c1dca35691f1d531d9","400","400","37,54,66","37,54,66","True","tr-1636"
"train","1637","50bd4d00247f45bc77dfce3fea3f4b221a12635b41a7c7860e02fbaaa5153ceb","512","384","50,52,70,87","50,52,70,87","True","tr-1637"
"train","1638","20844355a2cb2c5bd95cb2bdea609ca30ce1334f4d64ed6bc3d9bf9614e3a0e5","512","384","9,30,33","9,30,33","True","tr-1638"
"train","1639","409058119ee236d3011a91dbae48ad7de9e34bfbf89e6aa3454f58e08571264a","512","384","5,15","5,15","True","tr-1639"
"train","1640","c156ad407e89f4b0c4cb76aa51d7d61b9d9b48900a29f7865359642b47fa3642","256","256","8,52,58","8,52,58","True","tr-1640"
"train","1641","3cb001cb4e8cc49f3390f941b266b498ff3342d6be3a68c304d27d049949513d","1952","2592","8,67,73,80,82,103","8,67,73,80,82,103","True","tr-1641"
"train","1642","fcfa80cfeeb0ef17134a16de1476db4c79ae7633adb113b804df3bbb342dc826","512","512","32,67","32,67","True","tr-1642"
"train","1643","2c37f9496e5abcb9d4f854c3cc2b26d742894c708f5f3741aae5f8eb5ab64f75","512","384","37,58","37,58","True","tr-1643"
"train","1644","1ecf4dc18fdbd66920ba2deb7a55fb28708ba4d64e3e2a2e81b0ac33a706e987","300","300","8,10,30","8,10,30","True","tr-1644"
"train","1645","67544c2a65255e86fdd0f121b05198fb883a3adc06263ab73b9dfbf7e646a21a","512","383","46,77,84","46,77,84","True","tr-1645"
"train","1646","ec8330617d55c2c0faaadc043394b61f3250ef2f745c11331482cd6f8e3afedd","998","978","13,67","13,67","True","tr-1646"
"train","1647","23a20987a467f2278031d108c275065001664cad003fb60dd93ad5cccca88574","512","384","46,70,87,98","46,70,87,98","True","tr-1647"
"train","1648","d84c4c682ba29d7ac624162c47b0f8e5387cdb92f4f167c0128912eb6d006db4","512","384","52,68,73,84,87,103","52,68,73,84,87,103","True","tr-1648"
"train","1649","9b9dbf5eca21f12a1b63c0032b1e1ac186922fc922c7b04d66fd031fef4d7cd1","512","380","30,58","30,58","True","tr-1649"
"train","1650","7dd2350ebf5234e74993154e30a82ab02a07c6b5208ac853c07b916f4bca49b2","512","384","8,46,87,95","8,46,87,95","True","tr-1650"
"train","1651","123eb9c6ec357a451818eb79fbdfbc08b5cdaf578dbb33fbc3602c22a5ab3bcf","512","384","9,48,59,65,89,95","9,48,59,65,89,95","True","tr-1651"
"train","1652","6aee540f998d0a26dd5f677d3a1c8a48a2df88902a8fec4b404375e33167b2ef","512","453","37,54,70,84,89,96","37,54,70,84,89,96","True","tr-1652"
"train","1653","4b6154c80b461fac7e78c29bd8661214f6471600498cb17563382ef5fa31e5ff","512","384","8,72,84,96","8,72,84,96","True","tr-1653"
"train","1654","be729c04f0a15f1a6d8739b709e34e28008828e10a476bae70717f0f584592ec","3264","2448","11,46,48,70,73,93,94","11,46,48,70,73,93,94","True","tr-1654"
"train","1655","c9856276a8682d5557d14207f7440d65a8d01a2b83a95a3943ccd73837bc06ad","2437","2052","8,82,84,87,94,101","8,82,84,87,94,101","True","tr-1655"
"train","1656","c8c00f24bb25c61ceeef50e5b6b4d6b710946e361dc390115803f87b0fda1a33","2560","1920","48,65,87","48,65,87","True","tr-1656"
"train","1657","706f8e6b181f1a05548d606abc1aea1f624fcd1314780fac99e848b5eb5c7b0e","512","384","5,8,30","5,8,30","True","tr-1657"
"train","1658","9c74b89acaf868584d8a3a5520fe845cc76172ba7c5ee1aef7979670ebb6fed7","512","384","46,50,84,89,103","46,50,84,89,103","True","tr-1658"
"train","1659","99e28a5c5a7446b201acfb61e370192dee68b2acde946c5d09126dadc64ee2f4","1533","1958","24,46,93","24,46,93","True","tr-1659"
"train","1660","0798c61cf7d013648affc599147195417c3ec7731a55ec443cb10c6b0779f86c","307","204","48,87,103","48,87,103","True","tr-1660"
"train","1661","558e95f287aab6ce834c1689d09c29ccb2f37f5dc8d018f04beae3bd016d082d","512","384","3,46,58,59,80","3,46,58,59,80","True","tr-69"
"train","1662","d818515072b4dc62bcc5abc32c11347ee70a9e18fc03085c26086427b65ed9c7","2448","3264","48,58,65,96","48,58,65,96","True","tr-1662"
"train","1663","61cf4687cf1217853df6025d2809a46c5aeb5657fb6efdd52f62b4370bad8843","512","384","51,70,84,89,95","51,70,84,89,95","True","tr-1663"
"train","1664","6b7b62e0bc2d30e133294327c559fab72489698495a2be4db3788a540a3fc4d6","512","384","68,87","68,87","True","tr-1664"
"train","1665","19bc3131c96ba3486f280b5c7c9cbf54397fd46860caa0dc7e27f1bb7b80b61a","512","384","30,41,45,89","30,41,45,89","True","tr-1665"
"train","1666","ac419f1950aad0acdf0dbc56d2e5b3a3fa4fb1c00f508c1fef6ba22d767f4cb4","1000","750","24,30,58","24,30,58","True","tr-1666"
"train","1667","e4c6089af9e64de5a276fe904607de9914b64afbca899f06677ddf58fff34fb0","642","428","46,59,84,89","46,59,84,89","True","tr-1667"
"train","1668","38da93eccab10a206074edc2e661954c6b5a881aaea5fb4c0db5305792b1f680","512","341","46,58,73,80","46,58,73,80","True","tr-1668"
"train","1669","302fd253241a3a60af8d7d657fd4fc23248c1b84386b8055a72d67a17bb01ea7","2048","1365","11,61","11,61","True","tr-1669"
"train","1670","1c10014f91b6b297ac02642decd80e6b36e6e87d6c4511cf11c6b031625415a3","256","256","9,58","9,58","True","tr-1670"
"train","1671","84d201cb0da06198d0b52f41fac57b4c2e410098c9e9fb5db34d52d8b98cd30d","512","432","20,67","20,67","True","tr-1671"
"train","1672","7429bbd87a8d3172c5921255e9fb1249bada713708f7f79cfd46f4f1ecf3e116","2339","1920","51,58,70","51,58,70","True","tr-1672"
"train","1673","6be71629b703d00df4e0a238d0eadf6943d7c5d70d315ea2bc7b8c5cb99f3fe5","800","532","5,13","5,13","True","tr-1673"
"train","1674","f7e51b113c2f5b3e926958563faa0f41e461cfff433384ece6cca722eeb7c04f","512","416","46,65,95","46,65,95","True","tr-1674"
"train","1675","70689d4a5111c5db84eac1b7c80dc3f31bbf3c7b5bbcb9c2ad37b39276bd314f","256","256","3,21,48,52,58","3,21,48,52,58","True","tr-1675"
"train","1676","c5beb4d7922aca887a0d367baf048d22ebd40942e0ca5594e717eb706ac6da58","512","384","9,37,47,85","9,37,47,85","True","tr-1676"
"train","1677","fbc4efca90e6600a95c40c7cf0ee9549f92a8c08e13a7cf088359583c8bbdaf1","512","384","8,54,70,73","8,54,70,73","True","tr-1677"
"train","1678","28d6ca2ade9ae1c8f146e90e90f72bb7ed59f8ea6ee06e8f5e16b0d476ec54a0","512","387","44,52,78","44,52,78","True","tr-1678"
"train","1679","d13723d65de3b1430c9007789634ec71efaadbd80dec42e0ed22815fe325c95d","256","256","24,47,84,85","24,47,84,85","True","tr-862"
"train","1680","aacd49f80ce1f6e908d521f239453613bbca33a1bbe30ecfb2c957993f1e7d8a","512","384","50,65","50,65","True","tr-1680"
"train","1681","3b5798de36139aba883c2eca930915802b78c61ad1ba0252e1f4d0da0f3c54ad","512","384","48,70,76,84","48,70,76,84","True","tr-1681"
"train","1682","de8d4b79aedd44ce1a07871b41b1a904fb5d40b996ed89c63cd9c21c4afb7092","512","351","30,58","30,58","True","tr-1682"
"train","1683","1a6eb68e7cce3872cf1adabbbca053b810de043d72904fd9773e05bd443c13f3","512","422","46,70,85","46,70,85","True","tr-1683"
"train","1684","a0bc820839e693cae79caed50656860794a19e1a074565e8991d6890f8518bb8","512","384","47,52,57,66,69,73,91,94","47,52,57,66,69,73,91,94","True","tr-1684"
"train","1685","b93e1af3e352c72deadca75f87ac071ae2199832723f9f4fb8eccf1da040b2b2","2400","2400","12,54,73,91","12,54,73,91","True","tr-1685"
"train","1686","d02ba5cd7770c9b40529fd7bc9a9f9b497eb12dc8e6ecfd3c6366646a6bc923a","256","256","9,32,67","9,32,67","True","tr-1686"
"train","1687","779e7be2e9191a87466059466eeaaa81a1f25880f5598f78ad4258217e131c56","3264","2448","49,59,62,70","49,59,62,70","True","tr-1687"
"train","1688","bdea189ebf98bb7f4fe6cffae582cf650700c807d809bac85f998980b363ee30","400","400","10,41","10,41","True","tr-1688"
"train","1689","46dac9d95f2786d9884eb7be54a07426465edc8c41af9ade5ea4be6f35539d6b","512","384","10,30","10,30","True","tr-1689"
"train","1690","69b2147ad80b973f4037e8aaba1d29e5d135ff525a17a9067c7f46ce87321feb","256","256","46,66,87","46,66,87","True","tr-1690"
"train","1691","ca0319b01ae6cc4f2f48b28ff7fe2a1c8c6096b73d2af6b1bc1fa40556f6cdac","256","256","8,30","8,30","True","tr-1691"
"train","1692","9591658484ff2577489421b1c1f666b93b1407fdced5f8b24a84958116c75fcf","512","384","37,46,89","37,46,89","True","tr-1692"
"train","1693","09f021fb19d0b20fadc389adacc3b7991f3c725bf6c48adbcc1783b016a38421","512","384","24,58,84,89","24,58,84,89","True","tr-1693"
"train","1694","1231d326aa41b7774fdf4321102cbade8ef55c532f845c6c59be5c2e490a52d2","1000","1334","47,73,96","47,73,96","True","tr-1694"
"train","1695","1ae1af64195f369b6c745900bb16f4adb6be4a1932c13d3035a7650b2249954f","512","384","10,30,42","10,30,42","True","tr-1695"
"train","1696","1b1e135cb5c9ed98a7e3bcba7f97afd947d8a1f04b026d3f8451eb5ce90b2bf6","1366","2048","14,31,37","14,31,37","True","tr-1696"
"train","1697","1a0bd5bf6657a0e753d1ddc849150633fcdeb2682a4ebe61ee55281de3c15245","512","369","8,73,84","8,73,84","True","tr-1697"
"train","1698","ed64a2857d8ea885f57ab14d5f89717a4d254404a849392c16fc28c99387d0ab","256","256","32,44,58","32,44,58","True","tr-1698"
"train","1699","ec48b8af26d1e1dac0a4f72db895c6722c6c33343ba73fe632a943f447e80046","512","384","2,15","2,15","True","tr-1699"
"train","1700","a6374599beb07ac5472136e2edf98292d431df004aeefe589623c3627fe14d53","512","406","8,10,22","8,10,22","True","tr-1700"
"train","1701","62557d631c1e92a8e6fb9cf075de739acd83f396006858e9a06b90bf3c8ad6a7","512","384","8,84,89","8,84,89","True","tr-1701"
"train","1702","44acebbb4eb7de91a86c4ac9714bde39b632b4a7f098c244226707f908b41e97","512","384","46,52,58,80","46,52,58,80","True","tr-1702"
"train","1703","80b87406b8d259cebaebe67d517d45108c5a430527bffa1eec771fede5139322","512","485","8,24,67","8,24,67","True","tr-1703"
"train","1704","c544f8ddb274fcccb8d85052b265337d7ce4cbd7701d961f9f6520f3f14a6cba","512","368","8,47,59","8,47,59","True","tr-1704"
"train","1705","d789f7231bfe6ad5290a40b1a97652de5afcb0adf137d4cd5969faf1bac8f52b","512","406","48,50,52,70,72,87","48,50,52,70,72,87","True","tr-1705"
"train","1706","5fd483692b55144b970d4695b5905e3daa3bfc01bbeb5daa60cbf4267943a8da","512","378","47,95","47,95","True","tr-1706"
"train","1707","98a7f9a0508f416246f870c408bef7da3cdc20863d69a4d754d971dce7d4bb89","512","384","73,77,80,82,87,89,91,93","73,77,80,82,87,89,91,93","True","tr-1707"
"train","1708","ac3cd5b0c3945c13c05418b34dc5e1425ddb46f352c888b57c413ac48bd331f8","512","384","17,22,25,39,41,52,57,68","17,22,25,39,41,52,57,68","True","tr-1708"
"train","1709","f0e6d098ef9959a00a680afc1dda5b1f6979ee4c9ff9abdc86ef56fbb7998997","640","428","8,30,31,36,41,58","8,30,31,36,41,58","True","tr-1709"
"train","1710","adc7494201a2316b63a407a70486b22507a5c1250f9eaa26a3b82ad715e63277","512","409","46,84,85","46,84,85","True","tr-1710"
"train","1711","3c5584c1e56482f888360922fb005b78ad5da177f620f33c2d6cd1179d41e86f","512","464","24,58,85,94","24,58,85,94","True","tr-1711"
"train","1712","0eeeea3a50ae47ef2a2dedac218451e715ca79e2ee796e903af234ca35e9fee3","512","341","46,80,84,91","46,80,84,91","True","tr-1712"
"train","1713","efd726d13c2f1fe76a9e0cc746c3a20fbb96d5d3e69eadb083a642d48721d7d6","1964","1964","37,54,80,85","37,54,80,85","True","tr-1713"
"train","1714","fd9429883bd3a1079d581341024f8648589c1563b5c652b75930827a8da4f6c7","1000","1339","24,46,52,62,82","24,46,52,62,82","True","tr-1714"
"train","1715","412836e3db7ad24d55cfd5f16f98f81bd6e716121a03a5a0246dae6ce8871a30","512","340","3,37,54,82,85,87,95,96","3,37,54,82,85,87,95,96","True","tr-1715"
"train","1716","69294f6fe7954b7d30e01a9b3d0a61fb0f8a38232e68833582ffe2c776d072ae","512","384","46,70,80,81,84","46,70,80,81,84","True","tr-1716"
"train","1717","5e0434e1ae894ab5f86af5a0d66c74521bb49f5f5bce6e1d650cff1509a26ccf","4128","2322","14,46,70,96","14,46,70,96","True","tr-1717"
"train","1718","49b06c9a2618835a4826ebf984244403c4f056e1bce2cba92082dbac050507ed","512","384","24,73","24,73","True","tr-1718"
"train","1719","cf0da26b39e96c35815d6543749da7710655b09a72809f20254516706eb545de","512","385","30,32,58","30,32,58","True","tr-1719"
"train","1720","7387eb6b73f665159575a43e4bda32fa7d65ab8ab0c056b69a9774c5eab72059","512","341","5,47,54,58,73,84,89","5,47,54,58,73,84,89","True","tr-1720"
"train","1721","7da34c9860eaff335ee5a849fb1f70f74c5e169d90e57e90bfd6ecd22a484915","512","384","58,73,89,93","58,73,89,93","True","tr-1721"
"train","1722","5df2c98021e0cd310a75472e5521e4b0b4897c7c5a045119c495137c4090c8ad","256","256","9,58,73,80","9,58,73,80","True","tr-1722"
"train","1723","6eff883971ad636b1d391c4b3841177d57af3514f4a3abf23b3b44e74ce6115e","512","384","67,84,87,89","67,84,87,89","True","tr-1723"
"train","1724","b0385d57334e56417f86d5de677b11a4dc5c3c1de6c589cd55cdc02c8bd39271","512","384","80,84","80,84","True","tr-1724"
"train","1725","83b972a2a140c52a7c5f66185fb05d5209e0d734e8d943cfc37a9d87ffa109aa","512","459","37,54,89","37,54,89","True","tr-1725"
"train","1726","b026fe05f00a66ad63e7b42d7ff3e0d3ba783d66fd31093e42e4a784d2ec203f","512","384","3,46,58,103","3,46,58,103","True","tr-1726"
"train","1727","0181d4ff215abfe8c1c11db360dc64fc009d6873526c058fd7cc98fe71e9abc7","512","384","57,58,80","57,58,80","True","tr-1727"
"train","1728","2de4fb0b2155cf04ffef852621a17dfe757a0fa0219b432c8582067d783501ae","642","428","37,48,59,93,94","37,48,59,93,94","True","tr-1728"
"train","1729","b5866c3ff2be0a1a45eb40f85bd12ddad55106b8b76587d4ebf6664d53e73b72","1600","1200","48,71,84,89","48,71,84,89","True","tr-1729"
"train","1730","1af15675a1306149d29924837dba981465fcea0d1386a83536357baf06469371","512","349","46,70,90","46,70,90","True","tr-1730"
"train","1731","cb97c774d2d257c769a88740247d528d3d2b7131dca0181d485760ad2a959b6f","3264","2448","48,77","48,77","True","tr-1731"
"train","1732","f64362d3c6190263ac4c620c94d6d6c42843ee8372d147fbb9421f44a91c83fa","512","384","46,49,72,96","46,49,72,96","True","tr-1732"
"train","1733","25c219af36ec58ee5acb35c5554bbe371c6fc339c844e9154ce522a4b169191d","512","386","54,66,73,84,89,98","54,66,73,84,89,98","True","tr-1733"
"train","1734","2c47c883930948635cdfe6695d63c511203931cbb21beb94ee3d0a9cade10e95","512","384","37,48,67","37,48,67","True","tr-1734"
"train","1735","541397bd1332de7dcbc1c0f6d72feb38503e079ecda27b46eea2c45a0b85e2c3","512","384","5,58,84","5,58,84","True","tr-1735"
"train","1736","049d6f7ad02a0a6f47e1efe0354ab6d9f836609440506ec068614b3fe6b29294","512","482","8,30,67","8,30,67","True","tr-1736"
"train","1737","d9f41d8a4c8677a7600998536b2adf0a7aab38a360e230aa0401673479b6ad89","500","374","12,33,36,76","12,33,36,76","True","tr-1737"
"train","1738","ac7fea75857e11bedffea4cb56b470a444fc8abfbec46ba330e5811868cc5510","512","471","8,30,41,42,43,44","8,30,41,42,43,44","True","tr-1738"
"train","1739","b94bcd4d52b6b2c63cdd2c1de06513121240cb19e5fcb10a12163ac0f54eaddd","512","384","48,57,58,73,89","48,57,58,73,89","True","tr-1739"
"train","1740","26cf243205d3e1775cebd8cee59a1fb36caa0bda7642b03020866b7c347eeb99","307","204","46,70,84","46,70,84","True","tr-1740"
"train","1741","63f4017edd2c7f41125bba649fee0efe857ab1ad0d4c506af551f953353bc617","512","408","8,73,82,89","8,73,82,89","True","tr-1741"
"train","1742","8c543682ffbb9b683a2bc5a98556a158a939c3898443cd349551322dace24c1b","1000","750","47,73,80,97","47,73,80,97","True","tr-1742"
"train","1743","17e086f75ac1b05e6ad793bc2270cf833d7219eaab3e4cf0d901d04eda3a0382","512","423","47,67,84,97","47,67,84,97","True","tr-1743"
"train","1744","4af2d8b458c3423537e6dee1f4e824667ec79cd9682ce44dcd3d38fdd5b053de","512","450","37,52,58","37,52,58","True","tr-1744"
"train","1745","b8f6faec23e331c6d75befe2b8ec208a53c1178317edf301d955dd510bee4402","256","256","72,73,84,87,94","72,73,84,87,94","True","tr-1745"
"train","1746","d27cdef1c8c0c022948aa32eeb25f2518669bac11359b363d7262e04d1b6217b","2819","2819","48,52,66,76,91","48,52,66,76,91","True","tr-1746"
"train","1747","445f804bee0d38265953d12d3d77305f73287fa5803148c179a89d83b3f23ede","512","341","57,58","57,58","True","tr-1747"
"train","1748","854ca82d8fd3ee3e34476b61b0be5f2a32a57ee146103b878a3ce36742b94ce3","512","386","8,30","8,30","True","tr-1748"
"train","1749","269e3af248c2ae8d4d909f44c88344f7b54d628896b22bcabd5a8425742b9645","512","384","54,70,84,89","54,70,84,89","True","tr-1749"
"train","1750","d30cd20491cc9196b94bde6aacaad11deb37181215983f1dcfad0eb92edf256a","512","384","10,28,31,38,40,44,52","10,28,31,38,40,44,52","True","tr-1750"
"train","1751","0675e1a0618bffa9a23c5379b0223692f50539c2a8b77bd1845e149c587bad1f","256","256","8,30","8,30","True","tr-1751"
"train","1752","f94b5c86b3683726b3cf58e3242c807726a723947046249dafbb392faa6fe45d","772","1069","14,37","14,37","True","tr-1752"
"train","1753","cc0b8e32d28396fd4ea23f3e648814063d12ad4a63a8d197b15e06a2246fb88a","386","580","58,84,87","58,84,87","True","tr-1753"
"train","1754","f2230b3614dd5a4a266e904b746cb9055b7fe23a98159adbbd3057eb7317b479","4128","2322","48,66,87","48,66,87","True","tr-1754"
"train","1755","fe6681cc59aae0c94e76f653255cb2d2ff10bdfc30b6ee80863776dab0dcefc1","256","256","37,54,66,84","37,54,66,84","True","tr-1755"
"train","1756","5d8e78985530e71f6978b9dfbffb0886856ce037882818b845eaac06d9c96505","2448","3264","37,48,95","37,48,95","True","tr-1756"
"train","1757","76d54281088345421528671b0f62ad9fdf9c96323a3026d5e7689ecaa79fc450","512","384","72,73,84,87,94","72,73,84,87,94","True","tr-1757"
"train","1758","f00634dcebd8f80158764b2a2310e37f5862d188211e4bca2054ee3f22cb0aa3","300","300","13,58","13,58","True","tr-1758"
"train","1759","779963fa5962f68a7180c3963c21f56ec4d5a0c4a93aa7cf651a15e1640ffe90","512","384","52,73,82,84,87,89,94","52,73,82,84,87,89,94","True","tr-1759"
"train","1760","e8c5ce66e4dea20e99e0fb58609e0831c3045badb4ec37bf2327423dc03c49af","512","293","46,57,70,73,89","46,57,70,73,89","True","tr-1760"
"train","1761","deb2e93cbd4660552123834f88194f6811fa36f755680a7ae0c4df3a5f27440a","512","384","37,47,66,89,103","37,47,66,89,103","True","tr-1761"
"train","1762","69294f6fe7954b7d30e01a9b3d0a61fb0f8a38232e68833582ffe2c776d072ae","512","384","46,70,81,84,91","46,70,81,84,91","True","tr-1716"
"train","1763","6b4870d17bfb140c4720597cd348412043ef40425b564105edb37f5342c17eaa","512","384","46,52,70,72","46,52,70,72","True","tr-1763"
"train","1764","501bad4209764a1ba046ab16c3ff9ce5b869f45ead228e940906a244f566ac30","3264","2448","48,66,87","48,66,87","True","tr-1764"
"train","1765","e3b53205ce365a34c7d98408456c99b2de5c646765ed9d9f9d2990902d666b3c","512","384","48,59,73,87","48,59,73,87","True","tr-1765"
"train","1766","6aeea034036551dcc27b7ab25521073c7ff936c7a79d18c6c5ed68a493dbc77d","512","384","8,58,82,84","8,58,82,84","True","tr-1766"
"train","1767","225531f5f8a5b49dcc4aac9266e589f54a3b26a113a7ed0643cc7fc08f94b38e","3264","2448","48,73,80,85,94","48,73,80,85,94","True","tr-1767"
"train","1768","78d388a5a75f6450ef55f58695ca19eb1b7cb7319f2bfc0a30a8b50e9f1398e7","256","256","64,73,87","64,73,87","True","tr-1768"
"train","1769","65e31092bc1154bc930b0a11d00e29448adfb5df8b8ed4511a873ffded52cffc","512","385","49,70,72,76,87","49,70,72,76,87","True","tr-1769"
"train","1770","048ee035301f1e3b0fe40659576b63854ed4fea87ec5949d99227d11202ac868","307","204","9,34,48,52,67,73,80","9,34,48,52,67,73,80","True","tr-1770"
"train","1771","169f9b9be11d9c2710e29f80865da4347745397f1adb5b928255bbae1e656f77","512","384","67,80,82,84,88,103","67,80,82,84,88,103","True","tr-1771"
"train","1772","945f512b8ff811706e283731e6958e098d339792ad55024586d960349b51a8e7","5312","2988","64,87","64,87","True","tr-1772"
"train","1773","13db5c3536311a251eb3bcf68a0dfb77de13b6b2a563790f8ca38ce6c85c1fdc","512","397","9,67,73,85","9,67,73,85","True","tr-1773"
"train","1774","63a8495f080a58b549f7846ae116aa4441c7169d89cb66b36d1636d698d0de2b","512","384","46,70,84,93","46,70,84,93","True","tr-1774"
"train","1775","7d43d590f251038f9fb625ba9e2be20aa706cbc842e929392d53551c8e78854a","512","384","8,53,73,80,85","8,53,73,80,85","True","tr-1775"
"train","1776","b9652a610b23133b4195873c1e5424ba219e569f2cac73df1be987d21d167577","410","301","10,13,37,89","10,13,37,89","True","tr-1776"
"train","1777","e22d89d6b4c67bdaee4d1792130a216650e9210efa5b9e5943789eb336bae5e7","512","395","10,30,32","10,30,32","True","tr-1777"
"train","1778","e2e198eb64a56e046bfb7db21dc98b7e71b3280e3cd9aebfcc3d7e9ba2d4bf3d","3072","2304","31,33,41,42,43,44,67","31,33,41,42,43,44,67","True","tr-1778"
"train","1779","7251d423c4187d7ec9b17a8c53d95149d0a6131783cb346952cfd80b6bec22b2","400","400","9,31,41,58","9,31,41,58","True","tr-1779"
"train","1780","2e8574ebdd57e152acb7751d9788a7740cc6e54c883dfaa95f099aa3a93f33e9","2048","1851","7,33,36","7,33,36","True","tr-1780"
"train","1781","468bfe8e6e4b2758ebece6aca4d4f1448427b5188bb3463cb064c7de7e4a6be1","512","384","21,49,70,93","21,49,70,93","True","tr-1781"
"train","1782","a7d56c2b29103928fead868feff0885dfa908f5757f257010cf610961bf73bb1","512","384","48,73,87","48,73,87","True","tr-1782"
"train","1783","300678358d2f600cd458bd49d0b7ab708640ce51fa1be30f2b55b0502932ac33","1936","2592","28,48,66","28,48,66","True","tr-1783"
"train","1784","232d9c7163743c225cba5e14bc5b0a007acfb5ec2786ec4e90f7675e0f771c30","512","384","48,59,87,93","48,59,87,93","True","tr-1784"
"train","1785","35f3ba1fb71706d005d692effe7000c709005e8c1aff956ec24ae9744bf04995","640","480","9,49,50,52,58,73,82","9,49,50,52,58,73,82","True","tr-1785"
"train","1786","a5c485a2211167a8901221870a19fbdc275cb7b019f1a9cb5d8f6b8636e3a84c","512","384","8,82,84,88","8,82,84,88","True","tr-1786"
"train","1787","f37b4abd650a8e46fdb914179a499bdd1380ef1ce3bb90523f85454535f75af5","512","342","5,8,73,80","5,8,73,80","True","tr-1787"
"train","1788","eb8824563619f83b72282419277589edefc0394ed60a1510236793f1b55de645","2400","2400","11,37,54,87,93","11,37,54,87,93","True","tr-1788"
"train","1789","9a2160298f1295d13cd26f71bf1dc1c9915f2ba84da103bf7d6831cf51174a62","512","405","46,59,65,84","46,59,65,84","True","tr-1789"
"train","1790","0edfcbe6cf67c31700cfc91a79454a285071019ea9ba4095b2faca71ada3eadb","2048","1363","5,48,52","5,48,52","True","tr-1790"
"train","1791","3100419c0c841a8682353cef5fc2c887c371b58475521758c597ebbeb19fc669","384","512","8,73,80,82,83,84,85","8,73,80,82,83,84,85","True","tr-674"
"train","1792","f728b3637c57f78581fa3277cd7858665923970ff361ff263daaa7895869ce9b","512","384","24,50,89","24,50,89","True","tr-1792"
"train","1793","ed1980fed0a486d254dfb86b0581868d89f12ec559165cd2c6c1ae3ace3ae18f","512","384","28,46,70","28,46,70","True","tr-1793"
"train","1794","7bd32afc901263f92d6e46ea95f74df93fb47d11e98de412f512a541bdfe596b","2048","1152","3,47,52,93","3,47,52,93","True","tr-1794"
"train","1795","f51c16378edd12c7887e796fa81ece9d2d01ca026887ff13ec28a9c0da6d60a3","256","256","48,66,87","48,66,87","True","tr-1795"
"train","1796","092a350dac125cbc8444e244e45e918423de4d8829f7932b8ba9c9900263cd03","256","256","56,73","56,73","True","tr-1796"
"train","1797","d073d0628c88b320b9f675b675dbad1ed4f5401558fabdbfc27e75807082be15","256","256","48,59,70","48,59,70","True","tr-1797"
"train","1798","dfe611c75e19b105020609f5dc072acc2997de171af1ad4560bc1fbce65f75d9","410","273","8,84,87","8,84,87","True","tr-1798"
"train","1799","17ef7edd588e665959983b55a5b04bd9fb3910ef270b0f774e43722480ffea97","460","550","13,58,81,89","13,58,81,89","True","tr-1799"
"train","1800","b2b6f0cced85084e2a86a05ac15d63e8313f575783f91b481a30496d6539922c","512","384","84,87,89","84,87,89","True","tr-1800"
"train","1801","c809bfc75b0dabee1c6f473b43a36c65c5c7f52a0bacec207eab5c0045cd2c1d","1480","1480","8,58,59","8,58,59","True","tr-1801"
"train","1802","64a14a3acef461d26e1aa3b95aaf01a6432fd082f7254f3169b0f854a5d73f44","512","342","29,67","29,67","True","tr-1802"
"train","1803","68a33a4daf46fd1e4eaa3db35bb5e42cca2d24f7fad7c911d332d8f929561eb3","512","500","48,52","48,52","True","tr-1803"
"train","1804","ebf43f40bd54a9523400e66275cf8a2feabcbc71c7c1b7946beae49db88b8b06","512","384","52,73,83,89","52,73,83,89","True","tr-1804"
"train","1805","ddd45c2c2c82f5ce4d59154ee0104424fdbdfa0d30f1d1ca0b427578746610d6","1440","1745","9,13,58,88,89","9,13,58,88,89","True","tr-1805"
"train","1806","8af19cb5de8826b67e1404a0b5aaf6ad19e1d564699eb9fa3852cac50dc5267d","256","256","51,69,70,93","51,69,70,93","True","tr-1806"
"train","1807","cf01bd9afee05f12804c07166a159f121cf58386535145125fb0e26001ef0211","410","273","48,66,84,89","48,66,84,89","True","tr-1807"
"train","1808","98faf9a09a521ef27fb25709fee4fee73c5bf33db09450114142f7d15a7a83d4","1920","2560","8,50,89","8,50,89","True","tr-1808"
"train","1809","f2162500b680fb707ba6eb9be48262ea0fb58e75fd05c0551d3895d0e4d63735","512","384","50,73","50,73","True","tr-1809"
"train","1810","c8e86f935da78a36a85325c085a735ce336d2629af2f5319771309cbe7fb3ded","512","337","46,59","46,59","True","tr-1810"
"train","1811","59e1222c406e1157a5c0f9c9928847f963878188fed477fd61ef054fc3a8bad9","307","204","5,84,103","5,84,103","True","tr-1811"
"train","1812","c4082b14cbcdef53a2a139ab8d38ab53c22e4d0dee25625e37a2b4882f57ea8b","512","384","52,84,89","52,84,89","True","tr-1812"
"train","1813","b1893835f3c35330cb097608f1ff70e0c25f07a6ab047a875b407e3a7a4e692b","256","256","52,58,84,88,89","52,58,84,88,89","True","tr-1813"
"train","1814","0058af86b9450323a62dbca38afa0835426c55ede486831558cc922c8193d51f","3264","2448","9,28,48,58,67,82","9,28,48,58,67,82","True","tr-1814"
"train","1815","ae2f0087fba621f94315cb2e90ecf433da01a87228206cc05b619cb65e93fbdb","460","550","10,31","10,31","True","tr-1815"
"train","1816","0ce7a0f9ae44ddd465f15e4675d8ccc2b895282d3eb68b797f3caa1e10f99b3c","512","362","44,61","44,61","True","tr-1816"
"train","1817","e334d483ba6049db78913c0ca6d80bc33532ba83ea5bb8e98b94952f07f129c9","512","384","3,60,82","3,60,82","True","tr-1817"
"train","1818","39992b8e99a5910e1e2dd82a9d8fd05ecdf95356b773fffc292960a490e17c6c","256","256","30,41,49,58,103","30,41,49,58,103","True","tr-1818"
"train","1819","cdb6046a493b42a97aa55dbe3d4c7dca5d44b2b090973817222bbc4ff61543eb","681","840","9,16,36","9,16,36","True","tr-1819"
"train","1820","8489eaff8f23fab57329b9e8398457c28b8ebaaa432df1643df98f4c65381d51","256","256","30,58","30,58","True","tr-1820"
"train","1821","8e483f87c210a5b01e871caa8f34adc7692912d4babad1217410751e761a7fc3","256","256","12,30","12,30","True","tr-1821"
"train","1822","2697759f2b918dee4129b3313cca2b4bdd43bc2263ec5afce01db52b93e400f9","256","256","13,58","13,58","True","tr-1822"
"train","1823","bcb43c5f7479e18484a2fd10e294154d66dce84c061661e166c984cd8c094a20","512","355","47,58,73,80","47,58,73,80","True","tr-1823"
"train","1824","7638bc4814e3fcb1cd76be0fa50a6f8245de0f828c8dffecfd793a43d16087db","256","256","8,46,58,87,88","8,46,58,87,88","True","tr-1824"
"train","1825","5723cb37029c689363fd8d4d1b2e94529cae21383545ce4a989ffa0a5a0a6e19","256","256","54,84,85,87","54,84,85,87","True","tr-1825"
"train","1826","2def09cda840e7a6d0d71f8b43ebec9eeb0b1394115a9b51b7c406d7c5f093c6","640","428","8,31,33,58","8,31,33,58","True","tr-1826"
"train","1827","0b3b9e660a3464590d0afb702f3da05b77375623e666c32d2dfe6b361bbe80aa","1000","1333","10,13,15,17","10,13,15,17","True","tr-1827"
"train","1828","4c194de1dceca71803e7f673b91310337960cae2f3c0803e9217d1018f41a2f4","2448","3264","9,50,67,73,80,82,93","9,50,67,73,80,82,93","True","tr-1828"
"train","1829","a0a8abecd5c096dbef1f81f7e2aa33c20ce010abdad587c73970f5489b44e167","512","512","13,58","13,58","True","tr-1829"
"train","1830","939485f4228b06fe8afd357a4949a38f49257832976a631b0ba198b1938633af","256","256","8,30","8,30","True","tr-1830"
"train","1831","41a4d798b8223745229345f855d0720b459b48c2b0a6fc3d06bcd2e3ca909875","3264","2448","8,48,59,76","8,48,59,76","True","tr-1831"
"train","1832","9edc10db741a7319013499b1e436e5c820ff279cc48aa093915066e41bce192f","512","341","52,70,84","52,70,84","True","tr-1832"
"train","1833","8a74028639fe03eea80324fbe26767a277606d9e8bef5f1f806f77b947bbefa9","2592","1944","9,47,58","9,47,58","True","tr-1833"
"train","1834","e1378815fb0200c31f0259034336567c2eea00196fafbde06024bb3e577aae10","512","342","8,31,58","8,31,58","True","tr-1834"
"train","1835","392b4b0b7ecd1c8f401455f43dc1822b4dcf88ebac0275a9a346b399a9745854","512","384","46,52,65","46,52,65","True","tr-1835"
"train","1836","730b4104818bd3dfd6b529b4cdfe3cbf2317dc4413b5d8527881b5116aabb4ea","512","384","37,48,70,89,95","37,48,70,89,95","True","tr-1836"
"train","1837","c29c096c6c9879e177b399279d2b1f5cbbaafa0e6b55a2b647d76b86d4cdef8b","512","384","44,54,70,87","44,54,70,87","True","tr-1837"
"train","1838","5565294751022baaea00375cf36df92b4bd88c17084f4ad0ab407e097e39a4d7","512","384","24,58,73,91","24,58,73,91","True","tr-1838"
"train","1839","d0bfd195252c308d3cabd9834a7f7c78aed399afd7ab93cb2e69f5827a33c6e3","256","256","31,58","31,58","True","tr-1839"
"train","1840","c3fa5dba268d30577bf73ac7a5cfef852a2d893c95dd0d0b44815fe386ab73ff","410","235","48,52,88","48,52,88","True","tr-1840"
"train","1841","cd9464a0a592dfb1a3ab48552998da1291140a0e3d3acf00a845e01711e3d2db","512","384","52,82,84,94","52,82,84,94","True","tr-1841"
"train","1842","380a785480315fce7c4ea21bd3978f77c490e3edeaf0238701d04b50924912d0","512","341","46,73,96","46,73,96","True","tr-1842"
"train","1843","702cb339f23baaa3b1b5f2959164b980606678424f7fb9a4be450cb712e38bd5","512","462","4,30","4,30","True","tr-1843"
"train","1844","177ded6852106a7f14ea0c7b26951c03f341bb2f6315503e3f2b265c7c712846","642","428","9,46,58,93","9,46,58,93","True","tr-1844"
"train","1845","0e73c6ce0193d6723ff2b895d6c805707c5d3050ab8b6162e33dd1b1ffb2dbee","410","353","8,44,89","8,44,89","True","tr-1845"
"train","1846","e7988d705bb48862207a51d12da732d4788c9d529cb9c23ca036b62329ffadd7","256","256","10,37","10,37","True","tr-1846"
"train","1847","20cc26e3022c128c7b036694a20a167ba202d5bd8fda1bf7cf996036acfe90c5","350","283","11,55","11,55","True","tr-1847"
"train","1848","aab3dfe9f20439390f627059af35e060f5c1542af207f3044664d2007cfa1f2a","3264","1952","46,70,91","46,70,91","True","tr-1848"
"train","1849","37419e6bce185e07a97b34af3e25475e68df706ead583da152702f4be283ffd2","256","256","10,31","10,31","True","tr-1849"
"train","1850","c0addb3e0b1e81b13d7ce0738138bf06d6488135874473eb8f348e2a55cec0a6","1836","3264","48,66,84,87","48,66,84,87","True","tr-1850"
"train","1851","0d7cff2c79e1304f49eb222be226cfdc6928c553708a68db8a6bf58a83c918fc","512","341","47,70,87","47,70,87","True","tr-1851"
"train","1852","4171e1e1333d0d4aaa66f5c877982f162b82c1127c443dbb6531332926255c8a","256","256","46,70,87","46,70,87","True","tr-1852"
"train","1853","295228081a57735b23ab4a4b547d8c8367b7e7b91bd89c1ae7f816f77d1ee896","512","384","46,70,103","46,70,103","True","tr-1853"
"train","1854","fa78bcbf9ae9f2c3e093e26d27211afc914e22148571b98202c7a7450486523b","300","300","9,73,82,89","9,73,82,89","True","tr-1854"
"train","1855","d5ae8410275de0b8a3da5f27cb525b88a1935963a1663af4a1ad3642bbc40809","512","385","46,52,84,87,101","46,52,84,87,101","True","tr-1855"
"train","1856","146a9b0af3a6e20eaf334dba8f807a2c2121d9c373b7da028f38a3440b7ca31b","512","384","5,25,52,89","5,25,52,89","True","tr-1856"
"train","1857","024576315dc33de1115be02ffc53f38008e5d19a6004d478157b70a0dd1845d1","1456","2592","47,48,66,72,84,87,90","47,48,66,72,84,87,90","True","tr-1857"
"train","1858","4c9124c6540614ae75e88c135b23594b96e9f98be6be8d45ab21ffd122d5cddf","1000","750","52,58,87","52,58,87","True","tr-1858"
"train","1859","6fa4be38bcda70809cd3fbfa771dcc4da2667f827f03cbd3b85662cc6df5214e","512","384","48,66,84,89","48,66,84,89","True","tr-1859"
"train","1860","2064d45beb0c92ee8e43fde6c6ecaaf996ecc239eae5f3ed2f4bf3acd3131714","1066","800","48,57,71,89","48,57,71,89","True","tr-1860"
"train","1861","c50f41bd1d8c90abb4d2b87c876055f91c5b6c963aba663f4601f88779e61ee0","512","384","48,52,66","48,52,66","True","tr-1861"
"train","1862","5da210bc31559ab5dc990a24fbabd79fdc54ca044512c94ee3b5ab8f1373a06e","512","384","48,73,80","48,73,80","True","tr-1862"
"train","1863","f5176048363582fc849062909486297d8e0e5b485a8aef5fd282949caefa684c","512","384","46,70,84,88,91,93","46,70,84,88,91,93","True","tr-1863"
"train","1864","cd01899e3f04bc570a511794aff1547e282ec5c6be444743014bd178a26930c8","256","256","8,48,59,70","8,48,59,70","True","tr-1864"
"train","1865","f5cca741c0feeafd77e2036741339a82784815315165d57538bdc5f3d6f99572","642","428","8,48,82,84","8,48,82,84","True","tr-1865"
"train","1866","1d843b38e841a7d8526c033b1e0aa26a7364ad4402f972826af0273df68ae723","512","468","10,31","10,31","True","tr-1866"
"train","1867","f8831b564bfd84b936e055ffc9dc0dff57fd57a65164d1039e8a90c4d94233b5","512","359","5,8,88","5,8,88","True","tr-1867"
"train","1868","1a0cab3b3ce9b010fb2d64d8add5a96a0ff4951eb9c2111eb7acd43237704747","401","512","31,52,58","31,52,58","True","tr-1868"
"train","1869","2132985624f6566a95aeb34474ae20166736562d3b988ee353faae297e26cee1","512","384","37,56","37,56","True","tr-1869"
"train","1870","7e3ea7a9322f1f7640cd454f7785a5ee7b466099e8c0c78012d9954e3c28580f","512","384","8,30","8,30","True","tr-1870"
"train","1871","f59dcd8a851f8dba6791a0475b81a3693ebc76a4c5b7dca46b26e843eec4e03a","642","428","9,14,46,58,82,84","9,14,46,58,82,84","True","tr-1871"
"train","1872","c8b568af21ce3c31b524cc421c5d5a400e11da365a8b7d4d11b857dabbd2796f","256","256","52,57,58,89","52,57,58,89","True","tr-1872"
"train","1873","0bbbcc0308dd8b88e772eb489bfe935dd81421fc9ae0c651a49119297b7b0d4c","410","273","8,30","8,30","True","tr-1873"
"train","1874","27a36d0d0dd1a7b66737eaf053495debf398530b9a51cc4eaa0aa1957027cf46","512","343","8,10,37","8,10,37","True","tr-1874"
"train","1875","a0ddcc83109368a29c36c78e7b5166cc4639ca5e43735125f80b97fc6630db76","512","383","58,82","58,82","True","tr-1875"
"train","1876","647bb699a9b57b234b5e5fb85f93f4489a0440d4f05a52ebd8cc72bda7c2211d","3264","2448","56,66,84,93,96","56,66,84,93,96","True","tr-1876"
"train","1877","9696cd280f7ce9217a8595fe89068c8fb763bbd650eb9a3d378865eb68be8ce2","256","256","10,29","10,29","True","tr-1877"
"train","1878","155a8a75c7d840f7564227f3d8d845f746f94a36e6613580d2fd2c410fc336fb","410","273","12,17,32,103","12,17,32,103","True","tr-1878"
"train","1879","84775887e258872213a2530ffb238f89113c52b86190e0b37b5f0eba41e1d339","2448","2197","46,65","46,65","True","tr-1879"
"train","1880","79b233d6cfd8b45ff1ea9a3d61b0e2ea13f82ecf86575c480c9d81fa75414552","307","204","46,52,70,84","46,52,70,84","True","tr-1880"
"train","1881","3485289a267b8f2151253be598290fa3480665badf759f251df90a75adb538ec","512","384","8,52,54,73,80,83,84,88,93,94","8,52,54,73,80,83,84,88,93,94","True","tr-1881"
"train","1882","f92addf276b17ece641daf1929b25cffaee02697a908c2e7bc0c584977af56c7","512","384","54,66,77,84,101","54,66,77,84,101","True","tr-1882"
"train","1883","706d2de4d20445037a2342fb7965a5945f5b2ad87996cefb9bfa6a2cc02604e6","512","384","47,72,87","47,72,87","True","tr-1883"
"train","1884","b6829bb748bd3021797e79a90b459b3b2f57d1fb98e18aa7844b9e1fe29898f2","256","256","51,70,87","51,70,87","True","tr-1884"
"train","1885","23dd927722d0e00bcc79debf91d79e7a84385bcd1caf26b696927f3c0bd67916","512","384","8,37,50,89","8,37,50,89","True","tr-1885"
"train","1886","d5628a67754099aa925824ce41a205fe242c189faa1cfac88b384bf0070c45e6","512","384","50,70,84,96","50,70,84,96","True","tr-1886"
"train","1887","8b53b1d7a1f348594bdcc4c3c8af4519f81c13e09390b8308efb53edb94cb9ef","1024","768","3,9,32,46,58,73,82","3,9,32,46,58,73,82","True","tr-1887"
"train","1888","1f5845cea430265f27d0d6012e812377110e52712d4c11fa1075a4d4ded0f592","256","256","44,48,70,85","44,48,70,85","True","tr-1888"
"train","1889","754492900d0dccbec782846285bab86cb05e9fca33af413f2b6a9d71ebc64b7d","512","363","46,73,89","46,73,89","True","tr-1889"
"train","1890","52a250b7e6328ecf1ae3257f4b2a0415260490e802275c2261b1aeccafe0e147","4128","3096","48,70,80,84","48,70,80,84","True","tr-1890"
"train","1891","d0de1967694a897d494f99ed9a1bd408b96b9e991ab1960d6344193b49d4c419","512","384","30,37,80,85","30,37,80,85","True","tr-1891"
"train","1892","1d74de8c4af5bf1be9be71406267155e26ba69d72626f5366598ac1064b9f4c8","539","960","67,72,84,87","67,72,84,87","True","tr-1892"
"train","1893","220255fd9db34d5e4504dc3511925718a9a37687cc796e2a17252e037c4dfdd9","642","428","10,13,31","10,13,31","True","tr-1893"
"train","1894","6c84bc4df612e8e0abcc20a823992e0b789ef10c5de547c1db72328a655f578a","642","428","8,31","8,31","True","tr-1894"
"train","1895","05db83642d17453fc1548c0c1d4f425958ce6057bf521ef8cb259a359e407fa8","410","273","16,58","16,58","True","tr-1895"
"train","1896","ea7f7605a68c3094885109cddd41189aa4fb7d5dddea380d475d6f09471b57cf","512","384","52,73,84,88,89","52,73,84,88,89","True","tr-1896"
"train","1897","1c5c8aecdad82e833eb1b2210d8d4447ba044b1f18fce1898d1174dcd4d45eb7","410","615","11,28,48,58","11,28,48,58","True","tr-1897"
"train","1898","596e17d1a34a6bb9a7cf04d46f3fcbd37d204becca95e32044b5a0912fe557a6","512","377","48,87","48,87","True","tr-1898"
"train","1899","eed8bf51ac466b83356e7703239c79c1b8a6fc6bee26b6fdf7abacc192685a2f","512","342","9,47,58","9,47,58","True","tr-1899"
"train","1900","aaf8db64766346d939231f616ea1e997b0cc08d095f9c3c8a360b0f8232fcfc3","1536","1536","3,9,94","3,9,94","True","tr-1900"
"train","1901","3ed26a99de2936a8c4709528ff2c904a744918781f0ec179dace35f761a90858","256","256","46,48,84,87","46,48,84,87","True","tr-1901"
"train","1902","7fada25e2acd7e5978040e29ec78aee71e49d104def4e757ff5c0731f5f07f25","1006","646","47,65,87","47,65,87","True","tr-1902"
"train","1903","617f201a7fd0330814737e57ea0849578548cf929fefad091ac3c943e1ac95c5","4128","2322","21,47,52,59","21,47,52,59","True","tr-1903"
"train","1904","8eee6eafe9962a7cfcf13aa56b2c4d6659ff6f8a7be59ad89e0c22481d62d881","512","384","46,70,84","46,70,84","True","tr-1904"
"train","1905","c4e87fb659a96ddd47876847974a984e4824c648c08122541d299bb02073d25f","256","256","37,47,70,85","37,47,70,85","True","tr-1905"
"train","1906","1738a23c128dd792155bcc4cc9a2049936dafc14f0fc0aac05148845707ffb1b","512","384","52,58,65,96","52,58,65,96","True","tr-1906"
"train","1907","44007d80412d00849fb718914dffbbcb566da12444363783632dc59467d3d480","512","385","58,71,73,93","58,71,73,93","True","tr-1907"
"train","1908","b67c27de0a9c83b3eb0e44882540162512985854d38835ac4af15c9655fde6dc","512","384","52,84,88,98","52,84,88,98","True","tr-1908"
"train","1909","6505f5517a1a631e69445d70af66e67b3e4a0262b070bd6376a0191c5fc915c0","512","374","46,70,95","46,70,95","True","tr-1909"
"train","1910","95d7eebab47f9308b50e3d79e810c9b4c816365ac609d9a21c6958175c8f4e41","350","275","8,14,52,73,76,84,85,87,94","8,14,52,73,76,84,85,87,94","True","tr-1910"
"train","1911","eae0c75d5fcea246d4d8cf88b2dd426ae2fe84422d33fa0f425bdf0c2db4a023","512","512","13,64","13,64","True","tr-1911"
"train","1912","80b83eb20720bbd6be677beaadb79b36cdbdc986139c135441ead0467aa0146f","512","384","37,52,55","37,52,55","True","tr-1912"
"train","1913","a453ad53281e7edf6b52d2b1e219ae55c5d6da319fdd20891d0533322fa23bd4","300","300","3,9,46,58,73,80,93","3,9,46,58,73,80,93","True","tr-1913"
"train","1914","40694e86e2f270eaed45524723e7169afc96f867b64de08e1cff23cb5fbf2a07","512","384","46,58,70,84,93,96","46,58,70,84,93,96","True","tr-1914"
"train","1915","9bccc1cc9e01d7202715383ed02063f2370d053c0775b102d8e2e34d43996d74","307","204","10,30","10,30","True","tr-1915"
"train","1916","26e6197fc70ad1a806c46c605304d737be80d107494a4affd3aeec2a1c0b9ed8","416","512","12,31,33,37,89","12,31,33,37,89","True","tr-1916"
"train","1917","b37f163ba356ea3c394acff248fcd92c13fafe5db65539b5a42c0cc48bf6c923","410","273","8,10","8,10","True","tr-1917"
"train","1918","6d0a881191051d954c92a556a417e381cd2057cced23cf1ad1aca12d9b616c86","512","384","3,9,46,58,80,101","3,9,46,58,80,101","True","tr-1918"
"train","1919","58f9c632f633e817614eebc715c216478f46cfe807fcfab9a1434574fc79f365","512","384","48,58,59","48,58,59","True","tr-1919"
"train","1920","32d8d637da4408a9d2c6beacdc5476adcadbc788c5bfe54d74b280ebc1e6d72b","512","444","48,52,66,84,95","48,52,66,84,95","True","tr-1920"
"train","1921","532afbcedf930aae97a77ff2368a46dd60db5224922469ae14354d698c74ad36","256","256","8,30","8,30","True","tr-1921"
"train","1922","434495ae1571b26860e9e4531eed704e338e997a8cb1e176c8983abb3b403967","2054","1472","48,65,84,93,94","48,65,84,93,94","True","tr-1922"
"train","1923","51a48eca2571fd9f920bacf606a1a8195f8259a70a02a4570a68628ef978ea5d","383","512","12,29,30","12,29,30","True","tr-1923"
"train","1924","c6d71cf14136bc01094625dcc50f048dd9ffd0de58795c99518c70acbd63a74d","512","444","52,73,89","52,73,89","True","tr-1924"
"train","1925","7ac4cda95bdea9fc02d275ff52eecfafa23af57c2cb955b71f90227e836196d0","1177","915","58,61,84,94","58,61,84,94","True","tr-1925"
"train","1926","640487cb1fbf051f78b5a875e4f29d4ae79a8ee5523b842a8e1c324f085b1183","512","384","35,37,46,70,73,77,89","35,37,46,70,73,77,89","True","tr-1926"
"train","1927","021b52c3e87bf75cf09441d35d149be2e626eb4982a754820a9ebdc6b7699da8","512","384","43,45,67","43,45,67","True","tr-1927"
"train","1928","17857894c0c8f9b8002ab9aea90f82dcfed0b502279db7fa1313dd6a646df13a","512","384","51,70,85,89","51,70,85,89","True","tr-1928"
"train","1929","e92011e1a4f68cab8b2188460e7707794f774d73442af6decde1d5bbe41998de","512","384","70,82,84,96","70,82,84,96","True","tr-1929"
"train","1930","d8984bed1e0ae201b58d9ddd10011218457869ab35e6b87ae3674eda24061aa2","512","384","8,66,67,84,91,101","8,66,67,84,91,101","True","tr-1930"
"train","1931","8ea1918a9f70360ed2cd235462888b527a0bd022004436f2d358aa6a624ef64d","512","398","48,69,94","48,69,94","True","tr-1931"
"train","1932","2f521c202d3f1797c63fafdafe7f0a63194aaae8e1e537ad0e44845a4d0d79f7","512","384","46,65,70","46,65,70","True","tr-1932"
"train","1933","9bc094f20aea3ff485b9ba9993b6ba4fd09888c8c7c78791fc0637ae426c6282","3264","2448","48,50,64,87","48,50,64,87","True","tr-1933"
"train","1934","77b7fd47c12fc5f136f7476226c8cbee27955b78560d4dd91dec2c67f4070efe","256","256","24,65,87","24,65,87","True","tr-1934"
"train","1935","28b16e23b263b1067fc49fd1392920dd9defbd138aa4a0b4b2fb2560d95c390e","410","273","3,11,52,94","3,11,52,94","True","tr-1935"
"train","1936","7496d11fa3dc4f0ce523de84d681203a137150b50812f2fa74497977247e1ebf","321","480","10,31","10,31","True","tr-1936"
"train","1937","44992c8476c0234b5bea739024c3d97205dbcc053f9d390452d9d950b7e09a30","3264","2448","54,66,73,88","54,66,73,88","True","tr-1937"
"train","1938","d0738af51fcb1d6e76af882e4e61f4c8a29008498937b376e907e9a33d581066","512","428","30,37,42,49,58","30,37,42,49,58","True","tr-1938"
"train","1939","89f8b160f9faec9cc9c8ae6d2397dab959fce51aca44c5e039a83e1f01f02b00","512","384","49,58","49,58","True","tr-1939"
"train","1940","f3fe039012cd22829f32d279cebe749e8fafe508a148565de1dcd3fdc4033bdb","512","384","8,10","8,10","True","tr-1940"
"train","1941","0594055ec687c4947adeaefb44bc470a0ff49f3b1c45e35fc997846122348d23","512","437","14,37,82,94","14,37,82,94","True","tr-1941"
"train","1942","0923b311c89f0b5fbb33a6d5ea90b370cddff9df2aae714e525e0a1023e21ead","1952","2592","8,30,58","8,30,58","True","tr-1942"
"train","1943","0f03616d094bde3502accb19422aab377eb33aba1a401d6bcc856c0c6f716e62","512","384","8,30,44,52,67","8,30,44,52,67","True","tr-1943"
"train","1944","dd5a9ba4ce443cf5ecf0ba8f49e03c5702c140bb932c3a00674eed0d9e9a5b40","512","384","9,49,52,58,73,80","9,49,52,58,73,80","True","tr-1944"
"train","1945","265eee87979c88aa3d4e2090361232969b8e4d2555df9d85a85de43826568d97","512","350","48,52,67,73,80","48,52,67,73,80","True","tr-1945"
"train","1946","4175a79d32afca65d12b40462b9234f2ac55f2e3111049be3570323c3c509876","512","343","58,84,88","58,84,88","True","tr-1946"
"train","1947","df91fcbba6179ba4db6180e88a6029ec4add09591b58d750f2f469911f2f6ad9","2560","1920","46,58,70,73,84","46,58,70,73,84","True","tr-1947"
"train","1948","9c0b88091cc1ebdae54853cc739e4c9da9a1b9386115f5f6c326917cde3f03f2","256","256","10,30","10,30","True","tr-1948"
"train","1949","cfd63e3225248bdbcaafd72dd57c09bbf3f5071944cf9563ba9849e5e05edd41","2400","2400","8,11,52,58","8,11,52,58","True","tr-1949"
"train","1950","5fc133a724cdd0f6a80cc7a11b1d23c4abd050781b7679d5d38c281c8144d3a9","512","384","48,66,84,87","48,66,84,87","True","tr-1950"
"train","1951","cb9fb7f58f7a7eee690ac982dc92d578ac729acaff2172deff09f9f7b31c2a2f","512","384","46,52","46,52","True","tr-1951"
"train","1952","190282b56876a814c9bec06f24c7e663c60ad64bf031ba18bc830a20b1145d51","512","382","17,47,73,89","17,47,73,89","True","tr-1952"
"train","1953","fe40cb3217af2718e654d4b0df49a1f2665e29be4121d58977bf8bd659035507","1536","2048","46,59,70","46,59,70","True","tr-1953"
"train","1954","bd7e0d9946f59ebf13433e6d6f88b571701cc6ee9fad8f818ee11826275196ba","512","384","48,64,73,91","48,64,73,91","True","tr-1954"
"train","1955","623a59b09a80275e3432fb10166de871e3bf109c2fd6b6d91aa8e9a05fca4ae9","512","384","47,70,84","47,70,84","True","tr-1955"
"train","1956","737a1ec82d15273f2ae2caacf41aebb20fac4e0332764660db0222f245414118","1000","750","48,52,73,80,87","48,52,73,80,87","True","tr-1956"
"train","1957","f355ce4b1685812f970f53b54ab3a792307416d7087cc060244c84f2a838b4d5","256","256","48,73,87","48,73,87","True","tr-1957"
"train","1958","e878efb7b5853263171c5ca1e24746679432b6cfd25d1a1a6d9f989634e17018","1600","1200","3,46,58,73,80,82,93","3,46,58,73,80,82,93","True","tr-1958"
"train","1959","f3187d236218a918bc44f9b473fc53d38187cdb62ff50239afd85f7806502a91","256","256","8,30","8,30","True","tr-1959"
"train","1960","bbe2d22a420580469bfe6bba3474de62d4fbf8d9a3eb7cb9ebe35cab01ab5b36","410","332","8,30,32","8,30,32","True","tr-1960"
"train","1961","4c451153f7f6b4abcb65b2dee9cd632abccdc2f0f0ec4a261afdcba89627a805","640","428","31,49,61,67,73,82","31,49,61,67,73,82","True","tr-1961"
"train","1962","49bdcdbbfdb85dc06742fc1654bdd14c19234db57bb29a99154f2c2de899302b","512","342","8,46,84,89,95","8,46,84,89,95","True","tr-1962"
"train","1963","f17f823200ea4718c4a2c61fb2f7f345ebe215ee9575ce586f3187cdaa9712d6","256","256","57,84","57,84","True","tr-1963"
"train","1964","d0fbc117c61bb5d7f2574c7c77ba46f51bec67586262a1098daee0135a537c2f","512","399","8,62","8,62","True","tr-1964"
"train","1965","6ddfcceabcb227c5434db0b9b134e5c77e39be4a59762b205905d5a73c77e00f","550","414","3,47,58,82","3,47,58,82","True","tr-1965"
"train","1966","6200e2e82c862c5069b098706011238c7b5b6e53801f77a2c8eee3404176050f","2592","1944","48,64,70","48,64,70","True","tr-1966"
"train","1967","ee45a4d85117f542ef1c2f8d7ec7a4113fa732ce9dc8df2b65f6c0aca83664aa","720","960","48,49,70,71,89","48,49,70,71,89","True","tr-1967"
"train","1968","2ad17d42cc0ad75a2c389fd126198a38aab99933003436234bc858118d6979f8","550","550","37,56,58","37,56,58","True","tr-1968"
"train","1969","86ac810a6d0426ceaff78c3fafac9beaba9ad0c376d2c1d7965c494afb3d63c1","256","256","48,66,83,87,95","48,66,83,87,95","True","tr-1969"
"train","1970","08a34c3f61f40cf951f011f92487325fa88cbd24655b1d62768f4054fa822e00","256","256","34,37,48,84","34,37,48,84","True","tr-1970"
"train","1971","fc1ff23275453c275b57e2578cdf29c1f40e778abf7acd6c62711d88303885e5","256","256","8,37,54,85,89","8,37,54,85,89","True","tr-1971"
"train","1972","d5bcec0fb221e224eebb349f5fe0e002fa06aeeeb9fe0bb3b16127bbe7b1f95d","256","256","14,41,87,89","14,41,87,89","True","tr-1972"
"train","1973","497e7eeb77236150a89c960a114b7f3d840e0afe69f4567f42ee332633ac7732","512","384","3,46,58,73,80,94","3,46,58,73,80,94","True","tr-1973"
"train","1974","a6038c30cc236b664e1f9581bbc0560e3a1d8a2f2bfd2c3b3de7c66824838c21","1000","1778","10,11,48,73,89","10,11,48,73,89","True","tr-1974"
"train","1975","b3ce3f86501faa067d3b79520d527f9f1ba7e064f91f94ba454bb14c3bed6d2b","512","336","10,25,41,44","10,25,41,44","True","tr-1975"
"train","1976","652701753196b7a612ad64f0d6c7902c8b75d655e76ca681c4ab847e36140e94","256","256","4,44","4,44","True","tr-1976"
"train","1977","e1ad859bdae0a4a14c959939dbb9af4704e447cf7136c7143d5fa846078c3236","256","256","48,66,72,84,87,96","48,66,72,84,87,96","True","tr-1977"
"train","1978","fa383f676d89536f6e9b798323259f4fa025295ac5b58719a9b8feffc7a4e3b2","512","342","48,70,77","48,70,77","True","tr-1978"
"train","1979","351d4b8650560b61d5e447d6631db7e4b7506bc18e3c9b47761f658a7d4dc8ed","512","414","47,72,84,93","47,72,84,93","True","tr-1979"
"train","1980","d5d654693e085aad7543c4f0052f4ee7c7416231fb7a5d7090c0e2b08d24729c","4128","2322","48,52,58,59,65,80","48,52,58,59,65,80","True","tr-1980"
"train","1981","45dfa7d1ae84a209bae4837f555d3e0593572b9d7bcc0652f3bd23dcbfaffc5c","256","256","46,70,72,73,87,89","46,70,72,73,87,89","True","tr-1981"
"train","1982","e46badaf2f4272378aba40ec0c4e737a8ccae66123c0d161905cdfc8bd6da7cf","512","337","67,80,84","67,80,84","True","tr-1982"
"train","1983","a8bee88d584c6fe111d920f0ef42061da36760ba838e342187d93a1fedb6ee98","512","366","5,52,82,88,89,95","5,52,82,88,89,95","True","tr-1983"
"train","1984","11cb7d938f287b752446490bd073924ae599067732e2cf615dea350d2198487b","410","292","8,10,38","8,10,38","True","tr-1984"
"train","1985","8581d059f08ebddca60d1cf1b134fc61eb7edcf7ccbfba32c89b9fddb15f1762","550","413","5,25,58","5,25,58","True","tr-1985"
"train","1986","9a9bd4def5ba7e8333acd098b6c7080317451f52af11f8c793870a25c34dd600","512","418","28,37,58,73,93,94","28,37,58,73,93,94","True","tr-1986"
"train","1987","bb3a428e74abae6719e45cde755363467f32c6ef48666e9aef4f5940b05b6427","410","273","46,58,80,84,89,93,94","46,58,80,84,89,93,94","True","tr-1987"
"train","1988","5d5ee69d5e4be8c8fd99fdc9d087696eb7918503dbe49e4d36b44a890726cf9f","300","300","52,83,84","52,83,84","True","tr-1988"
"train","1989","d3955cced1720519edd6b6f568b1fc6c1abb2a3ea7d060bf15595e311a01cc8f","512","384","12,32","12,32","True","tr-1989"
"train","1990","29866d139237040327d08aae2e8dfa3c17ca06d475b75a1a81da05e59d461e53","256","256","11,51,85","11,51,85","True","tr-1990"
"train","1991","db8866de550dbc63447c08ec32a5420cb5fa9ed88a68ab94a4d2b7b1a9997ce7","512","384","16,37,89","16,37,89","True","tr-1991"
"train","1992","40c36d6b05abc1f273c7d7428c46ee9533091ab9545070d9f61af7e156059421","512","384","41,52,58,80","41,52,58,80","True","tr-1992"
"train","1993","4c45fd70b64badb27f4bd42d8f14e2725b5bcc74a6e64208d01e94f4b8192a24","512","384","47,70,84,96","47,70,84,96","True","tr-1993"
"train","1994","830ebe0cf2c82fa829721c2c179fbe2d4adb4d09b6ae19aba7bc1238eb4467fa","410","307","46,70,84,93","46,70,84,93","True","tr-1994"
"train","1995","1eb1ea9b07ed72f4045d537b76d4fb915d84b482ad621f4ac7ab4218008eb5cd","512","384","52,63","52,63","True","tr-1995"
"train","1996","10e2ae89fa6ac7f9c6215616a8462356cf81a0b70d10476b76367575e1b07c31","1074","1074","9,49,58,73,82,89,96","9,49,58,73,82,89,96","True","tr-1996"
"train","1997","a4bd715f26f8ee6cf2bdddca1d3df067cf941a7de42e31b7b10fc90b6baae4c3","512","408","8,37,48","8,37,48","True","tr-1997"
"train","1998","876248e445a9fb97dfdb102ed71061e7ad3f525ccaf1c1ae82bec5824b0946a6","512","384","48,52,59,87","48,52,59,87","True","tr-1998"
"train","1999","39d36fd6ea96b4d35656ac93c9b3ff3f9a58ca2b17fde85b1568f08e449af081","512","384","9,70,83,84","9,70,83,84","True","tr-1999"
"train","2000","34c085cda42d6eaa1aaa68ea02d435d077e9808faee6a3b485a661279bb9bc85","512","337","58,64,84,95","58,64,84,95","True","tr-2000"
"train","2001","5842e8c743c70b1b54237897b7ea0668870601fc3950933842231426998bd395","512","380","47,59,66","47,59,66","True","tr-2001"
"train","2002","39ada121990b4d0d9e16b31179a5a8c69a74f43c5b0deb92cbfc369682dbcd41","512","341","47,70,73,80","47,70,73,80","True","tr-2002"
"train","2003","5b72c305c13fdcf2e4ce162ac063f029f3007c2fef1fe8f5685319e5871e92c2","512","384","44,49,67","44,49,67","True","tr-2003"
"train","2004","5abe733efb1f9a70da1351989037298b7e2391a2f3c7bb062baeab7e7f62e756","512","384","47,52,70,87","47,52,70,87","True","tr-2004"
"train","2005","7448f03aab3654cc59cd358079d1da2d579cff3cff2d4d065053df1fe303ff71","256","256","30,58,67","30,58,67","True","tr-2005"
"train","2006","d37e73fd4b0c2f9eec6dc095319fb71ef0e9d9026d04d697a749e98a8ba1893a","384","512","48,66,82","48,66,82","True","tr-2006"
"train","2007","795d0bc555e426a6d3d19b4ecc9502866c0cdc538a460526f2b3c10012d21213","403","512","52,67","52,67","True","tr-2007"
"train","2008","adfea7454afeec8499088eeb74ca926faebbf0133780f8a5f113506b021f3395","512","384","46,52,70,96","46,52,70,96","True","tr-2008"
"train","2009","7221af0b2f7a8c226d1bc9927431aaa0bfa56be782b65e06740e96b45655b13f","512","384","70,91","70,91","True","tr-2009"
"train","2010","6d41c855024e1439d1935b8af8c2d110a6bbf9611eab8ffea2891253d34227cc","512","384","47,84","47,84","True","tr-2010"
"train","2011","178997eb998478395aa1f0d7e8751c60ae05149db86853074b4bb5b541195cab","642","428","9,49,58,73,85,89","9,49,58,73,85,89","True","tr-2011"
"train","2012","5dc9086e3837dd6b35667e916d3e5128ad6c8f41697c1ebf7007ebd24d3dbaa3","307","204","5,61,84,88,94","5,61,84,88,94","True","tr-2012"
"train","2013","53d3c52a1eab8071f5a9ca11cd39214341b1a4bfd96bcf4c8c04f33f0082d927","485","512","5,13","5,13","True","tr-2013"
"train","2014","535a9ad813a7c556b583170d012b14223d21873ec91e6fe9d7c54e2c4b754d22","512","384","14,37","14,37","True","tr-2014"
"train","2015","f6a88387f4ffca13c2514579a142e7b44010f00fc7334c8e59633377ed556687","410","274","5,31","5,31","True","tr-2015"
"train","2016","e7784c3be7ca25d8137cf0530e02c231f711059ab8717496b35f1626f8272bf8","410","307","12,25,29,41,89","12,25,29,41,89","True","tr-2016"
"train","2017","6e83a42308b99586c3b75eafbdc55193e21af00228f1993d129eeee3745116e2","512","387","47,65,84","47,65,84","True","tr-2017"
"train","2018","4b3e0c789ee5fba8362624f8f648066088990595e83e0c3cbaa17ba6e2102cb7","512","337","57,58","57,58","True","tr-2018"
"train","2019","dcab62006f17cdadb4bc10638c626bbce842a03686fde121a2881ad18dd50377","1536","2048","3,46,49,52,58,82,93","3,46,49,52,58,82,93","True","tr-2019"
"train","2020","f9741b1893d2f53d9be2b0374fd7797c65bf1ff7f11598024f800e24aa832b38","2448","3264","48,52,59,64","48,52,59,64","True","tr-2020"
"train","2021","9c000d5a2366f92650a42771fb69aeae26eed1be1a0777e282e5972477d94cfa","1000","750","3,67,73,89","3,67,73,89","True","tr-2021"
"train","2022","46ec4536493569d321f6586ff9b92b592fcc281e949ef4812af418514c21f836","256","256","46,70,87","46,70,87","True","tr-2022"
"train","2023","041eb3666e9c1914b771c66363ab11c5271be12699d68943ba19f0f1be86de28","512","384","37,54,66,73,82,94","37,54,66,73,82,94","True","tr-2023"
"train","2024","9991a1d0c690b479f971d1cd9a6f678710c2cbee94f3a51f2fa20436cdeb637a","550","550","8,41,58","8,41,58","True","tr-2024"
"train","2025","b4b539c1680707411893f10f22fc7f2b8bf907f6703453413e5bab3099a11a90","1600","1200","8,46,59,70","8,46,59,70","True","tr-2025"
"train","2026","51d2edfeb32fb61f7b70781224eb5507e36ccef7df9bd0fadc636087f985d47c","1952","2592","52,58,70,95","52,58,70,95","True","tr-2026"
"train","2027","3cab9f8dde855dd47158c077ad4e591e3192caf55f6b902b35442e032aff3927","512","384","37,52,67,70,85","37,52,67,70,85","True","tr-2027"
"train","2028","b3dc7d265f8ac1461ee0ed38a5be1af71c9653eb72e53c45bcadbec08e12999f","512","384","21,37,48,64","21,37,48,64","True","tr-2028"
"train","2029","423d7637516db56bfe5ec9cac6685533841a2e38583a0a0fa7c98594169aea07","256","256","8,50","8,50","True","tr-2029"
"train","2030","13f0c5238a1eef4786962e915c42b21d6d5204bf03ccc74befb9536d13a1ba1a","410","543","32,103","32,103","True","tr-2030"
"train","2031","dbc9a8da0c53c0289c01dfaa76d6add2a47d5b49101ae9cf1b3ff7f7ba639122","2592","1944","37,44,48,66","37,44,48,66","True","tr-2031"
"train","2032","bdf11ec5dca77a02a75080cb4242592f6488b8c3baf8bb288b03ebfa14f8ba65","1506","1026","37,52,53","37,52,53","True","tr-2032"
"train","2033","811af3bf3a5cfc5e687f661204841e2f6ebfd96a08828e53438f1693e1fb7ac7","640","428","8,48,88","8,48,88","True","tr-2033"
"train","2034","63a0a40015fa260cd639b1972b3f1c6a7d16565909dfa35b8abad70b24eee3bb","640","428","17,31,58","17,31,58","True","tr-2034"
"train","2035","d19e7008acdbbd4ac35d2d33e45aa342ffdf26d67bf8b4ba82e44474da53c3eb","512","434","50,58,70,84,87,95","50,58,70,84,87,95","True","tr-2035"
"train","2036","0671e0d88b654bb3a77b30f96b97997e09aaafc93d642c7b994c4972f65519b5","2671","1872","24,66","24,66","True","tr-2036"
"train","2037","53e4e9f190f4a58c3b1e5597c82e38efcd457c9d2fb545a8165ba9ed59501559","512","384","37,48,66,87","37,48,66,87","True","tr-2037"
"train","2038","8219b36c428efab0901076b903ec1a6e2669cbe2b3d0053d019eb828c0754ac6","800","800","48,73,90","48,73,90","True","tr-2038"
"train","2039","1bdee43980e05d07c1ec29f84b29447c49e6b40bda515566bc071bb6948578c3","1536","2048","8,48,52,84,87","8,48,52,84,87","True","tr-2039"
"train","2040","4175b372300bb51334a15873231a0a5054c6c5c76679ec8b42e8517f87baddb2","512","384","3,9,46,58","3,9,46,58","True","tr-2040"
"train","2041","e745b140ec3cc1ec69ad89bc32b2788cfb1565ac3a4999384879931fbe5e4ad8","512","384","46,59,70,73,89","46,59,70,73,89","True","tr-2041"
"train","2042","8e23a3609763e92cc81b3e91865ee7b8d505c6468f431458828dcd765856c592","410","252","10,85","10,85","True","tr-2042"
"train","2043","1d0c3d47810be5fba5c9f324f14ba2c95943ec58eed7ce2f2ef01894a0e72401","512","382","21,48,65","21,48,65","True","tr-2043"
"train","2044","028d14ea2c3e66e0be01bfe8c2c38e3eae7c7025e451037540b33eb9d4371502","3264","1836","48,66,72,84,87","48,66,72,84,87","True","tr-2044"
"train","2045","bf64daa67a2eaed828bb2aad4138798d09b37edcc3e4dacb44e65a930bf38bc5","512","384","46,67,84,89,95","46,67,84,89,95","True","tr-2045"
"train","2046","1c7d70bc7dc8384986046c10e180cf818202911ffb3f8ac05c28d3aadc402b6c","512","389","48,59,70","48,59,70","True","tr-2046"
"train","2047","6edeacbc3da37736ac09251b12040c779b8452251888e7ca36f6ba1bdeec6454","256","256","37,54,73,87","37,54,73,87","True","tr-2047"
"train","2048","8be75b75c996fa430b4f1ad21fc2d8bae42caa1db7e6048f3685de4bcf49dc4a","512","384","44,84,103","44,84,103","True","tr-2048"
"train","2049","f8279c57e9819563113f3e154addc791481a153b460bb32f04283212bf131914","3264","2448","48,49,70,87","48,49,70,87","True","tr-2049"
"train","2050","376fbad63e1957b8929fd4f2fc53be741bebc01b20383eca369b8ea0aae0c3b8","512","384","48,64,80,84","48,64,80,84","True","tr-2050"
"train","2051","fba62bb464afbed1169dc3b665aee1663fed17306a9769b817ecd3e2cf6c61e5","1944","2592","8,21,47,58","8,21,47,58","True","tr-2051"
"train","2052","0106c172e409a5f0a46c66206afac4826beee3f3577f2c1a6ce94e706fb038ec","512","375","46,52,59,67","46,52,59,67","True","tr-2052"
"train","2053","2b2e35dc34669704d860f1b1a89dea389c0134c8f13087ae192d9b6158f8fa98","512","384","8,48,88,94","8,48,88,94","True","tr-2053"
"train","2054","137deaa440bd3add7e7281996027c54a49eeddd3bf80c07ddbee57474c358e83","256","256","48,87","48,87","True","tr-2054"
"train","2055","f23334d99f072ecef2bb3e05007dc92bc9fdcbce9df976f608e007ac1794a4be","550","547","46,94,96","46,94,96","True","tr-2055"
"train","2056","dc2a82de6aeb41c3c0b219779fc96262757b69d884d18b834dc9845822a5491f","512","384","15,24","15,24","True","tr-2056"
"train","2057","c38898ad1a5023d06c580290612e4e5e56faa70c53fa2cddfb3b5653520d24da","3264","1952","49,58,73,80","49,58,73,80","True","tr-2057"
"train","2058","8688a323c299d0307d04ea44de25c6aef716067f19471054fb977be7a6f90906","640","480","44,50,59,85","44,50,59,85","True","tr-2058"
"train","2059","d6a8c22b99850d9d410ef52e31072d26b720ac636e6e09294be96c636081628c","512","345","3,14,45,46,58,73,80","3,14,45,46,58,73,80","True","tr-2059"
"train","2060","29ce0a90e38f83cd86048dbf8369f95e44e7e26b3a21fa9e1bd6d2ace81089b5","512","384","30,34,42","30,34,42","True","tr-2060"
"train","2061","9d036905315fa602687bbb5749f33fce858b9802ffe08e0cad7c2803deb8caab","512","384","52,67","52,67","True","tr-2061"
"train","2062","5fa3fe2562b7cfc2138480d9162f41d78c3f3cd916ba8593308b5063e1c3ae44","256","256","14,37,44","14,37,44","True","tr-2062"
"train","2063","8fac53198986fee79d53b24826380953f361c35447f529e33d79d1a87a555e0a","256","256","12,29,30,32,89","12,29,30,32,89","True","tr-2063"
"train","2064","e47b702985be1d3cf09fa05de3f96b78a66c3eacbf0c4a474f7cb483df16829b","256","256","46,70,82,85,89","46,70,82,85,89","True","tr-2064"
"train","2065","7e91239c16b3bbc77c097ed2afeb1e3714757c69492d655d9a687ada53979783","256","256","37,58,70,73,98","37,58,70,73,98","True","tr-2065"
"train","2066","768bc2b11ee85a52d446f90c8120a62173b58974867c6b655147e206de3a1a6c","512","379","48,70,84,95","48,70,84,95","True","tr-2066"
"train","2067","b454d867caeadd7b8e4f367cec17eaabef36251b21404c00766b85a6c8d80e2a","410","273","46,58,70,87","46,58,70,87","True","tr-2067"
"train","2068","38421f9a47a958737ea1f89cc45701ed1b229ae1caa80cf771eda98681cdf0cf","3264","2448","52,67,87","52,67,87","True","tr-2068"
"train","2069","7927fc74b99cdc52a1a7f6ac1f74eba742a11d0ccb169409461576809613784e","1024","768","52,58,73,80","52,58,73,80","True","tr-2069"
"train","2070","0c9a5b99d64d9e6e534b505ce6aa2fcfad1b5035f98139a6aa69fd292b5ae0ab","512","384","9,66,73,84","9,66,73,84","True","tr-2070"
"train","2071","b2d0888aafa3089ca6a7ac2cb449b8df8038ed6078ee84fbf995fd335e5eb4e1","512","336","37,47,66,87,89","37,47,66,87,89","True","tr-2071"
"train","2072","da1b545b14946bb2161119920a66c1c5df3409274d23c0a342718d6d2052887c","512","340","31,52,54,66,72,84,87,90","31,52,54,66,72,84,87,90","True","tr-2072"
"train","2073","b5ae28a10a870c4ec46c5d856db7757125a096c64b459d6839d144f387c1ac60","512","369","84,91","84,91","True","tr-2073"
"train","2074","167265f85235cec1b3ccb44130af83aa0d0dcb4adf9fe4befb4433b48577f13c","2592","1944","52,64,72,84,87,94","52,64,72,84,87,94","True","tr-2074"
"train","2075","23773b1fce1aee23f3e5f208ff0c74c2f6c64b101f57a9d0f859a37ce13874b3","512","384","21,48,64","21,48,64","True","tr-2075"
"train","2076","9ec7e4ebc0790e25c2b02a95fc173b7b19b6805006ce6d15df8f9814dc32b55e","512","384","47,48,65,87","47,48,65,87","True","tr-2076"
"train","2077","db7e9f271bb3f439eae60f0e0e6619c423d99feadca7ca477a7e5d25324fc4ac","512","384","8,29,30,36,37","8,29,30,36,37","True","tr-2077"
"train","2078","db85fc3af7a2b51c077bdd9243d244c4218fc3d56c4c34d17ae0069232a40899","512","382","48,58,64,96","48,58,64,96","True","tr-2078"
"train","2079","6b843811e8e5eba917ce95823be33fb2fba64a1b3354fcbfc180e165bd0f79f7","512","332","48,58,70,82","48,58,70,82","True","tr-2079"
"train","2080","86bca6afd7da8e019475f4ceab3c4e963124d24102c3e77381cdcbaa9bf25230","256","256","46,58,73,80,89","46,58,73,80,89","True","tr-2080"
"train","2081","4f5b53432201981add027435a8f341a9883e2838929a3c4ea6fda3e3f009e62f","512","384","48,65,87","48,65,87","True","tr-2081"
"train","2082","a924b176ba7491ff97e491436c955e2dce15f3245b1497458cb82eb2a3a9d663","440","512","56,58,89","56,58,89","True","tr-2082"
"train","2083","c50ccd8dd80e537830f75373e4c35c911ac44968afe7d1bfdb60290fbc382147","256","256","24,96","24,96","True","tr-2083"
"train","2084","9ee63b2be79c4ab993b061ab2d4dcb30f7891c4118b02936362f59b92d549d3b","341","512","52,73,94","52,73,94","True","tr-2084"
"train","2085","49bc9265746641dc8d46c3099ca2a2f470375e83ada810058b691ab9bd9218ab","512","384","47,59,87","47,59,87","True","tr-2085"
"train","2086","60faf85fdfe391dfc3f9c43f0a91ee30988061045eb7f89c80844626eb26409d","410","273","52,72,73,76,87","52,72,73,76,87","True","tr-2086"
"train","2087","b590a42a31de0830a67ac529af7aee18374a569e64618403deedb8dfabb5149c","512","467","48,66,85","48,66,85","True","tr-2087"
"train","2088","4c2e6130a9f17afa071247b49002197e242353e99a435148ca594485a9cc281a","640","480","48,80,84","48,80,84","True","tr-2088"
"train","2089","ffe65f78117a221640987be692ef4c99da02c03c92b893e96a6ea00602c488e8","256","256","47,52,70,71,96","47,52,70,71,96","True","tr-2089"
"train","2090","9030b3dee984a3144966f2996f020817d1bdd372d386eb9cbe0bc732d6524bbe","512","409","12,30,44","12,30,44","True","tr-2090"
"train","2091","4b7eda43dc659ed38522bc83fab1ec19687c3b8ce309ed3475af0983bb65c26f","512","384","3,47,49,73","3,47,49,73","True","tr-2091"
"train","2092","4b4f5da09e7b8c2a421a758abbb14a91250107eb9420548c981fbe507c1a3f40","512","384","30,58","30,58","True","tr-2092"
"train","2093","a52047f23a6bea02510100a3dfa60c3b3a6f16ff9c5a9c2541448c96173e28ea","384","512","10,31,44","10,31,44","True","tr-2093"
"train","2094","0a4a2380d22ec60ab60353457b865942858590e8432ae2fdb703dc3c8ea51b78","2048","1152","3,8,48","3,8,48","True","tr-2094"
"train","2095","8ad6311cb240cdfb15196cee472bcfd58ab5cdd20b62eba31bcc858227882c24","2048","1536","47,58,59","47,58,59","True","tr-2095"
"train","2096","65d7290649039b93c5e9f732868e8324363b2690b785c2c7367ec069798a0998","512","338","51,58,84,96,103","51,58,84,96,103","True","tr-2096"
"train","2097","d067194b8717329a72c2f61cbe969711ef4923ad7e41ad5945f01a19b3f38db7","683","552","8,33,54,67,89","8,33,54,67,89","True","tr-2097"
"train","2098","0ff8edca4df709588015a7559dae1051d7bd734233d2da9dac2891e60b11f674","512","299","8,67,82,94","8,67,82,94","True","tr-2098"
"train","2099","a49822d9d35b8d7231b0728f6c19426446060f228b12feaacb4eb592fe668bfd","512","384","3,37,46,58","3,37,46,58","True","tr-2099"
"train","2100","16bc34f349f477f96baf8cd47b3a1597a889cce5732b3787f581cbeff827231b","512","346","40,66,94,96","40,66,94,96","True","tr-2100"
"train","2101","a8c72d85e38455e20fd322858eae1b32909c1b50792eb3f55950808a9b94ef27","640","480","48,65,87","48,65,87","True","tr-2101"
"train","2102","1183f95e64a00afebe8fb7d8b769f5c19db8923657ef992ec95b13bcea83dfff","512","384","46,73,89","46,73,89","True","tr-2102"
"train","2103","70cf2973723ba336ae16ec06024148128c9767fce60d2eed30949db773bf84e9","512","384","8,35,82,84,87,88,89,94","8,35,82,84,87,88,89,94","True","tr-2103"
"train","2104","fd08f34c8c462d149be61ab7b939f2ecca83ec6cc391d763fc91b2b07a2a287b","550","550","48,58,73,91,93","48,58,73,91,93","True","tr-2104"
"train","2105","a9f7deeedf77743f94715fe2240a00884ed3ca6ad70eee40d32560896be8bf29","256","256","58,61","58,61","True","tr-2105"
"train","2106","0f064bf5329bc6ef77f10a69dad8955f25624c11eb7de853952527791c3828be","410","576","5,13,22","5,13,22","True","tr-2106"
"train","2107","bc6586d192e9bf4b4df8084272d1b5403204a94927f7f0088399711b09c024fd","256","256","9,47,59,70","9,47,59,70","True","tr-2107"
"train","2108","3f4a613c9748069bfb64ff10ef90d51909cfae3a891334d057c695e40350c785","512","401","46,52,58,82","46,52,58,82","True","tr-2108"
"train","2109","e4eab555938c48a12bba4248aa5d160a5a3365f8b07f6e7ff05bc1fb4e35b3ff","1536","2048","24,50","24,50","True","tr-2109"
"train","2110","6cc0407fdd98093c9c2636cd746152403b620a4372d77ed45036e7d96855af03","512","485","20,56,66,84,96","20,56,66,84,96","True","tr-2110"
"train","2111","d80035651f73c19298552a5db471b03f402d0837588c5f47ac82051fa8928c18","512","384","4,8,30,58","4,8,30,58","True","tr-2111"
"train","2112","be3972cda4fe581024cd399b8f32c2226a0735a3ca6d87fee579da3f43a079cf","256","256","48,70,87,101","48,70,87,101","True","tr-2112"
"train","2113","17329c9f268acacce2403e8f29e4ef586728e9bab436f2562213f81648fba6ec","550","480","24,31,89","24,31,89","True","tr-2113"
"train","2114","443a15f72f00bed8eb4aeabaca3d15bcf2827b9b7f4283abe4337217a8e393a5","256","256","10,30","10,30","True","tr-2114"
"train","2115","7e8441166dd79601bcbba5d792c7cbdc1577eb4c6581f69ffbcb588f0a17b4be","512","507","4,30,58","4,30,58","True","tr-2115"
"train","2116","70dc710334a07532f5deb44fee62bb3af4b8e2a57291db22a4f8ce4b121d819f","512","384","5,52","5,52","True","tr-2116"
"train","2117","d38a5a2339b7bbdb94259f6ac59ddcadc07079a52b5414cf95883d46f587c3a0","341","512","46,48,70,73,80","46,48,70,73,80","True","tr-2117"
"train","2118","78f04fc191154ffe15e8dab1c5973b4c94be267683979da3e98e2f65565163aa","256","256","54,56,73,82,91,93","54,56,73,82,91,93","True","tr-2118"
"train","2119","e927449f2328bb994ebfb72e2d63e98d90a5bd8186b870827620c6eedfe00703","256","256","52,73,96","52,73,96","True","tr-2119"
"train","2120","1f0955cbee51b529b6fb80be919d2eef2a4f29fd00156b15a8a95dde8af983f9","2048","1536","3,52","3,52","True","tr-2120"
"train","2121","61437d4d6ae3097a14daf01581b9aea679a8b0632e6fa88b8b6e1c3755c14b4d","512","341","46,52,58,59","46,52,58,59","True","tr-2121"
"train","2122","6d8cc984487b8caa1f5acbd67c693464d4dc24ab0e7212464ce44efdafecd6b6","1280","800","14,24,49","14,24,49","True","tr-2122"
"train","2123","3065eb5da9b5b450cf8598949875352411a6dcd71c5e10ce446afe56b61425c2","512","341","8,67,73","8,67,73","True","tr-2123"
"train","2124","1108620984535c8d1b678fc680914ac7e1e6561fff73b8495680c0028c1ffe5d","512","384","46,70,101","46,70,101","True","tr-2124"
"train","2125","712c5ea67d189fdc8dce916daca0f50a2c92d51bcc66a93ef74a7c2417ee884a","512","384","58,71,73,87","58,71,73,87","True","tr-2125"
"train","2126","f4606b7213fa7a527e0ef08856c665ce1786add42686d474246b6d118e0e1164","512","288","52,82,88,94","52,82,88,94","True","tr-2126"
"train","2127","949a85d5bee597f98b4308febfe78921d05c6017fb377632277b70fab878586d","1810","2517","28,48,73","28,48,73","True","tr-2127"
"train","2128","c9ca543849cab5e24a3da7525fd643dfadcd743c6dae10190b4cdae09180d24d","512","326","47,70,87","47,70,87","True","tr-2128"
"train","2129","03a43b61e962d8fd314db2653dfedf0fbb9d8a474c077ac9f2c8291820b838c7","384","512","30,41,43,44,89","30,41,43,44,89","True","tr-2129"
"train","2130","b13a0d5548d6160951523242e6919c9dcc0b8ba2fb9fc9f9e8f065d223c6d54e","512","384","10,30","10,30","True","tr-2130"
"train","2131","62edabf0bcb461a0988c9e21c3157bb3411656698828f4653f69a24017e6604c","512","384","25,52","25,52","True","tr-2131"
"train","2132","844b0fb14e8c84f4772e02c4b47254e7db72d1043e829ea55f97750e9dbb434d","512","451","37,46,84,85","37,46,84,85","True","tr-2132"
"train","2133","cc42803855d81f3758be506ddc7b3b64b19713ae737f4634914761639f464f4d","512","496","46,58,73,93","46,58,73,93","True","tr-2133"
"train","2134","1006b2e72ee52d7b31e591d512711382a52d82734cc1af44ec76a6dcdba8db87","256","256","49,64","49,64","True","tr-2134"
"train","2135","59c8297e9a2d9f322c0a3997cbad819862f542f598a14389aec5e5b220ad4c02","400","600","4,13,52","4,13,52","True","tr-2135"
"train","2136","191ef8a1e53565e57c8b06b2ff05557d35bcdc7f8e3e06cdf81845273d9fa045","512","384","48,70,87","48,70,87","True","tr-2136"
"train","2137","617cec48ae7a6e914576eb67455c69c1c1a9c117c8bf611d9042e1027a7f25aa","512","385","52,64,84,87","52,64,84,87","True","tr-2137"
"train","2138","9367956bbf835776248864e765bf1d589751d275057be5179a4bafc06b10e680","512","341","46,52,73,82,89","46,52,73,82,89","True","tr-2138"
"train","2139","512024a610b942c095493cb22ccfe2589a44cdfb1e623457a1a6a5d7e78d4e8f","512","341","8,47,49,70,73,87","8,47,49,70,73,87","True","tr-2139"
"train","2140","802e71e3bd0b5f12a6233d7b20033a0cd3ec3aaef63a46a948c2ff2913affd5e","512","384","48,70,84","48,70,84","True","tr-2140"
"train","2141","fd332de99cde5e9c92984f3ae1821ea7ffd5151775f3ffc61b7f3f22c1a7e8ba","512","385","37,67","37,67","True","tr-2141"
"train","2142","ec0a93bdd1046ab5c98465435d87cf60ab913d1a3b71a112a87a1999dc3b3fc9","1000","750","47,73,87,91","47,73,87,91","True","tr-2142"
"train","2143","e77385b26d2d5092810ddc91ee7a87cd8c5c3684dea9f32f8486f44f51634caf","512","384","8,11,52,66,67,73,89,93","8,11,52,66,67,73,89,93","True","tr-2143"
"train","2144","efdb5d4000faaa907e82b42802a0dd57fe987492800796e764b11f18ad0ba9df","512","424","37,54,70,73,80,82,93,101","37,54,70,73,80,82,93,101","True","tr-2144"
"train","2145","ec16fac297c2685a1c9af2ff0fbf69bd126d68b9f0fb7aaa7aca8fb94fbc4046","512","384","46,52,70,90","46,52,70,90","True","tr-2145"
"train","2146","ed7ff1179f572e7fb3afac6b1b30404d1e752c6cb1352cb705b86a693c57e3a4","410","307","65,84,89,98","65,84,89,98","True","tr-2146"
"train","2147","3ac16a4d8e0ebeefffeb7f04f04de8dfaad56a53175210108ea6cf68108c477f","410","272","66,84,87,93,94","66,84,87,93,94","True","tr-2147"
"train","2148","3deb11d0c10113d4b2c61583769e018d54ca6e292edf05aa9207e8c3c95055d4","3264","1836","58,66,87","58,66,87","True","tr-2148"
"train","2149","8655d4bbd21ad94cd724bd26af209f2b3891fbbc18ece229b3a898032ec0777b","376","512","13,29,30,67","13,29,30,67","True","tr-2149"
"train","2150","05b9d4d6ff7a8795d794049b8106b8087baf8d3ad77796458d5f85e8d88eb9f7","512","384","46,66,82","46,66,82","True","tr-2150"
"train","2151","95f4615fdd185ff05f35f862e4521b40c3983b05b6b453decf16558c37b1cfe0","1903","2539","48,66,73,80","48,66,73,80","True","tr-2151"
"train","2152","0fe483576a514ac95647e9750d75cf506cb48848aadc5f824f68bc5469d427c4","1474","926","37,57,71,76,89,93,94,103","37,57,71,76,89,93,94,103","True","tr-2152"
"train","2153","14265d3953204d8cad26054c33b9f002f62c81eef788c56eeadab22a7e708694","640","428","8,29,30,41","8,29,30,41","True","tr-2153"
"train","2154","0cdd58deb3ccc18c2a9cd2b84d3c181916574f86c373ba9cf3ea1031880b6891","320","240","48,66,84,87","48,66,84,87","True","tr-2154"
"train","2155","2a69e225fc3dfa7dce16b0818ecada94b5b6db0c366dddcfa922792fa02cf41c","3204","3204","24,57,89","24,57,89","True","tr-2155"
"train","2156","d1aaee6f444d99b80167c5fce6563da3f4cb5d893293d11a56db81e10702f698","512","384","52,58","52,58","True","tr-2156"
"train","2157","427bee4758f0c3937d9dbe08242a773b019ad1e054332f8ff1feadfc1454c953","256","256","48,58,89","48,58,89","True","tr-2157"
"train","2158","02faac2fbdafcf875752ee4c9be6de24954e62a59150471c7d1ebb865224996a","1097","1465","8,13,24,49","8,13,24,49","True","tr-2158"
"train","2159","7c31669a429fa4489b4828856eb2943821bb76a0dbecc9c34b0e4f12e75a25d2","410","594","5,30","5,30","True","tr-2159"
"train","2160","e0e08e3837f387682bffb2f7b51dc4b50e7ac817960ca107e363af2ecd1682c8","410","294","54,58,73","54,58,73","True","tr-2160"
"train","2161","041b53ba3f42101ff4bdba6f09278a42548c4e585bb4384fd3a8e8cc04d45fa6","512","326","47,70,87","47,70,87","True","tr-2161"
"train","2162","0cd13ad90e3c43b33c6f8a214240f03f66411a3c93e75bd9e972ec8273fdb0ff","512","384","10,44","10,44","True","tr-2162"
"train","2163","4acd4a4d01faa93c846bf76a1829b6076cca99bb4acdf77c174683c46cd11999","1936","1936","13,46,59,70,93,94","13,46,59,70,93,94","True","tr-2163"
"train","2164","0cdc48f7e2f3ec4e6dfdf41d05f507d2da47486f7311f48c8bd736b18e7110e5","256","256","50,52,58,73,80","50,52,58,73,80","True","tr-2164"
"train","2165","59c0ca0ef26dd17a5cbbcb8dfe7f771aa1868006e9571ebd558bfb6a5f07bb93","640","428","8,13","8,13","True","tr-2165"
"train","2166","ad299575b84f260fe1d10f4f098ef44bac8dcf1234413a59f10979bf446b60e5","512","440","58,81","58,81","True","tr-2166"
"train","2167","d84204645bb5b12aa81cf3b6975728e96baddacaa9ac67d01b1dcad1a430afdd","512","410","8,12,30","8,12,30","True","tr-2167"
"train","2168","188e1eb1a315515983cb41ed9e156639d007225d87161466133bf83a698d043e","1200","1600","52,58","52,58","True","tr-2168"
"train","2169","c496256ae8e2b4e5611921e22de984f6286fa675a3f45520f75db2dfba3185e8","512","411","10,93","10,93","True","tr-2169"
"train","2170","99c106ade3c47be6532a1f27187cd3bd4dfbe051d6d9808aa2ffdb60a99f6f93","1071","803","47,70,85,94","47,70,85,94","True","tr-2170"
"train","2171","037daf162897e44d4acd5341ee5012c70d659fad4f3efb8d217bf70a6503dbac","480","720","8,30,32,52","8,30,32,52","True","tr-2171"
"train","2172","16638d1a0c8544a2912661c8cad4867cb7eb9db9ade051ef5e0255785fc9af70","410","532","12,30,41","12,30,41","True","tr-2172"
"train","2173","02f283438589efa24517c9d0352975732247db47665d163bb266403d39712ef9","256","256","8,30,33,41,44,58,73,84,87,88,103","8,30,33,41,44,58,73,84,87,88,103","True","tr-2173"
"train","2174","79918b4bedd386724a078cb622a8a48bce7db5eb7949a5a38b135f698ce73abd","256","256","9,28,52,73,89,94","9,28,52,73,89,94","True","tr-2174"
"train","2175","202e6e6fd50712cd7a766472e1233aacba1f6a663fc561414b487fd71e42b3ad","512","384","65,85","65,85","True","tr-2175"
"train","2176","fc2846855dd50fbd824b71ca24eb5a95d322234b292f687a2b7805c002e513e3","640","428","46,66,93","46,66,93","True","tr-2176"
"train","2177","2e28e465621445129e1829e281c631719cf1d8413c2dc907874bf50e8fc1ce21","256","256","3,58,94","3,58,94","True","tr-2177"
"train","2178","b57213aeaf4f4c62a7ae37e81b3a2b169af9e444841c511db2ee5f1ac715d4f1","256","256","37,89,95","37,89,95","True","tr-2178"
"train","2179","77f460e7f10cd8221a2db50e21803bdbfdb87301a7e7bf1b5987e73ce0a485da","512","384","46,70,73,96","46,70,73,96","True","tr-2179"
"train","2180","1ba650a0d3b4e041fbd135b709ef6098e2ab18271f1ef48a7b4c722ab2393e10","512","384","52,58,84,87","52,58,84,87","True","tr-2180"
"train","2181","55c24c849ca3d54583d5889864c7c498471ba2ff1709e27a45a1de0ba67050cd","410","426","9,28,56,59,80","9,28,56,59,80","True","tr-2181"
"train","2182","86cbfc6be7369917cd26fa8c3b7730bd08950470dd9103e5660f45306a70e5e9","482","512","50,59,87","50,59,87","True","tr-2182"
"train","2183","49d194159d9a0d22406b1c814551368baaf65d4150fbd9dcb8eaa0156a3b83b1","848","905","47,48,58,66,87","47,48,58,66,87","True","tr-2183"
"train","2184","1e53679bc406e19337122b6d6ed9a28e90de68b1906a61e2dd85fe07a0b42c4e","512","384","47,70,73,89","47,70,73,89","True","tr-2184"
"train","2185","eef024db0a98d82a2f4ff3f4762c558d239e05efd514bb636c9cff2699c15422","1840","3264","47,70,96","47,70,96","True","tr-2185"
"train","2186","43f9b2ceda6e6daad89a9933a3de9599b448e28335682d83690253b22af5b69c","2448","2448","58,67,82","58,67,82","True","tr-2186"
"train","2187","ebeec0975bec7575848c5cb43623dc85763857560af6eade1a394816ebbedd8b","512","384","14,25,44","14,25,44","True","tr-2187"
"train","2188","665bb4bf14a94077721c8128374e817cd0ed3f1fa5ee3c96b0a5cf4f7a6de340","512","343","30,58","30,58","True","tr-2188"
"train","2189","6e8adfdc77ed4687a1ca2e19088bfb8c08cd8e5f646ae341f09117b745eeeaa0","1614","810","72,84,88","72,84,88","True","tr-2189"
"train","2190","c06dca315344e5c317dc3c79b51d723b0bcfd21b557367ca730d35e3033ff03c","2505","2505","49,58,73,89","49,58,73,89","True","tr-2190"
"train","2191","af636fc5371670b4ec92e5328eac81b1be1e5434d1f413fff20ca7f38d9d31b3","256","256","12,31,32,40","12,31,32,40","True","tr-2191"
"train","2192","99d26baebf08624e86d22df4ac0347ade10f0c109e16e5859a0d430352dff0c1","512","384","37,52,54,58,73,80","37,52,54,58,73,80","True","tr-2192"
"train","2193","fc9276452cfde6dc3f08b0cd88f55d04f2949e0b8e5f8fe1429793e0f25a7063","512","384","8,25,31,40,44","8,25,31,40,44","True","tr-2193"
"train","2194","2918590f580af91a5432616c5e69fc1b3ed6c714b7332072e49bf8de6a9cb33b","512","384","46,70,84,87","46,70,84,87","True","tr-2194"
"train","2195","ec09c1fe2339308aa7dad1535d18d9d43716583bf870d6f7ce38d86b361d9e05","512","384","46,70,84","46,70,84","True","tr-2195"
"train","2196","933dfe1cc51cc50a6f58b9591bf101817cced330592b89d27dfad04f7fb5cf5b","512","340","70,94","70,94","True","tr-2196"
"train","2197","fce63c68ccdef91b5c8f21f185a58718dbb229b830d674243aa7664583674e4c","640","428","5,13","5,13","True","tr-2197"
"train","2198","953ef0491d4ef32bcc8146c1844e44d38ec903a1f878805a8e9e8adc15c76a67","3264","2448","8,46,50,58,80,82,93","8,46,50,58,80,82,93","True","tr-2198"
"train","2199","0eac62bbf05e4c9af6b6798afabad2d9e7f0016dcabcb3c61fd615bb2c6b22fd","3264","2448","10,37","10,37","True","tr-2199"
"train","2200","cd76023bc08df02408c808cc6d32f4f4c4d371196ddb822285b21827b74ea151","512","384","50,52,66,82,84,94","50,52,66,82,84,94","True","tr-2200"
"train","2201","b68d99ce586f403ec7fac8d577075b4a85c8ee6d4bc315947576e9207292ff37","512","426","24,50,67,70","24,50,67,70","True","tr-2201"
"train","2202","13d808292bacb69d080c889fd5be107b59d84359ad55263a35c87306ac3b5831","256","256","70,87,93","70,87,93","True","tr-2202"
"train","2203","488a3b31416e658a1dd8911d88854f5f81a60af1a7b1f97544c9a38bee6142b8","256","256","15,48,88,89","15,48,88,89","True","tr-2203"
"train","2204","dcb232b150b95c76bf766bba9864d25094ad7f6992b52996eb3b284cfd9c8b26","1000","750","48,66,67,87","48,66,67,87","True","tr-2204"
"train","2205","25992cb2b3da5fb751aa47bf1f2329eebc63431ae5990e1c3427196c189d1d21","512","384","47,73","47,73","True","tr-2205"
"train","2206","05408eed3db4d09d89566baa41c646ac92021d2a17fbe765d562c0971f41ca28","256","256","47,70,89","47,70,89","True","tr-2206"
"train","2207","e6dd8dca8f6d55792f251c54daed5ede397111c98de708164db81f9be573b4c3","1836","3264","47,58,73,80","47,58,73,80","True","tr-2207"
"train","2208","ca92c2fbfa7bd51008bd770b285d869a665ba4ded50153c2ba62fe889996decd","512","341","10,31","10,31","True","tr-2208"
"train","2209","180e05615fee35960ae72db78e9dbc379f5d5d36ab8c1c78f5f279e69fd984e4","512","384","52,58,73,93","52,58,73,93","True","tr-2209"
"train","2210","e647f28ea8e98eb7122a91bf0e4576cf903e1320bba1d19d8de5d7ade787f34f","3264","2448","9,48,52,64,87","9,48,52,64,87","True","tr-2210"
"train","2211","8acb3f7263a62ed28c462c44d8760791a0ca38f8f2566fa011094b62dcbb179c","512","384","8,31,32,33,58","8,31,32,33,58","True","tr-2211"
"train","2212","a3ab773577e255e78392367137394ec120a2b7fb1b412a0b548e5c747878690b","410","274","48,70,87","48,70,87","True","tr-2212"
"train","2213","95bdbfab67d7287a640226f6e1626ca2ab12edff9204d7e7b35ce2318e07e9f4","256","256","3,47,52,58,73,80","3,47,52,58,73,80","True","tr-2213"
"train","2214","0ae724ec3cc280039013c7fee6745c4113c1291dfb8a0c3608e901a1a6b9f8f3","512","452","47,58,73,80","47,58,73,80","True","tr-2214"
"train","2215","5ee8de07a98488852c498fa6738bde684035e910526a74039e313b6d0f71ec73","384","512","8,10,11,30","8,10,11,30","True","tr-2215"
"train","2216","fafea76b11f4325d4fa4bad024f6781427f6a5ceda675f2e533e8179246a8a6d","512","381","84,87","84,87","True","tr-2216"
"train","2217","27dfb212a5a49fef573486c25473ea7421a02feea220d6914e640bc8f4cc774f","512","448","8,54,66,87","8,54,66,87","True","tr-2217"
"train","2218","be41779e0cd18a11c719bc6d5fdb9325fcd687b141977748965bdcb7ecf02d39","256","256","46,64,87","46,64,87","True","tr-2218"
"train","2219","358a57baba781e59d37338625aaa209a3f2849faaec0e602817002a021e3300b","512","449","46,70,84,88,89","46,70,84,88,89","True","tr-2219"
"train","2220","ec419bf34af0c2589e24b64006176b2e4b016d8a06c773405e539905e4a02098","512","384","10,16","10,16","True","tr-2220"
"train","2221","974117b2d8e5ded40e81a63cf4e766ef08094f6a18422e4a00554e9a13c20019","512","384","67,73,76","67,73,76","True","tr-2221"
"train","2222","67dd5155cbe99755f18282277a1b007f720595dee963b0ba1c9f0896046d37dd","2560","1440","9,48,52,70,82","9,48,52,70,82","True","tr-2222"
"train","2223","c5a9fa1e1591b3666e6e8eb7300ae8eafd29d289f70238ae02e5c50ecdfffbf2","568","426","19,46,52,58,66,85","19,46,52,58,66,85","True","tr-2223"
"train","2224","524433b283f8ca1892d42d21a956a9e24800c7211d951368c319064f2817d95b","512","384","3,52","3,52","True","tr-2224"
"train","2225","16b9e7df9512425903db1034b0d4c66ab38f0bff50d3497b04396f5a8268118b","642","428","48,52,79,80","48,52,79,80","True","tr-2225"
"train","2226","92dcff3c437cb7c37fb4ee8bff3146216395c48ff8433d940ce62690405349ef","256","256","47,66,96","47,66,96","True","tr-2226"
"train","2227","11aca868bec7b912ee5cfd3d1d360e715c9518efcc021e9f60c1f3570c6929e0","2048","1536","54,70,84,95","54,70,84,95","True","tr-2227"
"train","2228","be27a2322e540581bd23a6aa3d7cfaf8f2566466c2fa209a1511524f2c901708","512","322","46,52,70,96","46,52,70,96","True","tr-2228"
"train","2229","3e05e6937efc27c8c65ea6be25e347054ea0db0626871be9c14d5851367f04db","3264","1836","46,70,85","46,70,85","True","tr-2229"
"train","2230","f79915200415191b881b62c3db1b2a717918dbadd0d428976d14fff3536fef3e","512","384","8,84,88,101","8,84,88,101","True","tr-2230"
"train","2231","84582580f5cbe93e24d0b97deddb34304fbaad85bb393c8ac80464d0f17b4b86","1536","1536","10,48,59,80","10,48,59,80","True","tr-2231"
"train","2232","532fc77ccf7234da49833aadebcd2e801df5f4d5d9d589133d897aa905c46b35","900","1350","3,11,44,47,52,95","3,11,44,47,52,95","True","tr-2232"
"train","2233","a9811827234a697c12d353a8846178b1bdc30002f2e854ec57366c9a3f5b72ae","512","340","24,46,95","24,46,95","True","tr-2233"
"train","2234","d608fc143a6b30dc3ed696e3f61bf0dbd0c7eb8efc491953af5b472a93e54535","512","384","46,58,65,84,85","46,58,65,84,85","True","tr-2234"
"train","2235","91fb3140f40092b91da7c4b9119577f2b30584c0767260514d59234c26d08186","3104","2328","56,65","56,65","True","tr-2235"
"train","2236","7b0efd15d60e2747f140b17aa1d317ccd81b0f5696c7b2a04fc1fc1e4bb81e9d","512","358","47,52,70,84","47,52,70,84","True","tr-2236"
"train","2237","1bb698a6a9cd49f041e7d616042f0300c9cafe5e44d7a84729a92bd3ff53b1d1","256","256","12,30,31,32","12,30,31,32","True","tr-2237"
"train","2238","a5fec85648c2c5f66502aa5ccb3b1f367253d348342402d565dc77909184d262","512","384","52,67","52,67","True","tr-2238"
"train","2239","c4844c45f93396eabc6ef87f005db9958c275db31276ef51e9b99c6dac9623ed","640","640","10,30","10,30","True","tr-2239"
"train","2240","f09f74502776e56ed10bd6dafe405f85c219e4153de1d5ec37dea0924942f3ac","550","365","10,32,52","10,32,52","True","tr-2240"
"train","2241","77479595db56faef513636e0d341899b09dc67c6e2749fb33552fb34b7c4f06b","512","384","58,82","58,82","True","tr-2241"
"train","2242","d356e6c9d8e343285c5df5da2c5eab4dca55af91dab8b6ad88e010437a1d7af0","256","256","36,58","36,58","True","tr-2242"
"train","2243","781e80185bd7b03575db5656751f9b0e50515d6b4cfbce343722d67a57c6b22e","618","618","11,49,52,89","11,49,52,89","True","tr-2243"
"train","2244","7ce5e7f57a5b045c8b680794cf9e4bedfe32201de7516c5d8304f6dc53322191","256","256","10,32","10,32","True","tr-2244"
"train","2245","8745c30a40f7c79894e71ce156d25dbaedf1aede9a250611bc740b50724beae5","512","435","37,82,87","37,82,87","True","tr-2245"
"train","2246","7d968acaf2f96aaeeefd34c60aaab1d952efc94e5f537a51e3ca9d61b34d1ad3","410","307","48,73,80,82,89","48,73,80,82,89","True","tr-2246"
"train","2247","e32532c2fa70ff7be0c9897969496bbfb018f560a8c0d30c7c2e289dbaca5ec0","4128","2322","8,46,59,70,93,98,101","8,46,59,70,93,98,101","True","tr-2247"
"train","2248","8079bf880c95ca7623d8aeedc3c284bc3e23ce4d86ec3566e676dce532a4435c","280","373","48,73,87,91","48,73,87,91","True","tr-2248"
"train","2249","2e877326de3cd257c33c11c66632d683452c64ddb311210d74eb544d1593e842","512","384","44,46,50,65,93,96,103","44,46,50,65,93,96,103","True","tr-2249"
"train","2250","658098e7b587eb6e5d386ca20b2d7dd675a462dc5cd93b763ef24e281661e456","256","256","48,49,70,84,87","48,49,70,84,87","True","tr-2250"
"train","2251","0e2056611238691104ae6fe76f549e2701c028d1f781c8e0a265a514b0d4d873","512","384","13,14,24,50,58,70","13,14,24,50,58,70","True","tr-2251"
"train","2252","23f476451588b68399a0b2a951009c6cb553fecdd6340a57748d7c511dbdb3d6","512","382","48,84,87","48,84,87","True","tr-2252"
"train","2253","0966ee3bc98fa528fe7776ded7f97f9bc0bda6178339d849ea9d7a2a59f7c120","512","384","52,59,70,94","52,59,70,94","True","tr-2253"
"train","2254","95faf0d178e9622b7472e24b036d59b877c644ee9c94ce369c027d8916e390c4","512","461","37,47,89","37,47,89","True","tr-2254"
"train","2255","27769551b4cbe133f4c24d80b7c44dda7548f932d4adfde003bd11774248061e","640","480","46,95","46,95","True","tr-2255"
"train","2256","27872c3ba78cd39627d47d76b39cb456773e4d1644ecf1498be2e7e61c830f34","512","500","14,37,50,52,73,80,93","14,37,50,52,73,80,93","True","tr-2256"
"train","2257","98407abd64aa1fc14689b12f07f1626dd6403e9e9f118e0c037dc2888200957f","512","340","48,52,66,72,84,96","48,52,66,72,84,96","True","tr-2257"
"train","2258","41dfcd55c1fbb0640842e9fd2451c55ddf842c6680565bd2e5629185de33a239","256","256","48,52,87","48,52,87","True","tr-2258"
"train","2259","dc678503327ea2f4db48f441e21f6ce8b77f9d6fcae2f1cf97d363f5bf9d47de","512","446","37,51,71,89","37,51,71,89","True","tr-2259"
"train","2260","88d1b92b205b8f5107cc8d24fa00f8bd4f668367bd0b0c1d966db8a355d7b28e","512","301","46,66,73,82","46,66,73,82","True","tr-2260"
"train","2261","ca6132ce708b39c3f068ccf15024c50cbcdf205fb87c83f1238645cdcc4c8708","642","428","10,13,31","10,13,31","True","tr-2261"
"train","2262","0e9a3368ad497b0e24bd3ad0ebefd582b739930e122d6e7f7a27a5134836a67f","2560","1920","48,64,77","48,64,77","True","tr-2262"
"train","2263","8f7719c75fa7f8522a19e76d0c6b639a249ebc8182396b7e5bf9b40799bd1845","1830","1830","11,46,98","11,46,98","True","tr-2263"
"train","2264","31b732de186c01570aba3c594220e0b91f4ccd2021f4455f2d8044608f2805b2","512","212","47,59","47,59","True","tr-2264"
"train","2265","d6999ae4add452b7a84c23fad76627c105a3882ccfa7ff3aa872b68b42554c55","512","384","8,30,58","8,30,58","True","tr-2265"
"train","2266","23c87713bd3acecff85961858bc54878e7cab72b2e732ce6537afc078a21bb9f","512","384","46,58,82,93,103","46,58,82,93,103","True","tr-2266"
"train","2267","01f61e6096a22a84fff8767ff9357df57811a5f6e7e91743f36b78c3e0d9c974","512","421","56,58,66,73,87","56,58,66,73,87","True","tr-2267"
"train","2268","2bb5f4703ff80786ed9b9fff7d849ca961ee8f87d247808a4d85dad287e4244d","512","329","52,82,84,88,94","52,82,84,88,94","True","tr-2268"
"train","2269","15b5b3cb6ac97a39508174abaa60ec12289b70006a114e6ae32a96271d5904c0","512","385","3,46","3,46","True","tr-2269"
"train","2270","6b49f7a0a71cc38b3e86f4e2d83e84352bad8a2981f0b97204b372bc640d0471","512","384","47,58,65,70,93","47,58,65,70,93","True","tr-2270"
"train","2271","39e5947eefcbd8aab52f956581d1f5bca5ae12d6d56ee6feea24d84aa57d66e3","256","256","5,48,52,66","5,48,52,66","True","tr-2271"
"train","2272","50d5f23b08b1b1ef536623ea0c744b0c06b074b4aab764825a8dc6712b6ce6cb","512","384","48,73,80,94","48,73,80,94","True","tr-2272"
"train","2273","3000e784996fba327e772f55c78ddc4a653c1c23e865fe7606669dd60e560441","642","428","11,48,67,89,94","11,48,67,89,94","True","tr-2273"
"train","2274","fa0b7acae4ba574f9a9a6d4c3fa4fa789d6635bcce594d92acbc6be3d076ad1f","240","320","48,52,80,82","48,52,80,82","True","tr-2274"
"train","2275","7ffd0f0f5f05e821707b473100cf2be547bfb4e1b1b1a980f0a91c95db6552f7","256","256","54,70,95","54,70,95","True","tr-2275"
"train","2276","0a9ad066f4388e05a1120f1537d5841b100f07b30a8fbfd2c38d111013f1cee7","512","384","37,67,70,82","37,67,70,82","True","tr-2276"
"train","2277","cd1d73d2938e9923bc1dc0ce8e75689f896498a3251f2b58b11df4fd5b301532","1600","1200","41,60","41,60","True","tr-2277"
"train","2278","e0230e73acf7c565782285e3f8de1c309889d77660f1e55eb570f5b2ee91ab48","512","341","17,37,71,82,89","17,37,71,82,89","True","tr-2278"
"train","2279","85b1ccf2568d64457ba11c357f806ac1bba68c9756b8fdcdd3ab8cdca5b69434","512","384","47,70,72,73,93","47,70,72,73,93","True","tr-2279"
"train","2280","28dfd5f90ca2e95d9392e4d1013affc6e53319092eb7dca160888ce8ee160132","512","426","8,10,30","8,10,30","True","tr-2280"
"train","2281","855e5bdbff8a1af890620409e041746e6e58d2ff8eb2d5730649363870e436eb","256","256","73,96","73,96","True","tr-2281"
"train","2282","5bc57b2168ba8d0e6a8e8216c32d2469bddd3e859ce582f38cc8919c8ad3f34a","512","457","24,52,73,82,89","24,52,73,82,89","True","tr-2282"
"train","2283","927b00248dfb6c82203898b2c0d5d999c16621969d7159b0f4aa1093f452ed23","1799","1799","44,58,103","44,58,103","True","tr-2283"
"train","2284","a945c22a4391187f63f2911275cd41f0068429733c0c5ce04ac3f56015b38795","512","382","9,30,32,58","9,30,32,58","True","tr-2284"
"train","2285","20daebf149786d34595c0d587271ae0bae87577d0e1c5b322e73c7410f158e41","498","512","12,44","12,44","True","tr-2285"
"train","2286","28dd46956394f8d80e0cf293b8fe2f4fb4c0b8efe59135c59ac39cf03a666868","512","384","51,70,71,72,87,89","51,70,71,72,87,89","True","tr-2286"
"train","2287","bc6bd1a6aa0fd952a3ad378062fa79c6959724076d1c4abeaed4b01839c3742d","256","256","48,66,91","48,66,91","True","tr-2287"
"train","2288","c08d712bc877e4f09c2017d1db5dcc58453524d032f9c634ea2a40006e280ff3","640","428","8,30,40,41,42,43","8,30,40,41,42,43","True","tr-2288"
"train","2289","ef50078b901cd1b96487d60813fb0c827968a45c6f6765adfd352874b54bf887","512","384","10,33","10,33","True","tr-2289"
"train","2290","4ddbafb0cc455cc2b7edd6be3ced37ba3bd009a1af2585e12bd94c3ea59ef2c7","512","384","58,73","58,73","True","tr-2290"
"train","2291","12725d787c7fa04e7c09979cd6e6cbd72c103972f1935372c77c0a146b933b37","512","384","48,70,84","48,70,84","True","tr-2291"
"train","2292","a5418e42f3acede1b495e10221564c8d99f88cd736e46123a597f2c87ab3bcb9","2322","4128","48,82","48,82","True","tr-2292"
"train","2293","1a13c7e10fc9423d6665b29bf0d7ef7c514fff93029777a2cb76d384367ff1cd","512","384","8,29,30,44","8,29,30,44","True","tr-611"
"train","2294","a27ddab3087b3751eaadcfcf42c4b2a189ea1cd0e40ae5a72fb5e0f553f6b7b3","410","273","13,58","13,58","True","tr-2294"
"train","2295","3ca5c2ffa06477f1f4ff4f070cb82a12f02b7853d9264e8405d9c769750e571c","512","384","8,24,29,30","8,24,29,30","True","tr-2295"
"train","2296","2187e69c7a2f742be8870b8ffc8d167094bf7df27dfcf0db549d7a83ab581819","642","428","48,59,66","48,59,66","True","tr-2296"
"train","2297","023ff04244fb4b5ac7c96e2e6b3b4bbedbdc1a8b64e96d6dcb54b7eeec29b5b0","256","256","10,25","10,25","True","tr-2297"
"train","2298","5e74f5c8a842c94db8c184368248c424c165a3c3dc8a4f96df5cd463bad94e42","512","424","41,46,52,70,82","41,46,52,70,82","True","tr-2298"
"train","2299","2076d6504c8fa67760e79019ae05381c1efde41982f3f56c09142475fa7dd554","512","384","82,90,93,94","82,90,93,94","True","tr-2299"
"train","2300","de4d84781a7c1170823c8df3dc8d7a08f66a7adeee6cf1551e9b8087ea468e82","512","384","50,66,67,89","50,66,67,89","True","tr-2300"
"train","2301","43371e92c8d6fa3b51999264802c45b4efbd0110a4422210aa399b32aeb50d58","256","256","37,46,89","37,46,89","True","tr-2301"
"train","2302","2816b8984dcfd2498fe46e79a0fa6d76cc85bc735395bf503155a32543e57dc1","512","384","8,54,55,70,84,89","8,54,55,70,84,89","True","tr-2302"
"train","2303","936c1076ff692bcd7f16b769a1e44cd26ae2e090de463a2c3fb091029722f72d","512","448","70,87,101","70,87,101","True","tr-2303"
"train","2304","4282e6881e866f8625a53753cd5c3ecd2563c464ee5c472b2c726f172f0e6980","256","256","8,10,31","8,10,31","True","tr-2304"
"train","2305","63a1e5a0eadf7f69c57d0d96a0a409d88e144e4da34fafb1af388c9336d17eeb","512","384","8,67,70,85,87,101","8,67,70,85,87,101","True","tr-2305"
"train","2306","88845b72ab2bbe55e10eb42a7104ed942056ea6462f54e75add7cc32ed2ee679","307","204","52,82,88,94,96","52,82,88,94,96","True","tr-2306"
"train","2307","cbb8df705fddcab2ddea39242a98a00aef8555e75aa20a59c9a4a810e14912fa","410","410","10,16","10,16","True","tr-2307"
"train","2308","b5ca96ae6f2bdd1188b781bcba680e91d0de0156f8fbc5051397a1c002b6863e","2448","2448","49,70,95","49,70,95","True","tr-2308"
"train","2309","5a8536b7595c71a3be763117c44776f69623c70338e94f6f2d077a9a5ef0e28a","512","469","14,37,89","14,37,89","True","tr-2309"
"train","2310","69bba38146755ed551684fa1afab3251fc4e75f668c4ec698d72326ead326139","3264","1836","46,70,87","46,70,87","True","tr-2310"
"train","2311","f39cf5acb9a9bb1222fd57ad207892f126ee5662c5b88a98b950d4fcbb67bf64","512","384","30,52,89","30,52,89","True","tr-2311"
"train","2312","649a57f2f0fdc2e2f1fc023230a242fae0ccc5f252f304ddbd9cca87e9c22ec6","642","428","10,31,89","10,31,89","True","tr-2312"
"train","2313","a3c7b23ceeb8578ef336967acf97c340658b6a61c4452711ad2353362f734b4c","256","256","8,30,32,89","8,30,32,89","True","tr-2313"
"train","2314","51f704ac48e784be23c4526f3dc0cd3641859e2ed7ffcd14d96b00aab531d177","1280","800","46,52,84,95","46,52,84,95","True","tr-2314"
"train","2315","37ef6c62155f43ee874d8822607d8264406019081df92fb4f29356e7fd98d431","512","384","5,15","5,15","True","tr-2315"
"train","2316","5b7f4e9938e2ab2faf84d84fc53d8c774460af634477bf557d2bf2410a925fe2","512","384","28,54,76,82","28,54,76,82","True","tr-2316"
"train","2317","56d3a75836000ec3cee9a6a534b810c3c82b68296cfeeedfccfce16fd89f07ae","512","381","13,29,41","13,29,41","True","tr-2317"
"train","2318","e029534d9a604a39cb4f658ec60966879ccbe8621cd8547eb3a0b5f7b5add684","3264","2448","70,85","70,85","True","tr-2318"
"train","2319","fd12cdc5eb767987787c90bb00471451ead5542eb01b621d6ab8414cb21fb451","512","384","54,72,87","54,72,87","True","tr-2319"
"train","2320","a1430483fe2e3f8840ed069a6c6d05818c50c3fafc0f209ab75cdeffc48f9590","256","256","44,52,54,67,73,80","44,52,54,67,73,80","True","tr-2320"
"train","2321","6104467ae1272a9da50d1e9af3211c52b2df278c074023df6499ce620a186d83","512","390","1,13,37","1,13,37","True","tr-2321"
"train","2322","b56bb3c0c2f66c68b854ed72ed8115526b8014a6e3c2910a83f2051d8e6eda9e","512","370","40,49,84","40,49,84","True","tr-2322"
"train","2323","14e257efe54d631350770c60aae4e94feb8eca54ce304234bd1f17f33b9b3c99","642","428","24,41,44,50","24,41,44,50","True","tr-2323"
"train","2324","8bd206d4abe98914859e2bcb09b434d15ee015d15aa31ad7c21d27de04e9768b","512","384","52,84,87,88","52,84,87,88","True","tr-2324"
"train","2325","0ff0a0edef87ac67097cb5e38a9755239fc1b2f9774b38444b9e3a5fdec7a98d","584","585","18,37,48,66","18,37,48,66","True","tr-2325"
"train","2326","9cb68d3f1d17aaece72ff60e662b6bc64e8a176f9de0f01027479e29946e711a","1452","1200","48,59,66","48,59,66","True","tr-2326"
"train","2327","f824c6a98c9c6f2a2db970da19a76a6576ee200cd71bba990387e7724e975c98","3264","2448","46,59,70","46,59,70","True","tr-2327"
"train","2328","0bd0b08b8fc0b6950f236e96f74d173ab84ebd18eadae5b82911283bdae4439b","512","384","48,70,87,89,93","48,70,87,89,93","True","tr-1322"
"train","2329","c3a7527919831e1d7ddeea2053d2244d311dc51bf811a0484c093fadac67ff83","2048","1536","8,48,58,66,73,80,96","8,48,58,66,73,80,96","True","tr-2329"
"train","2330","f15ccfaa66135374970107ce24646b456628c7bc03bda5e7da2d5e58d00dbef5","512","384","9,58,73,89,93,94","9,58,73,89,93,94","True","tr-2330"
"train","2331","f1c73a4ceddc7765e96d940de068b83afba55ed46541716bcde5f94fe986f2e9","256","256","49,58,64","49,58,64","True","tr-2331"
"train","2332","cdaa0618a5e2a31190c5cb9a358b7a37dce99e78698be632faf3545030c4a9ac","512","463","8,56","8,56","True","tr-2332"
"train","2333","43df442dddb94b061354a3bc23b60f3fb548a093bd1fdbe7bac0d0db8a32a95a","512","387","10,44","10,44","True","tr-2333"
"train","2334","e36aeb056b441ada378646fd867999dadada7f6fb42195bd76e1533c79fc2cee","410","273","10,30","10,30","True","tr-2334"
"train","2335","fe4074a677ce42cedd806ded7811d3cb559b76d0b15ef1ba8f238d49fefb5d41","1194","1194","8,52,67","8,52,67","True","tr-2335"
"train","2336","a545f892d5a02db8bb902817622bee89b737a3af47c5adc9e1947fc554242478","512","384","10,30,73","10,30,73","True","tr-2336"
"train","2337","c0669c2f94060ed1ca8a779616015e36e96794fdd5f4f879b55e1e632326f4e3","478","800","2,5,25","2,5,25","True","tr-2337"
"train","2338","338a8296086614f3783133e9ab64acf147c2b8a46af74c855512d8c4ac5709d9","512","384","8,10,32","8,10,32","True","tr-2338"
"train","2339","f7ad2a1cecda35632783b41daae58fd873348e56c4cdf5dc068c19e83a646365","410","324","10,30,31,32","10,30,31,32","True","tr-2339"
"train","2340","f56dd5ecc9f292c4498b1f54504356f0633f42b84a6fabac85c18c676346429b","1142","1142","61,73","61,73","True","tr-2340"
"train","2341","84ce1808a9f8de0e734a9cda5c1f395687d077be29e6d965de01a52e83f73e35","512","341","48,66,87","48,66,87","True","tr-2341"
"train","2342","9d339ac04868aec6863f2df9bedcba269a19a6426367ff2c2923b7c6ffd62c86","410","272","30,58","30,58","True","tr-2342"
"train","2343","f7e270dcbff8184456efacb1463d74f0b076a183118f669a68462afc7e88020c","2333","2333","8,10,11,103","8,10,11,103","True","tr-2343"
"train","2344","8213abb470eefd6685bcc5517830bc2d5b4f285941abd858e547af9c9032aa87","256","256","12,30","12,30","True","tr-2344"
"train","2345","4a83c6c40f202fec510e4251ebfbdf3f52879e4af8b6ab0a4fecdba63911b4e7","256","256","3,46,58,73,80","3,46,58,73,80","True","tr-2345"
"train","2346","0ccf7a846e6c408a82ed3c7158ac6b38e5fed3aacc157d1c74d5e62ca2234845","512","414","58,59,81","58,59,81","True","tr-2346"
"train","2347","1d984bc0445e09ee87e0a836a376f9ef3ebeffcb68efb06fa4fef56b794b3069","2448","3264","24,58","24,58","True","tr-2347"
"train","2348","338628493485a1e9a4428b27baccecb067fcb29f23514a1b071eadee5272273e","512","341","46,70,87,101","46,70,87,101","True","tr-2348"
"train","2349","f53bd888ffe752d91c8173d47767f4a57a5e962b37eb781b3565038611bb284b","512","384","46,52,65","46,52,65","True","tr-2349"
"train","2350","342472f79d487a4e66902f032cd23eb2b1be9ff9ab63f982eaf6076f07337c6d","410","277","61,82,89,94","61,82,89,94","True","tr-2350"
"train","2351","7cae48eaa6e8a71a0d922295057245c2d94da8585773602cab0e844482424b25","1024","1024","9,24,28,58,73,89","9,24,28,58,73,89","True","tr-2351"
"train","2352","4892f63ba590ae83b31ea8f1f5bad45f8f2e8e96ed28d7792397d6e2b0efbfc0","512","384","37,48,66,87,93,94,98","37,48,66,87,93,94,98","True","tr-2352"
"train","2353","0b2dc8b66603dd1b6b23e5e3a94c691b4cdd5fd47dd0c7801813331568fac165","1500","1000","11,46,73,96","11,46,73,96","True","tr-2353"
"train","2354","4435a3194098a76bc38c42e2e8aea9ab74ab54cf4d12a0e9dc1a83ed9a866084","512","372","37,91","37,91","True","tr-2354"
"train","2355","06758e6b0a90113f6c382f69eab6fe672ce744f02f9f50898b544c88ac81568b","512","392","57,73,76","57,73,76","True","tr-2355"
"train","2356","d7627a25c4fcff5160804834c19d6cb1f0e6c7d8bea4582f8d4518ec43faa240","1024","681","52,54,76,78,89","52,54,76,78,89","True","tr-2356"
"train","2357","413d4e9e9ad15742209648fe1ec18365722aa269fbeef51780f6f115cd609bdb","256","256","37,39,52,54","37,39,52,54","True","tr-2357"
"train","2358","3df854b5eaea9b3f7cbaabe3c8ab73d45c7ba75a7b15aad78141104228876c8b","512","384","46,70,73,89,103","46,70,73,89,103","True","tr-2358"
"train","2359","1ea3bb59230d8e6c69256aaf3f52444386afcc414d60a6e98148929901c32a0c","512","384","47,70,72,73,87","47,70,72,73,87","True","tr-2359"
"train","2360","8f2e76de365d61c594e50868737eea77cfc86ab30183064cfc87fcc1032a7242","512","384","46,52,70,84,85","46,52,70,84,85","True","tr-2360"
"train","2361","0a68f5c1790599f8cdf1744a5d8eb002fdbc6fdaa4dc4968bd2484a912d5f4e6","512","392","13,44","13,44","True","tr-2361"
"train","2362","ceaf418333b97a95ae6fa507ae1b6bf36afeef470e7003ae1458ecb65d409845","256","256","82,84","82,84","True","tr-2362"
"train","2363","84421adea4128c43ad16a8074b5e59aba1f83b3cc8098b89aa01092231c4771d","1024","768","24,58","24,58","True","tr-2363"
"train","2364","8cb0cc589fbce390492af6bf75a0ac16e9fd06bf2db03bec9fc3756ea66f255d","400","400","30,41,46,58,73,80,103","30,41,46,58,73,80,103","True","tr-2364"
"train","2365","9cdb89f400ae2a7c084aa05264424e81bf700e6c080a2db0c7e46168475936e8","512","452","48,50,65,87","48,50,65,87","True","tr-2365"
"train","2366","20f72a297fb3386bb8ef0ab8c9d04c3abb3ccdc68ce9d53347660d2f746bce84","512","384","46,66,71,87,98","46,66,71,87,98","True","tr-2366"
"train","2367","d8a8c965c8aa866b24c06c5d70b4f8bed8b70605e6fb84e3d2b5bea691d78e8f","256","256","10,31","10,31","True","tr-2367"
"train","2368","ed7bcfbdcb96487df406a864186d8bcbaf2ab314580e64a5449eb5b3c6fc2b73","2560","1920","46,49","46,49","True","tr-2368"
"train","2369","cea626276e4beba9595c86aebcb672ae7d6c898f33c2fab0f4799d0ea926ed21","256","256","5,48,52,88","5,48,52,88","True","tr-2369"
"train","2370","be14e3c3d909c8bbfb66f1cc010957962b214ea211796975848165e47cbf9dd0","384","512","10,30","10,30","True","tr-2370"
"train","2371","82886a9daa511c6a4376ca97a27868d34f62e3d8e09bbf1fe2f9a07db62e38db","334","500","11,37,89","11,37,89","True","tr-2371"
"train","2372","6382e1881b7852bb83dbf764742d297077b96ab529615ff4bbf780403fe95d9e","512","384","35,67,73","35,67,73","True","tr-2372"
"train","2373","6f6d80834b24be91c0813826cef951bc9bc1b048b0ebf84abc53eb01de0ad4ff","2214","1456","48,50,64","48,50,64","True","tr-2373"
"train","2374","1dca1fa16512dc35f36e8e9440dd3f5d6e50b22e627fdace2994d80cbd728157","512","358","48,58,59,80,94","48,58,59,80,94","True","tr-2374"
"train","2375","f58275eecc0b66d1cb50d610cde3d3a83137dd836c7b7e2b624afa87fb695e48","280","374","55,65","55,65","True","tr-2375"
"train","2376","b0543369e8bcfbc41e7658afe2cfe6d9bd6b576a08f8628fcb74d30103b1edc8","3264","2448","46,70,73","46,70,73","True","tr-2376"
"train","2377","d33686fa44f26ba077560d70b3b872fc48f4cd45933a3164228ed854bfa38b36","512","384","3,37,52,54,73,80","3,37,52,54,73,80","True","tr-2377"
"train","2378","82bc3fca32f795a474eefb492f5773af3ccc72725c7a88be70bc5f574ce0bf9a","512","384","76,84,87,88,93,96","76,84,87,88,93,96","True","tr-2378"
"train","2379","267c0d7ef0e16e280b01b0ec8f6ac1e9d056c677cf8353cfcd72adf6173b1aac","410","273","48,50,87","48,50,87","True","tr-2379"
"train","2380","a9e942a5e41b5cb43093f97bd405e1304920a640c7919f5c188b65fda5971177","256","256","47,70,84,87","47,70,84,87","True","tr-2380"
"train","2381","e03e19582f709af13cecfec6c522b38707124a4e417f7416d7244935593c36ee","1000","750","46,73,89,91","46,73,89,91","True","tr-2381"
"train","2382","e6e14423dcdb77499309cb7a0b30e1b47f8e6a9effa51819499e0f048616704e","512","512","3,9,46,58,87,93","3,9,46,58,87,93","True","tr-2382"
"train","2383","00ab6a885569676d0257026b054415cb5f49a104b07c85464ef90d30e12351ce","512","385","8,46,72,93,96","8,46,72,93,96","True","tr-2383"
"train","2384","8bada1e867e0c9958ea2d1ed0cb1d13244a551b230b45e0baaac19f2c0787eb2","256","256","47,48,59","47,48,59","True","tr-2384"
"train","2385","226ac29534b31bcddcd930600cacf3d96bbe7637c534ed0fdee9326ba58e848f","256","256","58,84,87","58,84,87","True","tr-2385"
"train","2386","3a0e13735a3e353c998dd4de72ef05f068badeae572253f281cb94dd9ba92555","512","384","46,50,82","46,50,82","True","tr-2386"
"train","2387","5a89c369c4de8dc44153fb342d50700ff5dbb2260a9b086603d479cd4dd758a6","512","384","8,37,59","8,37,59","True","tr-2387"
"train","2388","e9b9baf973ff3b563485f0f428c0f499d1f8fa8b5ba2771d27dbe54574ce660f","1000","1000","32,58","32,58","True","tr-2388"
"train","2389","061ba7cbbfb7ba12e7b640517c3ecb243d4bf214e300a5e210b25c5ac3a66b2a","3264","2448","48,66,87,101","48,66,87,101","True","tr-2389"
"train","2390","85158f8c4a3a7c18a0a0f1984ca7c90238540bd93dd9f3f1e8a26c4c9f7d6ece","512","384","37,56,58","37,56,58","True","tr-2390"
"train","2391","f4e39f53d02f225f5abefedbc7609f166ea877c569dab62ae4981e6e9e9fe0f4","307","204","4,8,10,13","4,8,10,13","True","tr-803"
"train","2392","e094ddf4f891ab72af52307aea3ca11082e8c5a4d21cfbd71ccfbe0fed1d6176","410","307","10,31","10,31","True","tr-2392"
"train","2393","46bdd0f39c5364a17d3b866c449c4f0b54ca07a7d367ef324b9a061bc6cf3a62","512","411","30,58","30,58","True","tr-2393"
"train","2394","eafc512af3ca87e3f01f5bb05570ac21750a2062da859a4716db9c1012f309cc","512","342","47,70,96","47,70,96","True","tr-2394"
"train","2395","09c1488cfbc38d418fa7c6eaf228a1e30228e7314a9bfdb7a2a036f99cb6f8cc","2463","2463","8,10","8,10","True","tr-2395"
"train","2396","0fd3691d4e05def3ef4b217dcd34399373cc8e056f8abe976c6bff3f2466ce7c","511","512","37,54","37,54","True","tr-2396"
"train","2397","6cc95cd3d96ffd269fa84504b86bfd9b8ecebd0bae90c6d62a1ea94cea184f37","1952","2592","8,57,67,87","8,57,67,87","True","tr-2397"
"train","2398","fbc051b7884d3bce4920aeb908054c9f5b4fbe1236945d3837624ee8775469b8","410","410","8,12,30,58","8,12,30,58","True","tr-2398"
"train","2399","500c16b04c6aa569982c21fedc2c97959ba9dae2a84427f2bf826c726a1bea8c","946","946","8,9,10,31","8,9,10,31","True","tr-2399"
"train","2400","6016341b2a41bb6fba0bfed1763d6769ee36ce6e7e6c4ea1e061fb542c2391f4","410","617","5,10,25","5,10,25","True","tr-2400"
"train","2401","a86c504b08599ec78c4a41ba9e4620de1e8946a43f72167f848448579e086359","512","341","8,58","8,58","True","tr-2401"
"train","2402","44a34cdd8ed5618bb0d89bb0f43eaab20c1804fdaa8401d57edf3a11acd690bd","3264","2448","48,49,52,59,70,87","48,49,52,59,70,87","True","tr-2402"
"train","2403","2b3ed770d909a07182e9ecbdb7b30070f8b4bacdfe52b0f3e5ed0f7d6697457e","256","256","4,31","4,31","True","tr-2403"
"train","2404","3ea99f00c1e88e6bb034a2e2c428f8fbb3aefc7db37bfd0b586df5c1a679e8c8","512","384","19,41,52,58,89","19,41,52,58,89","True","tr-2404"
"train","2405","806ea6ac25689daa116d94e9208b42b819dada890b5fb89c68f91efb32bd5f66","256","256","48,66,77","48,66,77","True","tr-2405"
"train","2406","63f5d1d447a6407ac97a9bb2cb6bb68f9802d74d86ba13f7d542a1f75f012317","1000","747","8,30,58","8,30,58","True","tr-2406"
"train","2407","47f973bb573568a382ff4dfa33a146fcc65d8ecb4269727db0382a16343cbcea","512","421","56,84,85","56,84,85","True","tr-2407"
"train","2408","6268c587b6cbe2ed269474ca42d54ddedc7871e842f021925201e9db4de0a88e","512","384","52,82,84,94","52,82,84,94","True","tr-2408"
"train","2409","74e1fbd12a4fb93b2cb3954461acd25922e95eb1d4e3a077b680562aa4d89160","512","383","46,70,87,98","46,70,87,98","True","tr-2409"
"train","2410","9df8bbf869489adfb330084ae7e85430d7de5b9d4146d0c3d48583f53023cb7c","512","428","46,70,72,73,87","46,70,72,73,87","True","tr-2410"
"train","2411","af8118168a50df8bf48f5769cc6ab563822de8012bf717ca51b5a05147cdba60","512","384","59,67,93","59,67,93","True","tr-2411"
"train","2412","57fdc64d006ab84cd98f350a1d7ecbdc799c1745c6457f7a83512a8be584becd","512","384","3,9,46,58,82","3,9,46,58,82","True","tr-2412"
"train","2413","da9d555cd42246b81993d0c8f6daf3926dca1af60824d3388e839da3c6679f55","640","384","48,49,64,87","48,49,64,87","True","tr-2413"
"train","2414","35072891276c549294f16cb4712acc94bed5d854cefd7fb942d6aae7557dd75c","512","384","24,52,73,80","24,52,73,80","True","tr-2414"
"train","2415","bf90d1d662d2a0090d2381bdde27e357bd0a8ef8c7f5ea48ba9beddae348dd16","410","272","10,32,52","10,32,52","True","tr-2415"
"train","2416","4dc976635e472fba6debbaefec0b4f3afa2df78ee7e1c690629c8bcb0760f767","512","384","46,58,82,103","46,58,82,103","True","tr-2416"
"train","2417","c43106e2ec76aef1427296bff2c6c9442c50b988abcd9432f96e0dc277e9c9fe","4128","3096","9,49,58,73,93","9,49,58,73,93","True","tr-2417"
"train","2418","647b49496ebe15b34e6bcddfccfab7603592e6725bbac6e01c174f0040a536fb","512","384","48,59,73,80","48,59,73,80","True","tr-2418"
"train","2419","0005c2c5b1d4126249c48ea50d218f8982d169913e15d06270cb411bca0b545a","410","410","1,5","1,5","True","tr-2419"
"train","2420","63cb62f286362444a23e72e11740d8ddd5ab415ec7329b2d976459196fd3fdfc","512","394","8,84,88,89","8,84,88,89","True","tr-2420"
"train","2421","8399fad9cfa47ccb9f7f624c517154c6496f5b2e9808cff2fa1d0ed2c95978cf","3120","4208","21,47,58,64,82,93","21,47,58,64,82,93","True","tr-2421"
"train","2422","96b19ffa91d4d4c43826ab94f8211de2f2b117983974fb818155e780e870dda3","1000","750","37,65,73,89","37,65,73,89","True","tr-2422"
"train","2423","7efbf741bc4eaa72065115fea4e923f4a443dbd653a2671074f49cd72434317a","512","384","24,44,50,70,73,94","24,44,50,70,73,94","True","tr-2423"
"train","2424","537b6b8bb973ffe5662d0a1c0143695fe02a1ae34165e27b8c571fed9f85ca61","512","389","8,37,71,78","8,37,71,78","True","tr-2424"
"train","2425","a2ce873d753b03e387791363a399882ece1f50029bb25808427c0d354863b8e2","410","546","58,70,95","58,70,95","True","tr-2425"
"train","2426","1da38ac66896c888243533f3479bbb938595c8210c78639cfe7739f6f212ec79","512","384","8,62,80,84","8,62,80,84","True","tr-2426"
"train","2427","29d8fd825d4689a69716ea6ddf3d9f52b1fb1f41dc6d5f45c4750734abff1c2b","3264","2448","1,49,52,72,84,87,88","1,49,52,72,84,87,88","True","tr-2427"
"train","2428","2edd457e3fa82c1796dc7916c5cdb82bbedf2491055f3d94754e1fd92a085f7d","410","337","24,47,89","24,47,89","True","tr-2428"
"train","2429","a9ec4c471d0e3a36e86bd294a4797994edd2cf0f88f64b0de1f65bb83b9e8ac2","512","384","8,37,54,70,84,87,95","8,37,54,70,84,87,95","True","tr-2429"
"train","2430","3ae7304991cb8b755d78fd80a60b2c223149f665dbe58852b0bc5be2e1c81e7d","512","384","46,66,84,87,94","46,66,84,87,94","True","tr-2430"
"train","2431","3e729bff31b6b60c984eba342ddfa748f55bcf563c1b42545cd7f41919c46865","512","341","8,46,73,80","8,46,73,80","True","tr-2431"
"train","2432","a4e9f8369d218f21b99c00c3a483fe39a047f8d814aae7391c45aaaefe025e44","256","256","7,30,32","7,30,32","True","tr-2432"
"train","2433","a9725f1045c4b6f7d8046dafeed57a7bdafddba27e653d511ed130b0c55fc4e8","512","341","48,65,87,94","48,65,87,94","True","tr-2433"
"train","2434","4fe01b4e24e05e0733087b19392fe7d89f330fb0f185c8aa124baa007c4308b8","512","384","48,65,73","48,65,73","True","tr-2434"
"train","2435","93088b4b41ae743553bf92793d251d3fbc11e454a1bfe79517f0d9e647ab793b","256","256","52,66,89","52,66,89","True","tr-2435"
"train","2436","aa758029d285fa7d3a114d31aee3492b4bb75ae7e033ad39a0384d01f2def6b5","512","384","8,72,82,84,85,88,94","8,72,82,84,85,88,94","True","tr-2436"
"train","2437","fb76ffe1c5ac00ab0bb03486944340e798f83a9e54174dc2c9f2f39c65fbc3a3","256","256","8,29,30,32,41,67","8,29,30,32,41,67","True","tr-2437"
"train","2438","3854e7b6ed9795da5f08ae340e31e8ffb42413a238cb4fffb0bdb54c1d738cc9","512","341","50,52","50,52","True","tr-2438"
"train","2439","8e1a8b84ab9f4f9ef8e0ea83ab4af0a7ac3b5ba486c05bff120c651907c10a88","256","256","31,58,89","31,58,89","True","tr-2439"
"train","2440","538311c77c9583e95bec49bf938e7eb0f2d83da2dd49448887c17007755b1ab5","434","512","11,14,37","11,14,37","True","tr-2440"
"train","2441","3fa4c184221eca8fcebaddd369e7dbdc2815f59485b93a862f70cacca12262be","1052","700","46,84,87","46,84,87","True","tr-2441"
"train","2442","0e6d7a5d81fd878749895710e63bce0a32aee62a4554ed69a5668f4418626254","512","429","9,58","9,58","True","tr-2442"
"train","2443","2c763cf5a93b473e851d8fc257d45559219a797733ea168d378ccd9195a58a9b","512","401","46,70,84,93","46,70,84,93","True","tr-2443"
"train","2444","6f6018df704c6db62087f6945840fa8a2fda2d6dfd3c4f64dcd9e4716db10939","2048","1536","47,59,70,89","47,59,70,89","True","tr-2444"
"train","2445","0452c3754b3fc9c4fde5a52c0a349e9150d74aa02d7eeb4c2a65fb67e176fcc0","512","384","47,59,70","47,59,70","True","tr-2445"
"train","2446","299afb93f15f3aa1bda8ba862fb8ffa0bfb435c9d632272d253e492e320e4636","4128","2322","46,64","46,64","True","tr-2446"
"train","2447","66091d2d75161c7566294bdc76522f07326da6a5700da9fa24c8c2fd219a3991","512","384","46,66,84,95","46,66,84,95","True","tr-2447"
"train","2448","0dd1e3ca6da7452586201d291b98edca0d7e5366c7469fb29a29a4bd84be6175","512","419","46,52,70,85","46,52,70,85","True","tr-2448"
"train","2449","be905146d435bd847ec1dc0c72ed939b758bdfd835748719cf271053ffcc3d11","512","436","48,70,84,96","48,70,84,96","True","tr-2449"
"train","2450","26f1d2aae1b4fbf65c05d251b928002a813433184ee29e1c274e52843e133879","512","460","57,88","57,88","True","tr-2450"
"train","2451","44349b8715c1be3d56086fd09bc6c96f077a542b98fec02c6415d892229c93ba","512","342","35,52,67,82","35,52,67,82","True","tr-2451"
"train","2452","c167363ff866ad37945e81d3eb39b460e9411f79e480f2457cf641d4acfb9f90","512","384","8,58,67,70,80,84","8,58,67,70,80,84","True","tr-2452"
"train","2453","8389851a074e335db679681f9454cff8e0bcae865b7439b2de9df84d4f137763","512","340","48,67,73,89","48,67,73,89","True","tr-2453"
"train","2454","1e58ea0e3f865a518f33e0927a04d3b23bcd09d12868b5e1ef83dfddd62ccb28","280","210","58,80","58,80","True","tr-2454"
"train","2455","66a0854ba8e64f1c0d939bef35ef8184013f151da3f05f16bf410350c876f578","2592","1936","8,13,49,58,80","8,13,49,58,80","True","tr-2455"
"train","2456","7e9b92ec46563ad460f02a87a309d70d988bab9fb8e1118d70aafa4cdc8fe4ae","2048","1536","29,58","29,58","True","tr-2456"
"train","2457","2b783e20d82d9d25a55792fb2d155887ae49f417acdb10c64873ff8d973153b9","512","383","37,48,89","37,48,89","True","tr-2457"
"train","2458","c27b3179d9c76b1e0780849685d0a9cfe745959ff821f0ee12649076eb7dfb94","512","383","8,47,57,58,67,76","8,47,57,58,67,76","True","tr-2458"
"train","2459","2493157a13eefcdc2c73b1d947f7c1db57062fc347491a03873adbce7e92bb44","307","204","24,41,49,58,73","24,41,49,58,73","True","tr-2459"
"train","2460","a561004517fcdcddb53381dc43e48b55d2af3d39f244e5fc996b3ebce9809eac","497","373","63,66,84,87","63,66,84,87","True","tr-2460"
"train","2461","0590f927d4a29237fe45f9cb1ddb77c59e7be824ba8bc0e37c7c558e82c36182","410","273","3,8,37,89,103","3,8,37,89,103","True","tr-2461"
"train","2462","2089dda44eb3cc0ff246c73f9b8197b21b2d58012a2d2718933ea0a77be634f3","640","428","9,73,82,87,94","9,73,82,87,94","True","tr-2462"
"train","2463","24ce4cb867b3d2b5a55afb18c712d13a36aef52b447dda5e564384fe2f1fc990","1000","750","48,73,94","48,73,94","True","tr-2463"
"train","2464","f35aede4bf2309f8536acf53bcac4b25595e7c880bad499aa7caa6a5e416e3ee","512","398","37,54,70,87","37,54,70,87","True","tr-2464"
"train","2465","671b777bee3a8114ca5437aedc36d1dc5cc34d7a7730afd772cb2b648ea64dd2","512","384","46,48,66,82,87,93","46,48,66,82,87,93","True","tr-2465"
"train","2466","b1b257a4099c33562ea82e8ba95d9dbb36840bca2b3685c6d3362b4f85467072","1024","768","3,9,47,48,52,58,73,80","3,9,47,48,52,58,73,80","True","tr-2466"
"train","2467","485956ae011bfc0ed8d64ae1911667a55111bd10084ebc351a0b72e4643d34a0","256","256","37,50,85","37,50,85","True","tr-2467"
"train","2468","2152be11a6b802a0219148a816cebb75ae8e02be41c4b1be02f38d78f7392fc2","384","512","46,70,96","46,70,96","True","tr-2468"
"train","2469","5403b99a1ec714e9e507885ddd6e452cce0e54b989ca6cec4f8e316539e308ff","3256","2171","5,10,26,30","5,10,26,30","True","tr-2469"
"train","2470","a037b4ee372b9aa155e2f7bf06e1bec0d82d1bda641f4f08cd2a6e4b5d5b355c","256","256","25,29,36,82,101","25,29,36,82,101","True","tr-2470"
"train","2471","7c7714bc88be7fbd35ebc854eb54abdc3ecb734282d0f6b08e5e2a5a59d43066","990","785","9,25,88","9,25,88","True","tr-2471"
"train","2472","ad2fd148398fe0ea62f59597288ddc5b79978bb5cd97c52397611fb7985ce7d6","512","477","8,30,32,67","8,30,32,67","True","tr-2472"
"train","2473","671a2907d2162ee0824d4598dbf08fec250801bf9d17ad50b5eb8195708c5af8","256","256","48,52,66,87","48,52,66,87","True","tr-2473"
"train","2474","a2f8e94667bfcbfd1556bbeece7cc2540b94c3f882568c47ad6e0ae3c15e746b","512","384","46,70,73","46,70,73","True","tr-2474"
"train","2475","960621b6bf8ce361f68429d95ca09ac6b6ad63d213ab65908a3ecee75125e9b0","512","384","46,70,84","46,70,84","True","tr-2475"
"train","2476","eb43ab7cb19658b24b6b7ed8e2dc8ecac497c6f71e709a9f8a3de7e4a12ff8c5","1534","1534","3,50,82,93","3,50,82,93","True","tr-2476"
"train","2477","4aae21534651254d92beb0002a4c30bfc9c2ca417ee6216506001d51d458fc08","512","383","8,24,44,47,52,58","8,24,44,47,52,58","True","tr-2477"
"train","2478","164845f27653e2008010fe8a13285592375af8acd4f0a6f13b6b71100121efd3","512","384","48,52,70,84","48,52,70,84","True","tr-2478"
"train","2479","e8e51d394f7f684da70354d0fcd960815434267d28a3d530f0ce70f9a5db59ec","2435","2053","3,52,66,70","3,52,66,70","True","tr-2479"
"train","2480","a4fe8311089469a76a0f4585a6c1c44dac93ed248e76837b44b8742b7fbf7530","4912","3264","3,46,52,58,73,80,82","3,46,52,58,73,80,82","True","tr-2480"
"train","2481","3b551cf4babc0d7f76d124dbb7a8a1393671b6d483fe4e12c911307962bae617","512","408","30,52","30,52","True","tr-2481"
"train","2482","6546b753fa65eb19f3d2aabb8c85e2360f8f66f17004ac45961dc94110023783","512","341","37,54,70,95","37,54,70,95","True","tr-2482"
"train","2483","94e7047af467cd3284dce7541396be52caab3690b8df000891d11bddc2a90dc7","410","409","57,58","57,58","True","tr-2483"
"train","2484","cf371e212e214b62c8dd2faebf42d15717486bcdc97edd3271c94cc4387e9ce4","512","385","37,50,67","37,50,67","True","tr-2484"
"train","2485","ff69031135847a2a6a6e07ba3ddfd0fc8ccaa5ec85c7510ca273db50c375bc74","512","384","49,61","49,61","True","tr-2485"
"train","2486","fe3af1682a64e62a67665a8b28a817d5c121cff507228c540b852b350f9b797a","410","307","24,49,52,58","24,49,52,58","True","tr-2486"
"train","2487","14a4e73d352bebb7b325b4476abe6f9612e016a1d910edf6dfebc2488ab572f4","512","271","5,8,37,53,54","5,8,37,53,54","True","tr-2487"
"train","2488","af251234d8f3000cdcdb77e573c88dfd321b80edba68564a490d235ac63ebbd9","512","384","61,73","61,73","True","tr-2488"
"train","2489","75a0fd0803f416b0804138b6467c74a1c20be7d1a88f38cf9ee0ed480a361397","512","384","8,47,59","8,47,59","True","tr-2489"
"train","2490","db68e62dd0ee8b87c84cbe45bb1318d2aac3f4ad00459d58fc936c341b0601e6","512","384","35,49,58,82,103","35,49,58,82,103","True","tr-2490"
"train","2491","ba64b1853b4a519de9201b8c9780a3568be879b8cae32e3350fa1fef3e1b483c","642","428","5,8,84,87,94,96","5,8,84,87,94,96","True","tr-2491"
"train","2492","98d819fec82b2e1f6a3aa3bd05a4d56bca77bfa1b83385e84f9260a590bd98a1","1944","2592","47,48,58,59,66","47,48,58,59,66","True","tr-2492"
"train","2493","c660159c41a089bdfb2432914fbad5011038c30b93aebe066414a1c0f535f50c","2432","4320","47,70,94,95","47,70,94,95","True","tr-2493"
"train","2494","f5c9d799fec7af9dbf8b1ef6702792d9743450592bcbd2db8fe81d502a5104e8","3264","2448","48,70,84,87","48,70,84,87","True","tr-2494"
"train","2495","72632bd8503dd7ddbce62569525744eec6ff0921a45b66ee3349ee76cc78eea1","512","341","65,67,73,77","65,67,73,77","True","tr-2495"
"train","2496","f645199f9ee66ed7eded67fa8fc1033a4c72dc5518f961a14e736dad19eb8c46","256","256","48,58,59,70,72,84,87","48,58,59,70,72,84,87","True","tr-2496"
"train","2497","61990d5e1bd372b461f54aaa73ccf88abca3478b75420fad384908ccd04f7425","512","388","49,71,84,88,93","49,71,84,88,93","True","tr-2497"
"train","2498","b581ec3ccbf61d36dfafc8181e2ab11ad35d27a9d0eda51f3d249c6b99c7a980","512","384","48,70,73,85,89,94","48,70,73,85,89,94","True","tr-2498"
"train","2499","1a1d69eb72d05abd7b4e762e33488c5e31d3be0a37b1e5bc764937e2f87eaa1f","256","256","46,70,87","46,70,87","True","tr-2499"
"train","2500","695b411498acbdc207a33f75c820bc89fb89b629239823872e12f58239aaf612","512","384","58,59","58,59","True","tr-2500"
"train","2501","ef8d229aab1d82f354bc0540be808a7a37c35c2dd30c11cd0fce45374aea1032","512","384","8,24,73,82,84,88","8,24,73,82,84,88","True","tr-2501"
"train","2502","43c8d435d2e289b37084f41b864b8932c7198667f8ce5a1fc074d82048199f79","256","256","47,70,84,87","47,70,84,87","True","tr-2502"
"train","2503","64ca7376362acb7befbe2acde21d9f98cf3a0100a1f9abc7e855137411cc2714","960","540","47,58,70,72,84,87","47,58,70,72,84,87","True","tr-2503"
"train","2504","f9fbedfea99e1a8dfe09f7390ab348ce742e33b67d6fbf3e6c0d2f5731877447","500","375","24,49,52","24,49,52","True","tr-2504"
"train","2505","08ba25d89ee99e284fe8dce205aa2f55bde3dba3d06df581f26f918d5cd02ddb","256","256","8,10,30","8,10,30","True","tr-2505"
"train","2506","04832463502cffb4e476fea37d5e97b685d336be61df4381dc5dbf8de27f242d","3264","2448","48,70,87","48,70,87","True","tr-2506"
"train","2507","1edd54a4d7e6bb76535d2bdaf8490a9542f22ebda62894284f2c9dbf704c54da","512","384","48,84,91,101","48,84,91,101","True","tr-2507"
"train","2508","e8e3996713a0a4e41dc4faa96faa02aa8965988e04fca93f223e7399fb3b2ee7","512","300","8,67","8,67","True","tr-2508"
"train","2509","78dd5e305f622b03aeae41222cfa1c7623366e105534f6b25355193035261b6f","410","307","8,10,30","8,10,30","True","tr-2509"
"train","2510","63c771dc9e8577cdc2aab927ae0c5d48a1f790ce5d4bfae52583f380f99252e6","410","307","37,48,66","37,48,66","True","tr-2510"
"train","2511","5b6f8b93829e32cf5f86dc97ebd49284dce92a685846c48407016e49de9399c3","307","204","14,32,67","14,32,67","True","tr-2511"
"train","2512","05ed8a6105afab5d8c07c5d7491fdfb9f538164c647cf77ae065464cd012b93f","661","440","46,52,58,73,80,93","46,52,58,73,80,93","True","tr-2512"
"train","2513","c740bb6d67795f5967aaf1925d58cf6779f643a4511e1f52bd4de71dc4c2c394","512","386","48,66,87","48,66,87","True","tr-2513"
"train","2514","b6a7e0d3c3c1fb1f91796c9eaa69ca0750b7a6537b280a7dd5b1317f4532e99c","410","273","8,9,30,32,58","8,9,30,32,58","True","tr-2514"
"train","2515","b68728618ef9cbe7b284c4fc15a44da4815dd530a7121edbcb26d98908f8691d","410","272","10,32,37","10,32,37","True","tr-2515"
"train","2516","a7f2aec616e6e471ac661bb5d55b4fe433f581dc27a535fb6969cd85e7dbcf62","256","256","13,58","13,58","True","tr-2516"
"train","2517","815ccf5c3cb61c94527d16036d47a082b455cd31e6d6690d6bd18d056107c7f4","1000","758","37,54,70,73","37,54,70,73","True","tr-2517"
"train","2518","32bf2f7da72b8e5dbf8f310b6a363c0688deaf0ee3cb963a302b5e03c3bd4f68","1280","800","49,58,80,103","49,58,80,103","True","tr-2518"
"train","2519","0d68661ed2b1e50de7a6a16a2b8a3adf62605c49364a9736729d0acc521c9c09","410","273","46,84","46,84","True","tr-2519"
"train","2520","6de013dda880b02fa4667a7133d00a68552f1d683a38b0f00c1a6841b9a7a245","512","288","46,52,58,73,80","46,52,58,73,80","True","tr-2520"
"train","2521","f4919ea97a382334a991db3f8dba74ceeb508b799fcf7a345540ee2376b630b4","1000","872","48,73,80,91","48,73,80,91","True","tr-2521"
"train","2522","0ebe0524cc85c4ac60ccc0d200bf2828cd71b5c3e342c269af7922a4eba013f6","410","393","46,52,58,73,80,93,101","46,52,58,73,80,93,101","True","tr-2522"
"train","2523","8cbb286db07f1f48933f7ec80cca52ff6bb7c54f12ce93131024f19c4159a82e","512","340","51,70,72,84,85,87,96","51,70,72,84,85,87,96","True","tr-2523"
"train","2524","5c12d9bfee00f65076d86f49fe96cf53b43cf4da1da8cae30f6f7202370fb686","256","256","3,48,58,59","3,48,58,59","True","tr-2524"
"train","2525","b7345d8f87e716a981fe75a470ce1b3a2215375f69f8ae72b8d3c1bc7948c63c","256","256","65,73,87,94","65,73,87,94","True","tr-2525"
"train","2526","2ecfdf540c5da3cf0f3ffc00c4d478d38eb3fa8c4716e873c89a65f60fb8faf9","512","384","9,29,34,40,89","9,29,34,40,89","True","tr-2526"
"train","2527","058f0009beba59a776a0c70e4f2138cc1bf73023ad04413bac6f93eabf316b03","256","256","48,66,87","48,66,87","True","tr-2527"
"train","2528","13ce313b841b6ac897073eed31c3b590a2766b2b2be5c7fdbc2b37973065ad26","512","384","48,65,96","48,65,96","True","tr-2528"
"train","2529","9280609fda330fe384d3bf6f2c3463005cc71c32c583791fbb6d576c2751347e","512","384","48,66,84,93","48,66,84,93","True","tr-2529"
"train","2530","06789a75f6c845316220237342fa0da537ba7815028fa72898c2d5cc8686dcf2","512","363","11,49,67,89","11,49,67,89","True","tr-2530"
"train","2531","e8978f847b95f48703baa4542dea4ec31c25a422aad44e0ca29253782cc796fd","256","256","48,84,87","48,84,87","True","tr-2531"
"train","2532","b796ecd8bc8ed171c5891e6872d91f67bd3cf1eff2bd14c3b8896a8ea0cf7fbc","2803","1784","48,64,66,96","48,64,66,96","True","tr-2532"
"train","2533","bb0e0545872f3aa31ed8cedab5aea4d6e786bc06de844391cb3a376af431decc","642","428","41,44,67","41,44,67","True","tr-2533"
"train","2534","46a61abdd865451606a0d3520953f903e6bdabdc42f13a687e0537a00b05ca4a","384","512","52,73","52,73","True","tr-2534"
"train","2535","d2daeab5d5c59d77bed8fc2b9a6cf7ee7aabec06ec39fb359cbb990ec6d00c6e","382","512","24,48","24,48","True","tr-2535"
"train","2536","37f70a69d7173bf4a0b125d3fa8b4f633ad1fd9b1386bf384ec53e181b33a6e1","512","409","47,70,87","47,70,87","True","tr-2536"
"train","2537","c329e10922f8a85a99d352cdd8e116fad58e42645b0b3fa4a09a06cc6f559998","5312","2988","48,64,82","48,64,82","True","tr-2537"
"train","2538","77d1a6407ee21d2b10c00e28563554b3767d8daabb34adfbbe9eac30eda13b02","512","398","8,48,52,59","8,48,52,59","True","tr-2538"
"train","2539","1cdec43996954828e61c4d9e4579a8d70885a2cafcea6b28bb2838f2d3ae998a","512","304","3,48,49","3,48,49","True","tr-2539"
"train","2540","6d24a1dc680a8468e0a218717f8fed76059423451528ca40d09597d611611cbd","400","533","54,73,80","54,73,80","True","tr-2540"
"train","2541","488d144584d652e7f588c96702091b708be09d1ffa55407ae824fafb4e75c739","410","307","15,59,67","15,59,67","True","tr-2541"
"train","2542","01a4814b3e073f6d654d84f45d242293bc19281a8f24a55698d983dfb94db7c1","512","384","46,52,64,73,80","46,52,64,73,80","True","tr-2542"
"train","2543","6ac4eb6e384295f3f48c88e138ece41929c3489360d9c9350ba711baa281b1d8","512","341","3,48,52","3,48,52","True","tr-2543"
"train","2544","8edd9a4e5e4fd275d3b130fed5ceca9989775946f897621e0bdcc8d96ae8d777","512","341","10,30,31","10,30,31","True","tr-2544"
"train","2545","6d507e65f28f6f82733de504b0d066516f2698ba48963bf7bfe20cd69d75bbcc","256","256","8,30","8,30","True","tr-2545"
"train","2546","101e6e21209757c2d0e641ee485e352632735b4836ff33e285788ded2dade805","1952","3264","3,24,52,58,67,80,82","3,24,52,58,67,80,82","True","tr-2546"
"train","2547","ec2cfffc037b8c113ea4e811c32b0e784646db76d8c3582d6d6364b7ba555ee7","512","406","9,10,52","9,10,52","True","tr-2547"
"train","2548","1d42e8bc25785ff7ee08ab424f6ad5931d0814f672861cd12531c9a07a742f22","512","384","47,70,84,96","47,70,84,96","True","tr-2548"
"train","2549","8393979f173b8123ebb110ea2c8198b2533d5503326de59348ca252d91c33443","642","428","14,31,41,43,61,98","14,31,41,43,61,98","True","tr-2549"
"train","2550","48ab9f12517e5291ccdf3b29abd993c3350c0ebe4438a5bee786dc4be09d8766","512","393","48,66,67,72,87","48,66,67,72,87","True","tr-2550"
"train","2551","255c0a57d729ede0d469b5723ed4903f0eec90c08d56d10e40fe95d4796c8dfd","512","384","43,46,70,84,91,93","43,46,70,84,91,93","True","tr-2551"
"train","2552","09c465051e600cfdc32950af26cf4fa6309ab431d8e91b8289d44c252a48bc1b","256","256","47,70,95","47,70,95","True","tr-2552"
"train","2553","e17cd6fd48925a33b5958fb43fa5a38f82a87aaf6e7dc7b34a695ac38f9909b1","512","340","48,72,87,103","48,72,87,103","True","tr-2553"
"train","2554","9f59e520df069d76669dd8b04e49a21872ee059483ea48ca84d8d488b012d08f","3200","2400","48,70,87","48,70,87","True","tr-2554"
"train","2555","81cdba332381550f7cf74084a6cbe8c60afa7506c2053d257573c87c065f82f2","3264","2448","70,96","70,96","True","tr-2555"
"train","2556","54f3ed9496937c9e0852db81562fceaa94cc6dccdca7cf109a4f292a29834b3e","3840","2160","8,30,52,58","8,30,52,58","True","tr-2556"
"train","2557","4942c0cd5bf7111a23fb67fe65aafc0bf28c2137dbf952be7f9678178d5e3699","256","256","5,8,84,88","5,8,84,88","True","tr-2557"
"train","2558","4d1a1490763c9a491b6d76b3de6ee4c86fae0c86603d74f0956a674eae106f88","761","768","8,48,72,84,87","8,48,72,84,87","True","tr-2558"
"train","2559","ec0ae83c74cc17b39ab2b6d6b9c20cc11283627d780a6ef253473f81767fbd2b","256","256","58,70,95","58,70,95","True","tr-2559"
"train","2560","756d49c1455825f873f4ef26dd565be2fa29e03d09881f7233c737a777a0dc4e","512","364","70,76,84,88,94","70,76,84,88,94","True","tr-2560"
"train","2561","b54332346e79ffcac86fef7e510df2188926ac47c51a9c1abf49ae2c6c1abaf8","512","341","48,66,87","48,66,87","True","tr-2561"
"train","2562","00dc494e6787f06b38901a105239b7760780f66d6656fc1f04c7ed8cc6feca42","410","546","8,30","8,30","True","tr-2562"
"train","2563","97d236d80e1e1d83ecb94f7044ea950a64ccd70d7570c16e0fff051ff306eb11","640","428","5,11,25,41,42,44,103","5,11,25,41,42,44,103","True","tr-2563"
"train","2564","5dd1698030185af31244353a3f730f7672eac868dc3884aad4354c1ffbc4bb93","877","1091","3,15,41,67","3,15,41,67","True","tr-2564"
"train","2565","01a9e6fe37c5553697a881630c08df54a2c7b8c2abf64d88c048a0ec7a178d45","640","428","48,64,73,80","48,64,73,80","True","tr-2565"
"train","2566","d59d4b03bb0d4b557a12ff01824e651bfde2103269e13990bf1a7492a6c6bce2","642","428","16,49,58,94","16,49,58,94","True","tr-2566"
"train","2567","b43d93704fe952a5de5c9397950bab939e3936b684d30cb56be8f67b22dfdb71","512","400","10,30,34","10,30,34","True","tr-2567"
"train","2568","8671a763ea20c63d6b15e6ad2302b3b389b9f7538c62ce71ae204c41d71ad858","512","438","73,93,96","73,93,96","True","tr-2568"
"train","2569","593cd6f53d97815daeed2ba50fb539f35372b617352313599976f7abab733e3a","512","384","30,67","30,67","True","tr-2569"
"train","2570","e4675e770cd2593b3e8a879d9397ecf267e56670f0d6949225ebc5782bbe309f","512","377","32,44,58","32,44,58","True","tr-2570"
"train","2571","255a08f157a49abf87866fde5372a955d73ce8c51d7db706bfd200cf70848631","307","204","67,84,87","67,84,87","True","tr-2571"
"train","2572","d00d4639652638f5281e7fbc5640d5d372779c02a7e24b778ba743699598dd61","512","343","47,58,94","47,58,94","True","tr-2572"
"train","2573","1cdd4d6734f0a19a0f976f50e5ad64cd028bcbe1d1236550743ca4ae717349ba","3264","2448","29,41,49,58","29,41,49,58","True","tr-2573"
"train","2574","d92e3b83567afbb79f8b199a1c383ee6fabf5eecd3137d2eaad5ea31844e8cdb","840","840","11,50","11,50","True","tr-2574"
"train","2575","53d29432caa7a8d1a6a57434668698f13ad78b5c8f1c0b07aee2defd68c785be","512","341","24,31,33,49,52,67","24,31,33,49,52,67","True","tr-2575"
"train","2576","975a1c1f4b2970e9453d2e3d6beac56179c2e6bd50a2c8d0d5eb75fc80edd83b","393","512","61,73,89","61,73,89","True","tr-2576"
"train","2577","6bcda7c54c3afeeaa601f7c5008b3cd85df37a8c031af130c9e046122e035acc","1840","3264","47,70,72,87","47,70,72,87","True","tr-2577"
"train","2578","c4bb08f34838e24a96750753715d6aa4ac1debe999d0aba807a25e8a2edbce09","512","326","8,48,59","8,48,59","True","tr-2578"
"train","2579","a743496ad28a28a7754a951bae75ab314c6b3e1fe4ce11e95f622c9e37f4e2c1","480","640","10,49,66,67,80,103","10,49,66,67,80,103","True","tr-2579"
"train","2580","240c51a99eb100b6d77b6000eabe376feeb6fb9809bf0daaafe6d4bbecf1f33e","512","392","9,46,70,96","9,46,70,96","True","tr-2580"
"train","2581","25967e58a1c19f579a716338cdb7c3edd7adfeee376ff055dac1318e1ae33352","384","512","8,54,59,70","8,54,59,70","True","tr-2581"
"train","2582","e8bd81fac7e6205bc32c255b0a04b5d6cfb34f4adda1573535ce1867fcae544e","3264","2448","64,85,98","64,85,98","True","tr-2582"
"train","2583","6c2729184bc3bb1327b8a920ba69a25843f4186fef34fb55003d9ba6c1bb5c00","512","384","48,58,80,82,84","48,58,80,82,84","True","tr-2583"
"train","2584","9dbb5fcd8fea3997d554ffeb2f8d8a398e8aa65416c07ad6f11b6335b204cb34","512","384","56,85","56,85","True","tr-2584"
"train","2585","59837f08c5cb2a62414b8258c08ca4799c13dd3cc1030e2d2224fe87c61f0fe4","512","384","28,56,66,73,87","28,56,66,73,87","True","tr-2585"
"train","2586","494bdd76ccb5af9b33f1bf3b053cc3875d5f04725ce65d9f206c8277b3cdd674","256","256","2,30,58","2,30,58","True","tr-2586"
"train","2587","89bc9ddd2251e5b74e5ca8b63d15f11d7f5be2e61cfed0ad19c3170220377b53","512","502","70,93","70,93","True","tr-2587"
"train","2588","f6981f34f8d88b1a2a6fa844055359bd4ac195a31f49b5b43ff704c890afa13c","512","384","58,73,89,103","58,73,89,103","True","tr-2588"
"train","2589","c86901d32e237942d352763c33097036862cdea332a42bb2610edef5e967b51e","395","512","12,30","12,30","True","tr-2589"
"train","2590","5bfef173334a9ccf2927b4423074242d5c172c1fd3c6e81876f422cd7e554816","512","388","5,41","5,41","True","tr-2590"
"train","2591","4e9fb9dc1390f36efc81e2b867bd431a70c4ffe5bacf6e0d73e824c429433965","512","384","10,30,41,44","10,30,41,44","True","tr-2591"
"train","2592","df6c01be45590191218ffc8d11f540dafe4a1443cee24fc0c0dc663ae6134ec1","328","338","8,40,44","8,40,44","True","tr-2592"
"train","2593","06a7bb6d3b1d67e3b0248fae3fda3ea81c7ec74a0651219af410068a71cb94ef","2432","4320","47,59,64","47,59,64","True","tr-2593"
"train","2594","272f740a4178c0957791e072bb1db75e83a8e45880e524acc162eccbb8af1f1d","512","384","37,54,89","37,54,89","True","tr-2594"
"train","2595","1aa04a281402314478d0226a1c39a5aff76bbad08cf828527e855374732e9e14","512","384","48,73,80,82","48,73,80,82","True","tr-2595"
"train","2596","4a78010708546fc35b28e0377871d0f7b5d2f2f0a11cbc7265991b79ca501b42","512","384","48,70,89,95","48,70,89,95","True","tr-2596"
"train","2597","5226f981e64f94deb276ba71d2e067edccfe3484e863b578218f22551e8eea99","512","412","5,9,82,84","5,9,82,84","True","tr-2597"
"train","2598","960441917a9f4cac3d4712ffa5ea8b42e0e6e9c28abae3d521499861049fea5c","512","384","24,50,73","24,50,73","True","tr-2598"
"train","2599","0c886547744af1656700c0b25a2c5ef7293d09da7626deeef68be29e7e1abd76","256","256","46,58,66,87","46,58,66,87","True","tr-2599"
"train","2600","5dbf313ee27b3ce7e81f0b87cb166b33cfec677903c2796a1bdf4518ab9d982b","960","640","24,29,32,67","24,29,32,67","True","tr-2600"
"train","2601","0b4f63307bf9c0452020db18dab994b47f1f1f3be31b99bd460f9d83a9f97a8a","512","384","47,73,82","47,73,82","True","tr-2601"
"train","2602","13f4375f6210c06e29ee2b2f57a1fe6a51b3e32b3cd7c8d41f4de3669a4b25ac","512","384","47,73,96","47,73,96","True","tr-2602"
"train","2603","267bc18a0c41f6492dfe143efe5d7a86c40aeeef7a99dced5c95844d6b8f40df","512","384","47,70,73,80","47,70,73,80","True","tr-2603"
"train","2604","b5fcd00a89fc54a88de53cbc860487b5cad4bef8e92194db4f88f36bd6aed667","512","449","48,70,84,87","48,70,84,87","True","tr-2604"
"train","2605","490fde244b66c555a907085830c082af5ac02971f2e5a32c62f9deafffc13dd1","512","384","3,54","3,54","True","tr-2605"
"train","2606","e08869eb86f19183c51f01b9d6e840cedbe3ed7dbe7c1b960dacb60d66b927a8","512","384","48,96","48,96","True","tr-2606"
"train","2607","323733ec3c5d1e2bd8a21055e73de6a0a592a2700ac5ea49badd7a4879bd9f77","1000","1333","52,87","52,87","True","tr-2607"
"train","2608","c0fd97597e68883617f8125fe48210d4c83e8507eca16a3c21ff90233cbaff65","3264","1836","48,70,84","48,70,84","True","tr-2608"
"train","2609","35995e1892234767dd4b770159a7b16cc0ad683c74696d5f0f68e3baa5f1dff4","512","384","3,54,73,80","3,54,73,80","True","tr-2609"
"train","2610","0582910144dc2181fc528890658d396f0cdad07ab9046a887517dc0bb29ab52f","512","384","47,87","47,87","True","tr-2610"
"train","2611","66da0ea717a45e1a3b8a022b9bdd68f490ee08fdc6738ba4ac65814cc4e49c4e","512","384","8,46,70,87,103","8,46,70,87,103","True","tr-2611"
"train","2612","a87939aa93a24d6d5b552ade6018dd75f16664f4c3aae274f44ab01270acb3e4","835","835","11,46,58,73,80,93,103","11,46,58,73,80,93,103","True","tr-2612"
"train","2613","42de100e308db8a1d44a3bd676ee1f4b85f8b8555d2c6882edf60dd7c9cffdcd","640","604","53,56,59,70,87","53,56,59,70,87","True","tr-2613"
"train","2614","68c3901223bc9ed6caa54659614d77a1e5ea9f9a3195eafdd8e0049a7ee334cd","512","384","48,59,70","48,59,70","True","tr-2614"
"train","2615","4ce747cd4f46319e21a6bcecf1e37d50f4f6790bd222152319509247cd92c85d","410","273","48,82,84","48,82,84","True","tr-2615"
"train","2616","b386383815b275bd74850391d568fd2897b46fa842655cc8a5741176da3f9631","3264","2448","30,32,58","30,32,58","True","tr-2616"
"train","2617","f4d140b2ec0a54f0712068d848b7dee65ce10031fb72ea4040a9efc7e3409f23","256","256","24,30,67","24,30,67","True","tr-2617"
"train","2618","7fd2e4372410a8e0c16dae0bd987654e46ae945e4605ebc2014d1a1ca19b3e88","306","204","10,31,89","10,31,89","True","tr-2618"
"train","2619","490c05b5057cb5f4491b419d25a2b0123484c80a707d7ff61249295ab4cd5d81","2048","1536","48,59,70","48,59,70","True","tr-2619"
"train","2620","113eed83bc85e9ed6fc5722261efce0695598464554d3b9b501cde333bd940e3","2560","1920","46,59,66,91","46,59,66,91","True","tr-2620"
"train","2621","60ca15986b1ad9cde7b5b4bd63ee4e9bc3feae1bb0c95b7e0ad8b63e29a89062","3264","2448","20,44,48,52","20,44,48,52","True","tr-2621"
"train","2622","d5d33039bf7e88a2d4d23807bbf97a9a16c2a96024bd1362821c8e8bf909805a","512","384","80,94","80,94","True","tr-2622"
"train","2623","c814f46364dae1831efb03d19638d11e609b615fcbb2aa49f2ab13c04c83ad55","1936","2592","52,82,84,89","52,82,84,89","True","tr-2623"
"train","2624","0321b66e9ee6b393a8b332ceb69669aa6ac7750a5ffd6a583fb21fe1bbfe48fc","512","415","46,59","46,59","True","tr-2624"
"train","2625","942ced0d66c283c47f4dcfeae67ed2b52b61b8515aae0d66555134f1e47cff20","3654","3654","47,70","47,70","True","tr-2625"
"train","2626","95e7d278b3bfe8ccfbd45edaf7941e3c5817ab8f511c99e38f1a07d5d5499bb5","512","384","67,73,89","67,73,89","True","tr-2626"
"train","2627","bf6a89f7b10c7bbc42e4207d8269443513bf48a2d91652f64e0c10e62c30344b","512","384","47,72,81","47,72,81","True","tr-2627"
"train","2628","28b2995727316c6243215f9ba1fe242c4b10aa3c8710c381df30604484e8a10c","512","384","24,33,58","24,33,58","True","tr-2628"
"train","2629","191e6c1d717e2f3a89468f51fd7db2bc93efc18811e20bcc2ecb56f3127ff6f2","410","307","37,46,58,59,73,84","37,46,58,59,73,84","True","tr-2629"
"train","2630","c3dd4c37b89c33f2422688c80e83369e28f602fa89319135f159eafb0c0b4451","512","384","48,52","48,52","True","tr-2630"
"train","2631","54711a8b40ad4558d1d35488da8b123ad5208f1e316e655d6bbc28278408cf28","512","449","37,46,76,84,87,98","37,46,76,84,87,98","True","tr-2631"
"train","2632","ef062342a091f77ff02a56d4a80252a5c460a98d9dde1a9f75b17a16759ce8b1","496","495","24,62,89","24,62,89","True","tr-2632"
"train","2633","768d836654e8d29da76f085974e4314df9a5c4f3948ac50f0bfe49a5eedcaadf","256","256","46,65,84,87","46,65,84,87","True","tr-2633"
"train","2634","7bcdf854da13daacfd58e66dd9ff69f52ac14262f6f503defda0e04007e253cb","512","335","26,52,67,73,80","26,52,67,73,80","True","tr-2634"
"train","2635","d3c6354c3a3056dadcf5bedd0f6c1fd2cad71c2482cd0c3763e5d01c15d1f30c","512","340","8,47,67,73,76,82","8,47,67,73,76,82","True","tr-2635"
"train","2636","06b11d4b1c410aaf5373b8c12dc618fa064e52ff80a0fdb8d3fb64b1d50054f4","642","428","47,52,70,90","47,52,70,90","True","tr-2636"
"train","2637","3d32d808740c872854f9b66300413b569344e19d306277d7d4ed072d7b564370","512","358","25,40,41,67,70","25,40,41,67,70","True","tr-2637"
"train","2638","4e9f572024255b40ae873522cb96a82161877a9ac1031e8dedb8c616678aa5aa","512","382","54,56,76,85","54,56,76,85","True","tr-2638"
"train","2639","f13960dce141fb8e9cd2cf685477f8ed041c81e32409f7a18a8bf30a9d8b0309","256","256","46,52,84","46,52,84","True","tr-2639"
"train","2640","2b14c3242efa9cbaed359ac6396cf57c0533e38860b1c82394da7d5242f301f7","512","512","37,48,59,80,96","37,48,59,80,96","True","tr-2640"
"train","2641","f64619ac91096ef30e22040886f375f4dce2de08b8df9adab17c03623c437e68","512","384","48,59,95","48,59,95","True","tr-2641"
"train","2642","aa5b86741f14afd67996e0d2ac726e8f7858cad90d303d31e22e4f3941f125f4","512","383","48,67,73,89","48,67,73,89","True","tr-2642"
"train","2643","3e74b126ac6a3f609c862118a1d4233b6393d7a08b0dd00859e8155f200bed8e","512","384","10,29,33,52","10,29,33,52","True","tr-2643"
"train","2644","9f0b7c2facb704a53bb6c9b244d390c762fdedb1ff484e9c56ed00cc359c686c","512","399","54,73,80,82","54,73,80,82","True","tr-2644"
"train","2645","cb6a59993d1547c7b1a6a1fb5c118ef42b4f0b4ccb53af03afce1f76683c36bf","512","384","8,58,89","8,58,89","True","tr-2645"
"train","2646","15fe4293261baaf75c4206a4bd43807ef0be01e0d6090ff92591a0cfba366d03","800","600","4,5","4,5","True","tr-2646"
"train","2647","88e6544254f2684d67a5cb1121355815d1d784de6502226f06654563fad281d3","512","384","9,49,58,70,95","9,49,58,70,95","True","tr-2647"
"train","2648","d4897712a1d37fd5d64eaf65a8a3c424e8d56ed2cfb425bd09a8eeb23a5e854f","256","256","46,84","46,84","True","tr-2648"
"train","2649","9472448088cc6c4dd58c8e586f595f648ca80860f487c93f68762deadc5d1a7d","512","384","37,49,54,89","37,49,54,89","True","tr-2649"
"train","2650","88ac0c1816e91fdcea59f804220b4f1e87cb25713e3b68e08c7cdcc2722a6478","512","384","47,52,58,70,84","47,52,58,70,84","True","tr-2650"
"train","2651","4e15ce241957fcf7401624d03fcdb8b0b30bde013a8f7ba608edb6e6aac0d72c","512","362","37,103","37,103","True","tr-2651"
"train","2652","14d7fc1add166aba74d70fd35624791db7211a8f8eb449dd4531e48fd705e387","512","375","37,54,70,84,89","37,54,70,84,89","True","tr-2652"
"train","2653","a082f5c1cef553c167cea2af8a5635eb2d91ee3147a57333aa8fda30429c9e70","2373","2373","11,52,54,95","11,52,54,95","True","tr-2653"
"train","2654","8a8180c3995cf423895a31e09fe4fb7337e0f55c98e88e66f1d1c1fe2a40993c","3264","2448","47,52,85","47,52,85","True","tr-2654"
"train","2655","dc06dc63713fee5eb1c39e0e9f003fae2584bcea54fd14f77b68e0c72519a65f","256","256","8,48,88","8,48,88","True","tr-2655"
"train","2656","fc0a1ce3fc37d5cb903bb88ea6d721c7bafe9d8777da1b609d4fc80731b2e28b","3264","2448","48,58,59,66","48,58,59,66","True","tr-2656"
"train","2657","136014ee2b7454b3cd2480651967c9776f9e2d6e54d3bcad2ec5dd6464197a64","512","384","59,66,67,95","59,66,67,95","True","tr-2657"
"train","2658","41a7a69395386fcc776741b49c619221e17d5177157257b8913f708b5b494727","512","341","48,84,87","48,84,87","True","tr-2658"
"train","2659","bb9fbe41a9d5d072abaef682bc8aa20c149dbce0b67161c0ce425b84b0fdf336","512","384","37,48,70,85,89,95","37,48,70,85,89,95","True","tr-2659"
"train","2660","1f1e27d6c3e918832d410944373740d6ecdd30e009493bccaff0c9f13eb522c2","512","384","48,70,84,87","48,70,84,87","True","tr-2660"
"train","2661","a3338fff41f263ec724ae699a10635b770f699fe324e1f9a474ae855515a3706","512","383","48,66,89,94,96,101","48,66,89,94,96,101","True","tr-2661"
"train","2662","94d35061466d29f102e821cb20afe4235f995b0dd81d5b505357af7453b4398a","410","273","57,58","57,58","True","tr-2662"
"train","2663","e3de1766fea4950a0818778dbe0a9ad647babf103151b0c4235080136849f7f3","1384","1726","8,14,27","8,14,27","True","tr-2663"
"train","2664","2a32b5d65cabd46b170671d6cc17b4f2b182725a0091794639307a28389a09dd","256","256","10,41,44","10,41,44","True","tr-2664"
"train","2665","7050f4cdb2e89dffe68bcb014762e31b193828a09f7da357ecdc8e06f1f01076","512","341","41,44,67","41,44,67","True","tr-2665"
"train","2666","0db0b389bb9180f71a2ccaa59c443d3cc6e735f0e39b95edb8b253a3de5ec59e","512","383","49,85","49,85","True","tr-2666"
"train","2667","29778bb84f86eeeeb5fa8f9083292ec6fd1ebc09e87b47c92e851a1395753d88","642","428","14,30,41,42,44","14,30,41,42,44","True","tr-2667"
"train","2668","5e4daeec4cba2d1d4343f01e2f67090e5431e2b69c4f2cfeab4ad4b1bedd96b4","2000","1333","3,8,37,48","3,8,37,48","True","tr-2668"
"train","2669","2ac633b462745de0c65208c3308dc6f846124a2f61266534c445bfa365fdd26a","215","141","24,47","24,47","True","tr-2669"
"train","2670","c584dd76b2eb2c29c15162cbbc790982710ec1bdc2f61aac0dee96adf4b30f5f","800","800","41,48,58,80","41,48,58,80","True","tr-2670"
"train","2671","8abd5cfdc965971a564a5b73b039f86a00cae47d4637cc242dcc80decfe37352","2988","5312","47,59,70","47,59,70","True","tr-2671"
"train","2672","a5a5fe0920636e6641449b7c6c87799754cb72f78d4fd6220861045678d61b71","512","384","8,44,67","8,44,67","True","tr-2672"
"train","2673","f55510fbe856eb117130340944cfb17c84cc033ea0cba1a7ff657219890a1816","1920","2560","47,70,91","47,70,91","True","tr-2673"
"train","2674","886e2352a7bcc4170b5f73507bf569854a53fabcb317d55ac226b249c369825d","512","384","3,46,58,91","3,46,58,91","True","tr-2674"
"train","2675","294fba86c0aa89b79ecbd58dda141218e0512b46299d767ae7033043cddc9b15","2582","1937","48,70,84,103","48,70,84,103","True","tr-2675"
"train","2676","12528e040250f5639954539ffe10be2dade48d49c6cd898a8671c21c1e96448a","512","347","48,66,84,87","48,66,84,87","True","tr-2676"
"train","2677","03d6cf0c49bd6348d27ca91495ec61579f8f10c876cfcae89b963cc1e6dfb6c5","256","256","24,58","24,58","True","tr-2677"
"train","2678","a269973b76e6a056983c5d0ae1eea2d78d355e5589200367cdf4353f235256d2","256","256","17,37,54,73,89","17,37,54,73,89","True","tr-2678"
"train","2679","b2f3df67d55b93acfe8c4ec2d528d53e2628cb5d7774825968275f9b98969bc2","512","453","46,84,87","46,84,87","True","tr-2679"
"train","2680","82b0807bc211bcab59d0e5f3207e328d1be2b0e43b73979e2c72a4d20bc198d0","512","429","8,46,52,96","8,46,52,96","True","tr-2680"
"train","2681","a1a83c937c58e84584ab5b7de4e43ade9012708d3f29aa9183077d39738de976","512","384","47,70,84,93,101","47,70,84,93,101","True","tr-2681"
"train","2682","7e60c66561ed44be0c20204250edea5d10fbb15e714067063c0bcf4859dafbf2","640","480","46,70,77","46,70,77","True","tr-2682"
"train","2683","e5f3285d5d2bf44a85ad5f5ca45dd38ee44de6fe41367f676964c99c62814d9c","512","384","8,73,82,84,88,94","8,73,82,84,88,94","True","tr-2683"
"train","2684","f901ae7b2d25778c0684ab7f336c595eabb30331c7dd04024d0dd8a909496eba","640","428","8,10,30","8,10,30","True","tr-2684"
"train","2685","685671c647607935d30093fa5cfbbc35d0e1520d566bff70961affb437e641de","512","384","11,30","11,30","True","tr-2685"
"train","2686","6bb7eb8146d6e6e0abc19d9feb1ade6b5bf50084a01a99299c3e7ef9e041a8f5","512","382","48,59,66","48,59,66","True","tr-2686"
"train","2687","3bc55cde246a2730645b52f8b92d25d5fb7b44f68812d5fdcc55ce428362c004","512","384","22,38","22,38","True","tr-2687"
"train","2688","851c588454c8ab865f3e582007b3d9d7a04d34325edffab431c1010c1c94177f","512","384","9,29,58","9,29,58","True","tr-2688"
"train","2689","0705ab69bac5d9c9adcbb0d6dc24b64d21107bb89eeae750f17b18abb22f3c89","256","256","8,10,30","8,10,30","True","tr-2689"
"train","2690","30fdf858a57edcfecc3572817d1dc40a5103f0a0fcd9ee1d13ea2f97ef128ebc","640","428","58,73,103","58,73,103","True","tr-2690"
"train","2691","16a595908bb0749cd2b10c34f6b9454eb26fd39ee6c2b5e851e6fc383f2a6909","256","256","47,59,67","47,59,67","True","tr-2691"
"train","2692","c2ddef5a25a3f56314acd91584621adbf31e978996e1f3b50640daf0a015450a","2560","1920","48,52,70,84","48,52,70,84","True","tr-2692"
"train","2693","28b65a12c8367b3743c47a7a28fc51c3042e77c370f3977a2ce4815e24bbdaef","693","693","9,58,67,80,84","9,58,67,80,84","True","tr-2693"
"train","2694","efd0a363585d3f2e43e6ab537fc7ae0326293918d2a1bf773eef5bb4d6362c7e","1553","1553","8,48,67,73,82,89,93","8,48,67,73,82,89,93","True","tr-2694"
"train","2695","f99ff12223604b07ee328eb5cc912197abeda3763d1a027d171cb130bd25e8d9","256","256","48,66,82,84","48,66,82,84","True","tr-2695"
"train","2696","5626f089c5a04d4b9f7dc76aeeb383fae1401bebc6d15b11e66944cbd6f2f9a6","256","256","3,9,13,46,58","3,9,13,46,58","True","tr-2696"
"train","2697","f6c0850b196a57ce06ec53cba1f9e073bf4b0e515905ab9f329a986ab2b89b19","512","388","52,67,70,76,84,98","52,67,70,76,84,98","True","tr-2697"
"train","2698","d902e28c28f1629aca7942ff886faff09753b94e6d68a6c72533f8919db99e81","512","395","48,84,89,96","48,84,89,96","True","tr-2698"
"train","2699","d7d6ba92531184fb75c1555c5483abfb2bc9395c8da7715c5e5ef59019572584","256","256","48,65,87","48,65,87","True","tr-2699"
"train","2700","d5ef5062b9d560a1f4d89bbf814dcca610b18cff4674313dbccb152f07784149","256","256","3,52,84","3,52,84","True","tr-2700"
"train","2701","7b47f1e24e3c1b165b8c5f34f37a11aca475d66c913f43567d21797720eaf771","512","384","4,8,30","4,8,30","True","tr-2701"
"train","2702","493b2e331e035ceb441112cccadf991301bf53660a5f7581ff102fb1aac22070","512","384","46,70,84,91","46,70,84,91","True","tr-2702"
"train","2703","42c8cdee1704d387fbdcabae2fa9652dd6a1df9770a6d7042dc562bf51077a99","410","273","33,44,58","33,44,58","True","tr-2703"
"train","2704","0080efa442da4b90a2c7565af57458a088b25193af24f0a3278b0d626b91a99d","512","384","10,29","10,29","True","tr-2704"
"train","2705","0e7af29e99d1b4a396282f7de4b19d662bc72ad0ba8a1fe1ac101559f587c4f7","512","384","8,46,70,84,89","8,46,70,84,89","True","tr-2705"
"train","2706","bb2a9795c16bdef13444478389379dfb13b17cb783f4a15c6711815195fa4362","512","384","47,59,84,85","47,59,84,85","True","tr-2706"
"train","2707","5911e53ef632d1c4c74620f632fb182acd9ea1aa0b549b712d59fd0f42ebd637","256","256","48,87","48,87","True","tr-2707"
"train","2708","063d99036e6df3b41e8b74ae049029cb2b9ab2c3a8658a88ce18657bf24e437e","512","399","37,54","37,54","True","tr-2708"
"train","2709","4a7bf58c734b92666dcf960437e08dd80cf2880ae56e58dc43799d87aa185249","2322","4128","9,30,58,80","9,30,58,80","True","tr-2709"
"train","2710","8150106b18859dfd65d64fb05428d17d561ac40ffad069f28869ce84d8229002","512","478","9,46,58,73,80","9,46,58,73,80","True","tr-2710"
"train","2711","072ad5a197969b54912ce4fc7fcb7695ae8c1ef7adb4b102329403b1c91f3ccc","512","384","48,73,80","48,73,80","True","tr-2711"
"train","2712","4a3f0947956ef6f896431b48e904309f5bba5cefc0e871fab26ba51253b4cfbc","256","256","32,67","32,67","True","tr-2712"
"train","2713","46d71550a7a54bc14c13f3dba88303fb7a3fd278b530526ad35f78d2c35a282a","512","340","8,25,30,58","8,25,30,58","True","tr-2713"
"train","2714","7ab3d5a1b211aa929252b451f4a680afcc9170182bb6474a6bf6f70d27219b09","256","256","47,48,95","47,48,95","True","tr-2714"
"train","2715","c6760def98941b9c966d9cc4ad19a1139189f1568fe7d9ff2616e1d9c2ae7b39","512","384","48,72,80,93","48,72,80,93","True","tr-2715"
"train","2716","514041a094f5d004d2c10a73565407ff965ef8894ad7f2fb1b8112d61645b52d","480","640","24,47,52,66,80","24,47,52,66,80","True","tr-2716"
"train","2717","4d0371f7b1b15194d110a381f654b6c49b713776b9304e8ace0d61be451a251e","2048","1536","48,70,73,93,96","48,70,73,93,96","True","tr-2717"
"train","2718","9d998631e960b02765c8900c286f25a495019f741ce5a1175d998eac7a52d0a7","256","256","47,84,87,89","47,84,87,89","True","tr-2718"
"train","2719","d4e47503b33e569be73b9f7dd2c790b6e98f340088998c5f9685c6a65dfd0b33","512","340","48,66,84,87","48,66,84,87","True","tr-2719"
"train","2720","8d518c0fd69694ce48ead56e1bf6a8dc30ccbc10a7647b37f7cf43f40236adc4","512","384","18,24,28,48,59,80,89,92","18,24,28,48,59,80,89,92","True","tr-2720"
"train","2721","25cc03f106b083e54cbae0b226426f6edbef58694c798659236bb8ab0ac873f2","512","384","48,66,72,76,84,87,96","48,66,72,76,84,87,96","True","tr-2721"
"train","2722","541397bd1332de7dcbc1c0f6d72feb38503e079ecda27b46eea2c45a0b85e2c3","512","384","5,58,84","5,58,84","True","tr-1735"
"train","2723","62216cc8045a26839035496aa87ac657ea52ca94321b6685ffd73a530f616410","512","415","46,70,84,87,98,103","46,70,84,87,98,103","True","tr-2723"
"train","2724","a6da8f29538f3b8511e19050e9735eba884fabe6cc3012818b124419909265d2","512","384","73,80,84","73,80,84","True","tr-2724"
"train","2725","23e9912f0fbadbd6752dcc1c5dd243a5f0be9b780b48a00bb3fd01b94ff2173f","512","384","52,67,73,89","52,67,73,89","True","tr-2725"
"train","2726","c81aec36ffda7b322c0bda5e49cfd6ee3f55008eb344d6d6fb5c51d11f538a52","256","256","9,52,66,82","9,52,66,82","True","tr-2726"
"train","2727","c1a30782c03e089175bf0bf39192fd99e7c249753d178c8b73ecbfa44ed47879","2592","1944","47,65,84","47,65,84","True","tr-2727"
"train","2728","f0d2c12d7d329454063940844052c29b5a7362098397054493737eb0a32c56d3","726","727","48,52","48,52","True","tr-2728"
"train","2729","b65d5cfd439420b7d1716363b37612d6f3aba566ff2d0b8e5201863a00632de2","512","384","37,47,87","37,47,87","True","tr-2729"
"train","2730","c81c224b205521e86773ceec933f659841666b1925449d05cb0cd731a4dda8c8","512","384","47,52,67,73,82,89,93","47,52,67,73,82,89,93","True","tr-2730"
"train","2731","dd76e124729a69c73076ae76062263ef55d161fe6cf2e4a1f00b33f18e846510","2560","1536","48,59,66,87","48,59,66,87","True","tr-2731"
"train","2732","da69959caed7c939a45328e8c00435fcecd1d0f429e78feca05a8f27843298ea","512","384","8,10,30","8,10,30","True","tr-2732"
"train","2733","70e940965006c6429d497477d1a8d8a621b43999ae666e7eef4f5ee20fc1119a","512","423","18,48,59","18,48,59","True","tr-2733"
"train","2734","4d977082d98e10bfa3aad1d5e59c00253d82ca6fee33477504924a66d51bc897","512","384","25,52","25,52","True","tr-2734"
"train","2735","8fdb6e0e1c52a5e75f5b1c2e359fda794cd756866cf44696df942dda5f759125","642","428","5,41,58","5,41,58","True","tr-2735"
"train","2736","81b950007e5ad4cafd7080d78d291dab8925eb93f93451d7299b67243e68c281","640","428","12,30","12,30","True","tr-2736"
"train","2737","ca9fbc5b7ea0a910467e5e61d9daf1c3e02cb8f313c4c29de588b095717756e4","1024","681","46,52,70,89","46,52,70,89","True","tr-2737"
"train","2738","d960cc384b088378a77484a6172bbea28ad3407b15fdedc7046cb9b1a0c1589a","512","453","5,13","5,13","True","tr-2738"
"train","2739","4c576a4114a1af855552756fc6df2be9554e4469579a8aa52c63f4761f1ac3c0","512","404","8,37,48,66,73,82","8,37,48,66,73,82","True","tr-2739"
"train","2740","e13eb44174f3c50b0a55beec79a13a716ab4c88ee53a55021848a788036a543d","2844","2844","52,67","52,67","True","tr-2740"
"train","2741","54ea81bf46a921dceedd31f143e010535b35fd2e4bbaabf50842b658022fc12c","410","271","15,44","15,44","True","tr-2741"
"train","2742","9da863ac27c458b5bb734457dc6c3bca7cfec1d5cde494bfeda19cb10fce6268","307","204","10,30","10,30","True","tr-2742"
"train","2743","02a6edec7d825ed1e91f9bf47a47b9c0678ffca882f3f3d5e2ceb950088d6ade","2048","1536","47,66,82","47,66,82","True","tr-2743"
"train","2744","90f45e4b79d7432e9c872bbf5df80ff7efcec3f0bc3f11405c3eca73a6c9b3df","500","374","5,8,31,89","5,8,31,89","True","tr-2744"
"train","2745","e7eeb23c76abb325c4b964f9a91ea4e5f9c0b8ab8f4751d6982a65dc3cf65eb4","512","369","54,70,89,95","54,70,89,95","True","tr-2745"
"train","2746","23cd6e296488703ed9782531c67dbabbec9ab8dd787a4bb42af1c15d1b18c72f","512","384","46,66","46,66","True","tr-2746"
"train","2747","f2364c0f958de1a4bb690a03d99dfb3deaed5da12f99eb432913ebf36a8a4a1f","512","384","47,70,84","47,70,84","True","tr-2747"
"train","2748","bb803147ea6a2a2aa2b45d05fdcc1585c449b4bb43520efee40eb5db626726b1","1000","750","47,52,89","47,52,89","True","tr-2748"
"train","2749","b4a82ab659333ffce92db080750d4528ba776d016bb8205afe7d3502b7033e42","512","380","54,73","54,73","True","tr-2749"
"train","2750","9b65cf5d66e277cac59e507ff91c79311216a52a0fe0a14bfa25f7dadb41d50b","512","384","46,58,73,80","46,58,73,80","True","tr-2750"
"train","2751","27881acdacee80e0bfc2f85799ecdc1eae0d73eee66e7073f610997d725c6366","512","412","54,73,81,87,93","54,73,81,87,93","True","tr-2751"
"train","2752","6bb24e3f7bc71d2491087af83ef8343887209f98f0b76d64532b47f5134cd8c3","512","384","8,17,30,41","8,17,30,41","True","tr-2752"
"train","2753","4b2e0cf910117832b11aa3026e43bd7dbbd20376742a202f29520a5c03f9db0f","280","418","66,73,80","66,73,80","True","tr-2753"
"train","2754","dadce4cbb2055aa7128e1a92e6bf531ab1de6a266bd1f36079dcf1f4c26ea281","410","312","10,37","10,37","True","tr-2754"
"train","2755","e5713b82e86a6de72b95743d3c07cc47536aa5a297e8cc4cd7fb1f18041eff3e","512","384","54,72,84,89,93","54,72,84,89,93","True","tr-2755"
"train","2756","0481296996b95df15a70827626fec1bf7b7328712eac9bc78196d25a51625562","3264","2448","48,65,87,101","48,65,87,101","True","tr-2756"
"train","2757","753d7b120142ae6aa78308d9f17977fb30916a59a632d65933c2a5ef34b92019","512","439","3,46,58,73,93,98","3,46,58,73,93,98","True","tr-2757"
"train","2758","a272a6816843df066ccc0f1579fc0a7489a2284efb6926ca42c9e1bccadfb6ae","5312","2988","4,8,31,58","4,8,31,58","True","tr-2758"
"train","2759","c0a6b1f08a607132509c0100e12cee7680df059f9e4fedc65ac9b5daea8f29d3","3264","2448","48,72,84,87","48,72,84,87","True","tr-2759"
"train","2760","fb5ffebd034179190fe43a137a51ee1f514f2fbd93cd34d2a001d32b6ceaa44c","384","512","12,29","12,29","True","tr-2760"
"train","2761","c1009e90c2469eb7c02752d17be7149e3b0ea6361e256bd855a95dc76dcdd83f","2048","1152","51,52,89","51,52,89","True","tr-2761"
"train","2762","07c5b749e293fb5e627ef6f07e8b51fa0912010a5f270cfe3a787f9841cab8a0","512","384","46,59","46,59","True","tr-2762"
"train","2763","de9525198934ca6871a0edea687f835808b0296f251b7419dcb19d0479489793","3264","1836","48,84,88","48,84,88","True","tr-2763"
"train","2764","168e47c4891cd64dd8752b7c7503cde0ee050abd8587f575bcbefd4e1dd62585","512","372","8,30","8,30","True","tr-2764"
"train","2765","4e88486b41732a06f057c901be9eae631a7abc57b0369d6ff09d15c80dae7c64","512","384","43,46,58,89","43,46,58,89","True","tr-2765"
"train","2766","3096124e29ee4e71a7460dee5fc3ba07cb24d6b2226f7656fc407d7f0ecbea7a","256","256","47,70,84","47,70,84","True","tr-2766"
"train","2767","8f2ff2e0e6e61b06d50d13439d2abb74568c375f28e15e64eb7b92a18b81cb06","256","256","46,84,87","46,84,87","True","tr-2767"
"train","2768","0b7be4750990bde8f49b86ed25d8403a2197dbae6c55b4e2890e063596dc6d53","200","200","71,73,93,94","71,73,93,94","True","tr-270"
"train","2769","79ee20a3140aa2ff3e2295f95a603bbe4650d2d8f59777c7c325b32d309b3293","410","307","52,85,94","52,85,94","True","tr-2769"
"train","2770","0813510c35c52ee514c46f8742f5b9ac74c4989cae77d8438fa1b4590b25a837","1280","1152","52,58","52,58","True","tr-2770"
"train","2771","f6e91a1df099d0198f5633b485558addfccc59b450025d86be90d60d2402161e","512","406","46,66,84,91","46,66,84,91","True","tr-2771"
"train","2772","8e31c13e1abde981096813f1b6cc2daaeaee64fc1d90e16486e3c90115f19e8a","512","384","24,47,58,84,101","24,47,58,84,101","True","tr-2772"
"train","2773","0c8732274b7b52741ea0319d04f408eea013dd7cdde515a260db7ca46122cf4b","512","384","37,47,62,66","37,47,62,66","True","tr-2773"
"train","2774","182ca6f20257c3b08da13fff232ce4ef84e042a7ce7eb2a4bcdc7cb8d3707657","512","384","46,58,65","46,58,65","True","tr-2774"
"train","2775","cc714042f61d064368b331a9b6604aaa19580796a3055644a9b403188db49f46","3264","2448","23,52,73,82,93","23,52,73,82,93","True","tr-2775"
"train","2776","c5de132e0c723dd5c8776ca9c9bf8048ad57d162ce6049ed3ff3d186b49ddc29","512","384","70,96,101","70,96,101","True","tr-2776"
"train","2777","13d4741267b91eb6bdd6914fbbf074801b8c106e3228147b1a84d515f90e9b41","375","512","46,70,87","46,70,87","True","tr-2777"
"train","2778","52bf0661d96221a7232ff95970e18aedbf587557ec215ac8bcf3a304aecc40f9","534","356","30,32,67","30,32,67","True","tr-2778"
"train","2779","c25370417a3f060c47e9ed34c06c259ce056930a04532d239a3055f8d6a80920","560","374","58,73","58,73","True","tr-2779"
"train","2780","129ef06553d02a065fdb08dbc473eff344d54bcb76dc2b5d3e2ea32ab80466ab","512","384","30,58","30,58","True","tr-2780"
"train","2781","4f8850cf37ff8b38935dc4592c9b5a75f6ecb7d4e8361ad4656aec65f9fbc01a","512","384","48,66,84","48,66,84","True","tr-2781"
"train","2782","12ea9e18bbf010239cad3a34268c29d4cb3c9d134e60eca4c1f035eddbcf097e","640","480","58,64,80,85","58,64,80,85","True","tr-2782"
"train","2783","84eb34cf0bf6815b4cd12e2668d2a153452436624d5ebc979f80cb03f09f184c","1000","750","24,48,71,73,77,103","24,48,71,73,77,103","True","tr-2783"
"train","2784","9431217284304cac6919ecd5741082ededf963780c2f79ce9c812bf4be1859b0","512","398","47,70,87,101","47,70,87,101","True","tr-2784"
"train","2785","40c208ce551b22d7c68d331fe6c74e98245cd78f7b345af6525115ee17543896","410","249","5,24,58","5,24,58","True","tr-2785"
"train","2786","c2238f0a40674434e3119a31148fb3d3b7dd111ebcb18e4c7e41ad4c00bf3348","512","384","9,48,58,80","9,48,58,80","True","tr-2786"
"train","2787","e5994d1d3b5ae9f4cec940003dbb6c3f2ba005eb26b442b861d3dee886094050","410","273","10,30","10,30","True","tr-2787"
"train","2788","22d9addc557cbabbfb680f2a8584d57ffabb0402f355ea21717a1ba33cdbca4f","256","256","46,59,70","46,59,70","True","tr-2788"
"train","2789","760b5cead8f3ff3b680bda15aab25ce94ae9b901907429550bc96e91648635a3","512","341","8,30,32","8,30,32","True","tr-2789"
"train","2790","edf4813f7595f2f16428a01f2a6dfbd46f1367aafdb3cca4b364b3fc591708db","2048","1365","37,73,94","37,73,94","True","tr-2790"
"train","2791","31f2c84ab892607b52042db624ed0cf1d84f8fe54dfbe73829e351bb7de21c0c","512","440","51,70,84,95","51,70,84,95","True","tr-2791"
"train","2792","5d96eba5ff994711b72da018d8aa67618c024240a79fb277cd450329e3785388","256","256","9,25,46,58,80","9,25,46,58,80","True","tr-2792"
"train","2793","e52fab7d79256d9e82ed8e399abef550858b59c3199610801e179787d0d25b76","642","428","9,46,52,58,73,80,93","9,46,52,58,73,80,93","True","tr-2793"
"train","2794","688e5a8170414420d15f9ec22330a9ff50fb4db4a89e00af66b0fdfd7fd03abf","512","384","36,61","36,61","True","tr-2794"
"train","2795","028b7616a25f76f408fada00c2650d7ba7741f40269707a463696c92668a0aee","512","342","48,65,84","48,65,84","True","tr-2795"
"train","2796","fb342894c453eb4be7981c70168f192e960215c7d676e99e79fc6c284750dd1c","1937","2582","48,70,87","48,70,87","True","tr-2796"
"train","2797","644ff1c4ad11029fa435ba38634999d57ba32ed17b0549c74c5446c57db03980","600","411","46,52,73,82","46,52,73,82","True","tr-2797"
"train","2798","3ca5dada3900af47e911d03400eaf6926d2b9245ec6161796e692fd598b1c6c0","512","384","48,59,70,89,94","48,59,70,89,94","True","tr-2798"
"train","2799","137c46b7c7e22b1c995ce8ccbc0f837ae2f498875dbd1f32ad6fba094294e410","512","384","21,34,46,66","21,34,46,66","True","tr-2799"
"train","2800","05130f88fed3d6075e8e5d81a588d6b94eae3b304fcba2544a2143722312b30e","512","384","9,37,52,54,70,95","9,37,52,54,70,95","True","tr-2800"
"train","2801","15672ae7b14162b9a7796e859c0887f7ac09560e6d2eec966b32d86d3295f10f","1536","2048","37,52,54,84,89","37,52,54,84,89","True","tr-2801"
"train","2802","e29c992ecba570e020ea7a4b36a0133a1edd9b8ffff45c3860cb87c773db026f","2048","1536","46,52,82","46,52,82","True","tr-2802"
"train","2803","2cac24a2416d7eae162cc7d02845faeaab772d4a5e3e9b27a72756f3c2bc0f33","384","512","25,47","25,47","True","tr-2803"
"train","2804","2df90061507f2de776ab13878fed4507921f2e127f9abb93f7a34dc2f1a962c9","256","256","46,70,84,93","46,70,84,93","True","tr-2804"
"train","2805","cea3c8c77e45c971e7f98ec5c3bcbc0e8c927a0f3da039a7e08eb685945a4790","512","414","24,54,58,73,76,82,89","24,54,58,73,76,82,89","True","tr-2805"
"train","2806","3c2899f818190caf6eb060cf686d78523bfe6c832503c57df5817fcfa7c37ecd","512","384","47,70,89,91","47,70,89,91","True","tr-2806"
"train","2807","6bd484e0aedcffa101969c52b9f9e4a516599e8d655ce498d8669b2249784831","512","384","46,70,84,85","46,70,84,85","True","tr-2807"
"train","2808","c6c71e9f76b83fd081349ce77abfdc5fc4fad5f62314b8376682734618543492","256","256","46,58,70,84,85","46,58,70,84,85","True","tr-2808"
"train","2809","e226c9f9e6e80bea38fdf882325d7b94e42c1b954f20958abb2c74c8220cc3e4","512","287","46,52,82,84,94","46,52,82,84,94","True","tr-2809"
"train","2810","10091145ca71a78144fea58859883056e166a538097d70975c8a778cc73938e6","256","256","9,35,94","9,35,94","True","tr-2810"
"train","2811","5c8cb54b4702ff242f2f3834d950f75dbb1052133e1ed5a4561cb4384c6ef23b","2988","5312","48,66","48,66","True","tr-2811"
"train","2812","873df4c9b70bd7f73713b6a9819897d6f51c7ea57cc8fccc0349335bb37ccae0","512","384","10,25","10,25","True","tr-2812"
"train","2813","12ab72e58df5e65c757f8c275d20e610ca28a9137745e03d87a38bb057d4ee77","410","273","9,52,58,73","9,52,58,73","True","tr-2813"
"train","2814","5da002fba738afd31416618d3222808943c60243e3580c0d37620163dfade777","512","384","4,10,31","4,10,31","True","tr-2814"
"train","2815","2f473c2701242672bda6ff455fb5a35cd0a82d42d7b618942bf97109230d0f5b","2048","1536","47,52,82,89","47,52,82,89","True","tr-2815"
"train","2816","8b0bf9082766d50263150296217c17ec9a5bc33646c94778657ba44b5f64bec1","1024","574","10,30,32","10,30,32","True","tr-2816"
"train","2817","c19bd45b98163581cf3c7a4fecf6b7477365d52ab4819e12ba27626d774d5c98","256","256","10,30","10,30","True","tr-2817"
"train","2818","dfabcd1dd0240bab9ca94a8a710ac8e3225f67c9f61f57662ea0af2e4ac02e25","256","256","25,58","25,58","True","tr-2818"
"train","2819","05e6ea7beaac32bdbf15bda3205dee7c3cee49526ed83fac2f62575d708b546c","512","384","52,67,94","52,67,94","True","tr-2819"
"train","2820","cdfe8e07c65644b4e92b15809e1d71dc55b5a5592739d60e252015d199910d2f","256","256","50,52","50,52","True","tr-2820"
"train","2821","9b41e23f6cfa0b6e9ec17f31bc4189086bbdcf4456adb5c880fed27934ea8d62","512","384","67,70","67,70","True","tr-2821"
"train","2822","6d563fb444deeb0ef7aaa7c172a075dda606a590522f2e391ce0873121810bde","512","384","9,11,58","9,11,58","True","tr-2822"
"train","2823","16911ec58e18b056c169471189485a1c69856f42c1abb57898ab86ee77b64b80","512","370","48,73,80,96","48,73,80,96","True","tr-2823"
"train","2824","89d6eb769493a21eccb83b58e89fb9e02c67b800cc39495c4cbbc3b735926a11","512","430","37,54,73,84,85,89,93,98","37,54,73,84,85,89,93,98","True","tr-2824"
"train","2825","038514f1335be12c4297f405af70a7b006b5658dea90de986e4b5f7fa859cef0","512","270","54,70,87,96","54,70,87,96","True","tr-2825"
"train","2826","02357bcb3ca6e652b1c898eec3dd5937d4139416a4650490fdde6cb8e9cddbfc","256","256","46,73,89","46,73,89","True","tr-2826"
"train","2827","1c019770c6459a7a608783d1a7f722ac389df198ad590c00f212d53fb75cc943","410","307","25,35,37,52,67","25,35,37,52,67","True","tr-2827"
"train","2828","fab356c58637a89475e19e1e47b98b4890b78c73c70e581d4be72bf8a5c9240b","256","256","46,70,84,91","46,70,84,91","True","tr-2828"
"train","2829","c0d9247d7c582b4174072c3abdc3253399886d77c2c6d149959ea59063884c7f","512","384","46,70,84","46,70,84","True","tr-2829"
"train","2830","f20d38b7dc562d46ac7a4f6ebf2e38488d8284afa5d3a45dfe73f4b309261f61","512","384","48,59,85","48,59,85","True","tr-2830"
"train","2831","522d58b016d3d885858ba456a67a424dba57bcfddd5d8450b93b6031047f9167","256","256","29,30,44,67","29,30,44,67","True","tr-2831"
"train","2832","4e812287a5f731168ba056bfef3bc21d803661d04147a732f68fd001ccfa4100","512","384","35,46,58,59,73,88,89","35,46,58,59,73,88,89","True","tr-2832"
"train","2833","974a907cbd159a8e3aa887c28b226aae60a86f3631c3ecf7a56d95a8549254e0","512","303","46,66,72,84,87,101","46,66,72,84,87,101","True","tr-2833"
"train","2834","c89b36b297bc68a9ccb0246dd19c05c9dd19cd0cf6743d879b8882a056cec285","512","384","8,73,82,84,88,94","8,73,82,84,88,94","True","tr-2834"
"train","2835","56794aa2ce593d0f698811dfe501e46c81839ecbc8cb065407e3ce9fabaee87e","512","384","30,50,67,73,89","30,50,67,73,89","True","tr-2835"
"train","2836","c87da3282063b147e07672642fe8ac17847483aa58d36077504c33e07b5469f0","512","384","46,66,91","46,66,91","True","tr-2836"
"train","2837","99aa2b313df9fbe98c9d775ec256f1d4e2ce9ab25c9fc358e6a2f66c5af9b0e1","512","384","47,70,84,85,87","47,70,84,85,87","True","tr-2837"
"train","2838","28b2e51c876a1fcedc75d784744479697414d3f0ef789e2e9d886aa057aaeee0","256","256","24,82,94","24,82,94","True","tr-2838"
"train","2839","a10eb50cb05ebeec23f74a39ec5d9eb2aa372e5ccb62ec33942815c15aba8ad0","256","256","46,58,89","46,58,89","True","tr-2839"
"train","2840","7b933b006af008f7041366196e7212981fe9647a6c9e7dec152a618dd65eee5f","512","383","8,30","8,30","True","tr-2840"
"train","2841","97ab3246f52cedb4a2e49386718fc4fb2c62ee82b2fd4e15ccf6437cf40dd226","256","256","41,42,46,84","41,42,46,84","True","tr-2841"
"train","2842","031e3c36a0425d3cc300a8e97beba127d9a05fc69e77a6eb2567424f2d015223","512","384","24,46,66","24,46,66","True","tr-2842"
"train","2843","deeb2c9cb9f123e5436989740671b0dedc81c66578377b209b298ac6d77d82d2","3264","2448","40,54,70","40,54,70","True","tr-2843"
"train","2844","e39430877eb340e3a808a96f6172c896e4aa23145afb00f0f4dd701ebff1fa35","512","363","28,30,50,73,80","28,30,50,73,80","True","tr-2844"
"train","2845","ee6505f91966ac7434431a199b42ad88dbfbcdeeb945a30f517722b6cba6e144","1600","1600","24,77,80","24,77,80","True","tr-2845"
"train","2846","5413b19b6d691e81d94f47d84e2e7baa57e8bca8be8ee497e4b1f3595a6187ae","512","384","8,44,52,67,89","8,44,52,67,89","True","tr-2846"
"train","2847","1e3e54ef976e51ecfa024cdc097f487855de5aa23883df0532364e8d3555287e","400","267","29,67","29,67","True","tr-2847"
"train","2848","a613d6425fc017c48d0e7c4cf101b82ddc151adcea2f0f0c4e2e4384c0c09028","1440","2560","48,59,65,70","48,59,65,70","True","tr-2848"
"train","2849","0d073aa93cccd499db58ae6f0d10886d72cab1b9a0b1e2d27ae09a947e1e5d3c","512","353","5,9,58","5,9,58","True","tr-2849"
"train","2850","88d47bd5cda847ce712562327ccc1e38400928b9b127b2b8fec20c41d8e9799e","512","339","52,73,84","52,73,84","True","tr-2850"
"train","2851","c86416ef2d6cf969059843440a0f8714035f33326654af6bb3af0069617f7280","256","256","48,70,84,87,89","48,70,84,87,89","True","tr-2851"
"train","2852","360434be8a93629fcbc33a31ed8f11fb65c19bbfc2af28fe0d4d3fa3737fb653","512","451","48,58,66,84","48,58,66,84","True","tr-2852"
"train","2853","3b60f5f34b607523006e6c9ed8be960cb3b878184bf76256648562a995e63a1f","512","373","37,54,73,87,89,91,103","37,54,73,87,89,91,103","True","tr-2853"
"train","2854","e5492a3334b6dcd41cb4aa2f4923012f3c921d103f9411d9caf2df5994f60d8a","512","384","46,66,84","46,66,84","True","tr-2854"
"train","2855","1caa2d54259a4727d85bca1dff1e543bf5b4bf4adf6ac79ecd4a5c4b20bc5767","512","384","52,80,84,94,100","52,80,84,94,100","True","tr-2855"
"train","2856","03fb591c3ee64a434fd60353677498d9c4712f25a365e084ffd71e1f1dd2d944","2048","1536","52,54,82,89","52,54,82,89","True","tr-2856"
"train","2857","50b894872d2bf024cdede2847cef2686e39de1fba76beb2925e757c2a58e1418","512","341","46,70,85,89","46,70,85,89","True","tr-2857"
"train","2858","2705a3a8d9258d515cd5468f9081d4850a9b7f551e782e8c3367f4c337092d24","512","384","49,58,67","49,58,67","True","tr-2858"
"train","2859","cedd4edabec0496ff3476529e9b699d8f4ad190d151e05b4e1c0f13c90d15d44","512","384","46,52,58,70,84","46,52,58,70,84","True","tr-2859"
"train","2860","ba4f5082fe33e44e2057e60096621086a6526699381e5772da7862371b255fbe","512","384","8,46,70,84,91","8,46,70,84,91","True","tr-2860"
"train","2861","6bc889492f2e05da69a5907f7cba95e23edf2fa6046d973f111316de7b1d3a16","512","384","48,73,87,94","48,73,87,94","True","tr-2861"
"train","2862","f365d1eea1fdee4201d71fe6f17837f67119842738dd23c56ff7298acbf0052b","3000","2065","46,52,58,103","46,52,58,103","True","tr-2862"
"train","2863","02391b0c6bfe85cc571fb49f28a955cb74e952fb8bf150c954a885a46eced8c1","3264","1836","48,52,84,96","48,52,84,96","True","tr-2863"
"train","2864","040f4163b85221e70e3f2f26f4a57682546cfda97b5b6167b9290eb0106bbd11","642","428","47,70,84,88,95","47,70,84,88,95","True","tr-2864"
"train","2865","3d0c0ed774ea4292f38973b9b209e1cb37a62f16909cce297b67dffd3918c6fe","512","384","8,30,44,52,67","8,30,44,52,67","True","tr-2865"
"train","2866","6c9e9fdb217c3869ccd866a3f11139cbb527bc499970685207b56fa72c8a37f1","512","341","10,30","10,30","True","tr-2866"
"train","2867","878b62dbe66b2da4b30d7ca980892a7e79ee3f275cfa4f77034ab9730ea8f892","512","341","8,30,32","8,30,32","True","tr-2867"
"train","2868","7bd07d23026eeff746cb9c50ddfeb3b8e7920695d7be6e6f48d5a4e9dc45874a","512","384","44,47,70,84","44,47,70,84","True","tr-2868"
"train","2869","78b9dce12164a8669fe711cdcf3631bb48c1a46de0c70c022c35319a4a15f247","512","441","37,54,67,73,80","37,54,67,73,80","True","tr-2869"
"train","2870","622205e646ae7d244213d40fd2174cd8430e7af1039dbd150ca63ac2bd00069c","512","363","8,58","8,58","True","tr-2870"
"train","2871","7b718df2de27bd007a2870adff6c8a5745866dc1389f1db9c9b8c4c31ccf7b24","642","428","4,10,31","4,10,31","True","tr-2871"
"train","2872","270dd5999b689fd9b2135682b734a2ebecd000359dfd57e463997da0b88b3e01","512","511","3,58,73,80,82","3,58,73,80,82","True","tr-2872"
"train","2873","7a60d15e5a9a2e21a635ba66606508e6d4b73f807c789c4579beb759b706b27c","256","256","8,48,84,88","8,48,84,88","True","tr-2873"
"train","2874","8fd8e6d3c187c1737fbcd6b2731407f24c65ac8505eda15ee66b96d00dfd730a","512","341","48,70,73,87,89","48,70,73,87,89","True","tr-2874"
"train","2875","867b8abf05933cae97f995b77a6cee0ee44912a6dce0275229d0b80d3a5429c3","512","384","54,70,72,84","54,70,72,84","True","tr-2875"
"train","2876","6e2afb28cfd798461be1100c1e5660d1622889a722553bb18774510a0430516b","256","256","21,48,66,84","21,48,66,84","True","tr-2876"
"train","2877","1b20130e4ab5d9e143d51c6952c115be65f2ea59b03c5188ba85a3c78edf6f4b","512","417","8,58","8,58","True","tr-2877"
"train","2878","fdd2c30c0f513ea2384b705c1e3423d6a7ec5d3072cf8a2254f1f2d4c2aa3dad","512","384","47,84,93,94","47,84,93,94","True","tr-2878"
"train","2879","de650d5b0d2a9d562ddaa5dd8eb9a578869f0e8c581cd970619ecbc566c53ccf","512","384","48,66,72,84,87,89","48,66,72,84,87,89","True","tr-2879"
"train","2880","b2e542e90e7b0bda397822769d1f4610acb0703712cdd02c524de61773fe5802","384","512","11,48,52,66,70,77,84,95","11,48,52,66,70,77,84,95","True","tr-2880"
"train","2881","d70cdcaf13e9305451c5ba5775ea395280c85b68607749c84fcd25349eabbcf2","512","384","48,59,66,70","48,59,66,70","True","tr-2881"
"train","2882","2ded680cf65306678b78924e29881cf2c7126a501996ea9b8ec4592802836839","2606","1749","4,10","4,10","True","tr-2882"
"train","2883","d3f113074f277135befb63018f43be176e79d48b7dfa015f50ca8070783d15b4","512","384","33,37,58","33,37,58","True","tr-2883"
"train","2884","c55f489c0d51eaa61bd8b614e4ac994511b85127372d14243c6656510f70a786","512","366","30,58,89","30,58,89","True","tr-2884"
"train","2885","5c7a1834d9e4a0dbd0d869335b1914cf95359f68cbe12a00963365a529602239","3264","2448","47,66","47,66","True","tr-2885"
"train","2886","abd61893472439c7d44e0af2a926d9aed9f72a1697d9ed55173ea0758cbfac6c","512","384","14,29,34","14,29,34","True","tr-2886"
"train","2887","890b40fecc439a50d6f75458b6cd5aedca5e1ff61d72db78b9fa198774893a60","512","384","46,70,84,85","46,70,84,85","True","tr-2887"
"train","2888","d375fc9600f4a0c185350b13ded197eb22b49c91a0d14564c0f044893580393b","512","384","10,31","10,31","True","tr-2888"
"train","2889","c25ea488e53e2a36d6e6835649369ef3464a5901a1ac148b7440370f354ff775","288","512","70,73,87","70,73,87","True","tr-2889"
"train","2890","cbd4af265bba2ef70c6bb7fc80174cfbd7d3a25a2117f250c9426b0e81a7b5e7","256","256","66,67,73,82,89,94","66,67,73,82,89,94","True","tr-2890"
"train","2891","60d96c7a3cd27c908687f7fcce943ddcc3d2916df5e70bbad0814e319234e2d8","256","256","48,52,70,87","48,52,70,87","True","tr-2891"
"train","2892","cbb2e9b452dd131b529e890bd201c4ba8273701c93259bddc38ad4afaf194283","256","256","48,66,84,87","48,66,84,87","True","tr-2892"
"train","2893","f0b1524eaae44ccf3d704610d85c1fc145dd0607183564848489a5c3ff7f07c0","512","415","87,94","87,94","True","tr-2893"
"train","2894","dd76e53d4a32c0313bb21a4a3cb1c01da1ef4e50ab03a9e85894dfb8ac29ae05","3264","1952","64,87","64,87","True","tr-2894"
"train","2895","548816648c2998e23bf12e6e1af4e72551c7017bb4e0b50fb39bb0788f6b3aeb","640","480","67,91,94,98","67,91,94,98","True","tr-2895"
"train","2896","fd451790f75c8c4f4687aacba0ff07e1aa1e8c0ee450b79aa54ea64d76d6a883","512","384","47,58,66,73,87","47,58,66,73,87","True","tr-2896"
"train","2897","ce2164028acade07d4597936d405839bdf30aeccd4f7b29b96a8141cc9f36a5f","1000","667","37,67,73,89","37,67,73,89","True","tr-2897"
"train","2898","aed859dfdb8ad2dace88d3c646079bcbf997e0af0361982455ca46360fda50de","512","384","24,70,73,87,98","24,70,73,87,98","True","tr-2898"
"train","2899","631cd735eb5bb04367c117420c2b3edb741e0694ded4bddcf24074abcb842fc6","512","345","30,33,44","30,33,44","True","tr-2899"
"train","2900","61f23b94be4cb3e657fccf3efa61e8b15d68f04919ba37495dd38b796045baad","512","303","41,48,87","41,48,87","True","tr-2900"
"train","2901","f5e4845b82303cf83a04c58ccfb6ccb3de816d5a27eafa0b77ab44225ace4b23","642","428","52,58,73,84,88,90","52,58,73,84,88,90","True","tr-2901"
"train","2902","fe74e714df5862d75ef4bc074a4f113be5bd65e512cbe62fae9800da70418424","256","256","47,58,85","47,58,85","True","tr-2902"
"train","2903","f2f7f9d3f60806aa9c5ad505054a5d3a980fccb9a0697a4905ccc8f6b050856f","1635","2157","48,70,87","48,70,87","True","tr-2903"
"train","2904","84b4be65ce8fc04a68dd7da14ce1e75bc347835dd0d3a40d92bf8a7530602e91","512","387","37,52,67,73,89","37,52,67,73,89","True","tr-2904"
"train","2905","1b34be2b2197ac19d8aaad8caab1bf9da51b415e6c2268c94cfa411454028360","512","384","47,58,73","47,58,73","True","tr-2905"
"train","2906","9bd3618159ca1958c211861d7277215fb794e2ec019b1331308852761acb4c12","2592","1552","46,52,58,73,80,93,94","46,52,58,73,80,93,94","True","tr-2906"
"train","2907","f378d031bae41f16724279712051a6cbc87cfee7f3488d4ebf63a4e645e94a0e","2173","2173","8,10,30","8,10,30","True","tr-2907"
"train","2908","060c60ff20dbb34b22a44821ae73d7801bb0c880e37b3872f61da2542fe440ee","2469","2150","54,58,66,95","54,58,66,95","True","tr-2908"
"train","2909","eb526dca0ba73472f18bd937d55fe4b9c2432e720a3d6447471d375c0521b914","512","384","56,87","56,87","True","tr-2909"
"train","2910","e29b47f29f0651e0b79222c5bc85fb4cbc0cc6b72caf99b75393e4798cfb14ab","512","385","46,70,72,84,87","46,70,72,84,87","True","tr-2910"
"train","2911","46a167879c7bc0d2df266d8a53e8fec138aaa1b3a3918fc11a1079c0f9450b03","410","307","65,87","65,87","True","tr-2911"
"train","2912","65b65eff9caf4184d164a3e3a08db704a09acba1f0a6ef668dcbd5aa5f1d59af","1024","768","37,56","37,56","True","tr-2912"
"train","2913","f764c2a2402da284ddf8d16e67aad40694ceed5348ba81e3328c735204766972","256","256","46,66,87","46,66,87","True","tr-2913"
"train","2914","de55a2421b46d575b678ab16e92132ccbde7412089d4af3854aab2df9e056237","512","384","52,58,67,80","52,58,67,80","True","tr-2914"
"train","2915","71bb6eb3db0696b45eaa5125a3e0e746cefc756240edb76a48563294dbe3b9f2","1224","1224","58,70,87","58,70,87","True","tr-2915"
"train","2916","267f6173aa03168e259e6cab855128c7928d3823a0e90b8868673a567ba066f0","512","384","49,70,73","49,70,73","True","tr-2916"
"train","2917","3dedbed15877ee426216d4d8995ed4b0b84de2ef4b04473e53df9d89d14cb56b","512","377","48,67,84,89","48,67,84,89","True","tr-2917"
"train","2918","6ac2795275cbd3074f0dfe9a6f72a531843243a190fdca34b3c8b665e059dc0a","1890","1658","47,66,81,82","47,66,81,82","True","tr-2918"
"train","2919","2197f10c7967abed0e7f98aa2c981b50b1089b2c83b4fd55469a7d7611dfedf8","3264","2448","46,72,84,93","46,72,84,93","True","tr-2919"
"train","2920","1e91cdb3fe0aa246eeaa0e174ca79e71ce34c68d1eccca5f0e0a5a03d9eb58e9","512","379","46,52,73,80,93,98","46,52,73,80,93,98","True","tr-2920"
"train","2921","78ea7ed73633791a5c31740978bceaf8dc0b05d75556eb8df8b0abee9439231f","1000","1333","68,82","68,82","True","tr-2921"
"train","2922","31d77699d2510b1a306a671daa4544336a8a80eab6490bce06014fb8f88d2dd9","512","384","48,52,59,67,70","48,52,59,67,70","True","tr-2922"
"train","2923","6c12b18ddc74cf30a7b77d52d68786afaa02d741ec4b287011f502f8da539313","3039","2279","48,50,59,96","48,50,59,96","True","tr-2923"
"train","2924","954e334105fcf1a66b3c7d1eee3bea550753999ef63fe621661a3a133af82aee","512","385","49,70,72,87","49,70,72,87","True","tr-2924"
"train","2925","ce80752cc9748a27ac4fed6e3db74be8b01a58bcdc93ab01ce69115bdbdda1e3","512","410","47,70,84,85,89","47,70,84,85,89","True","tr-2925"
"train","2926","2c1804b0994462f557191a2ca1fd7d6358fa1aeee5b0694a509d6e8a25aa33d7","512","384","48,52,87","48,52,87","True","tr-2926"
"train","2927","5a559f913ed7c2b298176f23cfed965abe2871cdc5f4217332ecea374ef13372","512","391","46,70,85","46,70,85","True","tr-2927"
"train","2928","995b9ca9f75a81dc58ad15b23e734604d6fbeb4631186318e2bdc1a12b5b85f5","512","384","37,46,65","37,46,65","True","tr-2928"
"train","2929","acfa0f87a64379590d6be68eaa9459bd5932ed8d07881a16a6f6a8e9e46e10b6","640","480","8,48,89","8,48,89","True","tr-2929"
"train","2930","04f5fc756f337bdf6bd08257b6cae73b02f5b8059f4d72e967864780e2a525c4","3264","2448","51,65,73,82","51,65,73,82","True","tr-2930"
"train","2931","055c8cc14a94c0b622189e5e40e48f90bf18155ea65060c1642059c0d5ec199c","410","274","3,46,58,67,73,76,80,89","3,46,58,67,73,76,80,89","True","tr-2931"
"train","2932","14fc46390fc45b230d2070495ce077139dad87769aed8f4554a759efbd81cab5","256","256","67,73","67,73","True","tr-2932"
"train","2933","6cf7010a5aced00cdb6715ee2b6d5ffd6b0ce012e7d296ddc7fd92973fb177db","512","384","65,76,98","65,76,98","True","tr-2933"
"train","2934","0e4f848372743de9f886a95410b9b71957c65a721b5ece2e5b70b0a74684ef9c","410","273","48,87","48,87","True","tr-2934"
"train","2935","f06a5601298b44136c2a6359734719ff62217b0d11feb0973dce55bdc6058f34","512","384","46,70,84","46,70,84","True","tr-1443"
"train","2936","0f8acac74cdac098902bedef14fc50c3615fa03fc76a974741cd9a4c2156b772","512","384","8,48,88","8,48,88","True","tr-2936"
"train","2937","2c761c81956c18b40828a7820457269ccef91db63205cfe1fd9fcdff8ff06aee","348","512","14,29,30","14,29,30","True","tr-2937"
"train","2938","42f2d7d2a22ccc62910e8bcc7cf9c6c5be6d8e7cfee480b4492c67e7b7f45af7","512","384","29,52,67","29,52,67","True","tr-2938"
"train","2939","64916776bc1acc00a1eaba0c9c18580bcf10c2d3b244586c4ea6a5937d566966","512","384","51,70,84","51,70,84","True","tr-2939"
"train","2940","ee4ce23c335919bb5064315de9134555b01fb381740a78905e3395d69d053968","640","342","8,32,67","8,32,67","True","tr-2940"
"train","2941","1dfa32644ccbba99a7d3394a4e6400c5d2db67fb865fff3f8e9b7bb160ed8d0f","512","384","49,65","49,65","True","tr-2941"
"train","2942","bffaefb77f132664c5ac713e7e67f983c0ad3dc6bddf8f3987fb7e0c42f6e903","512","353","48,70,84,93,98","48,70,84,93,98","True","tr-2942"
"train","2943","bd643d38fc3e2b4ec95b384a5737b87d076b6a00a3d04ea5be1777e66cca988b","512","410","51,70,85,87,93","51,70,85,87,93","True","tr-2943"
"train","2944","f7efa5bdf65bfcc77e3a930d5e0ff164150df690636ac029ce08bb71ba2ccf75","512","341","3,9,73,93,94","3,9,73,93,94","True","tr-2944"
"train","2945","baff8edd0a22065241b0cfcc706098ffe3fc23f2dad7d6d3462fb1ef4d52806e","512","427","50,67,70,93,96","50,67,70,93,96","True","tr-2945"
"train","2946","689b3f1272e72603cdeadb60eb7b09320de740ee21e74d0c3c01f56d39107fbc","512","384","46,66,87","46,66,87","True","tr-2946"
"train","2947","7bec185acb14dd7b01e1f37cb727fff87777897859e0e3e5bef0306a9bb49e8c","1000","667","57,78,84,89","57,78,84,89","True","tr-2947"
"train","2948","9cebd33e071fa62c9c93874029a54bf023e890077ca7e3d387199f649582f60f","512","384","51,70,85,95,103","51,70,85,95,103","True","tr-2948"
"train","2949","b67055da680ecbc689a4feff29c9deeb2952bb04c3ec5307de0c30e22bed60d8","689","644","13,25,31,49,67","13,25,31,49,67","True","tr-2949"
"train","2950","0526df2676891af84bc6f644daf683f382fabbbfe6d8e133a1d0177bd4f01b4f","512","384","48,66,67,72,84,87","48,66,67,72,84,87","True","tr-2950"
"train","2951","2f6fd1f4a80b513e5d6f46134f47bb5efb2378cad334246aff791935e031619c","512","354","9,48,65,71,84,90,101,103","9,48,65,71,84,90,101,103","True","tr-2951"
"train","2952","43dcfa2366e9a4bbe216c3ff14fb450bd33744cb30f73e66aff1b1f9b8b1aa8b","410","294","52,71,84,89","52,71,84,89","True","tr-2952"
"train","2953","a1756e45363b4daa70f2db953fd19cd1490c62a9cb7ea152d85bbd84e5c8c77b","512","373","9,54,70,84,95","9,54,70,84,95","True","tr-2953"
"train","2954","023bc3e6ca285b9d942cc93cb6d51a8177690f1c4216d22277c1102b59fa528f","306","204","5,84,88,94,102","5,84,88,94,102","True","tr-2954"
"train","2955","1dfaa84f8f2318c3d304c4b37fbc438403da9aedc51b5f254e0d7606f21ab3b7","512","331","46,66,84,103","46,66,84,103","True","tr-2955"
"train","2956","f06e2c451bf848ee5bacb2ccaa5bd15f58d8a46943ba6b7705d6dcc677891997","2560","1920","52,67","52,67","True","tr-2956"
"train","2957","54e0fc6e5423ade4a03b75f599f8bedc564d29d8c796484e9948823bfebea11c","256","256","30,44,67","30,44,67","True","tr-2957"
"train","2958","caf35f7680c518ccae581a9edfffcbc41d1b5a476b8f81a67a54eb8bb6c0c5db","512","384","67,73","67,73","True","tr-2958"
"train","2959","8040ece3ec86b61fb6e9eb7cc74156a49d491a76d852a687ab238650454231a6","512","384","47,70,84","47,70,84","True","tr-2959"
"train","2960","fe9f7511dd5d3b748759c8c4d16b479c2811ebd2dd3383ff5e434a2d53eaee52","512","446","5,73,80,82","5,73,80,82","True","tr-2960"
"train","2961","572c3d84b554c516a87f030d58d5e0e1abab3509291cef9d44bbd4c26ed74143","512","384","9,46,58,73,80,93","9,46,58,73,80,93","True","tr-2961"
"train","2962","47752ad236448f4227d1f96e872cc5da072317726c19d08086b879291d7d22d6","508","512","25,44,58","25,44,58","True","tr-2962"
"train","2963","6aacfe6294cc662b313b6ddd8d00cb79313c081869ad260ab857ec457f7b939d","512","412","41,50,58","41,50,58","True","tr-2963"
"train","2964","a511775fdcfd0dd72c4785217f5976586617749dd98fc6576f69a7b593c0282f","256","256","10,29","10,29","True","tr-2964"
"train","2965","67e26f3916ac65953937c70b71c24c55ec0f830576e24b5e2060c587a8a611f7","801","576","5,8,30","5,8,30","True","tr-2965"
"train","2966","12107b07916dc5697eca65add3e5208610077de2c8736dc9116cca3a0eea1983","256","256","8,10,30","8,10,30","True","tr-2966"
"train","2967","a7696efd987402e3d3819e2005817998db598d04eea74d7721c40dcb2ac87a40","512","287","8,59,61","8,59,61","True","tr-2967"
"train","2968","b69dce4643795f3bfb0feaff8612f98fb6c5350a3b5d04ed1776855f67ca4437","512","384","5,24,49","5,24,49","True","tr-2968"
"train","2969","2389e65a699d16ac0b461d99cf98b217fc06cfa4713d2f369f770d62d4d82e09","512","322","66,73,80,89,93,94","66,73,80,89,93,94","True","tr-2969"
"train","2970","05ca3c5f1cf7bd9ae714147985cf687bf6af7889a2e81a4365627555f8b012f8","256","256","50,59,66","50,59,66","True","tr-2970"
"train","2971","b26c7e266bca1e02f2522957d658e1853ababcb81395a0a9f6e791e3d04697ea","410","274","12,29,40","12,29,40","True","tr-2971"
"train","2972","952f7193e665e8330d8039cca359ba44c105c9e230c0ead4b794e47ad6d218a2","256","256","47,49,67,103","47,49,67,103","True","tr-2972"
"train","2973","d09f97f7eb72b53fa398aa8f91146704378778d29b1941429521c0f4f2e371a8","1024","768","9,10,46,80","9,10,46,80","True","tr-2973"
"train","2974","fd07580b9074f1b13f1b18348100bebc6284b9de8d979503c8b84cd87c8c27c1","512","450","46,52,70,72,84","46,52,70,72,84","True","tr-2974"
"train","2975","e968b93c583c4434e291444edcaccbf4d88bca9795221f0862c283529cfefa88","512","384","49,58,67,93,94","49,58,67,93,94","True","tr-582"
"train","2976","fcfb65de8fa7ff6f0a48c977fffc2a70676daf50619e0bc68b52400db156c91a","512","384","42,67","42,67","True","tr-2976"
"train","2977","82d47d7059d1daa43db93fb53095654db00916dd2aa7ecee040488b3a34ea64e","512","384","8,46,52,58,70,84","8,46,52,58,70,84","True","tr-2977"
"train","2978","94c3641cd0bf29f57efdb5402f71404c6e792849b89c20339ddfa1e1bb007593","410","279","52,73,84,88","52,73,84,88","True","tr-2978"
"train","2979","1f4f8a7792e4e57ed8256852e2687f71a399017033bdfad743dc31bbeb1fa8b9","480","640","47,73,80,89,93","47,73,80,89,93","True","tr-2979"
"train","2980","5e1f9f6174cc5e64d990c01b4e911f7ccc3a53b255e100ca7041d5cabb04e3d4","512","411","37,54,70,84,90,91","37,54,70,84,90,91","True","tr-2980"
"train","2981","0e10bd9a976d6b08a4f2cf0891c3d63b7b19f637796938819d200a8140de8918","512","340","8,31,37","8,31,37","True","tr-2981"
"train","2982","d483a05b6cf0e0fa7b2ae6e9379b8477220af1d3a4844501335f79de5b685ea7","2592","1944","8,37,54,73,84,95","8,37,54,73,84,95","True","tr-2982"
"train","2983","369985be8f4d86707a9623bebdfb88f451ed641114be8e231dc4cae0fe02c671","512","340","48,70,84,87,96","48,70,84,87,96","True","tr-2983"
"train","2984","6524d07e0163a86302f1603f091747a6e2be12c7344e58f282f654cee8db4b9e","410","296","52,82,84,88,94","52,82,84,88,94","True","tr-2984"
"train","2985","a5b90b2b58513df22d8b318c1c7597d7765f58bde972408cdbf14179047ba89c","512","384","8,46,58,64,82,93,98","8,46,58,64,82,93,98","True","tr-2985"
"train","2986","c1f9613f63719f6b317d3e8e23dbca2515a9a6a0f956a51a0f4bbcfff097d582","640","428","30,62,84,88","30,62,84,88","True","tr-2986"
"train","2987","4308833cbf52b11e98fd35df8781428ea44d711820216efa0184f600e65a92e2","2322","4128","9,58,101","9,58,101","True","tr-2987"
"train","2988","55dc6f7df0d3f60c8fdc037a2ab3c58c58ca183cdd304cf54d97358169e89511","642","428","30,32,40,41,42,44","30,32,40,41,42,44","True","tr-2988"
"train","2989","3dd3eba45cef75afe407003d65bd876ff91bc3355a120db4443fc47b6aaca5e5","512","384","8,10,30","8,10,30","True","tr-2989"
"train","2990","a8dc634d9fdfddaf857775d325f714312943f449a350581c49c15667f27ccfb2","512","384","52,88,89","52,88,89","True","tr-2990"
"train","2991","f20d38b7dc562d46ac7a4f6ebf2e38488d8284afa5d3a45dfe73f4b309261f61","512","384","48,59,85","48,59,85","True","tr-2830"
"train","2992","11d5489359a61168e6a39e77303d61e379c4d085bd8d362b3ecf0a023977814a","307","204","8,50,73,89","8,50,73,89","True","tr-2992"
"train","2993","756e83f01994729340c6078e80d58a29322330d8248d2db77a7f7cc92be8de53","1000","750","46,70,73,87","46,70,73,87","True","tr-2993"
"train","2994","2be44b138c28f20cb9e6ee7e232cd3626f493d5b51fa260bc86b2d36b7bbf7d1","512","340","48,89","48,89","True","tr-2994"
"train","2995","93e3d6b1619bad04b8ed7673822a89add2f5b70ea6942fd18b09c3e0091d5f3a","512","384","14,37","14,37","True","tr-2995"
"train","2996","3c1c808ae57fe546d649b536336384fd6faff2e84b02f2e7fe4b2b56aa88793b","512","341","10,13","10,13","True","tr-2996"
"train","2997","6cf0fa61e67335dba609934dd339f9b3c96f87345b8ac457c400c63f541c389d","2048","1536","8,10,30,32,33,40,42","8,10,30,32,33,40,42","True","tr-2997"
"train","2998","5a87a07ec87cece420aa004be7ac94bf7676c99f9ed4fbabfc0e25532c38e5e5","512","384","73,76,82","73,76,82","True","tr-2998"
"train","2999","06676e74a0533cefb8c8c2c42a77e238ed19f1c42a5ab3c250ba3990ad236195","512","384","9,52,58,70,73,82,98","9,52,58,70,73,82,98","True","tr-2999"
"train","3000","cdb9e239e72c819df8f72bfeed3cba7f2418fa147d28983a7b665b3bf06a94ae","512","340","48,66,72,80,103","48,66,72,80,103","True","tr-3000"
"train","3001","5e535046215d349952187e8e381943709abd739147d7afe8f10ea42d3aecc5f8","3264","1836","3,48,52","3,48,52","True","tr-3001"
"train","3002","8a2c1929144fbaba85691cdd521e9c7c6c36a4769f0ca5ecfacaab6743b6ebff","512","374","37,50","37,50","True","tr-3002"
"train","3003","43b0b363545804bbc333adff8a64078c20382f94470905d2f7720be712ab8077","512","384","8,56,84,88","8,56,84,88","True","tr-3003"
"train","3004","80ce5bea6c569074ea290867415dd8fe3b9a4a0acaf5a948931684f954f46049","2584","1938","47,66","47,66","True","tr-3004"
"train","3005","5515443ea0ab78147ed2462ab57fb74ff9c3f2b9f489ee2b2e0d062f541c6d5d","1522","1634","24,46,93,94,96","24,46,93,94,96","True","tr-3005"
"train","3006","99ef13199b29b449146c4bf12c660ee5052f3ddd2a9574a7bdc83bb8fc7bd5ec","410","307","51,71,94","51,71,94","True","tr-3006"
"train","3007","08974b036d05f99fb67bcca34f825dafee1d5d8d2c64f10fec68c92bcb7c265f","640","428","47,87","47,87","True","tr-3007"
"train","3008","b6383aa75f696ef1d9d0f37709ac34f5b996a6a8f279d5eeb4175a0af6258029","1952","3264","46,64,73,82,84,93","46,64,73,82,84,93","True","tr-3008"
"train","3009","4147804985eb01083cf11c13f3a91ce4b548858412821632e74cd7c3fe13145b","512","385","47,70,84,96","47,70,84,96","True","tr-3009"
"train","3010","9c83e81c661854351e0ce8cb818214d0c21d1681c6fce5b3a8f3c80429330f8a","512","422","51,59,70,77,84","51,59,70,77,84","True","tr-3010"
"train","3011","6fbba7eacb8dd9fd608b275a1b7ecc6ab6230d0345b5ba20bba7a739e7e7ccca","1918","1918","8,45,52,67,103","8,45,52,67,103","True","tr-3011"
"train","3012","b393e1d18172d6ba5ab556638b24051cf96e848918f2dc7a237b6be4729f8d5e","512","372","24,35,52,62,80,82,94","24,35,52,62,80,82,94","True","tr-3012"
"train","3013","02e9e12e186561981e9313d4553b37c9ff0718c5729c2791d60e18e3a8ed6a09","512","384","48,64","48,64","True","tr-3013"
"train","3014","967a14b680b6dba53e233e382c79286e36bc283ae40ad56950f8f6a62c99cee4","256","256","8,30,32,89","8,30,32,89","True","tr-3014"
"train","3015","3aa15b14f1d8ad7ad25b420a75d8cfa246533e82af0b22a0ea250c7110eaab53","512","384","46,66,87","46,66,87","True","tr-3015"
"train","3016","340b9b3e9895ff3868bbc25ae4cea3da97ee09706822a90de9948ab9a622b5d4","256","256","8,30","8,30","True","tr-3016"
"train","3017","014d598a3eda800a34a14e6cbf5dce6e220b5dddb56e9a197a430ee2b139d763","460","370","5,31,32","5,31,32","True","tr-3017"
"train","3018","cddb7879e23c0c1361d57b6df0fd896d1c6048b475eb75b1ed3719160b4f32b2","256","256","38,52,58,80","38,52,58,80","True","tr-3018"
"train","3019","460f8b3012133cb679f5133234af9a79f69798521674063a95df2273bf26a4b1","512","384","52,73","52,73","True","tr-3019"
"train","3020","b121c5f900fdfcf440f994080e95a016dc2d9d30b96df361678a7add3724ca41","291","194","8,10,30","8,10,30","True","tr-3020"
"train","3021","9a821657830f2273b470c216f80dc5d06685e2eda2f75700c2a53a1605ab2cf1","512","436","13,52,58","13,52,58","True","tr-3021"
"train","3022","6e395d679f405723edb77eaeeb09ea0f8ae7fe0ea35c974c9fcafa8cfd439c05","512","384","3,8","3,8","True","tr-3022"
"train","3023","99127ac3729ea38b6312a29503b7a28e725b2da00a4dfcfd3e99d95a6d3fad38","512","384","24,46,65","24,46,65","True","tr-3023"
"train","3024","c09c9e4b45f3c1de7f28cb4047f4309aa9a9a50d2cb4bf87d39c337a6fe51b20","512","384","24,52,58,67","24,52,58,67","True","tr-3024"
"train","3025","b0f5aa3ee7f7bd8a329112691811c7f69046fcaf2dd89ffa01a3801e150dc2e1","2592","1944","48,59,66,94","48,59,66,94","True","tr-3025"
"train","3026","345bbf8d523ab7a580a8ac5e02ec9ee3dd8c8eeaf4ab1d6102ad79a51e23756a","512","353","3,8,31,96","3,8,31,96","True","tr-3026"
"train","3027","739e3f9a3bb3f5e37041d0a0ffa9d543f4b04870766d6f7b030738c709a8fd7d","512","384","46,58,70,82","46,58,70,82","True","tr-3027"
"train","3028","99ef08eb06078a8579a1ac8ab88647687caba8f19130f767a865bde4e26734de","512","384","9,58,59,84","9,58,59,84","True","tr-3028"
"train","3029","1a9ce1cc3d70d1606c9cf980b8095cf3ec4d86fafe356b35ba3b07d4ddf680ef","256","256","48,70,73,80","48,70,73,80","True","tr-3029"
"train","3030","4562e73e5727916bce033a71a86355deb9e2a49d96a83fa6024c3c0ac3a3f101","512","384","8,41,67,89","8,41,67,89","True","tr-3030"
"train","3031","2c5d588c2fa035e068ba36e9d224774c4ceb21f43a49b69d9fa70ab129779912","960","540","46,62,64,89","46,62,64,89","True","tr-3031"
"train","3032","90f6d34784d7cfd6dccae33aea33cf58e654b832cb85ffad932f37bba2f8d407","512","384","48,52,70,84,85","48,52,70,84,85","True","tr-3032"
"train","3033","3dadf076b25d5896ca19b31818e6bf54df3ac2fd0f2670762f388b69aff7f7ac","256","256","48,87","48,87","True","tr-3033"
"train","3034","7a107008e0d375f7b93cfd0dd7471ccd6e9faa6ce664068a12fb7fbf606be8e2","256","256","37,48,66,84,87","37,48,66,84,87","True","tr-3034"
"train","3035","e274fc6e3273bd9783e6953b89e81074f2f2a63c207ccea7662ce18e0a606a9c","4128","2322","8,48,66,95","8,48,66,95","True","tr-3035"
"train","3036","44cd980aaf6745a7d0ab8bc7e271c0eb438ef3102103ac5388b6069732dc7e60","928","1392","69,84,91,92,94","69,84,91,92,94","True","tr-3036"
"train","3037","f74ef7dfa1c96531c71a02dc080cbbffa2716839cbf654238348c373b8536ec2","1926","1677","47,59,70,84,95,96","47,59,70,84,95,96","True","tr-3037"
"train","3038","20624c48af59abcff181be5652505c7d9447ec8006e40fef05eb6106f6129fa4","512","384","47,59,66,73,93,94,96","47,59,66,73,93,94,96","True","tr-3038"
"train","3039","7f27f528bcd34d89ab9b9860b65dc3e233b1698954d9f65e7469e4d81cfaa05b","2185","2288","48,70,84,93,96","48,70,84,93,96","True","tr-3039"
"train","3040","701797648077d7737bfbdf0d7cef33f9ac46789724b0de0da6746dd80a735a71","256","256","9,48,58,70,87","9,48,58,70,87","True","tr-3040"
"train","3041","25f5ea79a1e18a0c45b876f91a73a131312536a7dc8e36ee22eb95edca7adfc7","512","384","48,59,66,92","48,59,66,92","True","tr-3041"
"train","3042","0e6d7a5d81fd878749895710e63bce0a32aee62a4554ed69a5668f4418626254","512","429","9,58","9,58","True","tr-2442"
"train","3043","55ac76ec0ca20e5af22f600e72b265dcda9719c3db76d873d41be6b1568677bf","256","256","24,46,59","24,46,59","True","tr-3043"
"train","3044","fa7539be91ee9abb6d307ca57ecdc51f91c1b7612322aa0dfd09ca6ba3a671d3","512","340","8,46,70,84,87,89","8,46,70,84,87,89","True","tr-3044"
"train","3045","b9accd909ab78fb5073099a81767284e5a655ae6e3a3703f45e8befaa30acf40","642","428","52,82,87,88,94","52,82,87,88,94","True","tr-3045"
"train","3046","343d4bf4b19960c6b77fab7ca5e2c61e469b99f7e9cdc4f2aaa02059fed73b80","256","256","47,54,87","47,54,87","True","tr-3046"
"train","3047","90ea0f7c44adfd845fdba123c60d088668150f06afe951e270281d1b496bb218","512","416","46,70,73,80","46,70,73,80","True","tr-3047"
"train","3048","7576fe03eb799c3c06e9c22af9ebd1c542278a82449c6b10aba7f8f9e8fa4aa1","512","384","24,72,87","24,72,87","True","tr-3048"
"train","3049","225642ab90b5e233b026f2f705c3b6f8d0069326c998b9ce1044bdd681c9e98c","512","384","9,48,58,73,82,89","9,48,58,73,82,89","True","tr-3049"
"train","3050","52034e56169e30a59bdf20bb04cf14f81cdf639a6de84f2a8fa63fae4fffe886","428","550","9,32","9,32","True","tr-3050"
"train","3051","3ff9a88253bc18f6e4cce70dbdd2db3107ede89424895d48825aa715843a3f4d","512","387","49,52,67,73,89","49,52,67,73,89","True","tr-3051"
"train","3052","66b0b333c3007e1e52faa852e4bdbd1a2d1b9666c5518a527820fafb0c03bb18","3264","1840","47,66,87","47,66,87","True","tr-3052"
"train","3053","f9e5258b76c0455ca7f01d808d0d968d08e823e5cc1e5c042da53cd74fe92997","410","616","8,10,30,32","8,10,30,32","True","tr-3053"
"train","3054","c1bb474c419e4a6c00ed9be8f6f305ff09727abc7cbe5ecd4ab7537d6dc78b4c","410","273","5,52,84","5,52,84","True","tr-3054"
"train","3055","9d7c19a191bebefc3d63fa5b09d4a1ac5ee6798081377c1510d3f45ea89b634d","512","384","90","90","True","tr-3055"
"train","3056","705a08eb1b627b679cfb9854dc8ef0246083ed310318e6a17362790435b06f61","512","399","52,54,66,87","52,54,66,87","True","tr-3056"
"train","3057","179f8737a8f68cf078f5c243c00bf89208478caf14c626b9cef0d66d43ad7c41","512","324","24,41,46,84,93","24,41,46,84,93","True","tr-3057"
"train","3058","420d6e52fda396660e5a8a50f941929f6b8b84ba1489e4aed7effb73aa8daeb4","512","384","8,47,58,59","8,47,58,59","True","tr-3058"
"train","3059","20058d8c91430fca67713e15fb2c44ea6eaa3f669ea5d8ca910cb724614e1550","600","432","30,32,33,49,67","30,32,33,49,67","True","tr-3059"
"train","3060","96aed479da8cfc90b765d63de41afc14732026ec7a73d5f2ff154782ab642430","512","384","46,58,59,70","46,58,59,70","True","tr-3060"
"train","3061","374247e26b52ea0374f488b348c60e250e0774a4973d7a7c548f2215d8e9caf5","512","341","48,52,84,87,89","48,52,84,87,89","True","tr-3061"
"train","3062","f41c573f9a0263ffa92792a500eba02891f66fb56f3da649680e6c43702abe12","256","256","10,30","10,30","True","tr-3062"
"train","3063","efe04bc54c964f9a9b31db650dee9d76220cbb988677150ef81ad2299c636567","512","384","24,64,84,89","24,64,84,89","True","tr-3063"
"train","3064","7f9663b93f586457a94781a90af7097d13e97ce56126b95a773a3062e5c9b613","640","428","48,52","48,52","True","tr-3064"
"train","3065","d22e78dab7d551d4f3a60b92f88eb65aee19207dd463951ba1c0c9b1c5f5589f","256","256","8,10,30","8,10,30","True","tr-3065"
"train","3066","23f17fcf9c821b06e3450175fecabd0d05f27dff9a05dfc5a66545d220ccd082","512","384","47,49,70","47,49,70","True","tr-3066"
"train","3067","6e2cb8ffa0c697f122e594f8ca13aef43e1fc639c5394a003ac6e80f20ac9317","512","384","46,58,66,93,96","46,58,66,93,96","True","tr-3067"
"train","3068","c6a64e65ca9f622fb634907204c8e46aea358c15c40d1c46cbe4d739d813cbfc","256","256","10,25","10,25","True","tr-3068"
"train","3069","831c1639a5d834c34dd37b80e93606ae7c31cf2a42cd7bf18356387683821f86","256","256","48,66,87","48,66,87","True","tr-3069"
"train","3070","8c22d181d2215e9629ff99ebf60cdf354e3a7bccdacdbfaed9a8f76a269ccfb1","256","256","8,30,31,33,52,58","8,30,31,33,52,58","True","tr-3070"
"train","3071","9583f787153dc811648637df1f3c47d5a2ff18fb94b1f9bbfcb07ee8f59f1110","1311","874","64,73,93","64,73,93","True","tr-3071"
"train","3072","978db78b6e8c5e9efcb4ad9ffdea6c6505fff2ee624037d4ef6398f6bbec38e1","512","384","47,52,65,72,84,91","47,52,65,72,84,91","True","tr-3072"
"train","3073","6a55df68f4fc89ccbd6b42c60e395adbc2247581f10ce2b140f6f091f328b79d","256","256","30,67","30,67","True","tr-3073"
"train","3074","1eb8969f0de19adbff0292d004f0825e64cc9480cad01f4a0405f934aff08b10","2988","5312","8,9,21,46,58,59","8,9,21,46,58,59","True","tr-3074"
"train","3075","1eb68410e19e0c13bf9a74a03c11e04f688371b81916af41ff30f38e54b88c27","256","256","8,59,65,80,84","8,59,65,80,84","True","tr-3075"
"train","3076","d24c30424cf489254643caa7d1bee0ae482bbb5a62fe017c8784dbaf6cf14079","512","384","24,44,49","24,44,49","True","tr-3076"
"train","3077","48fdfa4d90dd8d05e7b1adc7610e8b2867b9b0f5236845b31a4f4a3ff793119e","512","384","3,46","3,46","True","tr-3077"
"train","3078","8d21406d76f897acd7b9da7e09b2d106ad440b33eca3c39ce9a12034a322440a","2448","3264","8,46,52,70","8,46,52,70","True","tr-3078"
"train","3079","d56ac47d679297b23303249cfa82206ed262ec2c25dbd4ea623ec37b84a53d8c","2178","1222","46,52,65,93","46,52,65,93","True","tr-3079"
"train","3080","a05aff2d1acec4874b3cd576dda42ee7de35cb88aaac2bdaccc97bc0eec197cd","512","420","46,58,59,73,89","46,58,59,73,89","True","tr-3080"
"train","3081","d4be3b20e58df6a5fca265d090403c9593d51ad1fb59d55e0562a0caceb3d3cb","512","341","3,46,58,82","3,46,58,82","True","tr-3081"
"train","3082","081b2f5b60b16115eb77e1301ee3ada458046c94e54c0dea2cd2477af402b53d","512","384","37,54,73","37,54,73","True","tr-3082"
"train","3083","f938b09505af4d69abe15c1e0933dd10e2c22a12f85853ccecd86bb3e6c7c047","3264","2448","58,59","58,59","True","tr-3083"
"train","3084","efa62f1d5a3dd5efec9f411eeaa5336dc507af9fb511cebdd6187291a3b3218f","512","384","47,67,82,89,93","47,67,82,89,93","True","tr-3084"
"train","3085","bb05a9d2c44f75cb81beca668a636b735de343381477f2142e3f627d835397e9","410","593","8,31,32,33","8,31,32,33","True","tr-3085"
"train","3086","f1717571147b743fd08d205a2e243de402fd992a8e15c5a79a1cafe31e36696d","1000","750","52,66,81,84,94,103","52,66,81,84,94,103","True","tr-3086"
"train","3087","41cfcdee413dc1d1354dc700c085cb8c8800898da36c3f15e24ee51eb23cc6b8","512","384","8,48,58,73,80","8,48,58,73,80","True","tr-3087"
"train","3088","c94716e2ee3a3ef2faba0b4ccfe1523e557c2909145c14113846aee877180f71","512","403","48,59,70,84","48,59,70,84","True","tr-3088"
"train","3089","1a8ecff4f14f678c5b1abe0f2d8bf657f5c25587e8aa9c848732864f3a4adbda","512","384","5,13","5,13","True","tr-3089"
"train","3090","3ded1d84a572a0f8a1601474f33f49f4d1aaf64c1a75e7763197184f421ad119","410","560","33,37,48,73,80,94","33,37,48,73,80,94","True","tr-3090"
"train","3091","d41dabb00be51f04c42ce1f4e0633f25edf5101a593ab90469d039030bdaf41b","512","487","10,32","10,32","True","tr-3091"
"train","3092","f47e29bc4b5c9679363aa3c7e89caa6eb24f4bc9ee78a583d1bc5973537baed3","512","387","41,67","41,67","True","tr-3092"
"train","3093","0f6443428bddf74b2ee788304a7d98f677faf0814c7e858e6f28ed48a57ddb3b","512","377","48,70,84,89","48,70,84,89","True","tr-3093"
"train","3094","15fd38d7f5b81a261c9c1ce1f73eb1ba61ad674c18acdd5fbadaa96f567dfb2e","512","398","61,94","61,94","True","tr-3094"
"train","3095","ed6da4efa8fc9c24ff27df2de9a69b105d5bc2a478ad6aed52cb2d23fbefbed8","256","256","46,66,84,87,93,98","46,66,84,87,93,98","True","tr-3095"
"train","3096","c2995d729eb7237eb68f60cfeaec59a5ffb39824fd4d101560628f25bbe2cb79","2448","3264","54,59,66,84,87,96","54,59,66,84,87,96","True","tr-3096"
"train","3097","af350e172c209e6ce0a879e1d4ef5f7d27a35b41bfb1096ebf3283084a94d0ee","1871","973","48,66,87","48,66,87","True","tr-3097"
"train","3098","e034023475a0328ed4daa5d1ebe013fbef656adc95278e540792fcfd7a0e64cb","2048","1366","31,33,36","31,33,36","True","tr-3098"
"train","3099","88e3703796b93893beb95e1a1d596ef32815939383afe561fac30f14d702ef65","512","384","9,35,58,80,82,93","9,35,58,80,82,93","True","tr-3099"
"train","3100","0ea40672a1febd535eb8d606f4d51f0e866c24f214bb76cb696f957b005b47a2","256","256","47,52,59,70,87,101","47,52,59,70,87,101","True","tr-3100"
"train","3101","04326ab7ec781969ba215ed2c360b0ad9d4bdbfc8c9924f7b19dc8b056698d7a","512","384","52,66,67,89,103","52,66,67,89,103","True","tr-3101"
"train","3102","23069b97e44cf6fabc76b35fb12b8f19e1ada36d090fb8143bd3eb1e88e20363","3264","2448","48,66,76","48,66,76","True","tr-3102"
"train","3103","ad32ca7fa930faecb26428a87038f41d49009515479cf84b3cc22c6e65933a15","512","341","52,73,84,88,89","52,73,84,88,89","True","tr-3103"
"train","3104","11b4de4214c914e232cd46d909bd99c7c0b798a6bac3caf0127e42f492b1b629","256","256","25,58","25,58","True","tr-3104"
"train","3105","6960ba23dafdf73d9efcf0e1697d67de1e5da11b0db798fbaae52c0329ba5b98","400","300","8,50","8,50","True","tr-3105"
"train","3106","876ab766f494907cfa064525b43b61058c70fc6f6edd6eccf1e96e23119e7c42","1000","1333","24,52,82,94","24,52,82,94","True","tr-3106"
"train","3107","cdc0f7e58bf3d23821733140d67d6dba1dc029a3ebdf5b5ba6e03ba22eecf878","4160","2340","8,30","8,30","True","tr-3107"
"train","3108","322880684578b28fa532cd530434e4f07767ff424f08f90ac59dc8f466350a5c","512","384","8,31,47,80,87","8,31,47,80,87","True","tr-3108"
"train","3109","6090dfbf822504f027255b944d201761194f109ab723db65111fed000357e6cb","256","256","29,30,58","29,30,58","True","tr-3109"
"train","3110","28e9049ebecde4d6dfb2f70f77bc3910fb84bd9683d6c04f0cd5f5c57fb3b6f2","410","273","46,52,58,73,80,93","46,52,58,73,80,93","True","tr-3110"
"train","3111","2573bbb5a8175234c0e769d0d697e1ecfee6548a8fe9f7e63ac488ff1fbd37a7","512","343","57,58","57,58","True","tr-3111"
"train","3112","1273d2925467229a420e30da1196716a53dd6b083885538604f235f3dda98c03","512","512","52,88,94","52,88,94","True","tr-3112"
"train","3113","b1b22dba9a2e2ae343607817899466cd28abd5dcb8e0f20bbcd9e1d7b0b2270d","512","384","12,37,73,89,94","12,37,73,89,94","True","tr-3113"
"train","3114","f67a466f08ecbe4ca1eddc80e6a4a11e3c98d6b2e31e488c1676bf3facbcf6cb","512","512","48,52,67,84","48,52,67,84","True","tr-3114"
"train","3115","84eb6f1c4164f4b1ef82ef0fea8736646dd4cc472edb088a9299e03f4424c306","410","273","8,31,44,58","8,31,44,58","True","tr-3115"
"train","3116","2772d2f79a3277bed7eb319b131abc7a36aa08067e2a3748c7625b06db05a38b","256","256","50,58","50,58","True","tr-3116"
"train","3117","0ee0287ba1cc699906753f23a1628d00d1ac1fad07148cbf83a9a8c4c864e7ac","512","382","48,54,84","48,54,84","True","tr-3117"
"train","3118","7bb958e806d811bec91aaddc1cea4994431253c137b799331894e5b113995423","256","256","24,46,59","24,46,59","True","tr-3118"
"train","3119","b06b4e13f3d43be1dbf6c133baa1522d08423980b6a1bc3e69f5631659ef11e7","3264","2448","9,24,48,84","9,24,48,84","True","tr-3119"
"train","3120","56444cb738b17fba9b5f442a0e49488d3cac28e96c1fd6626b3b473f3a6e9546","512","384","47,66,87,94","47,66,87,94","True","tr-3120"
"train","3121","7e5758655aecd3752c88344375aa78a172ff0e0a31489734a67a95233bfca764","384","512","48,59,70","48,59,70","True","tr-3121"
"train","3122","1499fff574ccf3b85c0fe7b1a9108422206f52aa137199f94672202364e97131","256","256","58,70,87","58,70,87","True","tr-3122"
"train","3123","0a2dd1657af9f3cd2464fe0169cf35ddc3326fa24d9af453d156968f42fd0c32","2592","1944","48,66,73,84,87","48,66,73,84,87","True","tr-3123"
"train","3124","83fcb8609d0be5012447201b412846e723710712dad4e50132592e76464d3443","512","384","8,48,59,82","8,48,59,82","True","tr-3124"
"train","3125","1c7577389ced344950ff574ef0b96f1ee2d90bba6b036e0b3868c0895a926a68","512","384","47,58,87,94","47,58,87,94","True","tr-3125"
"train","3126","06dbe739178933ac6d795734d6689e5b79627bbaa8c472a93bfdcd67a700d2fc","3264","1968","12,25,29,30,40","12,25,29,30,40","True","tr-3126"
"train","3127","c17f5303b69975ce717e8659f672d84a0b8941546a10918f1ba07c717dda862a","512","389","61,73","61,73","True","tr-3127"
"train","3128","b2c985835c8ac403498c6b153d8f960494db26bfb3a3b4cef6a998b5e32a1334","2048","1362","48,58,73,84,89","48,58,73,84,89","True","tr-3128"
"train","3129","c68210c4b77a266b564f853499b9b0e1c9413274bfbe7cc1c222baeb8adf58cd","512","367","25,52","25,52","True","tr-3129"
"train","3130","df6a81eb14a5e86d596d8bb543abb2896ef8bc8cc3042d1791ddd287e7113b73","256","256","8,10,30","8,10,30","True","tr-3130"
"train","3131","b9a6a9e2c963df858d923db7d0e78fedad9e08661bc9379f796b57b83e50e628","661","440","14,33,37","14,33,37","True","tr-3131"
"train","3132","43ebbfe0e2591dbb87cf2bc80e8a69e7bffa0fdb5d50f1fbcffcc2d516d0bcef","512","384","37,58","37,58","True","tr-3132"
"train","3133","41ac88656c15734bc896c72dd532b102ce7f8963ff750e48a8d541d76362ee6f","642","428","5,8,18,25,29,41,44","5,8,18,25,29,41,44","True","tr-3133"
"train","3134","6d1f9cd30cf6b7f685615d30337b8cd07a503567661bd2a89c500bed3aa83f91","512","480","10,31","10,31","True","tr-3134"
"train","3135","c4368629f105957ec94b6e27df6ed76a37c4d6647c9c764e8b71512952eb7d9f","512","384","3,46,52","3,46,52","True","tr-3135"
"train","3136","c830d1b234877ae45a60fcd533109b3a982f84a66dbc642d085e9e0092fa5aa4","512","397","61,70,72,87","61,70,72,87","True","tr-3136"
"train","3137","86d1b7f061b58e1caa819314daa7e95949d4fed2cfedd68b2dbe470986cd6836","512","384","37,50,70,84,94","37,50,70,84,94","True","tr-3137"
"train","3138","a42d5d6da530dd9fa70d21663ae2dd9b44b4f928d99bb5e51c0e3497b41ada53","512","384","9,58,73,89","9,58,73,89","True","tr-3138"
"train","3139","14aaa701f2764a0d6c5d895d7e9c7830c904380f7072e22acef2ac8848563f43","512","384","32,58","32,58","True","tr-3139"
"train","3140","832d1e136de21bee9ecbc954e9a993823e582235719936a11c7fd6bfb68ad14a","512","384","21,24,46,49,58,101","21,24,46,49,58,101","True","tr-3140"
"train","3141","5dede15d34d67180ce5567e55d1fc6c7a425d980a6486218733b7e98dc9f25da","3264","2448","58,59,87","58,59,87","True","tr-3141"
"train","3142","7023f443f1d3e33c1b47cbc9535efeaeec72c99f05c52f7407021710951f673d","512","384","48,84,95","48,84,95","True","tr-3142"
"train","3143","8236abe75afb52da5814eda63390c5b82767793a48905172b655648396e61275","512","431","37,54,73,80,84,87,89","37,54,73,80,84,87,89","True","tr-3143"
"train","3144","fa25dbaea3a99ed74595c88c5a47675677ebd84a380eeb7858213eb92f2a6f0a","512","384","37,67,84,87","37,67,84,87","True","tr-3144"
"train","3145","8386b92f35b376f79dda640d47877d05d4f7f9139ff7ed0c26875ed6ea094a42","642","428","8,30,58","8,30,58","True","tr-3145"
"train","3146","39ac384fb3616a3079601717cbde9301601d98bb0e8a0835299a048fb024179c","2448","3264","47,59,66","47,59,66","True","tr-3146"
"train","3147","20858ff96235057f912ddfa6fcd38443d4b6a224590b7116038b12592edf08fe","256","256","47,50,52,59","47,50,52,59","True","tr-3147"
"train","3148","1d11d77f484b216302bfdb7a00cfdda5e398dd43c59ba84de09b89a9f5cdadb5","1000","1333","52,54,59,73,80,89","52,54,59,73,80,89","True","tr-3148"
"train","3149","14f52ec9f89361f373b7b6b26c6cfbdb38a1bfd7560921dab8398f27a19591fb","512","384","17,48,59","17,48,59","True","tr-3149"
"train","3150","6ae7972efa0dcc8cb2bc127fa8e92664be8e607693f09a8ba0219b48183befe7","512","384","58,67,73,76","58,67,73,76","True","tr-3150"
"train","3151","0e00fcb17d8136722d6cb59a0a2c680eba4118813276a917c683415f0bc8731d","256","256","12,29,82","12,29,82","True","tr-3151"
"train","3152","98d5b8897bbf17a1ede08b6d98d2cc34a1dc4d8584ce317dfabb5bb9ff38a814","1393","1393","11,47,96","11,47,96","True","tr-3152"
"train","3153","ef3b1856990e6d3fc47214f7a59a4a9645b2c4c920a943aa66f995fa3537ecdc","512","386","37,48,52","37,48,52","True","tr-3153"
"train","3154","a6b2da6628f1244f98ca886d4ddbd82ae00aaef31530befc47258165d447f97c","307","204","8,73,84,87","8,73,84,87","True","tr-3154"
"train","3155","06dacf78453133ad8b7f03c1b4d0d24c0bbaba53188fb6f87662b4a29b726f50","410","325","12,31,37,44","12,31,37,44","True","tr-3155"
"train","3156","f9ea98c33d402214d30bfd31e67d51a345bac714b8133500f703c98077817b21","511","512","46,66,73","46,66,73","True","tr-3156"
"train","3157","3040e601519f1b5d9b6a510166290268ad1e23b8ca6a165936c1e6762e341abb","512","384","8,23,73,84,87,88,94","8,23,73,84,87,88,94","True","tr-3157"
"train","3158","288995bde1eabf0cfa6d68fcc1b51ff56f28fa93871f6f71f6f4d77f776291aa","256","256","67,70,87","67,70,87","True","tr-3158"
"train","3159","6582ed8628311115b4872f395ab44d7b729bce2b23ca0ca7a7d09617bd4c747c","3264","1840","48,50,66,84,87,88,95","48,50,66,84,87,88,95","True","tr-3159"
"train","3160","0d0e43c7ed0bb7dd92a0a38f9c999f5783d86e3c0c59b2080796bca5556642f7","512","365","48,66,84,87","48,66,84,87","True","tr-3160"
"train","3161","f6d3e9582c7907e0aa85ebca0444f0709ff2370f6fc6bccbca4da9596f970131","256","256","46,58,73,80,93","46,58,73,80,93","True","tr-3161"
"train","3162","e561b85bad874333e3ab8a62a065a709697b37ff9e5c15def1953e16f1904437","256","256","30,58","30,58","True","tr-3162"
"train","3163","6971c689ca24c7444d3420d855ffa634b45d3ba7f6f09a18f8d5f67a10d143ed","512","351","48,70,87","48,70,87","True","tr-3163"
"train","3164","462bdd3b7c4cbb5a1e0ba905a4588bbc524bf32c526f04ebcf78faa311dc57e9","2295","1459","24,46,70,87","24,46,70,87","True","tr-3164"
"train","3165","5834e50fa77c708aea276efb5014a8fd4cabaad1ed2eac52cabbc1d898ec3fac","512","384","46,52,65,85","46,52,65,85","True","tr-3165"
"train","3166","96b00bfba8b9a70ce56d7c33bfd37eeb78074a61ee7589731754c0580e0c85ea","512","339","48,66,87","48,66,87","True","tr-3166"
"train","3167","02075357709d8372c25890684dfdfee3bf5b6d43053e28ec68ef2d34094e7b9a","512","384","3,46,52,87","3,46,52,87","True","tr-3167"
"train","3168","4e5e4f9fe9ae06f8778b3b50cc27f4359e778d7bdd0924fda26d636113856f6a","256","256","48,64,80,81","48,64,80,81","True","tr-3168"
"train","3169","3cb05973b9eaeaec9dedbd282580cee99e9f2a3492326d24be1965175f1266b5","2592","1456","47,59,65","47,59,65","True","tr-3169"
"train","3170","1408e9c2eaadddcd1c6bf880a4c4516ae50255de9191396362fb7cc1defb11ee","512","420","37,54,83,84,87,89","37,54,83,84,87,89","True","tr-3170"
"train","3171","5cea53199a9cbe52246a3b8f8080d7cff9881d34bd8f52b7c2205519c8796b1f","512","368","48,52,64,66","48,52,64,66","True","tr-3171"
"train","3172","f8c71368534a8c2179e598f9944998850659d85974b44c2e3f6966df9ee05f9a","512","384","47,66,87","47,66,87","True","tr-3172"
"train","3173","0c46ed212d6dee98d72218290828e7b609d6b79073ea34715948a8fe035b2bdb","3264","2448","9,48,87","9,48,87","True","tr-3173"
"train","3174","5c3910b1c6178a6dd095f2097d1fad2f08db6d36ee498133f41bfe1286192e47","508","512","46,70,95","46,70,95","True","tr-3174"
"train","3175","36ca44db9a60bee22706356a2f16e9783dc6a993ee558d5d35624df875461dec","410","614","8,38","8,38","True","tr-3175"
"train","3176","6b7cef5f9bb07632bde42d687600c01f49209bf0cf5532c6b0eef67f1e684128","410","410","51,52,85","51,52,85","True","tr-3176"
"train","3177","15ca04ed174898c58c15a949bf38ef9e905f0a82d4b035bbe6902f8b55f1310b","512","384","57,85,89","57,85,89","True","tr-3177"
"train","3178","7123ecb973747e703c1a578d795eaf21dfee1365db3f8de3e21898b587cf8141","382","512","12,44","12,44","True","tr-3178"
"train","3179","ef6a4afd7aa441d293b67b25a303294ae1aaa4e5ab8f3d73c4dd15caa723ddf5","512","341","37,44,58","37,44,58","True","tr-3179"
"train","3180","dbbef204d27057ac198132a02e6334eea7b72fe4f66e69057c286baa40ba26c1","512","319","30,58","30,58","True","tr-3180"
"train","3181","f3693795644e06872389b7f71193da25a3447bc0292e75d1711c6c7a9f0ee2cc","277","390","37,46,89","37,46,89","True","tr-3181"
"train","3182","06e8b8bfa4c6d4e838244713376bc9927c6852f4e5316fc84d2080096bf8bb63","512","384","8,58","8,58","True","tr-3182"
"train","3183","c33943d1ef181a311d653610bc534ccd35a97ff7ba8caeea39795b6004d30263","512","357","37,48","37,48","True","tr-3183"
"train","3184","ba85113aecc24070bdfb36f2a348ee2eea7a474c004e8ed0a2e8578df0d07020","256","256","5,13","5,13","True","tr-3184"
"train","3185","e71897f819934f4ada8be6423921655ca9fe738a9d1adbf71bc59ced19923219","410","308","31,32,33,52,67","31,32,33,52,67","True","tr-3185"
"train","3186","a3cbdc4580978cb5ea44dc7a326185cd52961f3b231713c779c618915fa2b2c4","307","204","8,10,30","8,10,30","True","tr-3186"
"train","3187","e39c3be34946f6a5cc7552a6d68ce243ee642986b1c0f2d1e7897c8c37bc4467","1894","1894","11,48,52,89","11,48,52,89","True","tr-3187"
"train","3188","0fd7bdd36de46243e2c99d74c6a497acf52dc87f99e8f04b8b1efc066c08d474","512","384","57,67","57,67","True","tr-3188"
"train","3189","4bbb1907347592c7d4f094110112e78a4df854c073506dd0667eadefc49b9dfb","512","384","52,84,88","52,84,88","True","tr-3189"
"train","3190","a6f6293765d4fdc68f5f66dfbd72fefe283ec4b3a2224b58f07c1611fa94f993","512","382","48,52,88","48,52,88","True","tr-3190"
"train","3191","11d9a4598063259c6336e6b489fcba9e4e0bb9b25ce78acd7f0c15f8a6345a93","512","430","48,66,87","48,66,87","True","tr-3191"
"train","3192","2195d0d9d09837936f21240b719cc851a42ff7d90cb63f08b35efdf332cc369f","512","384","46,52,59,70","46,52,59,70","True","tr-3192"
"train","3193","d762abb14067ad776ba3d3487e15cfeeba35b0ed1938c1fbaf64ffa379584dc4","512","384","48,52,58,73,89","48,52,58,73,89","True","tr-3193"
"train","3194","a6edc5162ac95bff0b36036654ae6165eefd58b748035a837000cc5dc9441d47","1729","1662","54,65,84,87,98","54,65,84,87,98","True","tr-3194"
"train","3195","7aab73eceeaa4445a7eea968c2c00d10379cd7a1b1abb90a1a1dd86507e13411","250","250","52,67,85","52,67,85","True","tr-3195"
"train","3196","aeaeef927814cb3aab55209624bfa1ce97f0cc6286718c8d1a53d1e0f7856f90","512","384","47,65,87,103","47,65,87,103","True","tr-3196"
"train","3197","8e88d8899981e472d89e14ca246be083c83c5f1922db61532de9bba71cfa64a6","256","256","52,73,82,84,88","52,73,82,84,88","True","tr-3197"
"train","3198","22b93119492345bf8f60cfc04a2a4d14d2e1f6742dd6accf728c1ee949d8263d","256","256","54,59,70","54,59,70","True","tr-3198"
"train","3199","d50898c5c2908212b633c66a70f5fd7c9c3a251c12f3eef6e82ae32e2fc4dd27","512","384","46,64,87","46,64,87","True","tr-3199"
"train","3200","f2ec38a9f9b1df053fd9d75d61066cce9a68a4261dc0ec44c16bf9b03992fef6","750","1000","50,73,80","50,73,80","True","tr-3200"
"train","3201","35fae9b450862b42fc7f833270f922ca1c12de65aca29c4ec02a31b83bb9ae0d","410","273","5,8","5,8","True","tr-3201"
"train","3202","130c91f41e33092b3a7c6ffd65176312e712d31ee8fa685126672143bbd96723","256","256","67,73,80","67,73,80","True","tr-3202"
"train","3203","d473a8446a0b2627240cf4a5a1808c2b75d32209ddf2d9e240756c1f873d3902","512","333","46,66,70,87","46,66,70,87","True","tr-3203"
"train","3204","c82b5c78e157bfd87792a380efd93c6bb3c33a654f78efcf80c3df1405c9ce91","512","372","47,70","47,70","True","tr-3204"
"train","3205","4e91e8eb77bd1b9eba7f9f1b10d1fde52670cd5d693308fed498c04be44a6884","512","384","56,72,87","56,72,87","True","tr-3205"
"train","3206","4ddec3e0aa570abecd184f0a8fcafda08ccc9b2fc6ee0efa76d4fd24171e7bec","512","384","48,66,70","48,66,70","True","tr-3206"
"train","3207","76e4e427c4539859b7d867d01e46c87c05a6996a438f7b346ef74885e1c792ac","485","512","11,61","11,61","True","tr-3207"
"train","3208","34cb1c51babb9c094ca8b1ecee11318752f0f03036da7182bf742679869acd4b","512","384","5,13","5,13","True","tr-3208"
"train","3209","f4e05f1b4893e5b7a6096c08ba65e44185d3aef328d83d822bb24bc95ce08c3b","410","486","24,50,58","24,50,58","True","tr-3209"
"train","3210","b92902ad92c91df39ce9a6f268e8b875addfaab803588e82bc798d2d14ead749","512","371","47,52,58,73,89,93,103","47,52,58,73,89,93,103","True","tr-3210"
"train","3211","7a1d83ce9fc4362b864e0ac4f5105d5c623bc484f6c26d969e1a2a114f895262","512","383","37,54,70,82","37,54,70,82","True","tr-3211"
"train","3212","a4974498d64b04aded931f70e05f034223e160b3190b2b8be3f906bd40ac2705","512","384","37,52","37,52","True","tr-3212"
"train","3213","6231b19e7eab77c7479651d26dfbdc7f75977257ffd7ddef39cd49b39521b187","1536","1536","10,30","10,30","True","tr-3213"
"train","3214","035d4c65ace0f371e371639618a613abdb20e870b1931d1ae72b784f73c9ffef","3264","1840","12,30,43","12,30,43","True","tr-3214"
"train","3215","b16fc48e309ef18e59163a7bbcd0c6b3ff20a25f382929f8ba850d5d56ab5406","1224","1224","24,28,32,67","24,28,32,67","True","tr-3215"
"train","3216","c0d6f596aea5e62ccd8d83d7cceff04321e22ba9e744459a458019567cf90542","300","300","11,46,84","11,46,84","True","tr-3216"
"train","3217","1df2283fb05bc3d883cba0adb7ce1ba4b34f782c1fe9d6a4e8d1472e8f494c75","432","576","52,65,76,82","52,65,76,82","True","tr-3217"
"train","3218","45fead36e9c38486456f6276ad358e03c6a0ca2dac1bbf66493289a86e0170dd","512","384","46,58,59","46,58,59","True","tr-3218"
"train","3219","d3f994b6982a2e7d1caaf627e9fe1847958629f27486705276ad4a3dfa5af15c","3264","2448","8,14,24,35,46,52,58,70,82","8,14,24,35,46,52,58,70,82","True","tr-3219"
"train","3220","a0fe33cde6ded0c520f9e8e1ee7a811fec7a2f063ace0713d89a861796b5af2d","410","273","8,32,72,84,87,88","8,32,72,84,87,88","True","tr-3220"
"train","3221","52a7e1813d64c90a9675047a2e862ebcddff4cc7a89a6f6b1d675b92cea9514c","512","384","52,59,66","52,59,66","True","tr-3221"
"train","3222","77cdac03ff2a62b2db13a4ff4f573d126376753005cc278a0d188c9d5e650955","512","384","46,52,70,87","46,52,70,87","True","tr-3222"
"train","3223","4c94e56e457b0bbf84bec040b784263497f76d0a1199fc9eb704af8951436374","1447","1447","24,49,67,93,94","24,49,67,93,94","True","tr-3223"
"train","3224","bbc7fe8aefb188391b862094d9f3a43c4042278ef1405c328ef6fe69625da1d0","512","384","48,65","48,65","True","tr-3224"
"train","3225","4015b632b323b72b9cfc190b87e1356f75a3ac96e6987f17f244a85971ab26f9","410","272","9,46,49,58,80,93","9,46,49,58,80,93","True","tr-3225"
"train","3226","d9bbd2484516f05e453a234bda221584d28bcc8765f6918e7937d3f6b10a489b","512","384","47,65,73,80,84","47,65,73,80,84","True","tr-3226"
"train","3227","6625aee129b2416c4fa29a3ea4246ea82e0d16374c07a9426350d9d707d324d9","256","256","37,50,73","37,50,73","True","tr-3227"
"train","3228","742904dbb67389f4927bc2b0b7624688ad554886ee2e0b01f8d3626d86c1772b","4128","2322","47,48,59,101","47,48,59,101","True","tr-3228"
"train","3229","56e546ebbfa4debad8646c7122489d12ee8771a45071ec5f208d67acb2b1b148","512","383","46,64,87,101","46,64,87,101","True","tr-3229"
"train","3230","604f9c2075c4a9fc7a1ace3609e170d91d216eea85aafc3159b25c7cca526a89","410","307","52,66,93","52,66,93","True","tr-3230"
"train","3231","4e7ce4199552d22f0f14c9aedd88bace67e08d588d37a55796a802de8a1bb49f","512","384","9,49,52,58,89","9,49,52,58,89","True","tr-3231"
"train","3232","8b354ef1e06cc85c81eeb87150d9875107caaadb2edca8890959cf3320b5df83","256","256","4,5","4,5","True","tr-3232"
"train","3233","2570ddb5762798a0dd18a4efa4b679e26b706ae4c10310b8f5b84b2878a853e8","620","413","52,58","52,58","True","tr-3233"
"train","3234","69d299d77c3c3d40f6a92516ef1fc616ed3e65527d355475f56ab73bd28431ef","512","433","8,46,58,80,93,94","8,46,58,80,93,94","True","tr-3234"
"train","3235","760381f9e89174ef275160fa64063defa6d6feff769ec46e8d4b8313793775ba","512","384","48,84,96","48,84,96","True","tr-1243"
"train","3236","15b7d6e740ff4d086b91cdf0286056e9b25f8940ff65486d87f1371078a18224","512","337","3,46,58,73","3,46,58,73","True","tr-3236"
"train","3237","aeaea53a42354f37ad59432410171906f386308729dd9102ce3c552437c3b5c2","512","384","5,52,82","5,52,82","True","tr-3237"
"train","3238","4256c1d5fa8e000d2a785cd809e8ef111bdfdb54e5c9c6421c77df6b21503ec9","512","323","47,58,93","47,58,93","True","tr-3238"
"train","3239","bff08881da21732fddadc5c4af832cb2a8d8310284fcd54da96ab461b57ed1b3","400","400","3,46,58","3,46,58","True","tr-3239"
"train","3240","545abde9b47cf6e3e5b0575c02d60f1c79be87514444dbf0682dec498fc0a848","240","427","8,13,58","8,13,58","True","tr-3240"
"train","3241","f0dd12eb322a7de1c97641c533aa8a2468bbf2ea3ce3a1a5da08604e950ec354","512","384","28,73,93","28,73,93","True","tr-3241"
"train","3242","cfb3acb2e5673d0350c7d8ab37dd0c8fa2e993ad550f322b698ce4804d93ea07","640","480","52,73,82","52,73,82","True","tr-3242"
"train","3243","3bc1bb3ade2838d40e9e3c7ea9a8250c918e3bffbd30d767a700925ce425b25e","499","603","24,47,76,89","24,47,76,89","True","tr-3243"
"train","3244","f4741cf5546e6eab842b1a06b79231338a54ff5afdaa608cefd176d8fb3878ac","512","484","47,70","47,70","True","tr-3244"
"train","3245","e1abf6152af0c764a0e81b3262159b7d742925e4a5eeeb588ed2c11df6669026","346","461","47,73,80","47,73,80","True","tr-3245"
"train","3246","d496be13b45125c4651569ebd1a31323ddf9a009a2c70e2aa64977c60250b15b","256","256","48,70,87","48,70,87","True","tr-3246"
"train","3247","b98986601314e3b92e59db33a9cb77c76dff27e06280e392dcc1989d2b9ffb0f","512","384","46,70,84,96","46,70,84,96","True","tr-3247"
"train","3248","7e78732cf84469ccf6632e082d6845eb83d8b90a54ba0206ff632c7161226bbc","512","384","47,52,70,87","47,52,70,87","True","tr-3248"
"train","3249","4e9a9132af911de34321a7be49ee84254696a70bd83a86af40791330653d0732","512","384","48,50,70,84","48,50,70,84","True","tr-3249"
"train","3250","ce7697405276bf7cfd86880e010da92764dd2dd64b67697dfb6a1c96491a09e2","512","384","46,65,72,87,101","46,65,72,87,101","True","tr-3250"
"train","3251","8601b7cb374e28939c2ca46dde766ea0eb9bf96ab20b169613db0d528cdf7e32","512","384","48,73,87,103","48,73,87,103","True","tr-3251"
"train","3252","589b1bbfc6a57cceebb229e53ac8600cedbd0e98531822cd1aa475b12d116d67","1952","2592","3,47,87,91","3,47,87,91","True","tr-3252"
"train","3253","92b6eb30bc5dcdf61847eccbd640ab6564dba572548eb4d76545eb647426a2df","256","256","37,54,82,85,103","37,54,82,85,103","True","tr-3253"
"train","3254","a24daf0c5405a9dc7a080ca1d552dcbb6ebf5d45a71f11cce0f1b42df4de2c01","512","482","47,52,70,84,85","47,52,70,84,85","True","tr-3254"
"train","3255","131c529128d4f53a67a90d7ca1accf9eaf9af7a221cabf1ae650c3ffa51fe0a9","512","383","47,65,84,89","47,65,84,89","True","tr-3255"
"train","3256","d50c36a51b5c748e46140e89997d8320cc616d51fbd50593f32941d09f03e3e8","512","331","37,48,50,52,70,96","37,48,50,52,70,96","True","tr-3256"
"train","3257","08a91fb9b571f4cdc99e75f6746f88f076833d90cfbb6aa6f28d28bbe0732e39","256","256","41,44,48","41,44,48","True","tr-3257"
"train","3258","5f6c5ffe1d80ea41af6cd0ed7170c350764e0ad1e6bfc083814aec2ab2ce1e03","2592","1552","48,52,87","48,52,87","True","tr-3258"
"train","3259","f82f3489586f23004ad03e7ae03535b5dc9b22424bf4a084e526b8ffb9f7c286","512","389","73,76,94","73,76,94","True","tr-3259"
"train","3260","6e85ba3b834f957dc595a963bce100b152c84d3b0f9dc82df3d799ec9549e960","1944","2592","8,48,52,58,65","8,48,52,58,65","True","tr-3260"
"train","3261","777e5febc0093958b3198af22dcf79934b27bd542590d2307b62e2ac00f43f2c","256","256","30,58","30,58","True","tr-3261"
"train","3262","88919829cf556b988253e313b69fe5b80333ee8952e47d97ee1028a2e2e2fae1","2592","1936","48,59,66","48,59,66","True","tr-3262"
"train","3263","7b078198f12c0879dd18061e9b17720f886ac0a9f7e128358048e3c963011563","512","385","25,67","25,67","True","tr-3263"
"train","3264","3f3b3c4852ebd62170d951875047e72f613ad6d719de75c6babb74fd8783b18b","512","384","58,89,95","58,89,95","True","tr-3264"
"train","3265","62df83bb0ae4b9a8c8a0017f9a2d199640171b25d3dd4714a618087841eed1c2","512","384","37,54,70,84,96","37,54,70,84,96","True","tr-3265"
"train","3266","61dce73b8e3e36eacb99c5a3325c4f1804ae941c2ab0e785a03ecdaae8ea7110","256","256","47,66,87","47,66,87","True","tr-3266"
"train","3267","85978935817d06a44b8d13da996ae2b00206bb67a1cb58c3a591abadad5da1e7","512","384","37,48","37,48","True","tr-3267"
"train","3268","e178c9ed94106122cb443887fd0ec2802528f469d1492bd409f8ab074b65f8e7","512","371","46,52,70,89,94","46,52,70,89,94","True","tr-3268"
"train","3269","9c9fa2d481713f619312dd4d1dde922200ae159c99cfca8256120d3d5f8b783f","810","1080","46,49","46,49","True","tr-3269"
"train","3270","2e27f35559355f4616c82a56ac9142292122f8c48d057a17cd2d11178cd728e7","3264","2448","44,47","44,47","True","tr-3270"
"train","3271","91f47d7cd475ef4a31c12191413d942dc6276d02fc0b256d555fdaf707649e67","512","384","48,84,90","48,84,90","True","tr-3271"
"train","3272","1066c814dd7c30335323413004cc8db54fe4e105a436afa17d42e688cf25a269","512","401","48,70,84,87","48,70,84,87","True","tr-3272"
"train","3273","62b7720303029f7562d1d0dda2f7f286a78a2161a2fa3cdd21d888039ba35880","512","403","11,25,58,87,89","11,25,58,87,89","True","tr-3273"
"train","3274","7d4e0d981ee8caf6f19f4be7163ed07166bd30b8999162a6fa43429a1032d981","512","384","46,52,70,96,103","46,52,70,96,103","True","tr-3274"
"train","3275","4e5f33c49ee2e8403022cb3e82da5e489f04c4a45caef185d6e1e1b4d64ac2f5","256","256","8,67,82,84","8,67,82,84","True","tr-3275"
"train","3276","e614e6c895b7f0a82062cba20acd5cdbc4c3c98d4f7871a55ea85f49e5981cc4","512","384","46,70,87,101","46,70,87,101","True","tr-1195"
"train","3277","219eaf5c0a36e24b242e33dfc8870300ce3e4b96dd249b9fdff74a51c5f3175f","512","349","65,72,73,87,89,93","65,72,73,87,89,93","True","tr-3277"
"train","3278","341ea12e3d6cdc95e5d4b253dcc32509007fd29fcbf4b544c68de603fd41b8b7","512","384","8,46,52,59,84,95,98","8,46,52,59,84,95,98","True","tr-3278"
"train","3279","77aae5c15e6014a7221c2450b62f17113db4370a8d4c57c8c2bce87f5b52c32b","512","384","28,66,73,93","28,66,73,93","True","tr-3279"
"train","3280","91d18ae9690ac064e131fccd726cdf7d002615287502943bde382d02e3994d8b","256","256","82,84,87,90","82,84,87,90","True","tr-3280"
"train","3281","600ba1a89077ab7b1bac06180f1b2b097ef59034cfbf929d031e0b75fc891357","256","256","5,35,52,73,80,82,91","5,35,52,73,80,82,91","True","tr-3281"
"train","3282","508f00882e03f4e30af1fdba5b4d665796493618d9992b70a1b5cf437aca4f5d","512","384","52,54,59,82,96","52,54,59,82,96","True","tr-3282"
"train","3283","1d51484df860dfb7f3368be692f605dc08cf41fbd1341d12a9e8bf86bf339247","256","256","8,30","8,30","True","tr-3283"
"train","3284","acf199595b667ec6e231691e8fff12325b88f58cc3ea41970aacb7fd1eb5b42c","512","459","8,31,52","8,31,52","True","tr-3284"
"train","3285","a26f1794442fb733b701fa7c46a2be37ed4f06b78cd57f41639bf71aef4e0da8","512","333","48,50,58,80,93","48,50,58,80,93","True","tr-3285"
"train","3286","9e105273c40338e9b5644b8227bbe4ee5320f5610b8f5ab4b870243257e9709d","980","733","5,30","5,30","True","tr-3286"
"train","3287","2728486f8a8a9aa80f881810dc253e6d9c4f2f5969e4709ef639f5c22b41cdaa","512","384","25,31,41,44","25,31,41,44","True","tr-3287"
"train","3288","7916413f25c9ced82f424f1ccb3df5a27741ba949b8bf43202daafcc083c8c38","338","500","13,44,58,67","13,44,58,67","True","tr-3288"
"train","3289","235240ecbe27cd67d52aef68b0b41b0c8dee89ead68bc76c9b5565bd4caf0c18","512","384","47,64,96","47,64,96","True","tr-3289"
"train","3290","87287254b42ceab372e07626765fc13756d59652f2cc179ecfb53bb3b7e17fd9","512","384","49,70,95","49,70,95","True","tr-3290"
"train","3291","3745f61de12b52bb446014134e799f20dce62efb073f7b90487fc0a45a9338c6","256","256","24,65,82,84,89,98,103","24,65,82,84,89,98,103","True","tr-3291"
"train","3292","b900ebc2b791e51779cca7353029b75f953c33a146dec6c4dc5efdcaac715d1b","512","384","46,64,95","46,64,95","True","tr-3292"
"train","3293","d26b165c9940ad92c3f7c1a961f809becb0352b9eb5c1d63d5fde8a29d59ab7e","2982","1678","24,48,50,56,73,80,93","24,48,50,56,73,80,93","True","tr-3293"
"train","3294","4c4fa64566d2399b40da69837bafa4e84a092a97626adcfa45207ce3e7bc46a1","512","371","10,44,54,84,89,94","10,44,54,84,89,94","True","tr-3294"
"train","3295","dd11dd0b69d1c495efd761db00e91b62a14edba2bc8e7cc0fed02dbf3fd13b34","256","256","8,30,58","8,30,58","True","tr-3295"
"train","3296","0e7d72baa3c1af88582a44b86304cc14d64d2748ca75468cd50cb604c12ca0da","512","384","37,54,72,89,96","37,54,72,89,96","True","tr-3296"
"train","3297","4af0b77740c56c8dbec109594e08de0e5cb0cbd1327411e629e0005072a4f533","256","256","3,37,47,89","3,37,47,89","True","tr-3297"
"train","3298","8223dc281f3d3cc5b842862bd17e839e26832214ed27779edd375922165e14e6","512","384","47,61,64,72,96,101","47,61,64,72,96,101","True","tr-3298"
"train","3299","0073583cb638373091c53d80daca3bf835aa882bf4385c0448326642d4cb59a1","512","384","47,70,96","47,70,96","True","tr-3299"
"train","3300","5a15e5d315e512f23a2d68f88f7dfd0ca7265979f682acdd291e85bfd73c3fdf","512","341","8,46,48,80","8,46,48,80","True","tr-3300"
"train","3301","8c57440f7818e715e1cec97f1d2d85925a82835aa577f7a88af5b09b0dbea3d9","642","428","52,76,84,87,88","52,76,84,87,88","True","tr-3301"
"train","3302","c1b344747dab77a707eb973ca0681523bafdf2f1685f245a40a2a13667e4e021","256","256","14,82,84","14,82,84","True","tr-3302"
"train","3303","57f831ef4967c62122c8b02b00436b6a91caa26fe0329b766ac43a534c51e909","512","384","47,52,65,84,96","47,52,65,84,96","True","tr-3303"
"train","3304","076d03ad5b0939df7cf7113f07c5bcfa3e5b9fcdeba357d7bb92e11a398a1cde","640","428","12,30","12,30","True","tr-3304"
"train","3305","142cc54563cc6d2a15e039a6a436b16716c183a4b00d0c65c32165dcc1fedab6","512","387","3,46,50,58,73,80,103","3,46,50,58,73,80,103","True","tr-3305"
"train","3306","cc6557a56c0d5068aecd579978b44ab3520d00a3198f0eb13aa7816957b8b02a","256","256","49,64,73,94","49,64,73,94","True","tr-3306"
"train","3307","798a771ad9207b69984a6cbcdd20f79b66d949f6a1ca2911fbeefcd968004b29","512","386","8,82,84,88,94","8,82,84,88,94","True","tr-3307"
"train","3308","4c9e93db54d219244837294228952f73bed01003a0114df9aff76b7e2d7be13d","512","341","5,13,30,52","5,13,30,52","True","tr-3308"
"train","3309","9b08e195efd40442515669831fffd854009866efebaa74dd9216887b1c2c6d82","512","384","5,52","5,52","True","tr-3309"
"train","3310","3de52cb074aadde219e1d2ff106a310a342622f662f5dc32f25f05b4f6326445","2592","1944","54,59,64","54,59,64","True","tr-3310"
"train","3311","6bd57920418135646a19431781839657faf314aad0766d951502aa69dbf11dcf","512","512","46,52,59,70","46,52,59,70","True","tr-3311"
"train","3312","2801525ae0a878b2ae5b6c6a33f64539dfde5eb601e0bb62b09f38325a9b96b5","512","452","46,52,58","46,52,58","True","tr-3312"
"train","3313","df370712807cec32a9e7a5a7805dfe41a36d8b28758e392bc9c09916bb3c0796","410","307","8,21,46,59","8,21,46,59","True","tr-3313"
"train","3314","33b41f27db6228c632c119695350175aa732a9e9e21a8067249a7363d1cb092e","2448","2448","46,59,65,85,93,94","46,59,65,85,93,94","True","tr-3314"
"train","3315","15320254e2359d25c14c0cc744200c8efe35914d51b3437c61d61744042b5102","512","384","40,48,59,66,90","40,48,59,66,90","True","tr-3315"
"train","3316","888e82b12d11b243e570266e5d794ce1633b9245074a529bf5538e86c3619741","512","456","46,66,72,87","46,66,72,87","True","tr-3316"
"train","3317","a4d52a9e8abeac9da5457ee69ae36e8f12ac0bbfb7cb5419cfbc0e3618892f18","256","256","46,70,84","46,70,84","True","tr-3317"
"train","3318","c572972bc59fcfa33bc055f94dd72e87a069802161081d8947211d0743d49dbc","300","300","46,52,58,96","46,52,58,96","True","tr-3318"
"train","3319","26aab753ffa723c494d6a65b24cf8ddb5037c00b9cd9ede174bdca17b86edd77","512","384","5,30","5,30","True","tr-3319"
"train","3320","72198b144fe710baf20d939ae07b6b167f3777e4233f3282b14d420629d52c8a","256","256","3,8,9,46,52","3,8,9,46,52","True","tr-3320"
"train","3321","cc9c224ab9b9fd0258b4b8ed7786e89643a44b652ade4325c31db95b4a30d1b6","512","353","24,32,58,67","24,32,58,67","True","tr-3321"
"train","3322","48db1964ca28d2b6ebf9af2125fbac5098344c76b18d282bb00338d3d77ee192","410","273","5,30","5,30","True","tr-3322"
"train","3323","136d00f6c307dbc7de6904665332aa98cd57f048817b93f5fa8c685a5885fe9f","512","272","46,59","46,59","True","tr-3323"
"train","3324","d5aa31707a23f82d2a09bc5fc31074323615d6ab872c4c9c1896ec10d4445c53","1000","1381","30,58,103","30,58,103","True","tr-3324"
"train","3325","8bdaed08dc62958a8ccfee10062711aaa8ff0452ac78f3924dbee79fd9bcca65","550","473","31,32,67","31,32,67","True","tr-3325"
"train","3326","42a57e1fba5b46c108d590c0c9db2170ad4bc4d0d3b19a7849c4b2bbb6a7709f","256","256","25,30,41,52,67,89","25,30,41,52,67,89","True","tr-3326"
"train","3327","55bbf10636e520670f27766f815179b0f9ce5c31fb5e8f10339794dc09f26c36","512","384","61,85","61,85","True","tr-3327"
"train","3328","8ddda12dd5b0e7d67d3e6151a5002bcbc6997035aadb47f110bb89b2af733692","512","338","52,67","52,67","True","tr-3328"
"train","3329","25df7d41b96f2e804c5e5b3009a3d9aa30f7429191a205031eae768d1218e5e6","550","414","8,10,37","8,10,37","True","tr-3329"
"train","3330","0ab35bdc31e30459e852f390dc8a00df0df3a97d36fbd5a8f93a38651425ab4c","2048","1536","48,66,87","48,66,87","True","tr-3330"
"train","3331","f22566635767b0e07b48fd0d75ad1f370f1dd4a4dbe28d7f989813409756981f","349","350","3,37,55,58","3,37,55,58","True","tr-3331"
"train","3332","adf29559f228847fa2eb3071bcb286c2f108548e0ad15310fc55e144246d970d","512","384","30,32,52,67","30,32,52,67","True","tr-3332"
"train","3333","298d7aca68117c8e716cda756092169d48ff8f092d11461a40de51b7ba0db795","3264","2448","5,8,50,52","5,8,50,52","True","tr-3333"
"train","3334","eecfcfae6c9216197584d8e4a6d8331792e7239020b4d3f19eed6c55d817ea8b","512","411","10,30,58","10,30,58","True","tr-3334"
"train","3335","afaa96393a45f1b593a38da735d81b93d2e932b2eeca07441947c413739ef874","2048","1536","47,48,64,87","47,48,64,87","True","tr-3335"
"train","3336","c74cd1126c9c83732e6c1c409729764ef28230e09dc4b911d8b60bdad8d08d2f","3264","1840","50,54,73,80,84,94","50,54,73,80,84,94","True","tr-3336"
"train","3337","995c62f99f773d5b3b26597f577990a8b9af424d3ee6f2869a408a590846c5f6","256","256","8,58,73,84,87,88","8,58,73,84,87,88","True","tr-3337"
"train","3338","88762ab285ced1f3377765a170d6307d12342142ded55968a259738e40bccdd9","512","378","37,54,58,84,96","37,54,58,84,96","True","tr-3338"
"train","3339","3a72df0f4a64738210f553f7c09e7d57e00d6184ea87dd89bf871f20f0b62e35","512","384","28,46,58,59","28,46,58,59","True","tr-3339"
"train","3340","41659fbc9670d5f8a9d8587d8bed669c3c95921973523c25ecd4d7a30cd69c52","3264","2448","48,66,70,87","48,66,70,87","True","tr-3340"
"train","3341","1d14e5dfabb1b4db966d53bbc282531023b12e6eecd39483456e72f79a493de1","4032","3024","14,48,66,87","14,48,66,87","True","tr-3341"
"train","3342","91572478cc604947aa43317efe7e609fdd83287bc12d1cb4324c6ca863aa45cd","256","256","47,84","47,84","True","tr-3342"
"train","3343","6eb600ca67402d7a927b1ea8646cf939dbc65c219fabeca9a997b307839d9f20","2555","2555","37,54","37,54","True","tr-3343"
"train","3344","cfc79328d31c28702d593f7e363cdfa619801489b76eb9c107ffa531954fb62d","500","336","8,31,89","8,31,89","True","tr-3344"
"train","3345","4f2d5b7951ed2c6039f35ad1b9e1992d78a2c90c64cb250efc2d62a52185906b","512","384","10,25,29,44","10,25,29,44","True","tr-3345"
"train","3346","5f4a8c60722fe50c9ff2988ba3d4fd4f96cd345c3e2976f0370aa55149708c76","642","428","5,58,84","5,58,84","True","tr-3346"
"train","3347","5ee56a735348bc6870157a76b94ef82a35c79f6b53313b51a070ba717e5d68ea","512","415","70,71,73,82,93,94","70,71,73,82,93,94","True","tr-3347"
"train","3348","bdc5d04bb4319f6f7e2a90e68d21a9c6825f7bdfb1b520f97c9815d02fcad123","534","356","8,37,44,59","8,37,44,59","True","tr-3348"
"train","3349","ffd8de456738d1529bf3772e0ad713c7d9a970526370bf8a8c469b45f16a6512","2796","2796","14,47,73,89","14,47,73,89","True","tr-3349"
"train","3350","3824025c3382cf8c4fb8ea94b12e2ec29f8aa2af55304d398c02c8617a9cc134","512","384","52,58","52,58","True","tr-3350"
"train","3351","4fd97ae210197f388581581713c375400aa49d9796c4ea9b50efed63d3bd2f2a","256","256","15,37,80,82,94","15,37,80,82,94","True","tr-3351"
"train","3352","481fb84bdccd1c321d464427ecf3e3ee9e83c45cbcd1633bcfa508c82a6e647e","270","208","3,9,46,52,58,73,80,93","3,9,46,52,58,73,80,93","True","tr-3352"
"train","3353","125570dd89a3bff6036e38565cbd212648d331f01ac9676f6ebf0d2776c2fbc4","1677","1938","24,52,58","24,52,58","True","tr-3353"
"train","3354","29164463633d269643af4d1bdf5aa9a735fbefa3b40925deb1b950c97d457863","512","384","46,70,87","46,70,87","True","tr-3354"
"train","3355","d22da0f885a3ccc7c2d6783dbfdba226bc1b3bb74da9f5c3fc9a49e4ee484102","512","384","9,13,23,58","9,13,23,58","True","tr-3355"
"train","3356","9537f153cb30cc9864cd7afeb6ed4dbc83b337359a5af2a590c8f67b2c7ef645","642","428","5,52,73,82,85","5,52,73,82,85","True","tr-3356"
"train","3357","a98ff98766115ce327a06b162de77712d44017f96ae5b5d6cd36dbb54fe24459","1852","1521","24,52,73,82,84,88,94","24,52,73,82,84,88,94","True","tr-3357"
"train","3358","4887f3b0c053f86df2ff2beac806643bac69a8fad86bd79459fb82d6bd0d13a2","512","384","13,44,58,67,82,94","13,44,58,67,82,94","True","tr-3358"
"train","3359","7ba7b5717a8c28dc2c76466fdbea01984dcb9ecff1c3a3fa22eba7544f1a0630","256","256","37,54,84,87","37,54,84,87","True","tr-3359"
"train","3360","9637837ee6f554993cc2deca9761ec870f26bc73ac0c49dc27a485fc45996684","512","384","37,52,73,93","37,52,73,93","True","tr-3360"
"train","3361","7c55b9fc8a310557f48c878ac47535e968e96115a6e79a76595ad552ee71ff97","410","617","10,81","10,81","True","tr-3361"
"train","3362","cca6c201ac7df8d39386338665f291a583f26d4ba9e34e53d018625cb757e7ab","512","366","67,71,84,89,93","67,71,84,89,93","True","tr-3362"
"train","3363","73232256d4b2869dc65f448d641d3a791a3fb52e8390519390d5f46fbc93efd1","480","322","37,54","37,54","True","tr-3363"
"train","3364","5041db7720146b20304ddee650e9dc64d3383c357b7d2046f1d3bbedafb5a693","512","342","46,52,59,70","46,52,59,70","True","tr-3364"
"train","3365","5a323730a8c25dee7cb853716a38fbf078b59e6517d7a82134d79fe1bdf0a734","512","384","3,60,80,82,93","3,60,80,82,93","True","tr-3365"
"train","3366","7c4506645f30f11a4c9fe6a912aad9a902e0dc185d44f9ae29b1be373b69f259","512","395","8,31,35,72,82,84,87","8,31,35,72,82,84,87","True","tr-3366"
"train","3367","678783b12f6e5c660d861a9ccbbecf65ac36f4a53f6305da4c9099cd9625174a","512","382","58,84","58,84","True","tr-3367"
"train","3368","de09ad4b7c42754fe7523ff3611448d2f8540ddd840135fed92e5001258fb1c9","2396","2396","11,37,54,70,89","11,37,54,70,89","True","tr-3368"
"train","3369","5bacc0a2fed369035f4f28733788ff823c0586c61afa630544497190458114cb","256","256","37,52,58,89","37,52,58,89","True","tr-3369"
"train","3370","2f8a6fa179d043284f5a5058ac06d01b6d5a415297e6fa016bd2dda294a1c0bf","512","429","8,46","8,46","True","tr-3370"
"train","3371","5291f56e0b92ca1d9319a6c59ff00bfe31a9a145358edc9917f0e6a1936374ee","512","384","25,35,48,70,84","25,35,48,70,84","True","tr-3371"
"train","3372","cea267cefcb81f5118c6538343b7d5c442b160a676146e1c37742faf457fabca","512","341","13,44","13,44","True","tr-3372"
"train","3373","6683b2f17b86316a9b8608bb35b681c3e8012990781d32cc5d1ccd0711e185e2","512","384","46,70,84,88","46,70,84,88","True","tr-3373"
"train","3374","63b8e3a4b4f1701c4919f86be64581b2603df074cbeeeffa7cc383b9ad96dfec","720","480","8,52,67","8,52,67","True","tr-3374"
"train","3375","f739c1a35f7503547835adef486ca14d61ce19900ca64da41e62132228589a85","512","467","54,70,84,96","54,70,84,96","True","tr-3375"
"train","3376","e6e0773608a806a827e5a7fc5c95ae69de141ff91e68ef56a27af584cbfde165","410","273","12,32,36","12,32,36","True","tr-3376"
"train","3377","a5c10f25951f908be845748bb7095f5ce0222c1206e181b500d9b2aec6fa7525","300","300","64,89","64,89","True","tr-3377"
"train","3378","e3a0e24a4f2fd41d70ad87a935a00ea98a6fb48676c08e7788d8a57eeca8913f","435","512","14,30,34","14,30,34","True","tr-3378"
"train","3379","31990ebf79382dacc56076e733e17021e5dd28ca2140e2ff95222eb7b5ed96b1","3155","3155","3,11,46","3,11,46","True","tr-3379"
"train","3380","84f710108184df07ab1054a09e42a18d2745b886432c94a73cc6d542b8d42061","512","406","58,84,88","58,84,88","True","tr-3380"
"train","3381","d1a19d71727dd77862ce0bdbe87242321a5a985a1a9bc12db4d60efb58817b6c","2592","1456","50,67,89","50,67,89","True","tr-3381"
"train","3382","14ec6d3e00a23e443a620abb23fea6fd3979e9d3253120b85b7542bbfc1cfed5","384","512","48,65,96,98","48,65,96,98","True","tr-3382"
"train","3383","2ffc7945d69be0512cb9a92443189ef3619c9304f747b5b382fdb8b345cc97c2","480","360","5,8,25,58","5,8,25,58","True","tr-3383"
"train","3384","088d223ba284921a02ae3d3bcd333eecef7bf660d92237213326de4ab766324b","3264","2448","48,64,65","48,64,65","True","tr-3384"
"train","3385","7896a8a2f627654b6fdecc05f9062c42436d0394dc7cbbd3ab6400e6be776bb0","512","389","37,48,66,87","37,48,66,87","True","tr-3385"
"train","3386","798bb92a753dddc66467daeff99e0fd37af7f6bbbb29ae99655c6f91c8af373c","512","441","3,46,80","3,46,80","True","tr-3386"
"train","3387","95a7c04f6a609fb75841dad23a64372d7d3fd7a44a84823b138e2997d1f1ae2a","400","533","87,94,101","87,94,101","True","tr-3387"
"train","3388","e003cbdf0176578a0c67e97118bdaeb37e892787b429d2f9fb34d8aad6565154","300","300","9,41,58,73,80","9,41,58,73,80","True","tr-3388"
"train","3389","76e7badec127bafd1fa60ee1b23e0cde89efeb5dacc40fbe77948277edb456bb","512","384","54,59,67,87,91","54,59,67,87,91","True","tr-3389"
"train","3390","00075c80c35608d43c5303951450f5e58dc0912a52460b6eadc954124473fad8","512","384","48,65,87,93","48,65,87,93","True","tr-3390"
"train","3391","6ee92e82bc63235e2afca3226a3eb04aac94d7bdac5b1ca367b51b6ae22bbcf3","1600","1200","56,64,87","56,64,87","True","tr-3391"
"train","3392","43c7516c085ca809e773149cbcc17e4156d771307d111a733ab100af8bc9ed2c","410","307","10,32","10,32","True","tr-3392"
"train","3393","5adce8976d6c036beb5cb1c2d1463ff61dd5da440a94e6b03a387e4b9a9dcc08","427","351","58,84,89","58,84,89","True","tr-3393"
"train","3394","43aa625253c33ce2e929308f45cfa80b4e18ee255cb627078936ee832b350607","256","256","10,32","10,32","True","tr-3394"
"train","3395","13d4244b3f51f2c691a3562c263fc768f250b241eb00a513301201fefeff015f","432","550","10,25","10,25","True","tr-3395"
"train","3396","9746e1bde6745508b71bce83681eebd37083e0d65781cb94ccc76e90acd6918b","480","640","46,70,73,80","46,70,73,80","True","tr-3396"
"train","3397","38950175532e72ad7a9c622da7bcb8a12d2b5e9d9905039227debc9c12c1ce36","2461","1365","46,52,58,59,73,89","46,52,58,59,73,89","True","tr-3397"
"train","3398","5d48cc509f1740b0e15ae2d2aa678a2c132d8ca743e2b4b983bee933a53f60dd","512","445","10,30","10,30","True","tr-3398"
"train","3399","4c8e65f905005db10125639dc2ffe6a81c42bb08dafbbb679972cef5c7c52d05","512","384","48,82","48,82","True","tr-3399"
"train","3400","972d51ca712cf97daea2d125ba59de22a2e12096339aa707ddbb74beae8ce85e","512","384","54,82","54,82","True","tr-3400"
"train","3401","4744865b48b6d6f5eb3a72b89f1ac28aba289faa4b568b21b799f622b591e4a9","512","407","46,70,84","46,70,84","True","tr-3401"
"train","3402","d6decc6b6507f699eb061fd878fc6ecfa45b9c0017fbc4425bda735efbcd199d","512","396","46,84,85","46,84,85","True","tr-3402"
"train","3403","91209bec8bf0fadfd1c6015e7f8f8d07f09bc020f66b03a599add56daa6da0b4","499","512","46,59,70,96","46,59,70,96","True","tr-3403"
"train","3404","b3df4dfdf089b4b4ad34cba2bb59a239f08e7cfb23e08da15650ef20a2357637","256","256","46,58,70,72,84,87,88","46,58,70,72,84,87,88","True","tr-3404"
"train","3405","fdde9757b99f8ef438bc0c1a6d980684e0f2aa5cdbe195ba8ca6ae75cefd44d3","512","419","49,58,80,82","49,58,80,82","True","tr-3405"
"train","3406","182ff0c9817e33771bc0ea7730a6daf18a28f00157609722c6b86906b1866be6","512","384","8,48,73,77,82,89","8,48,73,77,82,89","True","tr-3406"
"train","3407","c6410dbffb743bbffc7cab6a77b9fea3a5a20b04e010de9e06298e2b160971d0","437","512","48,52,70,84","48,52,70,84","True","tr-3407"
"train","3408","7c271638669029cf8971a61f0176c3e80cd5376bd5f559324c5d2c3fd6965680","256","256","35,67,82,84","35,67,82,84","True","tr-3408"
"train","3409","3692b1494103d5799eee0f56e68554641797c0fb3e6bf52a4eb2f6dce6badb68","512","384","58,77","58,77","True","tr-3409"
"train","3410","d61ac714795169d64c7896d462c320321476537a27a0c70a6bf418de0a33ded8","512","384","46,73,89","46,73,89","True","tr-3410"
"train","3411","6eec5e1a68d7221f72973e539af678232f7054726ba5c1f71a6c7bef51be3a7e","307","204","11,24,47,58,95","11,24,47,58,95","True","tr-3411"
"train","3412","f7a1de0192fa1694549941094cb4c581bcb55411ef59424944e0fe7e6c3cae4b","256","256","46,70,84,91","46,70,84,91","True","tr-3412"
"train","3413","ec225305c8c4b03c0dca3450646d5a14b7cc0a1f51c99e4b446a4c19863d36d7","410","273","10,37","10,37","True","tr-3413"
"train","3414","46c2f15f8972a5ffa01438446dd8d07aa9424ea9f0f79e44c21d57f8fd03f61f","256","256","12,29,44","12,29,44","True","tr-3414"
"train","3415","fb248538661389926bd0af06d01a4dec2d0be0c0d0e350f25c3c920faaf26916","1999","1332","37,52,67","37,52,67","True","tr-3415"
"train","3416","84aa3acf77de751982818385f69b278c1df25d1b335d07bfbaf68dd91b91464e","256","256","46,84,89","46,84,89","True","tr-3416"
"train","3417","633ca03ae6ad2b5ebf965c99a8130ef962bc23a9953d40a46637e20981721aae","512","337","49,59,84","49,59,84","True","tr-3417"
"train","3418","db055178f09225ed66b0d7e7a8b7d9ada8990ec9b3cc9c8b6bbf5abb745cbe32","410","445","46,58,73,80","46,58,73,80","True","tr-3418"
"train","3419","2c9b6e229f9c71b5a8e1a691bd660ee08b2a92be7f402c27e4de416071260e51","410","274","48,52,80,82,84,89,91","48,52,80,82,84,89,91","True","tr-3419"
"train","3420","a8c467cf31af496f76b7bca413d418808242a7d579e24c95a42bbb92f343f33c","512","385","48,70,84,87","48,70,84,87","True","tr-3420"
"train","3421","fdd6e03ee5cd2d125cc76a1d53e936b9ee1ad4f9639f3dfb1c1bd57cadef08ee","512","340","47,70,82,84,87","47,70,82,84,87","True","tr-3421"
"train","3422","519ebbebba51378161ed3635026fa43d9af33e79516fcd166893c11439103d30","512","429","14,30,41,42,89","14,30,41,42,89","True","tr-3422"
"train","3423","45904790afb73f8ec80818b78e0e6755929942a7cbb61be9ffc20e7645606cfc","512","379","37,47,70,85","37,47,70,85","True","tr-3423"
"train","3424","28b258639b37ce91c64c33060e3538c0741e94ec262cd71428bc1d24a267c399","256","256","24,50,67","24,50,67","True","tr-3424"
"train","3425","02413478460736234e05a82c56c65dd8f8c7ff69810beaa81f9a0ae06c618d67","512","341","14,47,81,87","14,47,81,87","True","tr-3425"
"train","3426","96fa154f025619efdecb05647816d5e0d028ecd8527416f426b862eb31f3c37e","810","1080","31,44,67,73,89","31,44,67,73,89","True","tr-3426"
"train","3427","4705be9074cf59ca948b9d6be03304d8cfe62239696aa4d22f7707d6a48375af","510","512","46,52,66,84","46,52,66,84","True","tr-3427"
"train","3428","3017724e9d062d7e52528a47648e3dff9cdde939b4f21c74246d70f64ac56eee","3264","2448","37,48,94","37,48,94","True","tr-3428"
"train","3429","d8e6e0354196690d2ffe91a2926afef5dfd26db7b7a08e984e4d66327fed5872","1024","683","3,48,52,58,80","3,48,52,58,80","True","tr-3429"
"train","3430","d12e89adf170aae2b8d71481b1f12d267b13f13fa89e3d63076d357e454fe043","256","256","10,32","10,32","True","tr-3430"
"train","3431","ea554d9c8737a1b8964457d094164f201b6f1fd671258f26f332c37ce5293a82","512","384","37,56,89","37,56,89","True","tr-3431"
"train","3432","3099f2ddae216b20f173aadad739bea42ae31f798420c05ea7296ce556eb2e8d","512","342","4,10","4,10","True","tr-3432"
"train","3433","4428a130a0baa12b273bddfdfe9597897cf98b6bbd60d73e34967233f07d9558","256","256","20,30,58","20,30,58","True","tr-3433"
"train","3434","35574b4bf4f420d0f418671e62cacba16eab5d27a6912c53775987410cce3440","642","428","50,52,72,84,87","50,52,72,84,87","True","tr-3434"
"train","3435","4a375c892a1ada3428933286eb3fc33c9c0e2e96748d8c2e8e3684ca8a9b2353","410","496","14,37","14,37","True","tr-3435"
"train","3436","eea84d35864a8af0d134e15b2d72b3f00a538262382a2cde577fae49d5fb9bc7","922","922","37,48,66,89","37,48,66,89","True","tr-3436"
"train","3437","dc792918aec4bc1aa05cfa3ca2afd9ba283a6fb201a2e9c142f63a88d82b7ed3","512","384","3,46,49,52,58","3,46,49,52,58","True","tr-3437"
"train","3438","1a78bf641a97f4d0eed426109d1dd3facb16c22f8804a966f2bab9c9e565f579","410","273","14,103","14,103","True","tr-3438"
"train","3439","00fcc281f4a2d495ddce42e08f978dbd86cd7b85955b160b8a1f46cee8a9c791","512","340","48,52,66,72,84,87,96","48,52,66,72,84,87,96","True","tr-3439"
"train","3440","c51744a2e160dfb3cf268c82b06097f0a035fb4b33b892b7de93c34aed3d8351","2448","2448","28,48,66,73,80,96","28,48,66,73,80,96","True","tr-3440"
"train","3441","a91a22b4c83ff6bc9a7ba3379845a8a34ec2fcdfc42c1b1ce6d48b4f332d19ec","512","432","15,29","15,29","True","tr-3441"
"train","3442","25949db2da90b6ec5f3012b380d2ebee222faa91e3713dc190d132563a3edb8e","512","409","15,58,84","15,58,84","True","tr-3442"
"train","3443","5d6cd0b363fee3773b416bc4fedd2309a252e515627164b8ffe5b3a7636f5fd0","512","432","8,56,58,89,93,95","8,56,58,89,93,95","True","tr-3443"
"train","3444","eaa726fd1dda00c34cc4dbdc9d6771dcab3ce1d56e508c48dea9128099d4d99c","512","427","47,65,72,87","47,65,72,87","True","tr-3444"
"train","3445","0954126cf5c3b913c51a026fe56010a92971b6325bae4bb39513062ae8c17b94","2651","1886","3,8,48,52","3,8,48,52","True","tr-3445"
"train","3446","a9beebb00779897f7b6e9ecfa02876c9ff42a41dd808741c90c16c17ca215a04","256","256","46,66,82,84,85,93","46,66,82,84,85,93","True","tr-3446"
"train","3447","aee1a6354c6f3433dae95a68c2329d33f860102408ed826354e017c67f4bf246","512","388","13,48,66,84,87,94","13,48,66,84,87,94","True","tr-3447"
"train","3448","b14056b30eb33bacad3778a78351e7120b9f389423140d367f63271791249dcd","256","256","9,31,44","9,31,44","True","tr-3448"
"train","3449","b2be1099fcbe21762391ad72ce7d7aa151dd6709139b4625b8b07016b6149a18","410","274","44,57,71,89","44,57,71,89","True","tr-3449"
"train","3450","5a306c432ddc7ff66ed095c73a35bdda7298740722e3024bfb6dad8bfa375d72","256","256","73,82","73,82","True","tr-3450"
"train","3451","74db921bede42c0504d9ccb1594ddd859860c42a1e54cf7de12b02d66cae1ddb","512","384","25,34,58","25,34,58","True","tr-3451"
"train","3452","ee233381e975d5e7da53d8175dd0f97deccdeea677e68805c78d4005bc169b6d","512","351","41,58","41,58","True","tr-3452"
"train","3453","5283004e7cfe128923a7c4e1a6bfb3688ae8ea356fe83c09f6d454b62390bc85","256","256","8,72,84,87,88","8,72,84,87,88","True","tr-3453"
"train","3454","c184e4e0fac724ede094e119d87c2cb00e4ea658fb45c27994a9b795d42a811c","3264","2448","13,58,81","13,58,81","True","tr-3454"
"train","3455","2854bc0bb359b2884eb116e5685e6cb9f9917a4a85ee289f5565e82f2c0be4ef","512","410","32,44","32,44","True","tr-3455"
"train","3456","18b1e6fb28c2816f3f3488f580c59c02b3aec5514aa6253f5552a0dc8781c2f1","512","341","30,66","30,66","True","tr-3456"
"train","3457","4a51d870fa83a650ecb6c851b0d04a51e3beb0f04eb6b70c1a770e1ad062d5f1","410","615","8,84","8,84","True","tr-3457"
"train","3458","a01ab5cdb4e21a3d5a6a8776c3843307db2a56974d161535be0031583102cf38","512","384","3,46,52,58,82","3,46,52,58,82","True","tr-3458"
"train","3459","0a107ab9235852fd0957ddf9c3b2e3cd276ba3801cde7b491d5df2c082f788b0","642","428","58,73,102","58,73,102","True","tr-3459"
"train","3460","1460d3ae91ef4109d088c95f210525850eaa4a269269b37eacf448645060ba93","410","271","9,37,53,54,58,73,80,93","9,37,53,54,58,73,80,93","True","tr-3460"
"train","3461","c3b994638f18088a4d87f56d656a1cd665774ae89d5be8aeac806a33a2603b77","2048","1536","8,10,30","8,10,30","True","tr-3461"
"train","3462","935e7edbb587dba4cfcb0061dc38edaae93946656d8dc23f552363ca2c44acf9","512","415","37,56","37,56","True","tr-3462"
"train","3463","7dec156d9781d98e346d02b858fb78f24604f047dc68d322339b6aaa2be524fe","644","1080","47,58,87","47,58,87","True","tr-3463"
"train","3464","6d01bbe55f8d4544a5aa936359d3b5fedb479f918049823770e392b66991c43a","512","384","58,61,73,84,85,87,101","58,61,73,84,85,87,101","True","tr-3464"
"train","3465","5cc44f3ea1a9a77e7c313b756c3964b45560cf0c08cbb68ab97a7c61f29b5b98","512","408","28,52,84,87","28,52,84,87","True","tr-3465"
"train","3466","c4afb30f4b53e5c7fceea6a2dd38754a5a9f91b66a7bc01708100ab87a4499c6","1536","2048","47,81,93","47,81,93","True","tr-3466"
"train","3467","ae3595bbcdf0680b2461da982c69b6515f509d1885dc522dd0c1215410ac198a","512","470","4,8,10,30","4,8,10,30","True","tr-3467"
"train","3468","c8a8efc1532db34f4389bd0d50cf1e51fb10eb8e3f427001c3ed32d2f4d8832f","256","256","50,52,70,87","50,52,70,87","True","tr-3468"
"train","3469","f6872045a5ab435b038c81d6aec939031a571182dae564190127d2fe703656b6","1936","2582","46,66,84,96","46,66,84,96","True","tr-3469"
"train","3470","7f3188027464c47d85450d8ae6820dd668c7811159d27dcc3983ef67e3db8e73","512","384","47,70,87","47,70,87","True","tr-3470"
"train","3471","1f9939bebc1808ac19a7e7e48c80fafa8923d35638647d1bff8b5bead57ccead","256","256","54,59,64","54,59,64","True","tr-3471"
"train","3472","e353cf307524aa8e904e2b2d514ad96dda57cb4eb6d3275b49606431391f7dd0","512","446","25,58,76","25,58,76","True","tr-3472"
"train","3473","36dd851d68f732adbda8f8031c345445767abeb7afffcf5dddcc377bdd55c2a3","3130","2265","8,46,58,71,93,103","8,46,58,71,93,103","True","tr-3473"
"train","3474","8a22bb1c090f6d1d69e0ab9d1d320d78561b80f082eb1019d59863713e8b401a","512","342","46,58,59,73,80,93","46,58,59,73,80,93","True","tr-3474"
"train","3475","c5816b4bc9516d5d63bebc07a68f165430acc38600ca9d191af8fe7235f414db","512","342","9,48,59,76,84","9,48,59,76,84","True","tr-3475"
"train","3476","3e4c6644b3942d732d175e26017dd288393db6d152da72c0c7967292b80fbe4a","256","256","10,31","10,31","True","tr-3476"
"train","3477","c6bc09e1a35b26a1fd10a313b9de4f704af9400dd9e41d2c55334f6bd1bd8081","256","256","32,67","32,67","True","tr-3477"
"train","3478","894125bde58cc302cdda71c956ef55a4cb2cda4873a696e2e06c43c11cb27ad4","512","343","8,72,84,87,103","8,72,84,87,103","True","tr-3478"
"train","3479","e1600e7981baf6aa6f80ca1c504d6590f84aa726af5a0a571fab6c590e01c3d2","512","341","30,32,67","30,32,67","True","tr-3479"
"train","3480","f2811c4327d7da9fe255be7b5e39e4483ed0217c6b3550a8a7bacb7b16c8247e","256","256","8,31,67","8,31,67","True","tr-3480"
"train","3481","4d799bbd03a8ee60dee24d124688a2de610670b43d896a8fbbd5afb86ac0c082","512","362","13,58","13,58","True","tr-3481"
"train","3482","e1ed956cda861e7dd369da7ab67dff4d45a146a3980600aa2937fc2787389167","384","512","10,29","10,29","True","tr-3482"
"train","3483","a393a3283ef8cd4110bdbc16e600a97159382a34bd06ec564c63d067ae14c0fa","256","256","41,58","41,58","True","tr-3483"
"train","3484","2456712688d76ba1ae5377f0f1aeaa3df4a79671ca4fcb9089f2297c0392d03f","512","384","8,44,52,67,89","8,44,52,67,89","True","tr-2846"
"train","3485","84e823c0c1557dd84738f809ce028bc116ad1a9009324a292c11ceac5e888ec3","256","256","25,48,95","25,48,95","True","tr-3485"
"train","3486","65d5bee9ccdaf31a5c1023137cf623973b923561873e0d600c2c27f08b4b190c","256","256","8,47,87,91","8,47,87,91","True","tr-3486"
"train","3487","2fd38506f2d02ef249c6a030273b88fff472285eecd9efa47f2aee1276fef743","256","256","48,70,87","48,70,87","True","tr-3487"
"train","3488","95c35fccdd3668ace3ef50ed3d11b166ef0071cf81a0e64615af1ee73b1a87b3","512","389","47,52,70,72,87","47,52,70,72,87","True","tr-3488"
"train","3489","89d380fa746256358cfc8bfe6bf4df5dac46c5f3da1c1d9c0bc94c11da1ff4b6","512","390","8,24,73,77,82,89","8,24,73,77,82,89","True","tr-3489"
"train","3490","c9622514e4d9e3f4b2b41ccc22cdeb2278d86aefed801395c448e969a5348234","512","384","24,46,67","24,46,67","True","tr-3490"
"train","3491","c848d59fbd8bf858b38da76df099e32e29d9308954e235527dfc0437de0deb41","512","386","30,40,42","30,40,42","True","tr-3491"
"train","3492","94ce91d8f493c89267779e57b00b00211d39f60f1be3f698c7e7ae56e4df2e34","512","384","48,66,70,77,84","48,66,70,77,84","True","tr-3492"
"train","3493","456ec498f4aa0ae36286fdb6390fb3f7746b837309f3a8965521189a57ec7ccb","512","385","47,59,70,76,84","47,59,70,76,84","True","tr-3493"
"train","3494","565fc49e0bc566fdcca824d86d4843b7554cbccebdf948f3ad201855c91bd20c","512","384","9,58,82","9,58,82","True","tr-3494"
"train","3495","b2ce86d4ca402022e284a85ce725293b42b38c0456ddbfafab5bb67bf581f036","800","781","46,70,73","46,70,73","True","tr-3495"
"train","3496","05d6d0235d412da0d102def35588cdca21fb9880890acf121c824794cf3ef27c","512","384","8,38,41","8,38,41","True","tr-3496"
"train","3497","57ca0ac91610de327ab351d5a8a49c0fcd311f44d03e489ffd142dd7aa5b6ea2","512","384","8,46,70,84,87,101","8,46,70,84,87,101","True","tr-3497"
"train","3498","8ac5838ed244ba78519fb94f07a538c2c48df3b3beae379cbe28ac8b1a8f44d3","2048","1536","48,58,59,65","48,58,59,65","True","tr-3498"
"train","3499","afd3c49298d9b03fb432238c662f35f1c6a936c7fa4196bd4ff2c0f071fa7384","4128","2322","14,29,40","14,29,40","True","tr-3499"
"train","3500","321c18d5b3c24807bef040e8fc9b7088bc55d98a3466f0b66c0bf9bda2658b77","512","384","48,66,84,93","48,66,84,93","True","tr-3500"
"train","3501","e1cc23d82b0bc3f19d3fe5d03d241b80eddb4921f8ba27d6ecaefc27c2075b64","512","410","14,31","14,31","True","tr-3501"
"train","3502","c8fb5dddf721ee591cd7a09a03bafb6a7322ae35fbe428aeaeb7ac16b0df9185","2448","3264","47,58,84","47,58,84","True","tr-3502"
"train","3503","82f743313b5ca39049b992ed925cb978af8a1565c36e897e192f864435b51040","256","256","52,59,95","52,59,95","True","tr-3503"
"train","3504","ffd19852058f995396b08dd05c6894c1776f533e5b626e1a018e2427687acfb4","384","512","8,58,73,84,85,87,89,94,96","8,58,73,84,85,87,89,94,96","True","tr-3504"
"train","3505","28da746aa012498200dd1674521cf440e77a2ff0a490938a6fca1671f25967e5","1024","768","31,47,52,59,66,95","31,47,52,59,66,95","True","tr-3505"
"train","3506","4d8ebad74ffb0235d5dc67e1098a1e9e757c96d6f506f59db382d917ca3cd131","1516","1740","65,70,87","65,70,87","True","tr-3506"
"train","3507","d11597f0c4e36597f2c2a8fce1ca66afc7d2394587179adb74790471946bd9b9","256","256","44,48,66,76","44,48,66,76","True","tr-3507"
"train","3508","2fd372f7facb8ed065646499468c0a698b2b8b70d6dc0029dac33e0bbb9f8ef7","256","256","47,70,84,91,96","47,70,84,91,96","True","tr-3508"
"train","3509","c2ad7ad7d4fd3bab29f9a4fb8068da3c1917e489a31b6c36bd261a4662f5321d","512","402","67,84,89,93","67,84,89,93","True","tr-3509"
"train","3510","03bc6385e34dd6ede20768aa3b39a9999ab4250def5fe37be9dbdd950458f3f5","256","256","37,48,66,85","37,48,66,85","True","tr-3510"
"train","3511","b2fa428147b038ddfbd1124e24564154d876f677be29de2a8eb5f67830908aa5","512","384","48,70,87,93","48,70,87,93","True","tr-3511"
"train","3512","f27706fc96f3da6063d40a49a3692d4348b35b6020fc2e311c73e102cc53c7c0","256","256","37,58,82","37,58,82","True","tr-3512"
"train","3513","5bb8c51da24b2faf0b688536792eded0560fb8a73eaab333871e1434000fd72b","512","384","35,54,66,82","35,54,66,82","True","tr-3513"
"train","3514","9a8dc227b16552679a8bc130b20bb165e6a20d3e8052560e8d52a877085c8e07","512","399","37,54,58,84,89","37,54,58,84,89","True","tr-3514"
"train","3515","c49480b8d97fde51fb401226aaf92329d9656336aaaeb6854ac7de0b712f0c74","2000","1500","46,82,89,93,103","46,82,89,93,103","True","tr-3515"
"train","3516","b11d79d35572857a262ad564e77105c0913ba6ddb4ee48e1de4b50d27a0e312f","512","384","46,59,70,73,89","46,59,70,73,89","True","tr-3516"
"train","3517","4007a74a5960b5fbc881fd10d0b8b5db3841d5fbe8c9c92dd10c4d0d16964489","512","377","54,59","54,59","True","tr-3517"
"train","3518","ca40c9f0376b2d5944d5b1120050adce47f6a0763781d7afbd1be538475b460d","410","307","21,48,70,87","21,48,70,87","True","tr-3518"
"train","3519","2b9478a8a5a221c18012cfb31b6b19d3e0e50861d64ba3de23fff7e66c09ed5e","512","384","24,25,58,84","24,25,58,84","True","tr-3519"
"train","3520","8630cbb84922fdd96e6744977cb2e46e0cc77f64c55433c1fdcde69495b889df","512","383","47,70,93,95","47,70,93,95","True","tr-3520"
"train","3521","71abd52aadb86891552b33b37c856f8933c7706e97f3cd8059af1bb8b91920c9","640","428","9,14,48,58,80,82","9,14,48,58,80,82","True","tr-3521"
"train","3522","8535052985b6083e39d4b939e5d5242aa59147a425c042a1037d4fd05a7a2902","2048","2048","48,66,73,87","48,66,73,87","True","tr-3522"
"train","3523","78de5358f0dfc036519c17088c6f4866e1f496fc12967d12e29c50bd194596ed","2400","2400","37,46","37,46","True","tr-3523"
"train","3524","54c9417029981650cfdf7810765bbd7904a4696c12b0fe333186e8edb7f48b88","307","204","61,73","61,73","True","tr-3524"
"train","3525","7b43a1309b7e0d784d93ce17ee7c38c8b264fef7f06515cdceb3f29557e38de3","1678","2982","24,49,73,82","24,49,73,82","True","tr-3525"
"train","3526","60ac64a54e4686983b25b80f92923a0589a08b3e262ce5aa1b589e70f8a791a1","800","598","46,52,71,76,80,89,93,94","46,52,71,76,80,89,93,94","True","tr-3526"
"train","3527","bf27a74a1789768ea0268610819bb733c2a9af28a19ec5cf6b34c8e7335d8c95","256","256","8,10,30","8,10,30","True","tr-3527"
"train","3528","dc73fb6ba752b857af2d4a001dcd0eadaba73a2859dd1ae9b362927eb1089e10","512","343","50,52","50,52","True","tr-3528"
"train","3529","20f0af00807f15078785efa5bc1541b2ae69aacf87e09cd788284025e65bfe2b","256","256","24,48,72,82,84,87,88,96","24,48,72,82,84,87,88,96","True","tr-3529"
"train","3530","2d47405dce184c8404a4329d4ab6699b8cd5e44dc128b677c87d6fd6e42729ff","512","343","54,71,87","54,71,87","True","tr-3530"
"train","3531","879595d0d3100ed0c5ac730ea0d63656cf9742c4d996d63b3162e189045c4024","512","384","48,70,87","48,70,87","True","tr-3531"
"train","3532","516500ac05b9aa31bc398e77c47b27a38065dac4e371fce037a8de568bc1f5b5","4160","2340","47,52,66","47,52,66","True","tr-3532"
"train","3533","036f5d42e064b3032bb0782efc7fcb2764b1ace42b285553e6161bf9d425f2c7","512","350","47,58,73,80","47,58,73,80","True","tr-3533"
"train","3534","dd64ecae148f0ff2480c9a1c4f1b25a8598a9707d5280fdf1cae0a2948b7b51f","512","370","5,8,30,32,89","5,8,30,32,89","True","tr-3534"
"train","3535","77e6e76f98d3d411fa70d53bd933ce2692013f27fc4d256a76f4108c53f2c948","512","387","52,76,82,83,84","52,76,82,83,84","True","tr-3535"
"train","3536","49b2801ee854d2bf277954d19e3e7cfe1405b864d5dfaaf7542f29b8562fec04","512","343","44,48","44,48","True","tr-3536"
"train","3537","1b634963554a0794207cd45ebffa4b0345ec363b4ef127d2e265dc1f77baeef1","512","337","58,94","58,94","True","tr-3537"
"train","3538","b0ffa1af37bea020d307ecbd0b9e55fc7abf2518e84b83892945acb36a69174a","256","256","46,70,96","46,70,96","True","tr-3538"
"train","3539","51b891b96d346b196fb2dcb76b269cafd76090e28702555ca662f29dac7b4d9f","3264","2448","9,24,46,58","9,24,46,58","True","tr-3539"
"train","3540","5ab0dc38db5a679310a773f2abc4b4bc64b3c6f98d062e452036e6a0b9f53e77","550","550","8,83,87,101","8,83,87,101","True","tr-3540"
"train","3541","f4028465cb6abe7e93c9aac128852834ac2a732e28a8577eb407e2a8f852778c","512","402","48,70,87","48,70,87","True","tr-3541"
"train","3542","b4970045f1eddc32b24e5be9a26a55113fb55e54884703e61dfc98b4dac3fd99","512","443","37,58","37,58","True","tr-3542"
"train","3543","b5e4ef5bd5ff810b63debf8ec0125dfb4643d306406406d629a6766203ba8505","640","428","49,52,58,88","49,52,58,88","True","tr-3543"
"train","3544","f6c7adfcc58a3b067c9cc7032ffb15bd89904e934ec6f7f19e55759f0607669b","512","410","46,84","46,84","True","tr-3544"
"train","3545","ab379277d153a9458f522545b350335eb943e9194de9c0bea7337f4f47c3cd43","382","512","61,73","61,73","True","tr-3545"
"train","3546","93ce16b63bc66ceb341f032c13fba211e5d828edf99220c807c87ab3f11a68e4","512","384","30,67","30,67","True","tr-3546"
"train","3547","b9660496960780704d07810c4c66d07e80cbdb2df5fa86dad692900af5df32a8","512","386","47,52","47,52","True","tr-3547"
"train","3548","8ddd85c25aeb5ceca2c5dc06c65d700dc89b30c6abda866b5f0525e019e5cf58","410","273","3,8,52","3,8,52","True","tr-3548"
"train","3549","d4c80d11eeecc4e4bad9a9d47044ef3d014ce81f41d716e54311f8354c17cf4b","512","431","48,70,73,84","48,70,73,84","True","tr-3549"
"train","3550","3994e9f9e436ab9370760f40003272b8a9c60f867f23205b74b378d33d408115","512","398","44,73,93,94","44,73,93,94","True","tr-3550"
"train","3551","85508c26ffa846ab928d74ab9b532de6e533a6fbdbda8902e1632ce68b24a856","640","428","5,13","5,13","True","tr-3551"
"train","3552","e066fb6d4e7fb3b00122cf8291e8d6b8330ea8157060c557f8026b3d8304deb1","512","386","8,46,47,59,70,93","8,46,47,59,70,93","True","tr-3552"
"train","3553","5d73a6714565065cd22735c6647612b899ef68a2201548188d2ce34966ffbfb0","512","382","48,70,84,89,103","48,70,84,89,103","True","tr-3553"
"train","3554","dec613da78b9d9c18af007bec83603b5156dabc8115fab165ceab86b335dd4fa","256","256","52,59,70,87","52,59,70,87","True","tr-3554"
"train","3555","a5a1bfb311d98f88094164028c931c3d1aad1f9a9f2ee9391c0933c1c6e4735c","512","384","3,52,58,82,97","3,52,58,82,97","True","tr-3555"
"train","3556","4683edb40c7887db4a914ef3aeab61b59d7d9770426a7c8d8e23ec8e091267c9","256","256","8,30,32","8,30,32","True","tr-3556"
"train","3557","270bab03ff86fe1a07bcf6f466a09fe5347009c5ff47e8892665ced228c2d0de","3264","2448","48,59,77","48,59,77","True","tr-3557"
"train","3558","2cd21a0a30bfad9c864a02c96fe9e650455211c9a4e39047516fd5916c588c0d","256","256","48,66,77","48,66,77","True","tr-3558"
"train","3559","42353162833e6a06d0f306db9d2e059e0bd95514aac6731a3aba84119e08bbae","512","384","48,58,65,73,89,96","48,58,65,73,89,96","True","tr-3559"
"train","3560","b0c748490856896377fa6d25be9f35edb6a6abe4fdd9b3a60b4d96ff144ee22c","2560","1920","3,47,58,59","3,47,58,59","True","tr-3560"
"train","3561","f870fd0d9ec866e5a70507c1e093fe39d99f60f603538259ae6c53474ddfc0fe","512","376","8,48,70,72,76,87","8,48,70,72,76,87","True","tr-3561"
"train","3562","d44daa6c4ceb019ebfdb8c29e2ec73c6ab87951c47c19763ae6e9ea257530852","550","365","8,10,85","8,10,85","True","tr-3562"
"train","3563","0adbfd92a9fe9d7e443dd62f6a658b22edda66c2f32455e72cb6aa90a095f775","256","256","8,30,33,41,58,73,84,87","8,30,33,41,58,73,84,87","True","tr-3563"
"train","3564","7a03848a83cb69c763fe46af3cd825a6cf056710120d8d73f618ed323a91bb6b","512","384","37,47,66,70,89","37,47,66,70,89","True","tr-3564"
"train","3565","4e99c2cba14ac741df5f10c79ca4ad7b4bb77d800a1a8b5dbd028c8a8eae9cae","410","410","50,85,94,103","50,85,94,103","True","tr-3565"
"train","3566","b3aaec4efdb8c6de7b4366a8002799178de48f23d7596fd423f69a345c6b8c03","512","384","47,66,72,73,87,93","47,66,72,73,87,93","True","tr-3566"
"train","3567","fb7415b7fafe660898ae17132f8b682f91a2b95e5316c4ad61b48fcf1a0b5b4f","512","341","8,52,58,89","8,52,58,89","True","tr-3567"
"train","3568","b48743efd9ea4077092dcf7f5fd354a4e75e68af73b2afd3494c6d00a1157cc1","640","428","46,85","46,85","True","tr-3568"
"train","3569","04498a46b9a5a38d141e1c4870f61b0c4d4e137eec86fd8520f1b2048e707145","1952","2592","48,59,70,84,91","48,59,70,84,91","True","tr-3569"
"train","3570","dfc648c3559d7a0efbd88fd14939f7e18986c5fe00e773e19aa0802f57ee7625","512","445","37,52,58","37,52,58","True","tr-3570"
"train","3571","1a62b5e62f3e4e711dbd0dc826ede926bf96d7478ef7d1b5913665f164ac4ac5","512","342","8,73,84","8,73,84","True","tr-3571"
"train","3572","e73a6c418f90d357869061ae3a2b8e4da3ccb49028070453d74c1226f8330d8c","512","384","46,82,84,91,93","46,82,84,91,93","True","tr-3572"
"train","3573","92f590438fdc745c032236fe5dfc0e4be40d0adff5f64187d603a07a19d48780","256","256","58,73,89","58,73,89","True","tr-3573"
"train","3574","dbb8ec27836afbc07f6f89b9861f593fa875a43bf522538b177a6422c80f5223","1000","750","3,46,52,66,73","3,46,52,66,73","True","tr-3574"
"train","3575","70483d19992c53dfcb8bee56111948d33a9c1201d16bcd043a97cfced3e3e648","256","256","10,24,47","10,24,47","True","tr-3575"
"train","3576","3fff015911054ba1dc0dd98d6a108b45233287e718f00c82ab6761966d267572","2448","3264","30,50,58,89","30,50,58,89","True","tr-3576"
"train","3577","f35fa4a8fbad1e498e305a35af3278ad77464fa281252ef7acd94416445e8339","512","384","30,52,58","30,52,58","True","tr-3577"
"train","3578","1730eb5d402f37a24543a320b7b1bcdd785c01fc4a29ce212e93edcbdca38186","400","323","8,30,40,41,42","8,30,40,41,42","True","tr-3578"
"train","3579","d2bb3a6fd31ebc56ffe1f3950e4c74b7bf8e9067314fa87041cc0774b58b25c1","512","410","52,71,78,93","52,71,78,93","True","tr-3579"
"train","3580","2d740ed3a9d4fb218c3dbb49e2c3712bb6d470d0b5c48fc2296c39db90bc0acc","512","384","30,58","30,58","True","tr-3580"
"train","3581","29f8164109830a9c138eea109b87f6bc9c5ae6bd7b922f63cfc81fc2679e64dd","550","428","29,58","29,58","True","tr-3581"
"train","3582","368bd795f8f2d3b115a652f9f0e67cc595626ac6a340e088e06713b1572abe0f","512","424","51,58,84,90,98","51,58,84,90,98","True","tr-3582"
"train","3583","e1e94c76e1c4b469d9ce5e42267e233181ac8b724fe04a693a6d58f982b7e383","512","384","37,47,54,89","37,47,54,89","True","tr-3583"
"train","3584","03e56d439d363eba475666be10d55ca060290d3a5c56b470fee83175a5acfd1b","512","341","14,16,37","14,16,37","True","tr-3584"
"train","3585","d064c06c15f6b5b49fa24e3fc1b5253036ce1b2043a42d841c2e7f4ea03e0b89","512","384","3,52,73,76,94","3,52,73,76,94","True","tr-3585"
"train","3586","49ca65f366b6c3e3597551294132bb83b00daff0784d8cdb748528a639405ce0","512","384","8,9,58,73,89","8,9,58,73,89","True","tr-3586"
"train","3587","d9e662e3a026d5b0d316ae5cc02d60fe903bd1bec4841bf448665e39135dbc90","640","480","48,73,80","48,73,80","True","tr-3587"
"train","3588","86a3e77e4e4dbb95e87a92e92a0703fb145ccd68e907d7ed3b0604c77df9f75f","512","382","9,76,89,101","9,76,89,101","True","tr-3588"
"train","3589","6a3b7ecadd8cc0ed7b75b77968d62a93aa9160ef160ea0bc1f30a7e35a72525f","256","256","71,73,81,82,89,93,94","71,73,81,82,89,93,94","True","tr-3589"
"train","3590","d66a93daa89462eb4ec9e175f69e298d704d5c7c7982e80769c51ae518f30d3b","512","340","47,66,70,77,84","47,66,70,77,84","True","tr-3590"
"train","3591","1467d19e36c947b19e4c173500cd10b7a641e4effed2d503dd407c456ffee191","498","512","9,47,70,85,93","9,47,70,85,93","True","tr-3591"
"train","3592","264b3f25622b8a2e8cc85dabed2bb23bf360f5ec482c66c81fb8213d8c522ea3","1654","1848","37,57,76","37,57,76","True","tr-3592"
"train","3593","c2a22d5642ebf73e225aefe5015786fe712cdc0d43aae2c04594d85d9d726944","410","307","9,28,58,89,92","9,28,58,89,92","True","tr-3593"
"train","3594","c8a85c999274eb3bd0a5f9311cfe099a8c148e2712c64ba46f1a7416c3ad1515","300","300","46,70,94,96","46,70,94,96","True","tr-3594"
"train","3595","834ba0f6315214332d11a163ee511f99a79385d9640306b9146f5f541416289d","512","384","38,41,65,73,84","38,41,65,73,84","True","tr-3595"
"train","3596","61b5d6005ce28b53dbc552a1f4eaad5dd2f9ebcd1f1ed0bc494835aaa1209fda","512","288","46,64,67","46,64,67","True","tr-3596"
"train","3597","afc33bcb88268680c6e9e3b0052b4411a569c53c8dce9b45bd561b3ba8861252","512","384","46,70,84","46,70,84","True","tr-3597"
"train","3598","f2cb6ac46df7973343004afd0e17a4d4656d38c0812633b36fb990a647ad862c","1552","2592","4,5,8,30,32","4,5,8,30,32","True","tr-3598"
"train","3599","b603b5f30ce9e5ecaa5fe594e47f58bb745ca8e6ee2df26c83918dfbc2fda39d","512","355","10,30","10,30","True","tr-3599"
"train","3600","cccd2751f71f2e04d4c53fe431abb064b8ef1b0817d11de46f6a33e37fe56d72","512","384","33,67,89","33,67,89","True","tr-3600"
"train","3601","dc2322c13273659a54f25a8bf7867337fa85b3a0ef670e18b3a3cb11a47220a4","512","449","8,25,30,32","8,25,30,32","True","tr-3601"
"train","3602","fa7da6ffe1642675797d0b167372e67907c079be3c1b31f7dd9b09275ed365bc","512","399","46,58","46,58","True","tr-3602"
"train","3603","4684dec5dd24ce0e31b86f17a42ca5c7c4b516abad3654558c9016d78686e192","512","384","8,48,59,66,73","8,48,59,66,73","True","tr-3603"
"train","3604","f9181e668caaab115ec014c18ba2d18db5eb1cc3bc997830b633e61528ad32e2","512","390","46,84,93","46,84,93","True","tr-3604"
"train","3605","1ac25f019c4b59304541f1522d4c26615c6808a621ae9e6faa0a0d68362337ff","512","384","56,59,70,73,96","56,59,70,73,96","True","tr-3605"
"train","3606","0ee621121a6dc7749e3ab60bb82058a143df12233168c9fe0341aa97739cb66f","1944","2592","37,48,70,72,84,96","37,48,70,72,84,96","True","tr-3606"
"train","3607","97bbcfec263805a1743d168ae0db5eaaaba7e70ac3b0a1a935e07e30441e640d","640","453","103","103","True","tr-3607"
"train","3608","9fe6a8c083594962460762ac5b50fe7ad91ec0968ceacd0629d86ffffe04274e","1920","2560","53,59,70","53,59,70","True","tr-3608"
"train","3609","10197d64247e60cae54c88a4c81640f914632cbd78b0efe7cc70beda0a9cc2bf","256","256","10,37","10,37","True","tr-3609"
"train","3610","bb1cf1d2ba77b792cc7440ee324d45ae511d28f0048caf08745e4146118aa645","512","384","52,63,73,77,80,96","52,63,73,77,80,96","True","tr-3610"
"train","3611","f59d88268498bfede51d3d8b9865cf16e791bba49b3042c15df797be2dcd0f52","2592","1944","24,49,58","24,49,58","True","tr-3611"
"train","3612","3c3430de27437b9a504453038ee6d4115687208a5455942bdbcf2b83751eee31","512","356","8,48,52,77,89","8,48,52,77,89","True","tr-3612"
"train","3613","ad9db8d6317ee61a91980047441ffc2ab6eb544f8840ec3812e35d1b5def5979","256","256","8,46,70,84,87","8,46,70,84,87","True","tr-3613"
"train","3614","1ea176e24e7fdcb2dff43bb62098ddd75c10f32c4ecfa43d0db68d593c1435e1","512","485","44,48,59","44,48,59","True","tr-3614"
"train","3615","98649e0c117ed8df38481c9f55b9931f7afb5573d66c6722068cfd2626b33432","410","252","10,33","10,33","True","tr-3615"
"train","3616","66dbcb3adecb6f90334c3d9df64c80b4a742ece968c9da0bd1c5fa9e211eb864","3264","2448","46,85,93,98","46,85,93,98","True","tr-3616"
"train","3617","760bdda6252f1bc5593bbd27b7330ea674aa9051547f4b2573dd56a029857828","537","400","8,32,58,89","8,32,58,89","True","tr-3617"
"train","3618","382aecb07410f2a55e1934eebad548fbedb5603452693c3d517e5e7bb00fa69a","512","312","46,58,59","46,58,59","True","tr-3618"
"train","3619","141398aec2ab96e4dd08e969d9e5e343151a9d43405c98b4f39914848e377243","600","450","49,93","49,93","True","tr-3619"
"train","3620","7546f85db215ab5b82077577143488aae1836c629549ddf0a9f4b2ef0b703857","512","375","58,73","58,73","True","tr-3620"
"train","3621","3f372f1dbace63262f2c75c1441bb0a18040c60d6fe149129f002d804820fc62","512","417","21,46,58,73,93,94","21,46,58,73,93,94","True","tr-3621"
"train","3622","f994b78704b1625d387d28a25b69894e5234422932126248c54f4c479a06776a","3264","2448","48,59,66","48,59,66","True","tr-3622"
"train","3623","08ea3ea269fa3cc375bb0f93dba806ea4cee67b20f3ab32ffd2406072c79b917","410","274","8,32,33","8,32,33","True","tr-3623"
"train","3624","2907cfa96dd5ec488afb1108c96a072f31de5a6e02fdcdfae1291e75d61c38b6","873","465","12,48,66,67,85","12,48,66,67,85","True","tr-3624"
"train","3625","0107d2ec7f22cbd00b0c0ab090938e393045d0872f2cd3afcea659fc78c2b7d9","512","311","48,66,84,95","48,66,84,95","True","tr-3625"
"train","3626","81bf525ce6cfa02b7ab391ec6ae63b806c7a22fbff9374b83ecd13c53e19bb8f","512","384","50,52,70,77","50,52,70,77","True","tr-3626"
"train","3627","9fac5713b626f5b4a9866e6f613efa3429acaf1313d786ce07ed0901f8574b99","400","400","5,8,14,30,32","5,8,14,30,32","True","tr-3627"
"train","3628","88cb6ed256daa9547ac79a87865e0d78cd7b1af515af41a42cdabd6746aa807a","512","359","48,59,70","48,59,70","True","tr-3628"
"train","3629","3fcb215c30b2979ca4a5b5bdacd858c27cefdc87d93d00815a5b7091848ad38a","640","428","8,10,31","8,10,31","True","tr-3629"
"train","3630","2ab9a64a01369bb5f306a9173c0eaad6ffea71328de3c3f2d13deadf84a84a2f","512","406","56,58,65","56,58,65","True","tr-3630"
"train","3631","76f079cdc42dd9809bb83453c26e77946c9f1d7eddaa1ee0087141fbd826e204","642","428","46,58,93,103","46,58,93,103","True","tr-3631"
"train","3632","d9f3906a38d9169a3ff412bb5efa77883c406707daa3725760f07838105ec208","4128","2322","48,59","48,59","True","tr-3632"
"train","3633","678053f9b0930d6c9efd89ef4eda17e4e485c5738eea2103c8952c0f4a500c5e","512","384","10,13","10,13","True","tr-3633"
"train","3634","a855216e06197072eba88b0285f4e006f758d8391668ccfe0d502e7867d1b5b6","512","384","24,49,58","24,49,58","True","tr-3634"
"train","3635","3f54c5938ef6f2877fd190c83033a6d965fff57d730c9637f4d3118bd397be37","256","256","3,24,58,80,87","3,24,58,80,87","True","tr-3635"
"train","3636","2b2c1a0d260189a34ccc22ac1e5499cabda1742db5c1a64de4bb96eb89a32ac0","410","273","37,56,65,96","37,56,65,96","True","tr-3636"
"train","3637","14b535b07bcf9f671af369c8feef560dc843261c1aee7ff3d23abf2f5c38ac3e","512","387","47,58,59,70","47,58,59,70","True","tr-696"
"train","3638","dc0fc56ea487549b9896b2f5281dbb19a32364490b1049a9a2e2b0ab66f5e3d8","256","256","47,65,71,73,87,94","47,65,71,73,87,94","True","tr-3638"
"train","3639","514bb21e9988d1dc837779d217409db59cc75b2bea1c134b12786aefd7b3379e","256","256","10,30,32","10,30,32","True","tr-3639"
"train","3640","2f3044be00bdd322df9c5160f9fcf78219e500b31713e92d12f51e22a7983716","2048","1365","69,94","69,94","True","tr-3640"
"train","3641","3b24ff22e70e7024bfb3118620b54c542dd9abe4226ea7a2bb89686de9fc9566","512","385","47,70,73,84,96","47,70,73,84,96","True","tr-3641"
"train","3642","bcf433e8767770e839dd3d962c31ce390ce0a2d08d8b3aecfa82c3ca5a313565","512","333","8,46,58,64,72,84,87,93","8,46,58,64,72,84,87,93","True","tr-3642"
"train","3643","5f71f66f20a919616a544a6d4b7c48b40cf20a8d714c1403ca3a889e8c30f983","2592","1944","24,49,52,58","24,49,52,58","True","tr-3643"
"train","3644","fea5f533d7cc32080d5a2adbd6367d508626996bdaecf91797dafc792d787c94","512","512","24,58","24,58","True","tr-3644"
"train","3645","1e798d9970a697929e264f0bb6d14a25a8fc054a1a3d103a4fd2f13402efd6d4","256","256","46,59,73,82,84,89,94","46,59,73,82,84,89,94","True","tr-3645"
"train","3646","f72b1e120fda4ab7dbb81284eaf1474f09c9c928f693cdf74cb86c27ef5ea1c6","512","384","46,52,58,93","46,52,58,93","True","tr-3646"
"train","3647","9d77022c41fa39fc6e354a79ca3a624b672713bba27e9a53f61f37ff3bd7b6cd","2560","1920","28,48,52","28,48,52","True","tr-3647"
"train","3648","52cfe1f29ad6b15ecbcdc9630a551da4dd4eed3ee14c1e84ba0fce71c79eca68","256","256","32,67","32,67","True","tr-3648"
"train","3649","0bd0b08b8fc0b6950f236e96f74d173ab84ebd18eadae5b82911283bdae4439b","512","384","47,70,87,89","47,70,87,89","True","tr-1322"
"train","3650","2452e54f335c6c4cbbf48f3208739121be3019d2ebaba953f1e8d98276c7f274","400","400","41,67","41,67","True","tr-3650"
"train","3651","332c169f411492ac4be2e70484f9f4bb4532f93c253bd65048298c8d0ab9273b","307","204","10,30","10,30","True","tr-3651"
"train","3652","b740ef875d4fb0a088187321dd6d9c07bbb594b3349afb253393241e1640f967","410","579","12,73,89","12,73,89","True","tr-3652"
"train","3653","0a3b9f0a06da2874ef43119e2fd52e9273d487fc0d34f5b7ef552bce4d15574a","512","406","8,14,55,58","8,14,55,58","True","tr-3653"
"train","3654","c640d13b858ab771b97619d1ca8012cd3e960f7f7599094e93b49f355d399e2b","512","397","70,89,93,103","70,89,93,103","True","tr-3654"
"train","3655","03e51b7dd0efa8eaba9b1ef8fcf3f21050cb377bdf395630a2c8e0a2a24f9713","512","384","52,58","52,58","True","tr-3655"
"train","3656","35dd93b8336f1e1ef0df494ab225c88bb7fc3d992beea2353b3e727e970306f1","700","467","37,56","37,56","True","tr-3656"
"train","3657","43b0ee5bc1ae3b1a5b95558c3a7c1d02f50fe0ae873c5c6ed97bd3c8ce9aee4a","512","384","46,66,87,93","46,66,87,93","True","tr-3657"
"train","3658","8f6db60cbb6db2817cfa73f85f48df034ebfc663a7b5d6a1986c2c9c1e8d3b43","256","256","48,59,70","48,59,70","True","tr-3658"
"train","3659","d978e199770ad2178d02b05907b13743a8d72aefd11727e2318ef29cdec5697a","410","302","5,35,52,81,83,84,89","5,35,52,81,83,84,89","True","tr-3659"
"train","3660","de8a9f624be4f91366237882f8b0d8f3c0436605371f578d320e33157783412a","500","375","8,54,66,82","8,54,66,82","True","tr-3660"
"train","3661","7a7826afa84d0607e6cf61be74baee7b68062ab2d688a41a41b3424f233782fc","640","480","47,73,80,87","47,73,80,87","True","tr-3661"
"train","3662","ad67cb2ca13b99b1945c5314c2be70afe21b6247fa211848b321b3552744fcc6","410","292","8,72,82,84,87,94","8,72,82,84,87,94","True","tr-3662"
"train","3663","0c86a349a4455a771b7cd02abe1639ee9d0bdb512390b329225be27f1c108b09","410","272","10,17,31","10,17,31","True","tr-3663"
"train","3664","03ee737b27561cf6f7e2a231c3b1c4f1944caf2b3b9aab4e32622be21b7c9e89","410","375","58,82","58,82","True","tr-3664"
"train","3665","96252812c06dc1fa8afd25b28d0b50a61ec74ef326f5626f2cbc41d14fbac559","642","428","8,10,13,17","8,10,13,17","True","tr-3665"
"train","3666","b91ede85d673cd2f81fb0389fbd2ac9062ebe397197414d85e31871376355f1f","256","256","58,73,80","58,73,80","True","tr-3666"
"train","3667","a62a611f779d026eeb9d4d2e887fd20af4766462fcc8d86d3ae2e28a7120c740","512","399","8,48,58,84,95","8,48,58,84,95","True","tr-3667"
"train","3668","105b9346d9ae61e13ff85f070b1a6babc866ca8485231b9f0c03090047d630b5","512","384","54,66,87","54,66,87","True","tr-3668"
"train","3669","dc8e9653361fda81286603d3034302b22a63f8092cf3ec4fc1c8c637d14b1bd3","512","384","51,67,87,95","51,67,87,95","True","tr-3669"
"train","3670","5594833058ef32ad6a325ed717fddc0b67376b87313306c245a8ed9bc4b9f6da","256","256","48,52,84,88","48,52,84,88","True","tr-3670"
"train","3671","a05cd854eec4df7c980f305c20a32963a4063c11a328613dc001f217d624c233","512","316","30,40,41,43,52","30,40,41,43,52","True","tr-3671"
"train","3672","d2e1318bd90d7a47860ad912f5cdfd782b8a8a11a421916597f492d90e84e0d2","256","256","46,52,58,67,73,80","46,52,58,67,73,80","True","tr-3672"
"train","3673","6c33ccecb232247a8e467a9c73ae08c4515377fc8cc9e833dab4c087ddf5a841","256","256","46,59,66,70,84","46,59,66,70,84","True","tr-3673"
"train","3674","6fdb6fa82cb155994b7235c7578320585499fb1850819d1b0b2f6a24812a4059","256","256","52,66,73,84","52,66,73,84","True","tr-3674"
"train","3675","f41f94e4ed3803dcdbba7ebaa8cf69690112439b17773309933e4986f8759d7a","1536","2048","48,93,96","48,93,96","True","tr-3675"
"train","3676","4ceab17832f8ce0a24d8cef90a2aa3bfbc75f35bea5870032d8215a0fee3f14e","256","256","5,8","5,8","True","tr-3676"
"train","3677","7d8c033f2c744491edc17d3df284f6fd8bcd0f903a9301e38ddfd3422bfd837c","512","382","3,58,73,82","3,58,73,82","True","tr-3677"
"train","3678","bdb9278694f0f2e8704a7dc537ac7bae93e342664c12a8db7089dc4a44ba7674","256","256","8,10,30","8,10,30","True","tr-3678"
"train","3679","6d3951f8288effa430aeb6c6232a1ffeea72f7c7a5e4e414086acfdd656df8ba","512","384","73,93","73,93","True","tr-3679"
"train","3680","85ee63bd9ccd596d1697f0aaa7cc8e58db94b528fde02bb14017ef5d09938004","534","356","4,8,10,13","4,8,10,13","True","tr-3680"
"train","3681","978351255fd2b535112e50b82cd198d911956931b114149530d718accef6dbd2","400","400","37,58","37,58","True","tr-3681"
"train","3682","6ea00244b3bd3df5097ef737aa571a7be941f5468864c102ef72f3c3f55683f3","256","256","10,30","10,30","True","tr-3682"
"train","3683","3d0e1ff02d70c930b9eacf98dd86c055709114a5c8a6929d0f13a6fc7ca6dd01","410","307","11,50,57,58,89","11,50,57,58,89","True","tr-3683"
"train","3684","8591494db2b47e82ba5e83e99429ef7d993def7262bb57bd147fd2af337b1035","512","385","47,70,84,96","47,70,84,96","True","tr-3684"
"train","3685","73e6f0e40396f1fe7aa92d8e50535645d749d4ababc31a690105dd0d924ad032","384","512","12,30","12,30","True","tr-3685"
"train","3686","98a96d05a9ddc5652328d8ddddb9aff04e3b2948c1493fd30c524e07ed5d931a","512","384","13,58","13,58","True","tr-3686"
"train","3687","f14ebb7d4277255d24e1ea816207d9e0644d596e0adeb3c2c14d2dae141df4df","256","256","25,30,41,52","25,30,41,52","True","tr-3687"
"train","3688","f5851c6d3ee4614559d9a83b1a5763b5448735da78517703cc001869ac7933b6","750","1000","10,25","10,25","True","tr-3688"
"train","3689","70a3d5c95f449fbdf3995e82bb6f559c01b80f4feeec7c65553633729cf23637","512","382","48,66","48,66","True","tr-3689"
"train","3690","6087f6e9d2c0f13296d2a21b71190e3025da1b00b2b1288ad4259d843f4e0d9e","512","384","47,70,91","47,70,91","True","tr-3690"
"train","3691","f066b9f8c343931fadca927e71a3358b0f019b6468a1d1f1a9eab01f31e867c5","512","397","44,54,77,84,85,89","44,54,77,84,85,89","True","tr-3691"
"train","3692","8faa62c9b785776c6b895c83eab00a59d565c7a7a84e03399775fa3304576b34","512","512","21,54,73,94","21,54,73,94","True","tr-3692"
"train","3693","4f88faac8ec6eb480b22494fba95826ee3646dbf3a4a3644858430d26673c07e","512","384","28,47,67,73,89","28,47,67,73,89","True","tr-3693"
"train","3694","2aa53433c833b7801dc22721341cd8916aeca1051c80eac02bcdf80ebe7d3407","256","256","3,46,59","3,46,59","True","tr-3694"
"train","3695","5f72f1ae6174407e98b1f34bfaa5bc6fc653bf4b6c03790f1a581f1988817e8b","512","384","52,73,76,84,88,94","52,73,76,84,88,94","True","tr-3695"
"train","3696","27979a8363c53b0cbf940363d26bbeaa1acd02d3fa034a32790ebc563f410da0","256","256","37,44,48,66,82,89","37,44,48,66,82,89","True","tr-3696"
"train","3697","9596213b6978f786f89ae434717dfdb9d4f49b56a7d5e289a6303d1a3df819d6","384","512","67,87","67,87","True","tr-3697"
"train","3698","02551985e1996b0fd3340a1f6504b02c600a6d6ea5abc49f0334ae6617ffbf68","640","480","46,59,70","46,59,70","True","tr-3698"
"train","3699","cb746d9fd19f18001211e4a90373ba21e15cadc2302bce2a6a34e5c030be88bc","512","384","58,73,82,84,85,88,94","58,73,82,84,85,88,94","True","tr-3699"
"train","3700","19e852d1570a60578359d5f8d702613f537e6671df45d4a73cc539d3becf96c7","512","384","9,49,58,73,80,82,94,101","9,49,58,73,80,82,94,101","True","tr-3700"
"train","3701","3cb05973b9eaeaec9dedbd282580cee99e9f2a3492326d24be1965175f1266b5","2592","1456","50,59,65","50,59,65","True","tr-3169"
"train","3702","d76ed128d3cfc6204a2844cc51136b7b68cb5e7ceca76b385a2f99146d592119","512","401","37,54,66,84","37,54,66,84","True","tr-3702"
"train","3703","ae14b83c5c3a16758c55bc360895cd460dc5be9d61915a86509b7bbc687e476f","400","400","25,41,58","25,41,58","True","tr-3703"
"train","3704","a2e076121fc14b6255612077316d05d10c3b3223287d12103ecffe7218d80439","2816","2112","8,10,32","8,10,32","True","tr-3704"
"train","3705","4ebbb6c7ee52c86ba5c4b8d48bfe8bb46cd4f4739a8bd34cd1a09681a9c3a8ef","512","363","14,73","14,73","True","tr-3705"
"train","3706","c0a0cca30d945967d5c4c320a08cc92dfc6b67a3c95d881a00d55f01d633b2c5","512","384","14,37","14,37","True","tr-3706"
"train","3707","f94c7face8858479c0089cb9ea60f84f3851e2ccba48344ae86fa09094f4a674","2560","1920","8,48,65,96","8,48,65,96","True","tr-3707"
"train","3708","6f0a2af4f9454213c2710cf18cac9480e7c2dd56dedf3d834c8af729e6c5b877","512","355","46,58,73,80,93","46,58,73,80,93","True","tr-3708"
"train","3709","991e2d39a3d84540f9ff0224a85bf223a1361ce2dcb84b0f43fbe502ad2522f7","512","384","8,52,61,73,90","8,52,61,73,90","True","tr-3709"
"train","3710","e12e01cb8e1820e27c26a53fd68644f68d0f067647a57ab6bab083e365134f88","819","819","52,62","52,62","True","tr-3710"
"train","3711","248194f727ba279205109d45f9a4d4d37089405bc0fcfab0841dcf4e7d8fa422","512","384","52,56,59,70","52,56,59,70","True","tr-3711"
"train","3712","7635bfab4f253267e833bcabbcf3ed7163747ffe78eedd2464615cd47bd11780","512","360","52,61,65,87","52,61,65,87","True","tr-3712"
"train","3713","9376324002ce564be216f75a101ff848538d4529bf02ddfd10a713f5dbf8b099","512","341","37,54,87","37,54,87","True","tr-3713"
"train","3714","cd95691fe36ae06684b62d5b112e0d78d5152c857b8a0f4a15640b3ed5b71b17","512","340","24,73,80,89","24,73,80,89","True","tr-3714"
"train","3715","35783c32a76f1b1fc63dbeb13aa8d4e6e6248a947d3f82177c0da83a2bd5c1ed","4128","2322","56,65,87","56,65,87","True","tr-3715"
"train","3716","0dff23062cfaf6eec4ac23ea00ca26f2415056d7b214c0083993d10b0cdeb542","256","256","48,66,70,96","48,66,70,96","True","tr-3716"
"train","3717","e9cd91d81ac6d463644b8e73e3cbb593652c8ac950aad67b02e2eb4d8f74cdcb","512","340","67,70,84,87","67,70,84,87","True","tr-3717"
"train","3718","acb955416b90266fdcb8fc6c346648c43dc5ab68035f59c427ac900e13ca6ca3","512","449","51,70,84,85,93,95,101","51,70,84,85,93,95,101","True","tr-3718"
"train","3719","0e721d0d516220823c69bde34c9be70cdbd19a621315a12516f0da94599ba483","512","384","48,70,84,89","48,70,84,89","True","tr-3719"
"train","3720","b62dc37473db326fe829053ccf48cc7cffe6e35f92bbb15e4a007de1d7f25aa2","256","256","52,70,96","52,70,96","True","tr-3720"
"train","3721","5e2e633e85daf887f8e550f9ad108268afa32d9a558f43fa973bf6d80c73c108","256","256","48,84,87,94,98","48,84,87,94,98","True","tr-3721"
"train","3722","48d7838a23a5e136da9ad6d03a46ff2520b107e60f84d0326a268a512cfb6cdc","1000","1333","48,52,73,87","48,52,73,87","True","tr-3722"
"train","3723","31192390bd6d2c95b49f6799aadef0692b4911d4213c3644e85e230690ea21bd","1800","1200","57,67","57,67","True","tr-3723"
"train","3724","ec380001336e151c782f08ee990504c4096347b727774046d81b9eefda25d384","256","256","48,70,87","48,70,87","True","tr-3724"
"train","3725","17de09264745d58551e3f3ea5462f70cbcd0cd952db875309d5df526f53335df","642","428","1,5,13,30,41","1,5,13,30,41","True","tr-3725"
"train","3726","9c6d21c3818ad2bbd198d0f40669fff10660cea73330b39c4a5b51b45d07ee09","2560","1920","5,28,58","5,28,58","True","tr-3726"
"train","3727","6cfcc8272ca50fb49fff2044a9e35495ad8ad543bf2341b0bb6186a363b9f7e8","360","480","5,13","5,13","True","tr-3727"
"train","3728","7f7f8cf5c3b50fbbf218291fec51e71b348ef60b339182111a19f370b57d7b05","512","384","8,73,84","8,73,84","True","tr-3728"
"train","3729","434f748eef96ef9ce44673fbbfcc8e716a901db723fd9a50fcae0f8a8bd3cd24","1000","1333","46,84,87","46,84,87","True","tr-3729"
"train","3730","47f9b116109ab85ac656eb1bc53dc5db73d4c582c1e7987e6689c22e4c1ddaf0","2048","1536","56,65,87","56,65,87","True","tr-3730"
"train","3731","4e404d121060f57208cfa6c252fa58a57135df198e8a2c8b9c05b40b3ccda5c1","256","256","48,73,85","48,73,85","True","tr-3731"
"train","3732","4ae6391d763f53e9921325de8fc3acddd1e8469be1699479e59c7b9a55e97e46","512","384","8,46,58,59","8,46,58,59","True","tr-3732"
"train","3733","2ed7334a079102505930de15c67e0a24a6881e90a46024b7a02978c7dffcdb0c","512","384","28,46,52,58,80,82,103","28,46,52,58,80,82,103","True","tr-3733"
"train","3734","9d05d8100b69609f9ead87fd8a6f5e4d2923dd2e95899dfd111ebd77cc308ea0","512","411","5,59,81","5,59,81","True","tr-3734"
"train","3735","2847c5a0c18b68c45b8c9d49f0e17ab7ce2f9e149da74e4b3f5cf17881bc8ac2","2048","1363","39,58","39,58","True","tr-3735"
"train","3736","6a9a7efd2e65f2b93b8d923aa2fafa0e961095860b73bca022dec3368c29ed3f","550","408","13,30,32,58,89","13,30,32,58,89","True","tr-3736"
"train","3737","23a791d51e61927f0af29a38b7203f8ef1d56f31b0029f88903c5267e47ba73c","512","384","54,66,87","54,66,87","True","tr-3737"
"train","3738","586185e694c9c91e1154e16d2687ae8d4474dd5d3270e330bcf5ce4614c36331","512","330","51,84,93,95","51,84,93,95","True","tr-3738"
"train","3739","f466aad57b3aee41757fa36cad9b4d140cc60692c00032e874019aed2a6ed1f5","512","384","41,52,73,80,82","41,52,73,80,82","True","tr-3739"
"train","3740","52b1b1fdd907a5dba7ed251c00292b968a6ef33d1182b4f48bdf9f5a773d832b","512","410","30,67","30,67","True","tr-3740"
"train","3741","7e0da3ca78db07dca6717a1366b92c6b5aeaac61b2dfd4b30b751b3427abeeca","500","750","24,46,66,82,92,93","24,46,66,82,92,93","True","tr-3741"
"train","3742","9679f65556334f4f55ee0f7e0b9650d91fc001cf52a5943242e6f6ae9d9fbe56","512","363","47,87","47,87","True","tr-3742"
"train","3743","0dec9fa7cfa767f180b547fd93c7b601cc090801fdc6d2704896d7733f3b4cdb","512","384","8,37,50,52","8,37,50,52","True","tr-3743"
"train","3744","eda881dad7ff917835c93c9c1fd7faa0ff39abae68325bed63e809a787ba2972","256","256","56,58,73,89","56,58,73,89","True","tr-3744"
"train","3745","0588bd2cf71de22faec937255f5459621d849279e16d73aada10f5aabe166922","1000","750","37,48,93","37,48,93","True","tr-3745"
"train","3746","cf07c8421dedb0750a1c487224928d375d3232269951ea39b4bee3cb70f358b5","512","384","57,80,82,84,94","57,80,82,84,94","True","tr-3746"
"train","3747","2f7b5abfe79d7efefdb35a4bea636ce6b6fa1fb1542b212d70389a70b0ea2fb9","512","301","25,67","25,67","True","tr-3747"
"train","3748","491760bcde37926e7cfba662a9c2dfea9db8321f30d3e527ceb97e78317b91ec","480","640","67,73,92,96","67,73,92,96","True","tr-3748"
"train","3749","1507f9d48d88b3717726adc1e8378e9a852ee1126960e658d90286df1b109c09","256","256","52,73,84,103","52,73,84,103","True","tr-3749"
"train","3750","944f5f152db4510c4a3df9f651e2393254d9f333085368c3999613e480ee31c1","512","472","24,44,52,54,84,88","24,44,52,54,84,88","True","tr-3750"
"train","3751","5ac16a0a7c762089723452e9a2e17ce085e2de4077f9dabc0c321d98f7b8b0a2","512","395","5,32,73,89,91","5,32,73,89,91","True","tr-3751"
"train","3752","9cc5551584db45cf6979b6986c315da0963e1b37cbfdc0b0ae2f165030070319","512","433","44,48,66,96,98","44,48,66,96,98","True","tr-3752"
"train","3753","122e9e9f668e793565b31b72b646a5b2aeb43756e292bff3763933485d0b40c6","512","340","8,54,70,84,89","8,54,70,84,89","True","tr-3753"
"train","3754","fb7c8de96e440166bb78a311867ff94866281ca9104d603c4487bca8365be31e","512","505","8,72,84,87,88,89","8,72,84,87,88,89","True","tr-3754"
"train","3755","5ec43f9e4ab6b964d1844e6d0bddcfc747d6cac86debfd096878c2a1d2003796","2592","1944","48,52,66,84,87","48,52,66,84,87","True","tr-3755"
"train","3756","80759dfec9bc02d3c6ea839434ee97b428bd18dc5890371d120309247f1b9acd","1280","800","11,46,70","11,46,70","True","tr-3756"
"train","3757","5ef44f7e5d6e72b1c2bf11c2516eba247067730cbddabacdc9677bc438bbf665","654","850","14,24,50,58,73","14,24,50,58,73","True","tr-3757"
"train","3758","947c8c9c790443377f873ad63ffab7bad6bb19116a1dcb9c40713fa4f5f07a7f","512","384","61,73,89","61,73,89","True","tr-3758"
"train","3759","813e25aacdfa33a5bd6f819cbafe66d73afb53eceeb07e30992cd8f4427551de","3264","2448","47,66,96","47,66,96","True","tr-3759"
"train","3760","5c5a00187d0eb59d2ab11d9bbc8797bbe76e2a64a7d39d097f6ac91888c6e900","512","360","8,24,49,67,76,89","8,24,49,67,76,89","True","tr-3760"
"train","3761","341fdbd9d2b01b59d1b513d4bed1c8710550abf153657a1a813a3cc7ea04328e","512","355","8,82,84,87","8,82,84,87","True","tr-3761"
"train","3762","a8e9248a285b3dc03bc0e89af5caf7f557688014b3920609992213f92e3ef8d9","512","383","50,52","50,52","True","tr-3762"
"train","3763","13e2986e975db79a1ab41728bc7aa253e8a72a8ada60b8e6796bd27aed04d45f","512","341","46,58,73,89,93","46,58,73,89,93","True","tr-3763"
"train","3764","64536175e32cbcfb05a93971d3ccd0c787e98d447601f788939e3b00aca43e67","1500","1000","5,9,13,24","5,9,13,24","True","tr-3764"
"train","3765","f46ee4b9c87b73be47636faac0c6e6251aa4271ea046bcae5e4639818bdd10a2","642","428","5,52,88","5,52,88","True","tr-3765"
"train","3766","c5003fae76af6aad3281a20e367a5900cf842bed5ac590cab9e55ca6b84c15d2","3264","2448","48,52,58,64,87","48,52,58,64,87","True","tr-3766"
"train","3767","498f449387531f050b8d68f493abe71fdf3a8199ad1eca8baa412d612db5cc7f","512","384","52,58","52,58","True","tr-3767"
"train","3768","0764608c565bbe32151e639a3e11c5340243bd04a1adc7039c9cacebf142ef74","320","320","8,10,81","8,10,81","True","tr-3768"
"train","3769","157c4d9c735f849b25e7047102c5541c5957d290e891c3f5ff1fc63245a90641","512","394","24,37,67,73","24,37,67,73","True","tr-3769"
"train","3770","c724b6ac23af4b458b8959a793ea15818abd376eeefeaa533d35721f5e05b969","512","382","3,5,8,84","3,5,8,84","True","tr-3770"
"train","3771","300adf855f5d40959a4bb1ecb2e5406f949448afdbd83d7f8be73c894e2a9b1b","256","256","47,66,87","47,66,87","True","tr-3771"
"train","3772","a3f2370746535a8a6e8e1fd47e8f16fe08115b121b4d5048b7d1fd427553cb98","512","504","37,67","37,67","True","tr-3772"
"train","3773","bfb587c3e4978ab8eff3ee7924b25cf6c1ed9fe996e324c7f6ce6f24f01b4e57","512","387","48,87","48,87","True","tr-3773"
"train","3774","3b87052be1260decf1e0af8a115e5e7ae4cacf64033cdade9895c16c0d74fd84","410","308","30,54,89","30,54,89","True","tr-3774"
"train","3775","78227d77875eb6a506840f123dba66d89396c7156e67d25d1be9b9eee0ddfa1d","512","402","31,32,57","31,32,57","True","tr-3775"
"train","3776","39c6cd77c657cc6d2f9da23ba742e09db0cb99657aa319f2c9f8c07e3ff904e5","512","367","47,66,84","47,66,84","True","tr-3776"
"train","3777","49ae63f66137770b224c82d61ac65065d5156b1f22c852fef14d1a5b36b0d13f","512","384","70,96,101","70,96,101","True","tr-3777"
"train","3778","412337cf68ba5443ad77cd0252dc546a91827b9a22b785d6e4fe30e0b81607bd","512","343","10,25,38","10,25,38","True","tr-3778"
"train","3779","8e047dc18559e797fa3a6cf3fad7a99eb0b93c7194530c07f6a2b8f5c7bcdf60","1000","1000","46,73,87","46,73,87","True","tr-3779"
"train","3780","157272c174a4c07586f617777b8e8bbd848a85d50b3e1e31a51d77680531fc8b","256","256","47,52,70,84","47,52,70,84","True","tr-3780"
"train","3781","27c482f2619c434b07cf6abdb434bb457e534f53e7e49e0423ea7a74bc8cb75b","512","372","3,5,8,25,30,38,41,44,52,58","3,5,8,25,30,38,41,44,52,58","True","tr-3781"
"train","3782","81fc0237c59d305bd747da07cec881d64e39b7362e18fb8d3bc0ecbda075ada9","512","384","54,73,82","54,73,82","True","tr-3782"
"train","3783","13e93add0c2f7bdf728cbf733322859b213521bfada0b86f2e9c7f40d0a024ed","512","384","47,65,95","47,65,95","True","tr-3783"
"train","3784","86cd3d32928816c27a0d9bcd9a26931dbbf552e7d0f30b411149ba3ba6d4c100","256","256","51,85","51,85","True","tr-3784"
"train","3785","265aa846398ecc4d9cdfe819f85968a18a46b60986a51aa0160804122cfa0a24","2560","1920","46,59,70,84,87,95","46,59,70,84,87,95","True","tr-3785"
"train","3786","37bb5f386538571820b8df29efe5dda06d2d2977aea37f27b094f8a32e30e3b1","512","371","37,48,71,89","37,48,71,89","True","tr-3786"
"train","3787","ba044422602a089b189088e9689364f04cd9d24071db28cbb70d5b68a08c20eb","512","342","46,66,84","46,66,84","True","tr-3787"
"train","3788","dc66388a52f643231c9ba605943bb0bfb4cf11741f70bedb603c5181fdcb4a72","256","256","4,8,31","4,8,31","True","tr-3788"
"train","3789","62fbdb0b9f65e861b97c290be7c93f3754c6aa0980c3a52a4deb59a6718b3226","512","384","4,8,10","4,8,10","True","tr-3789"
"train","3790","82e9e328dfd93a46e4c8c144ebc78a1260af666399b401a58f5fa21af62023a2","512","419","10,30,44","10,30,44","True","tr-3790"
"train","3791","5621ed6685028b3284de8fc83dc3b76e2069cd8bc4adfd6bd18e1d6eb4b8c664","642","428","8,10,31","8,10,31","True","tr-3791"
"train","3792","3e5e2331aca48bde4f7cfc73bf12f0481cf2c309fb8e98c2287777c7a4e2d326","512","383","48,66,87,93,94","48,66,87,93,94","True","tr-3792"
"train","3793","c2c1b07b963c4e228f561354ccb99ec05bdab4203e4d1651321c82e870852c6f","512","342","47,70,87,93","47,70,87,93","True","tr-3793"
"train","3794","f0a7be3d2c39fca0e6e184ef6e0ec934bf60810eaae59f7e32e9723b6e018169","512","384","57,73,93","57,73,93","True","tr-3794"
"train","3795","3ecb0df356151b3a61afe32ef69e77902c5d333841e06545abe3b8083aff1bb3","512","384","65,73","65,73","True","tr-3795"
"train","3796","5c46ebca184a2ce160a5a4d493350f9681caa2323a71cdbb82a9ecb9afe8c836","512","384","48,52,66,87","48,52,66,87","True","tr-3796"
"train","3797","ab975ba79e709567442d123db2a8ff8f95753cf1e0199540e863c6f838753145","642","428","52,58,103","52,58,103","True","tr-3797"
"train","3798","1225b66aba02e6ac79b854f8af149132be21cd6713f766a7fa9a51088f8b8365","512","384","48,52,58,59,80","48,52,58,59,80","True","tr-3798"
"train","3799","d5b45024690b5f2897709fdffafd976d3cd85460dd51a753969009c7d7ee1bbb","512","387","48,58,73,80","48,58,73,80","True","tr-3799"
"train","3800","43b10bfce76eae2bfcb74508cec518b644c2923728a89864b007626b7cad2b70","410","612","48,52","48,52","True","tr-3800"
"train","3801","f5fe0d92a6f14d08defd270c08c37ff61f52d564372a4752e363dd4a54a40a2f","512","370","37,46,66,87,93,98","37,46,66,87,93,98","True","tr-3801"
"train","3802","a3d688b992b02c0d363ad8c8b4b16f605f563ad36f919035e98a753779960ea3","512","365","30,34,50,67","30,34,50,67","True","tr-3802"
"train","3803","138f63999aec6d3980e4151e4b5d90471cfe23adb9c7f382855ef6ac79d6aea8","2048","1536","8,25,40,41","8,25,40,41","True","tr-3803"
"train","3804","ed1508bfee80f63413173ca9d74d42ac81dfd7a932ede056dbeba69e8ec6cb5d","512","372","46,59,70,89","46,59,70,89","True","tr-3804"
"train","3805","d39d27542fc55570e1231e318b90213c6d64af703d87c24b53803951e7bab693","4128","3096","5,48,65","5,48,65","True","tr-3805"
"train","3806","d7827a51b2e4d8ac3803de2f5b6773654619513f3989205741adbd6c636a64be","410","615","30,37,52,67","30,37,52,67","True","tr-3806"
"train","3807","72d6442165db157370c4e056a1dbb5684201910881944cc8876f27b758711848","1678","2982","21,48,50,64,87","21,48,50,64,87","True","tr-3807"
"train","3808","4dd55229d8ade0652826e9d994114f113e5ae28e2b72d4008a80a5b27f01f502","512","367","21,47,52,70,84","21,47,52,70,84","True","tr-3808"
"train","3809","bca84753bdd1fbf70739c4474ecd528997def8e3ce04b53cb9f7997d1f4641a5","512","341","50,52,64,85","50,52,64,85","True","tr-3809"
"train","3810","4edefc8d7d47a8b258296ea693b6f286d869493f55aa08af2374a6dab020e9b3","512","372","48,65,77","48,65,77","True","tr-3810"
"train","3811","ff42c2c59609f3216c12a1efd0839ab65ab506d31d6a42bb98a403022dd9dee4","512","384","48,70,95,101","48,70,95,101","True","tr-3811"
"train","3812","ce369be9c7b890cdf59efe29910fbd46c4752ecf07d571f965bfe469f4e6d3bf","640","428","57,58,72,73,94","57,58,72,73,94","True","tr-3812"
"train","3813","8d9873b108f2c97896ceb3a562062941ad7c87b4de870563a7ee40368d06c8c6","512","384","46,52","46,52","True","tr-3813"
"train","3814","f10741754d43d662f35ad46a79f6f6dabadf27d2a2fcb0e4c4fc003d15b0f922","256","256","12,29,30","12,29,30","True","tr-3814"
"train","3815","50c80b9a0a2f464fa9251e30675d1b3e28668f31f1dd3e7d5d1547c4f4a7b527","512","413","35,73,82,89","35,73,82,89","True","tr-3815"
"train","3816","fc7358bf6b7110c4c0cb7dd52fb9331c4f7254199f5064e7d818e6ad57770ffe","1600","800","46,52,58,70","46,52,58,70","True","tr-3816"
"train","3817","9f1afca5ac09b63ff65f909ae6e9c06166a1429f84fd0e79506fd840bb8f2dee","410","307","66,68,85","66,68,85","True","tr-3817"
"train","3818","b943c6c176dc6edf71ba4548d59f3506935765fdc2ebb8ca0cb9f33a86681f3f","640","428","10,13","10,13","True","tr-3818"
"train","3819","2891b38d530eab5560b5106cbf5e236f756d46d61612fe3ffe94aae0dd0acbc9","256","256","54,66,84,87","54,66,84,87","True","tr-3819"
"train","3820","f8fef817b18af89e7a2fde24bab7fdfffe5cadd22179beefd65a07d88a280261","512","337","46,59,70","46,59,70","True","tr-3820"
"train","3821","4a21c695c3c3e30fbca846dd79748a94b51bc8bb30734e345ea8fe262002c13a","512","342","35,50,73,82,94","35,50,73,82,94","True","tr-3821"
"train","3822","59ca8c8e33ac47611cbfe27f5e188f48160e413817a4471648ba28d851a28118","2913","2913","11,51,52,89,95","11,51,52,89,95","True","tr-3822"
"train","3823","d6ec2b1a472cf20daf7813034da1433fcd0b1eaf86435e019c329774bdc33823","512","384","44,49,67","44,49,67","True","tr-3823"
"train","3824","b9b31779e751f3e549eef359eff4659a48c43a92be7b1948a2242722c07f6ff3","256","256","48,66,87","48,66,87","True","tr-3824"
"train","3825","316221453224993ce87510d6b35901ac0d3e5d8981ae8eeb7069e8ef6dbe948c","512","384","58,64,84","58,64,84","True","tr-3825"
"train","3826","83847e92b48512c9b37f6be1c4198ace02bc3e83af1a4a929b70569dc92a678a","256","256","3,52,58,80","3,52,58,80","True","tr-3826"
"train","3827","b64904fd71981f1bc896f07906c284a31ff6f8a317ba6d4d6bf21a0960d3ceef","512","384","8,48,84","8,48,84","True","tr-3827"
"train","3828","ab7abd04304271b9bdc161d258addb5532fa97577b876cbddd2c3a4451ddddbf","410","273","9,58,84,87","9,58,84,87","True","tr-3828"
"train","3829","2239662558018201482ccc18ddd967e6e5e148acbefa7beca5a8073b64974f1d","256","256","21,37,54,58,66,80,84,89","21,37,54,58,66,80,84,89","True","tr-3829"
"train","3830","64d0c6842b096f3dbb638702d27f001d65eac432dd79ad37df512b2648b04ba6","1000","669","84,87,90","84,87,90","True","tr-3830"
"train","3831","840a1fefd14a00854e588c99c23bd51d7aca279a205bf2636c92d56ffe025b45","256","256","8,48,87","8,48,87","True","tr-3831"
"train","3832","e69e485efea1ad5cec539776ee5de4300647836dbb4b9bf881659d396094cf9f","256","256","47,59,67,91","47,59,67,91","True","tr-3832"
"train","3833","1979d44975c184c97955b49ef67a7b763b85d600e07670786ffe4124bd27a465","1944","2592","48,50,59,66","48,50,59,66","True","tr-3833"
"train","3834","650770b2d379042eb697c5c668047656bbbf50526ca980d89269784da73f1376","392","512","5,14,36","5,14,36","True","tr-3834"
"train","3835","7afd9e76880e4cfe4eb454d736f09cad86a27954c2e25f046cb0461474f55040","642","428","5,13","5,13","True","tr-3835"
"train","3836","fc922cc71dfeae0d515b31f04ee7db400f319d201a833ac9f262ea7b2eac1199","410","273","46,52,58,89","46,52,58,89","True","tr-3836"
"train","3837","ed7a3771b6dde2b5cdba45f759fda3181dfeea97c3d9fc14b7b0e64d3a3ada76","512","384","10,11,46,103","10,11,46,103","True","tr-3837"
"train","3838","38d5212920687f9a0e85a51d91a7dd83376cded80bc51166b82b261641cfa22b","410","307","37,48,58,59,80,93,103","37,48,58,59,80,93,103","True","tr-3838"
"train","3839","77291098446eba6e6fc3c1f83191b347bae5a10f7d3dec3348908c8fbe5dc7b4","512","352","48,59,70","48,59,70","True","tr-3839"
"train","3840","372e4f8d9966f7156e819aa192f5ce4376469e3cc13844646b4329e312ac67e9","1600","1200","46,52,82,84,89","46,52,82,84,89","True","tr-3840"
"train","3841","f8ac3dae1d449d96b18bbf90d74375af52ecb5edb2a450e05404fe073b7e6795","410","273","13,58","13,58","True","tr-3841"
"train","3842","f2d7ac2778ae2a45a38e18e50c503ff7ccc82044f6ab37cb17cdede4f7657538","493","512","8,30,58","8,30,58","True","tr-3842"
"train","3843","de81aff26e4eb97f600e46a0bb4c627f0763001b0d8b5ccd7f8a8187a1eee6e5","512","409","49,61,94","49,61,94","True","tr-3843"
"train","3844","5be848dafe970e9f56634dd63c94d9e77673c893af8e005780e10c8574b6f449","512","324","46,52,70,84","46,52,70,84","True","tr-3844"
"train","3845","65a3c857082578d3b2e4efc0293b139227d3a079c4cadf2389995ed460228c0a","256","256","54,73,87,94","54,73,87,94","True","tr-3845"
"train","3846","b28840bd86d446ed92e6a025450b0d87379f8375dfc80f3f696946f13df81331","3264","2448","48,70,84","48,70,84","True","tr-3846"
"train","3847","daadf5cc9edb87bd12ebf7b3e98062d11eb76396c5675c2a151ac14142e0f833","512","356","48,70,77,84","48,70,77,84","True","tr-3847"
"train","3848","8c171631e299f1f6f386b63028547228bfc70bad9c9143161148b0bbbc235270","512","413","47,70,84","47,70,84","True","tr-3848"
"train","3849","579a8d61192fe6c5a4792d9ebec0ba386f64054ec288e275e91ef1f444bc405f","512","385","37,48,70,84,87","37,48,70,84,87","True","tr-3849"
"train","3850","5a310d30f1cd1cbc2a1f125837735ee3c3f347db1c93c8eeb5daaa5156f1eb26","640","480","8,48,52,73,80","8,48,52,73,80","True","tr-3850"
"train","3851","aebdc248a0eb18bc034ac55fc4298c065862e8fd4b65fcecc24dfa2785788eca","256","256","8,37,54,59","8,37,54,59","True","tr-3851"
"train","3852","b15906963a8e10e7f1da2affe84e691e26f84762f6cb92869049daf85ab74fc9","512","384","12,41,42,44","12,41,42,44","True","tr-3852"
"train","3853","b55c9edcaabc35aa7c2580a224463e5e1e3a7614ff580a30162886a31952813d","512","340","48,66,76,84,88","48,66,76,84,88","True","tr-3853"
"train","3854","80a8f45c79cf48fccbd48b2b5ff37fd03c5e928c47b5510f36cb5a89a377d491","256","256","46,70,79","46,70,79","True","tr-3854"
"train","3855","4b7c8524bc32f388e65e3daa386bce4a2183e17b790b28cc1726660bd005976b","512","384","46,70,82","46,70,82","True","tr-3855"
"train","3856","50f27957f7c4c85b9aa2b7778a4ed752390e1f1de4212d4763cc111097bf0316","642","428","5,8,73,84,87,94,96","5,8,73,84,87,94,96","True","tr-3856"
"train","3857","e3ab356c6d2fa928d54e1625b2f9faf16b7e7cb1cd1e90228be465c61ea98634","512","434","48,70,84,85,101","48,70,84,85,101","True","tr-1627"
"train","3858","2f723aa6e255b6707bc8bc833a655b9f37dd574f1229ec9a2926cb8e1aea0bd0","410","272","47,59,73","47,59,73","True","tr-3858"
"train","3859","d1f0d949c969ea0bab47d5a97044a3f42f614de79e2516dd2fcae1da30d3a779","256","256","24,73,80","24,73,80","True","tr-3859"
"train","3860","3822b7d29d14bfb19cfaf68bef9e35d4cba9442c0638ae579ceac8c34ac75024","410","338","46,58,70,94","46,58,70,94","True","tr-3860"
"train","3861","06305754ace04d7e6bef2d97a6128e1c540bdd1b03fffaefaa11fba9fdf1d598","512","450","52,84","52,84","True","tr-3861"
"train","3862","d380a90f522f444d12323f2e337b4ab132207f6a26223c10de68a57640335f36","512","402","46,52,59,70","46,52,59,70","True","tr-3862"
"train","3863","8665bcc884178b87ac23a145da1d3569e138304efec9e437093194292c96397c","429","450","50,73,80","50,73,80","True","tr-3863"
"train","3864","a97327573c9af2aae656660150fa128489a7afbbcc711353049a02d8ab2d2f9e","512","403","11,13,44","11,13,44","True","tr-3864"
"train","3865","c98c23eee97921fd62d4a1bf6e6913bb083656f5cc1ed4d0f60de950c29cdacb","512","342","9,48,58,73,80","9,48,58,73,80","True","tr-3865"
"train","3866","6177aa19c87af5cb462a7883b526f2db223231e366892d31159e3db012a32d10","410","307","29,30,58","29,30,58","True","tr-3866"
"train","3867","f9cae3d65dcb71c53db9353357f83371691ce3fc6626c90f2a0c2650e9e6f94d","256","256","48,65,73,87","48,65,73,87","True","tr-3867"
"train","3868","3044c90d468263620323a1428f468fd19814c20179afdaa5f87a796518dd8a66","512","384","48,70,84,87","48,70,84,87","True","tr-3868"
"train","3869","2021f061bb089d98094baa2de7d259b1495d87e483a53b007e927ea25542e5cf","512","384","30,52","30,52","True","tr-3869"
"train","3870","c298e43f937dac4946e0176d50dc87671d8d9dfaa8354c2a1eea6a32fa2fc12c","2048","1365","37,48,59,67,94","37,48,59,67,94","True","tr-3870"
"train","3871","b86c800535f1f2cfaa6832045c2359b04d156256726969e20ee87a508838d46b","642","428","52,82,84,90","52,82,84,90","True","tr-3871"
"train","3872","8d7d1cdeb088c94919a7a2250a88dc43f1bf84439ef815e7cecf65badce8abb0","512","385","10,47,84,89","10,47,84,89","True","tr-3872"
"train","3873","83b9b0feccf59e030e4445a830f2a0e8b247c452998e3fed7032e3f5defee954","3264","2448","8,58,84,87","8,58,84,87","True","tr-3873"
"train","3874","41a75e458435d3933fad9ce9f59cac0db118785d3542682f51d4732b19d80681","424","401","8,10","8,10","True","tr-3874"
"train","3875","d3b1129c89a2bf2ece340a464ad7813540cefab0b0bd4b25a724c238cbdd27d8","2088","1955","18,24,58","18,24,58","True","tr-3875"
"train","3876","470292b8294724b448b2aca9c7c9daac5f0e7daa9b2be96c2817e1c8298314fd","2592","1552","24,52,58,59,70","24,52,58,59,70","True","tr-3876"
"train","3877","7df323fa6cbacd9251b46d7b0ea9f9c03f53cc647910ca2e4bc872a2627e05d2","512","384","24,48,67,70,73","24,48,67,70,73","True","tr-3877"
"train","3878","64920e1b51e853ea9b3faa5aa3b8d9ec0c99139405b7f2f6e06884a48465d8e9","512","384","82,84,88","82,84,88","True","tr-3878"
"train","3879","ff34b0932c22022f289d816cab0a47b2d2d3ca1d89f7dddb8e956b607cd10d04","512","384","46,52,84,87,96","46,52,84,87,96","True","tr-3879"
"train","3880","db904978124ae7294eaff10c360f3d1a15624bbc6653b6ddc7255ee1657ae801","256","256","46,59,94","46,59,94","True","tr-3880"
"train","3881","16b1b4e881d14347493c283a9a84d8299a7ef7d81069d511d2ad8cbb2e1220a5","512","382","46,70,84,88,91,93","46,70,84,88,91,93","True","tr-3881"
"train","3882","a51d02841d4302d3cfc35a0f6f97387f8c97f51d005a4da097d51fa017450d40","512","384","24,48,70,84,87,95","24,48,70,84,87,95","True","tr-3882"
"train","3883","e02eb4b0fa3106d25a4c56a8f473b4ece902012b79df2743c583392671a00919","512","384","47,70,71,72,84,101","47,70,71,72,84,101","True","tr-3883"
"train","3884","8727f4cbfb4e9831ae622c831831bfd424b510359978910f0081d21ce15e0a15","512","340","46,58,84,87","46,58,84,87","True","tr-3884"
"train","3885","b5db08a165cc28207665756faa6a9c91a63c64d03829a865b87bbb2ad573faec","512","367","49,52,70","49,52,70","True","tr-3885"
"train","3886","acdc0cb5cd4d855dbf590d1612c26bd59fb1dda396876b37371ce29ac9f35096","512","384","48,59,66","48,59,66","True","tr-3886"
"train","3887","a5725499020268814f341620c455d2c0840daeea628634ae8056187bed1d3692","642","428","10,13","10,13","True","tr-3887"
"train","3888","12dc678933f6dbda6bc67c326f5f5a9013eb7431a1e825c27cd1fb08012d2949","512","340","52,70,73,77,84","52,70,73,77,84","True","tr-3888"
"train","3889","5c86549e649b6a07da752cae63b3e60aaf19baef7a4dbcd397ecd008a2eafd34","3264","2448","29,48,52,67","29,48,52,67","True","tr-3889"
"train","3890","4fd5bd3d180865c10969c421299adff3ce271c22377d4cd03ca8705aa29d07bc","472","512","14,37,78","14,37,78","True","tr-3890"
"train","3891","d5ab2198b635f63ff017e0f9cc22b8c1af0487c08cd27b7b90ddbfbbb9f6439d","256","256","10,41","10,41","True","tr-3891"
"train","3892","ec869ebf517f8287fb8fea7138daa70254974a87fb5ca34cbca8a247d2e293f4","640","480","49,67","49,67","True","tr-3892"
"train","3893","f27aed5498fa6dcbfe6d077f3b58e34d6502d41ec680fd456d2d1b86ceaf218f","240","320","46,52,70,84,87","46,52,70,84,87","True","tr-3893"
"train","3894","62e48252339376240a75857bde79884067d53989818af5fe4a74f155c134f401","512","384","47,83","47,83","True","tr-3894"
"train","3895","021cdebb7d7939bc83e8292ece16496e7517b191ab988710149ed55d45d22a34","512","384","47,59,96,103","47,59,96,103","True","tr-3895"
"train","3896","5cd71a14e3771c5558cfc96a62dcb109155af4bbc95f02a0e49e37712eff4a40","512","387","9,46,47,58,70","9,46,47,58,70","True","tr-3896"
"train","3897","bb383d64af6aa2d6c59c3d8c718cfaa9529563de9dc18d6f83421d7dae45fdc0","640","480","46,70,95","46,70,95","True","tr-3897"
"train","3898","69e0ad0e750352f1df5be572b9bed9afcaa2f602802f2977a3d05f437f3f28cc","256","256","58,73,80,98","58,73,80,98","True","tr-3898"
"train","3899","2c894711057fadbbe5bfd8fc8bf6d8ae3b08314b50c4cd428de2f852f894e9e7","2048","1365","46,70,89","46,70,89","True","tr-3899"
"train","3900","717b5a6f49e3a7218c0e658fc372ac5e3d7d6d9fbc90d96a99c95246979c0c37","256","256","49,58","49,58","True","tr-3900"
"train","3901","342057adfc9d149eba35782ee28b4cc5922e129ddecbf382a6e6e8e09753086a","410","410","14,37","14,37","True","tr-3901"
"train","3902","daa528f1756027a4e2ed55791d3ea272d78e0cd1e3e29156424e71561880d86b","512","384","48,72,82","48,72,82","True","tr-3902"
"train","3903","6873230771a828dddc7e6aee162b73c8e23d8084707e609c7e8c51cf29a845fc","512","384","46,58,84,93,96","46,58,84,93,96","True","tr-3903"
"train","3904","8e256be9c98645c93f50c5f90b2cffaecdc4f38014027741672539045a4f9b12","512","384","8,37,54","8,37,54","True","tr-3904"
"train","3905","fc26c48758118f17ef7b317be736fb7dc8c3f011aaa549c9f19d537096221bc0","256","256","47,87","47,87","True","tr-3905"
"train","3906","a1713c752423a37bc5302340a105bafe59b075d560c90807bb87745838b512ae","256","256","46,70,96","46,70,96","True","tr-3906"
"train","3907","898181303e3d4743832406f480898a40606822be69f8ed9ce2d65891ea5aa4f7","384","512","59,84,89,94,103","59,84,89,94,103","True","tr-3907"
"train","3908","696906f5e8735f1716b27b166f70514d05b432a4f791dc9c4a94a3c594fadb8d","512","448","38,52","38,52","True","tr-3908"
"train","3909","f2e4befc499a6d989314e48e5ae73df40e0d28eb304b26d41478e58acda01521","512","384","67,73,80,85,89,94","67,73,80,85,89,94","True","tr-3909"
"train","3910","80a48b2e131a12959273d71c1a80a4464e434ec4399079f6eccd72dba94e44ff","512","369","37,58","37,58","True","tr-3910"
"train","3911","91e9970b2c0e09ff3ff4a3971d33439a4733658e67223ad1f97e5c665b5960e8","512","301","48,66,76","48,66,76","True","tr-3911"
"train","3912","5dfa8eea9e249cbd7a65d2c97b3c1978584a2ad25434c011367b10624c840187","512","384","67,73,76,89","67,73,76,89","True","tr-3912"
"train","3913","37f023e951d63a71253813f793d904b9890135e266b98bb3a99e6a489d93791c","3120","4160","44,50,52,58,73,80,81,94","44,50,52,58,73,80,81,94","True","tr-3913"
"train","3914","624d76c9eda341a9d93f741733e7cb6c874f32b1a241806c248160b6d820332d","256","256","52,58,87","52,58,87","True","tr-3914"
"train","3915","7b12da7f03b2f76d01bd7ae9f9d9fb5fb40834d49abe474831c910758fd10140","642","428","5,9,49,73,96","5,9,49,73,96","True","tr-3915"
"train","3916","4b0f8de14bd768a2a6d25e3f25a8ee777a6ef6291a07cf835cfb37a33162f142","550","366","51,59,84,85","51,59,84,85","True","tr-3916"
"train","3917","2736afdc2dad92bd56aeb75e712493f2e3a648ce694294b1b46b829ff20c8c0c","256","256","46,70,80,84,88,93","46,70,80,84,88,93","True","tr-3917"
"train","3918","8933bdba8a182112975831660ef03618045757f12c18a20fe504d3726e3cabec","384","512","21,50,58,66","21,50,58,66","True","tr-3918"
"train","3919","017df983dbd4a5165f970c8cf77199dbd9d21a13721602d0b0901d35162c012a","512","384","48,70,72,96","48,70,72,96","True","tr-3919"
"train","3920","578ac784a2f5c18fd231e619e45fda3828e4eb0d4f614533ee8d5dcbaece5fb8","512","384","46,65,87","46,65,87","True","tr-3920"
"train","3921","ee67967dd8727e12a2c0ded857c41f5a42859bbcd0f3df148ecd2a6dda044880","2592","1944","9,29,30,67","9,29,30,67","True","tr-3921"
"train","3922","803e7bd1a68fc2b5eec56eb7051cd3ce615e8d561feb516c6310a17ca86137a2","410","272","9,10,32","9,10,32","True","tr-3922"
"train","3923","100759e117dacd174a2554bc7a4708444450ee2f8b1dc4f1f74d11305c0d9067","2448","2448","5,49,54","5,49,54","True","tr-3923"
"train","3924","8892f39eabe09212604393f6be94070351c89e36a7192aa627453455d1f7b0f8","256","256","37,46,52,54,83,84,87","37,46,52,54,83,84,87","True","tr-3924"
"train","3925","f8598761d23ffec00950179fae073a6798f0798ccff8088a4ae948ad58ca2742","256","256","5,30,58,66","5,30,58,66","True","tr-3925"
"train","3926","b95a49f2ef6f294e8f8217cf1feebc92e1608bd964a2dca96969b21abf9e1992","991","1006","37,56,59,93","37,56,59,93","True","tr-3926"
"train","3927","79e7083a4231820323cde54925c96d075fee8ec83a4930e851176e7b044fe3db","3264","2448","9,24,37,47,73,89","9,24,37,47,73,89","True","tr-3927"
"train","3928","ea396ac4384532fe6b461f6ce1b4c680dcf11118cde395d071d8d2efd7a27a51","512","384","12,29,44","12,29,44","True","tr-3928"
"train","3929","101010df0cd5083de3437423f83128a31e3256a833508382ee12e0d1aeda8d65","642","428","5,8,58,73,82,84,87,88,94","5,8,58,73,82,84,87,88,94","True","tr-3929"
"train","3930","5604c0d310dd4e8123063aad2a91b163fad0963e78121ac357b05df65e449125","512","384","47,64,87","47,64,87","True","tr-3930"
"train","3931","540c6d5bbe31c3b78b41c19d082be989c8d5ffa6b0f5290ba760a32e0a3bf4d5","512","384","46,70,84","46,70,84","True","tr-3931"
"train","3932","5e5035dbbd6b0db9275360026daf578636fa46fa9253c2bc49c227254ef5349d","512","384","8,67,73,89","8,67,73,89","True","tr-3932"
"train","3933","c45c4578ae626c86ed8f39ff43d49b7dae2eb447c5b5f21669c78ec324be059f","256","256","47,87,103","47,87,103","True","tr-3933"
"train","3934","17e10277b553ccdee9c8d9a93d85f5b32e58749f807c4a25ca39129aa4812df7","512","378","48,70,95","48,70,95","True","tr-3934"
"train","3935","3cf33e5b312940088cf50d23fb10ef4e97f45a775ed4fc4e49e10fd679c2751d","640","428","8,30,32,33,42,58","8,30,32,33,42,58","True","tr-3935"
"train","3936","c132bd64f05f00850f3b0aa14209d98652473ce838512f7130c47f282e87ba0a","512","389","46,49,61,73,80,93","46,49,61,73,80,93","True","tr-3936"
"train","3937","4360f55808d1ec888c3e942e434fabe1726a4cb5d5b80ce4aa3561b3af0ddcf5","512","384","8,73,76,82,84,94,101","8,73,76,82,84,94,101","True","tr-3937"
"train","3938","ec97058e8337d83202ba6178f7f17ec75e0fdb7eb0ca81b0c2e3e9299c6f6b5e","512","384","10,29","10,29","True","tr-3938"
"train","3939","210bef4de3133dd2eb842ccdf5e15d3aef404a82584a42e7d08e0e878703927a","512","343","47,59,87","47,59,87","True","tr-3939"
"train","3940","742608d8dfa89f53ecb6fdc1dbd81827ad4d3dd81e2d82b40383330d64fa774c","512","384","48,66,84,87","48,66,84,87","True","tr-3940"
"train","3941","d058455bbf93247b3fb87d6613039b73367b49f460fb1d700ff7464f6d009866","512","358","44,48,76","44,48,76","True","tr-3941"
"train","3942","abee252dc0e7b815667f7eb6d68f50a23d85334201a96b739cd921793404db89","512","381","47,73,76,84,85,96","47,73,76,84,85,96","True","tr-3942"
"train","3943","9ee915ead517b86cfcaee7fd0768241a4e63f52a472aff9b6ec526c8f37832b2","3264","2448","48,70,87","48,70,87","True","tr-3943"
"train","3944","e387d0f786876c7e0523968797e7c82455a9ed2d865e085f2babb4bfebc23211","384","512","48,64,70,77","48,64,70,77","True","tr-3944"
"train","3945","ae3058eab52bcde91195838deb2dcd059419e9d4fb7df84b61c9ac66ab1203a0","410","232","46,66,84,96","46,66,84,96","True","tr-3945"
"train","3946","74fb705ceb0fe6f670a0d0eb9a94d54a0c7a7e2487bffc8c29e5d8bc1f93e9c1","512","384","46,73,77","46,73,77","True","tr-3946"
"train","3947","6178f3079e28438fc4ace2f84b7560e5c95e0b4129b73e27de932bb088415d42","512","382","46,52,59,70,103","46,52,59,70,103","True","tr-3947"
"train","3948","6442352fe4631177fef689bbed2a1826be8480b07e7ee291aa417c84d6446f35","512","392","50,52,58,66","50,52,58,66","True","tr-3948"
"train","3949","546f5a16ac68eed8f4a347120bdc17f85d6bf0ea7c0a656c289b0eddd0275495","256","256","54,70,72,84,87","54,70,72,84,87","True","tr-3949"
"train","3950","e77385b26d2d5092810ddc91ee7a87cd8c5c3684dea9f32f8486f44f51634caf","512","384","8,52,66,67,73,89,93","8,52,66,67,73,89,93","True","tr-2143"
"train","3951","7db47003a1a8cdbcc78108f12b9eea6cb2fff06064445cff63afd07b9e55a381","512","384","46,66,73,80,94","46,66,73,80,94","True","tr-3951"
"train","3952","4552642b7df667e217ad83f5c50fbd4e02a96a5f46cf66be1ed3b29edc5af9f8","512","340","24,48,84","24,48,84","True","tr-3952"
"train","3953","ba0ed2098f2596d9653104b5b293f9122154c73b44fd6b53d705b0ed2a20f11e","642","428","50,52","50,52","True","tr-3953"
"train","3954","ec7fa92139f70f9e16c944818746f6a2c63fa9b0d44d49c26961ee619c8b8d76","642","428","8,29,30,40","8,29,30,40","True","tr-86"
"train","3955","41dfc6197914c585598ce0a37761e83047131b6e7c09fc7202a3b30e2233b782","512","384","5,25","5,25","True","tr-3955"
"train","3956","e01d75ee8470fdeb480945d88c5c3eb8e7c609fe4d51d435976e8fc76b0dd4b2","400","400","8,13,58","8,13,58","True","tr-3956"
"train","3957","481950f240955bd276ecff04584abc887501f5f39d60861b6826988c085f389d","512","384","55,58","55,58","True","tr-3957"
"train","3958","e85ce3dd40fafb0de7840e78d3dfd9113035f4431782ca111e8c40b774332005","512","384","5,30","5,30","True","tr-3958"
"train","3959","58d1c4b2589c1be06502890f8ca3da0286c44402e4c527b18b2f707ca9bd39a7","2560","1920","48,89","48,89","True","tr-3959"
"train","3960","837bc2d5ffef2b42dddab3be6fcf1cffd2b643f99732f2ea21c7cb250da4e05e","512","385","46,58,73,91,93,103","46,58,73,91,93,103","True","tr-3960"
"train","3961","ef9b058047ac5d283a92db272d9fc202c854cbf98fc84379b31b9177e18e8907","256","256","48,59,70","48,59,70","True","tr-3961"
"train","3962","6b572c6ea68cc35f8eddb48243f1c4f254b2f319564a5b504a5bea040c2a88ae","1200","900","52,58,67,73,80,82","52,58,67,73,80,82","True","tr-3962"
"train","3963","f06a5601298b44136c2a6359734719ff62217b0d11feb0973dce55bdc6058f34","512","384","46,70,84","46,70,84","True","tr-1443"
"train","3964","e8c9e76838f709cef5aaf0f48366b26f830b771cd2b15d1b323036e27dd0e02c","512","408","37,61,70,84,96","37,61,70,84,96","True","tr-3964"
"train","3965","19620fd121f68f756802319feeb66a692d3ba747e41ad1bcaa542ba266165574","384","512","18,47,64","18,47,64","True","tr-3965"
"train","3966","86407e3b47d0b728c73080d9cd55ca6edba3cf5b8cfbca5088dc5875353b1b56","512","384","8,30,32","8,30,32","True","tr-3966"
"train","3967","6b87230c79f27f6899deab855aff9015835fbbc41e8f4e31ac855ec09b4c3719","3264","1952","47,64,84,87","47,64,84,87","True","tr-3967"
"train","3968","6a1256337d13038f20945a95cf631e1edd2400a844924b0e4392deb60a843f01","512","367","8,48,84,88","8,48,84,88","True","tr-3968"
"train","3969","27373e1b45b1a65455aa33fe205d3d259c0c0486910e5b6afe42eead0f0915a4","256","256","8,10,30","8,10,30","True","tr-3969"
"train","3970","3e10ab731f31822f3882084a9a00542368ac9538742386bb30a57cd20ea4de1a","410","296","10,32,37","10,32,37","True","tr-3970"
"train","3971","0f60905dec34116e1f1ae50351c62d3469705d572e0226d0531556a00d923eac","2444","2444","8,11,54,89,103","8,11,54,89,103","True","tr-3971"
"train","3972","81c7a349c42d5af85d0aba581ef2fca68c2e8561a6fc6e87857a22ee32726919","2048","1366","12,31","12,31","True","tr-3972"
"train","3973","be9b3bbabb767be56f2a9dc75ecb7bb724dfb15e33666463c8d7fa9376e7a771","512","384","10,30,32","10,30,32","True","tr-3973"
"train","3974","7f49072ae8be3b693fa61fde773c18a35118685f3d72926ad7f7a3444b7d2972","512","403","47,70,84","47,70,84","True","tr-3974"
"train","3975","66cd5901197e04d0e08796cd13bfb176d6808ba72707b075dee199deb09bf333","512","384","48,87","48,87","True","tr-3975"
"train","3976","e7b468086fcb2cbd5a129795b4f66d015e1cf34d55d74026ef59ea16851edc10","256","256","8,82,84,88,94","8,82,84,88,94","True","tr-3976"
"train","3977","d3b3a50ca4acdeb945c26b4d7279c75d11538918d3f9a35c50b5ad381731f085","512","384","10,17,30","10,17,30","True","tr-3977"
"train","3978","f5ae33d46d4147ca210183e402ddb016d3c73158a642f0510449e59ec7eb528c","1770","2140","44,52,66,67,80","44,52,66,67,80","True","tr-3978"
"train","3979","daa3e779aa58fb0517a7e8e00de165f5d20ad70d48b26644cceae766a95239fd","256","256","56,65,89","56,65,89","True","tr-3979"
"train","3980","9b6e1b172295ab77393698dac6c3909da3bd27bb0bc9c43571b04921f88c6cda","512","412","47,48,58,70,84,93,95","47,48,58,70,84,93,95","True","tr-3980"
"train","3981","dd27c3dcf43fc322ab0dd1845fb3dc977b38e39056ca70dee59067f56797f862","512","391","73,96","73,96","True","tr-3981"
"train","3982","5e09076608cb04b27d3aec7dac0462490f7d91f59bf436528dbd93841fb9d688","512","384","48,66,84","48,66,84","True","tr-3982"
"train","3983","9f362e6060c881283e3949ab656148d3af967c02f5666a679449b263b935fcc6","3264","2448","3,52,67","3,52,67","True","tr-3983"
"train","3984","83e6badd3503e3e28bc3fa53238c5290d2ba3b9f5b28215677ba8749246e79e1","512","384","8,10,30,42","8,10,30,42","True","tr-3984"
"train","3985","9f0cdf264f0a47b16f415fd389049772e64c9268897542f22405b3afc8c08f3d","642","428","5,8,41,49,84,90","5,8,41,49,84,90","True","tr-3985"
"train","3986","40a03d02ffb73fa5c020bf62639e7067e247889953628efb59bf26e4cea737c1","512","389","5,8,72,73,79,82,83,94","5,8,72,73,79,82,83,94","True","tr-3986"
"train","3987","74479e6d18c1d8aed9287933d8df061b634d7b31f1e6d71fd599a4f132710169","512","384","8,48,58,66,82,84","8,48,58,66,82,84","True","tr-3987"
"train","3988","3ba5e0dfd09aeed9020a219fe02acfcb4ce2c15557aac05f07fb92093feb7261","1936","2592","8,84,87,88","8,84,87,88","True","tr-3988"
"train","3989","c04a3f2fe6778141214ad3f4ba2e2f5cd3f4b185964d877e4685a1ea4319cac3","512","384","8,52,67,70","8,52,67,70","True","tr-3989"
"train","3990","18f1941b236d491ba325dd585f9cf0424680a676c4271b1d859620efebd79005","410","273","37,46,73,89","37,46,73,89","True","tr-3990"
"train","3991","0d17e39e6ba6ce6f84eaee43e285531a29417161685a3d08deae34aedc189d28","512","487","52,58,73,94","52,58,73,94","True","tr-3991"
"train","3992","ac8848c49e5b29068838682ac234b569d75f7720be7cd5030f68928c9326dd33","2048","1365","24,85","24,85","True","tr-3992"
"train","3993","2856e977a1ea2a1f1628d986f7dd13f4ff3744ac23a5d7ed358ab275ee62b594","512","407","3,52,73","3,52,73","True","tr-3993"
"train","3994","0dc3ca6c5615d41d0d7281a3b64dae42f1c05895f5b0ac52fd706fe7381c8849","512","472","56,66","56,66","True","tr-3994"
"train","3995","79bea86fee62543c7f9292b1a00e8f117b3d638610861dbae662cc1fb1b67f97","1000","750","58,73,80","58,73,80","True","tr-3995"
"train","3996","11505f4da8f749420a658534fb8d92895f9a87ff20d1083d10863a7b99cb3a05","256","256","3,52,58,80","3,52,58,80","True","tr-3996"
"train","3997","8848d7fc126eeff3e0feb49c74934220965de12aa9d82c83447a1f864d6c410b","512","384","48,59","48,59","True","tr-3997"
"train","3998","9a97ce908d60c72eaae604d1839340f3d2b4a0383fd0dffa68992a65230c21cc","410","273","41,57","41,57","True","tr-3998"
"train","3999","f6936096cb83db78bd38e1f5bc1e15b2801beb38c0502aca9d687ed8530e3710","410","273","24,28,50,54,58,73,80","24,28,50,54,58,73,80","True","tr-3999"
"train","4000","fbc0db43bbbc74b6a4d587bdd888a3fc7082a89c87237ca576df20c74d304813","512","384","47,65,96","47,65,96","True","tr-4000"
"train","4001","1d843b38e841a7d8526c033b1e0aa26a7364ad4402f972826af0273df68ae723","512","468","10,31","10,31","True","tr-1866"
"train","4002","706ae472ae1fcf4c92fd2703254e31b2c11597728141961f032f6d6d45c540d6","512","384","52,58,72,84,89,101","52,58,72,84,89,101","True","tr-4002"
"train","4003","89584b094d1c090791a00f00beb3c6e5201952edba5ca160e5cd159c29cf1fd9","512","359","52,72,73,83,84","52,72,73,83,84","True","tr-4003"
"train","4004","551763456ac8056264c9f464be2fc30fda9802324d772440db82d2a6449efb8e","256","256","10,31","10,31","True","tr-4004"
"train","4005","5f7f0d91afedbdf5614c49c3f7239e902cc18ade1125a1559a838f48eb60fe8b","409","512","8,46,58,73","8,46,58,73","True","tr-1003"
"train","4006","eb6389169be1f3bbbc36cd25c80f4b81b81b3d79116e62b56cf71c6bbe625d9c","512","384","21,46,70,77","21,46,70,77","True","tr-4006"
"train","4007","8b710f63ac8201bec649d9ba602160953b252de1dd83a6c2443e931e9fc081c6","512","384","67,70,84,85,89,91","67,70,84,85,89,91","True","tr-4007"
"train","4008","de923e9384bf81cd679f4c7db2af31f2c8c8665853a8c3789197f2f9bce4b1f8","410","284","29,30,58","29,30,58","True","tr-4008"
"train","4009","c6aa9e6b1e6a0a5b5bc0a77d2a340b61c0cf6604ea1687fca1a82de08b020706","512","512","47,70,96","47,70,96","True","tr-4009"
"train","4010","69d38a70bd6b967762c1ff1085d2eeec2cddc86e1ad9290d234f3eebfd996154","1280","800","37,52,66,67","37,52,66,67","True","tr-4010"
"train","4011","776d9197e44cecae6ecd0580f6f1f6c051e23f45ed339b2b61311d6405bcb8eb","512","384","64,67,94","64,67,94","True","tr-4011"
"train","4012","9a0c3d1ad222ddd7e51e1207a87d01b6dce99f98277112222a451d8c6a1bcacc","512","384","37,52,67,89","37,52,67,89","True","tr-4012"
"train","4013","eda68ad0e55e862b1dcadd2248e75aa37637cc5201ad6a764deb681e13b44d78","280","210","9,54,73,96","9,54,73,96","True","tr-4013"
"train","4014","e345a83f5131c6038147558daa8a3e188ff69beeb49e169b9024361dd74eb264","512","384","57,82,84,89","57,82,84,89","True","tr-4014"
"train","4015","a458b2edeb2a19b79ea82849010b943af4dc6d957c4f07f07af540a0babe1dc6","3264","2448","54,67,91","54,67,91","True","tr-4015"
"train","4016","592daa7f017c0e29f4be31cd98cf1fe21d83ec529bb4ce67648b8f919d1cd475","405","512","8,73,95","8,73,95","True","tr-4016"
"train","4017","0215b01a86e851108430d46f99d02fb3ce3fdcfc62662c4dd34a1da1396d5c44","512","384","8,46,59,70,87","8,46,59,70,87","True","tr-4017"
"train","4018","b595dd51499b079b7bd518bdddc0b12a9322024ce073d73d5e0dfc1f7738cdd0","512","384","48,52,70,84","48,52,70,84","True","tr-4018"
"train","4019","764dec3319419039d8c514cfb95ce9d1c6320f7bdd3e4e2c4be9a19baec63f7e","512","512","66,84,87,102","66,84,87,102","True","tr-4019"
"train","4020","538f61a90fc8ef41440cd1b915efef4b822e544fc3cffd37c218141c7025b6cb","534","356","54,72,87","54,72,87","True","tr-4020"
"train","4021","c2a5494f35ce13b874cf9405ce5d929995b306816fc11817ec203161b716d4a8","256","256","21,46,59","21,46,59","True","tr-4021"
"train","4022","9966b7f32439fc60bdfd99f5f732fb275124681315be097267511c285d26c227","512","384","9,25,41,49,65,73,84","9,25,41,49,65,73,84","True","tr-4022"
"train","4023","e91f06916768edd0777ffbb7bd2d320cb62b823799b069e85cd0cb39674d887e","512","384","50,67,84,87","50,67,84,87","True","tr-4023"
"train","4024","c0bcfb25ddf53e97d86aa844b5de0fa9929ee992f7e6ce8d203f2be7fa59b223","512","384","48,59,85,89,95","48,59,85,89,95","True","tr-4024"
"train","4025","7e2b864f87c163bb9dd78a36a9de975111b402548fc68c70a9cc489605f90a40","512","384","52,59,67,77,82,84","52,59,67,77,82,84","True","tr-4025"
"train","4026","e28b980fafd57bd3b704c82146634097b71efbc9efdd00dab856fdecb3cfdc6f","2160","3840","29,30,31","29,30,31","True","tr-4026"
"train","4027","2b77487cde95fd52953d51d8b05b787978cb1ac013e6194dc92c350cc22d9b86","410","341","52,58,73,80","52,58,73,80","True","tr-4027"
"train","4028","c09fc197391cef9dc2ea9dfc780495662c1ed3de74de8b8a789198e7d2bbe584","512","482","48,58,73,93,94","48,58,73,93,94","True","tr-4028"
"train","4029","8bcb2177829a9932ffa2a717e9d4810dbffd80c3d5c3430df8a40230fe9fbe6c","2259","2259","37,48,71,89","37,48,71,89","True","tr-4029"
"train","4030","bd78f140e859b135868f31cbf5ab78fdf174d6a91e817c873e5db9f64caf848c","256","256","8,11,61,84,88","8,11,61,84,88","True","tr-4030"
"train","4031","521dc11611b50b4b345c3cdc2a99859035f7789932c0f841ef814e343826caf5","770","770","48,64,73","48,64,73","True","tr-4031"
"train","4032","e407cfd03762d4c6ddd421e4187ab66ea6c8e3633bb8be8b74d1182afa689046","2448","2448","48,66,73","48,66,73","True","tr-4032"
"train","4033","3428c7e352d108e44780ab499695579c31d767de22b89d40eb94161a51862608","1403","1403","11,51,66,67,73,80,93","11,51,66,67,73,80,93","True","tr-4033"
"train","4034","b9bc3306523dd35cb482c93c97d89f771875897705f053b5cc89421b7e77f7db","512","343","30,32,33,58","30,32,33,58","True","tr-4034"
"train","4035","6f14878e985c7a24e79eb13242e9825c8b8a5195ba93d0c4152920353f831ece","256","256","30,37,58","30,37,58","True","tr-4035"
"train","4036","9054c3f43d95f948fdcb30adb30fc9561eb668533365c7e2de8c427f2f609f8d","512","376","58,61","58,61","True","tr-4036"
"train","4037","722c0e1556228380fe8814f65df13caedc9024014715984cc93ee89773412c8e","479","550","31,52,58","31,52,58","True","tr-4037"
"train","4038","3a92c005880747705a79b9128e142ca919966d74e1190e57736f64c2a883342d","256","256","3,52,94","3,52,94","True","tr-4038"
"train","4039","024387a0b0c6a6b2e610cc1f12f746da87d47e376c3076e2978ea7e1280ae45e","256","256","10,31","10,31","True","tr-4039"
"train","4040","63bc209aeaf930f3de4093561479d86ee209463c5167407f13894c4f332367a3","256","256","51,70,85","51,70,85","True","tr-4040"
"train","4041","75aee28cb9b0beac4fc0a575c16303e2b2e6ebdff878f257e7c4be00d9d8b72d","256","256","48,84,87","48,84,87","True","tr-4041"
"train","4042","86c32ca1561d9b342209628b89f33ae35b9b5eed3d3ccbb21941f90528f3c4d6","256","256","54,59,73","54,59,73","True","tr-4042"
"train","4043","baf16c0becab6f3fc9c129ae608ae3d34258510d1f5ca262f8836c27db23db1f","512","384","30,44,67","30,44,67","True","tr-4043"
"train","4044","195d0a752741ce0303153f03096a33345aa4d3dd9e9cdaff4e8844e576376642","512","384","47,66,80,89","47,66,80,89","True","tr-4044"
"train","4045","169a22f9ecf26add130559259acb9a0ab138e4fbc51b8e076adbf347729efd2d","3264","2448","48,59,87","48,59,87","True","tr-4045"
"train","4046","007e200fa068dad0de9ca5185656ca70921947c1e8a222739f48bb6de41aec44","512","411","47,59,73,80","47,59,73,80","True","tr-4046"
"train","4047","58205ced568ece8c2b1aa5918f8239c7c54c9c52d75570b8a9df91cea6f83802","512","374","46,48,52,58,73,80,89","46,48,52,58,73,80,89","True","tr-4047"
"train","4048","5303225e8b85130d5c00a16594b62cb50df6f0f81975add800c0d4116b371c1d","1280","800","57,58","57,58","True","tr-4048"
"train","4049","28f8e39d7f7ce98c0af6e485749c3307f24eeab82b53d14eb52fe581db2ee88e","256","256","3,52","3,52","True","tr-4049"
"train","4050","26a054c16f2a4ffb89df179122568065d672744e5e1598c5bc040da8c7123f70","3264","2448","50,52","50,52","True","tr-4050"
"train","4051","ebb623c7f1691634169cfa9a97c7963b5c193d8353e2798bd152c26ce425e561","2248","2248","11,46,52,58,73,82,93","11,46,52,58,73,82,93","True","tr-4051"
"train","4052","4266541ae70bd17dbe292b1002295d804469213c9f230fb7d562c4e864e2b199","350","240","10,30","10,30","True","tr-4052"
"train","4053","d1eddf50554c1d2c1906f29d8d89987f47a2d9ffc2cdd7d8301035ad8097b2ab","1000","750","47,68,76,84,89,99","47,68,76,84,89,99","True","tr-4053"
"train","4054","a6627d6c1a0ca0ed45502d92107f97b9e5736b6905e8e3d42383214c5bdc6c7c","512","384","52,65","52,65","True","tr-4054"
"train","4055","86a3cb4e6055c2f2f3bc76151f4e127fb1446fd209597af100c528540a8a7c45","512","384","41,58","41,58","True","tr-4055"
"train","4056","8836a4fdf2db1261e44fb93a7f09ad1076fb448914abacd880f3dd79a53a6782","512","409","24,47,66,73,81,89,93,94,103","24,47,66,73,81,89,93,94,103","True","tr-4056"
"train","4057","f73434dab845493ef8dd7db66d1e265c7b556ed46ef9866382e33303c807f6d4","512","384","41,50,65,73,103","41,50,65,73,103","True","tr-4057"
"train","4058","c30cd7a7caa6ca5056215b0720752bc4632a3a789b6aec934a484d96eb390993","512","385","46,87,103","46,87,103","True","tr-4058"
"train","4059","18451a7a8fee1dee311e76580cd045992a40212ba747ae2cb124ebc969501f4d","256","256","54,89,96","54,89,96","True","tr-4059"
"train","4060","5f009bfa018c7301b50036d15e5f5a1e91943710a65e2bc068a3370f1bc8b52d","512","379","3,46,52,58,73,80,82","3,46,52,58,73,80,82","True","tr-4060"
"train","4061","0d929adc234ce32dfda191787fecf5d0fc00abc8f3f3173bb7d491e466be4a34","2592","1944","48,64,87","48,64,87","True","tr-4061"
"train","4062","5c34db9b54dfe51e3e3dd2c1be9737a9ae4b019e1ba3bff1af057df114d727ae","2048","1445","31,44,83","31,44,83","True","tr-4062"
"train","4063","e9e0a1e492e82e3f509ba7d8f25eed4866c9e9acaa6c2cb719a921097b375230","256","256","24,46,59","24,46,59","True","tr-4063"
"train","4064","a6e7d337c2ef902243122f31fcc2a696c65eb697025e93889918615a32cba75e","448","512","48,70,76,84","48,70,76,84","True","tr-4064"
"train","4065","3fcf44b75813dbcc36ece753fa666c20eac88c61a4f3d62a2d2f0aa98219769a","635","635","48,91,93,96","48,91,93,96","True","tr-4065"
"train","4066","30016a0d22b4ff5e3b1ebdc9139ce42c485522b982d4b52b47e9eb3bf0282a54","410","410","8,46,52,70","8,46,52,70","True","tr-4066"
"train","4067","36d58457bdc681a98bc9ec9183129c34cb0a576b349dc5eefe1f2d7348dbcfa2","2448","3264","48,87,94","48,87,94","True","tr-4067"
"train","4068","54fba70c35a8f0a5728f0ec7389dd5d026e0d82b5f49c159ce68fb8ce656258e","512","408","24,58,73","24,58,73","True","tr-4068"
"train","4069","8d9a82e3eddb646d50a3d004e047546655312378b55400899da8b2b18fa13b52","512","340","9,48,72,84,85,87","9,48,72,84,85,87","True","tr-4069"
"train","4070","0e0fcbba778536e33e7fde75bb43ba2f82f902c4968cd1664b9694fab0326ffd","1090","1287","47,59","47,59","True","tr-4070"
"train","4071","da96867906980a234d77ddcf608514cd8a00cbcae05694fde1b49e7cd238fc4c","3095","3095","8,56,88","8,56,88","True","tr-4071"
"train","4072","f10327a01491a952584635be09c5cbfb09e7dab604d0d46dfa3b272987b687b8","410","273","5,10,31,37","5,10,31,37","True","tr-4072"
"train","4073","d40202761168c993663fda911990bb367b6ac9794cd4f8af12480f823e9985fc","256","256","4,10,30,32","4,10,30,32","True","tr-4073"
"train","4074","87d33e1e0aeac70ff845576e01062c0b3c25bbc1ba4acecb28da49a532a71408","400","400","5,16","5,16","True","tr-4074"
"train","4075","c6f35d40a080fbb2b4e7c36d7fd8419a621f7bb5f4643c0694b84b519ca37d8a","512","342","3,46,58,93","3,46,58,93","True","tr-4075"
"train","4076","228760e9e0427f88e7dc27f9f6402121b0fb4798562ab74b606c78bcb2ee9ed6","900","1200","32,40,89","32,40,89","True","tr-4076"
"train","4077","de9881389032c41a1962ebc1545c5330b374956d109ed18b7d6a851f4ddd8bc5","3264","1836","14,25,37,78,82,88,89","14,25,37,78,82,88,89","True","tr-4077"
"train","4078","6256f35b48f321d0d1d116f223aa0e6dc3f573f1327e9777123434f5b5432b84","512","428","47,73,80,84,89","47,73,80,84,89","True","tr-4078"
"train","4079","b51a98db1482a36fb3e2aa510ae410bc728e3ce79f0a8e0449be6cc752b069c5","512","384","8,61","8,61","True","tr-4079"
"train","4080","d5aa4a537bb7a9731f8f3694eda40875fdc7a910db23cd43dea65047169fca31","410","308","8,30,32","8,30,32","True","tr-4080"
"train","4081","ec871dd1be40c9fba79c45c4cc4b9eef7fc46149002ab616710c581f219fb03c","512","341","48,73,90","48,73,90","True","tr-4081"
"train","4082","e2c2c9591f31494e21c780e2584dddf0dd5c8783248850e4a30b0e47598ce7e5","512","384","46,70,77","46,70,77","True","tr-4082"
"train","4083","8931753f58198adeec87ee25dbcffd9be7601af45aeda70743cb13e6b69e691b","642","428","8,72,76,82,83,84,90,94","8,72,76,82,83,84,90,94","True","tr-4083"
"train","4084","89b615ff1141e1c47ad95c5a06ac04e015647acf7cb6f38438afd6088face9c9","512","384","24,47,58","24,47,58","True","tr-4084"
"train","4085","64e929416d833cb39067f8559ab838bd548d5147fb771e8391740b2aef7397c1","512","387","37,54,84,89,96","37,54,84,89,96","True","tr-4085"
"train","4086","fe46f4043a6eb60c197a34a793212ce2c9289b423431781551542f75bd4ff870","640","479","48,70,84","48,70,84","True","tr-4086"
"train","4087","85930dd02b78de8ffd5c35b012faa1295589d8d83f2842c459f7630abe71c8da","320","480","46,73,83,84,87,100","46,73,83,84,87,100","True","tr-4087"
"train","4088","7df02b54bf7f88cc0820e815ddf9194e473f56d4ba6f6964f59bbe0e8699a126","2592","1936","37,47,66,87","37,47,66,87","True","tr-4088"
"train","4089","d23c027d2a9cb6f6fc352b09a8b388840eef5b018cd54d95ea659e335216681f","256","256","8,47,66,67,103","8,47,66,67,103","True","tr-4089"
"train","4090","f077fb7fed81f0333cfc5d8881402943fce1cf2fae8422d4eaf62358a0033af2","512","341","58,67,73,80","58,67,73,80","True","tr-4090"
"train","4091","0837923da415b49317a7e055e46c7f8842c97fc29e87b11c3a6c7ea359613bfa","512","384","46,71,76,84,88,89,93","46,71,76,84,88,89,93","True","tr-4091"
"train","4092","88e925739e10b7b5b3a1a99c65823a893f835d0776333976fa2612177b0f0ec6","3264","2448","48,63,84","48,63,84","True","tr-4092"
"train","4093","4aafa1619880f6f9b18217ba79d80038b49d2388cfe01261ea5ee5cb23801b83","2592","1552","3,8,67","3,8,67","True","tr-4093"
"train","4094","bd519ac669555b2a6f83e95fd8fdbd364c4228b9e422a8c978d4f12608dbe530","400","300","70,73,96,100","70,73,96,100","True","tr-4094"
"train","4095","bfbf1273501aae354f712a76e5860492388977d1b190b16b894328e259d3ef3e","512","400","8,30,58","8,30,58","True","tr-4095"
"train","4096","f20eac3e22d8e08a1c19ffdd55ac8b20085c0202fd93bd79ed48f9937bbb8cf4","512","396","56,59,70","56,59,70","True","tr-4096"
"train","4097","760378541641c47da3c74cbe3cc851825ec80bfe6dcb2030ae54bd428a15615e","400","400","3,49,58,103","3,49,58,103","True","tr-4097"
"train","4098","a285a5d12611241957491dc3007aed2dc7c3339c196fb0f20c5b77366101e2c6","410","273","57,58","57,58","True","tr-4098"
"train","4099","1e130f1824374e2f537f5740a382962a30c7780f7c1904ecdeaf296b39b94252","512","428","47,65,73,94,96","47,65,73,94,96","True","tr-4099"
"train","4100","1327f1e6f04ccd468584d14047b7f8deed6574cff59924e05282cb95b25d2121","512","384","25,29,30,38,52","25,29,30,38,52","True","tr-4100"
"train","4101","c517ba53911bdf172b15ffa41ead75b2f7e8b27a707b08fe1dd946884eb2372e","512","384","11,30,37","11,30,37","True","tr-4101"
"train","4102","79792f2328335e60f7719776e5cae2c5c4fae0c8dda059be7eb91382958b333c","512","383","59,67,84,96","59,67,84,96","True","tr-4102"
"train","4103","4eaaa52f1f02abe815a8049299d8fee5dfff9521b5b44fbabbb61cf28209c20c","512","384","48,72,84,87,103","48,72,84,87,103","True","tr-4103"
"train","4104","eb239a85c28bbb39a1e380e9f0ad5925c466ba2358a9f4418425f6b0d9024725","512","403","9,48,49,52,82","9,48,49,52,82","True","tr-4104"
"train","4105","bd31dfd55d26ccffacd3fa0a6e1bf59b33ceeaba28236f56f2af1f091cf04bc4","512","342","47,58,70,93,95","47,58,70,93,95","True","tr-4105"
"train","4106","1e2f4a606cac3352b71f5cc3d843b124dc240684b4bd24fa0122126eb8a57335","256","256","8,48,52,58,87,88","8,48,52,58,87,88","True","tr-4106"
"train","4107","cf1e9bd868a835d3a19baa79f7c1a555fad0564e46ce40a65b80b6de64ac9a39","3264","1836","8,46,70,85","8,46,70,85","True","tr-4107"
"train","4108","d9a0baf0107f77edb0d311b1d19d903f080669373bc653f6dbf2f0f220653a0a","410","307","30,32,67","30,32,67","True","tr-4108"
"train","4109","f604da4217df3ecb06f33ce0868ac23f0d557c5b085637cb0ac34b393af0319a","1000","667","8,50,73,87","8,50,73,87","True","tr-4109"
"train","4110","d4c2deacd7304b964d4345e56abe7981d7b4fa990466897dcdfeccba375fbd7c","3120","4208","48,52,58,59,70","48,52,58,59,70","True","tr-4110"
"train","4111","4433956b8806f2dac70fbb7a53fa771eb5d93d544579d7d5c49726ae2bd8fd8f","256","256","8,73,89","8,73,89","True","tr-4111"
"train","4112","917f4ef485df34435cec69520155c092ec9261887b845dfbacaaea7de2603dcb","534","356","52,58","52,58","True","tr-4112"
"train","4113","0b88accfa4f8dcc30e84a94dc5f927293bc5151ecb4984a5b5a2bb11f73a9831","640","428","10,13","10,13","True","tr-4113"
"train","4114","cd38b1a9aa664d8a91c14a639d73542e9ea5bc7e07d4f2e76ce124bd0ab3c2dd","512","384","12,25,29,37,44","12,25,29,37,44","True","tr-4114"
"train","4115","729a8cfa9ff6c606d4df3d4d51a128670fdd3331015e0eb899c01638d206f169","512","384","37,47,65,80","37,47,65,80","True","tr-4115"
"train","4116","655b83f989784c905eeda4be331b9a05a193cc13a2af6c60850f3749d2f3b238","512","447","8,48,52,82","8,48,52,82","True","tr-4116"
"train","4117","ff396fb1bd1391c7950827b852a97e3d0af292f9f7e2e7be8df02adf7c97dd74","384","512","8,30,32,58","8,30,32,58","True","tr-4117"
"train","4118","f91b96b12475e03e3157d4d1aa5a4ddffe2a7577f0deaab465ed475a3df8ef2f","512","384","50,58,95","50,58,95","True","tr-4118"
"train","4119","e8ce04f5a258d7e80ff15287dbc7e8f660c45ef7e7992017adec8940a38c613c","256","256","5","5","True","tr-4119"
"train","4120","38aa7b1d68d91d2a8b48520559d3ceed5cd65f6d72ed45f8826b42af9517eddb","512","384","52,58,61","52,58,61","True","tr-4120"
"train","4121","78023fac4d8a156fbd5f23005ed35fe967bd60ad3e88a4c8f88904f2b7597749","512","346","29,58","29,58","True","tr-4121"
"train","4122","a59c743ff8e469963770d19d2da06d482e0715dde2ce3c0dd8531d620eedd2f0","512","341","48,73,89","48,73,89","True","tr-4122"
"train","4123","2025a7da77a3e07aeb41ee9079a5d328846c913545b15db59ea3becd6616aa71","3264","2448","32,47,52,58,93","32,47,52,58,93","True","tr-4123"
"train","4124","b796df41471dbad1078bc68ef6aaf03a496554c972bc9b216492cba4f6d33e5c","256","256","17,58","17,58","True","tr-4124"
"train","4125","41bbd1a68fa19f22160355a7da98f1f5cfb079d79f30a8252da31cc16a1d0525","256","256","28,43,89,94","28,43,89,94","True","tr-4125"
"train","4126","c3a7d0e9757e4ac5dafdc54e7b1f0b65e94932b42c93329fa16e57a6bff68095","256","256","46,70,84,96","46,70,84,96","True","tr-4126"
"train","4127","5e1f9f6174cc5e64d990c01b4e911f7ccc3a53b255e100ca7041d5cabb04e3d4","512","411","37,54,70,84,90,91","37,54,70,84,90,91","True","tr-2980"
"train","4128","e08df1ee18df84ba4863bedde18325ec3a31a960031186c9a8c948a31af86eff","256","256","9,52,70,95","9,52,70,95","True","tr-4128"
"train","4129","df6c389923218f67391e83e1a4414238b01b749195a2f3a3f12339a801944365","1517","1139","8,9,73,84,88,94","8,9,73,84,88,94","True","tr-4129"
"train","4130","6edd761585da515d3412c8142281d88a88cd26f83b9c8d9529ac81952905f4b8","640","428","9,24,32,47","9,24,32,47","True","tr-4130"
"train","4131","da6c475a174e611a5aa4b5d8860a6046230b626833fb2155b2c72cf5d5dd87bf","512","384","9,52,67","9,52,67","True","tr-4131"
"train","4132","472c8604155939988ce10ba0e49e1615510a7123dfd2b2664f9f1e863b49c5c6","512","384","10,46,59","10,46,59","True","tr-4132"
"train","4133","bac0c2a8bfd914575cbbf8508b4b898c54f06e7fb3a393bf0db2d5bfaebbe54e","512","412","48,65,82","48,65,82","True","tr-4133"
"train","4134","15e6166adea9301239936030c73c47eac172dc7c54020b32361207bc30af8e53","256","256","54,87","54,87","True","tr-4134"
"train","4135","f41e7eecaf61b1ff3bcd85dcef6fd083f99282fbc35bb9b214210e7c69857b13","3264","2448","52,58,73,96","52,58,73,96","True","tr-4135"
"train","4136","e4eed9f44419c56f236d35440c1ab68ff44757652b93ee4b53bcb703beb950a3","512","407","31,47,70,84,87","31,47,70,84,87","True","tr-4136"
"train","4137","bffa43f7619d0e96861719e00ca15e29196ccd87cab37d39936fedf890d2009a","459","512","5,8,37","5,8,37","True","tr-4137"
"train","4138","a64a632d8a8a9e5e93c7e6f32fd610962fecbcc02d30008e4c8668b92bf4f752","512","384","37,48,87","37,48,87","True","tr-4138"
"train","4139","93c427dbcdc1b8494dee6f128d25bba19589610b6faed4ee26fbd3000ca68443","256","256","48,70,87","48,70,87","True","tr-4139"
"train","4140","d144cacd32ba1dbbcaa182602044f9c9d7c87c6b91983c194cceaa62e4b5ea9c","512","384","8,10,33","8,10,33","True","tr-4140"
"train","4141","5bf755009bf5daac320502b69a0e8dc6fbc72f6833bad01ecde8af121eb326bf","512","384","24,29,67","24,29,67","True","tr-4141"
"train","4142","dade1fdf947c1d246cb19f99b8f1db6e30c766ecd1fe97b7afac09266ccb2f53","512","341","8,48,84","8,48,84","True","tr-4142"
"train","4143","3c3fc1d09503f6e3b20ca765bbee730ec9a7fe709832fce1bc0069d310ad5b4b","256","256","8,28,58","8,28,58","True","tr-4143"
"train","4144","b502aac141f537c2fe04fc193fabd5967ec27979e50376cce3a287d46cb7635f","307","204","14,37","14,37","True","tr-4144"
"train","4145","3079b2703ba05e7e23b63790948dd2c0460ddad78f16b361bd3a294fcdc7db06","512","384","37,67","37,67","True","tr-4145"
"train","4146","df78204b8ba0265e323885666a5164ea045c20dfa4ead63e427970c84a11bf78","256","256","8,30,44,67","8,30,44,67","True","tr-4146"
"train","4147","6d6e9b331af4bcb38cefa8c490a650b8f9cbb34fff304b9e6c06c73bf8ed132f","2448","2448","46,65,84,89","46,65,84,89","True","tr-4147"
"train","4148","f3b816d0150384e1fb9c110305652af3a14c53df54f6c1012baa63e22d6b394d","256","256","46,58,59,73,80,93","46,58,59,73,80,93","True","tr-4148"
"train","4149","e99c80f6e5d651702fd1ffdaf1be71aea832f81870bac39f8c0e029fc006d6d3","512","341","12,29,30","12,29,30","True","tr-4149"
"train","4150","b8f20d7bd05c69c9858cfb66be8cc689d1a1bf8be59d3a8e8d0651ca3c8c7e88","512","470","54,67,84,96","54,67,84,96","True","tr-4150"
"train","4151","1658a131478abfc6d6e7cf5e92c005bf43beb52b4cdcb44346a92bce76f28dc0","512","384","8,30","8,30","True","tr-4151"
"train","4152","5e36f909471b18854eba02667c5e32db1b2ef10588a11b098e94083fba546c21","512","343","14,37","14,37","True","tr-4152"
"train","4153","2244bb91b9e966fdbf9ff43793123e424bcca063b637a69d7ee3c82ad2f6724e","256","256","30,58,89","30,58,89","True","tr-4153"
"train","4154","5b62388fb43142fe489a5017855e40f378b866622807b06f49dc88a3d31c1d2b","256","256","48,65,101","48,65,101","True","tr-4154"
"train","4155","0bbc27cac5bf03a33801478574df96e5db0aafe282f2a2c3599408f02dc1d66c","512","384","9,52,67,73,94","9,52,67,73,94","True","tr-4155"
"train","4156","3a1a861ff2a80231238a02ba58f5d855972dd002de4b5a8b6510cef79e888bc2","256","256","8,48,87","8,48,87","True","tr-1410"
"train","4157","d2ef25c30e4a6b07c15dca37d5e5fb9d374460855ba7682a1ce2f696dc6f6285","256","256","52,63","52,63","True","tr-4157"
"train","4158","16a104b6060e0f4775c5761c5acca4472827a8dc0b33a820ad91ef557175ec7d","512","436","48,58,65,87,101","48,58,65,87,101","True","tr-4158"
"train","4159","c318e4f0d9199080e92db276be5cf1c854e9d3700decbc60506e52227a4ca10d","400","512","8,35,73,82,93,95","8,35,73,82,93,95","True","tr-4159"
"train","4160","1d05df4a64f3353b31668196c81cc4dfb912fe606aabd480e49c4836629db6f1","512","384","52,59,70,93","52,59,70,93","True","tr-4160"
"train","4161","600f4639c6727f8d957afb84589b79dc8bb471410f7b99b568a86a06f4338b4d","3264","2448","48,87,89","48,87,89","True","tr-4161"
"train","4162","ad3282e13a296b604836e57a07b145f8b998fcb56d80c1c464bbff0c76358e52","512","384","11,46,58,64,70,73,80,87,94","11,46,58,64,70,73,80,87,94","True","tr-4162"
"train","4163","677bc289d8cd9bf9b7934842a0a7c5dc066c59a8414b2c9896334d62d2e344b7","2592","1836","47,91,93","47,91,93","True","tr-4163"
"train","4164","16ed780e21c991329157ecd7e174b95eece6f41151cd4129149ca14be698461c","256","256","37,47,87","37,47,87","True","tr-4164"
"train","4165","234772f7e2098509365fc6908845dfabcc51ac30c8ef4ba6640555fd48a0f8d8","256","256","48,66,96","48,66,96","True","tr-4165"
"train","4166","62d0e63e76de5cee3095752047a836c7ffd7ad6e4f7e1d4ee8d4aa2986468758","256","256","8,28,67,103","8,28,67,103","True","tr-4166"
"train","4167","55d1686b5066c00d1fd37a59dd7a5afad8c7ed53aca8be977e3ed96f7d621e5b","512","384","49,67","49,67","True","tr-4167"
"train","4168","79564cfc42edcef46d141215270e59ca53c83e0354d05158d11dd1b727804474","512","384","46,70,96","46,70,96","True","tr-4168"
"train","4169","6b8bf558806532d173672a74f3bbef35094a39ae0c6fc153650cddc6f188c0cd","384","512","46,66,72,84,87","46,66,72,84,87","True","tr-4169"
"train","4170","b09b82544e8b8445e6a9c57d833abdd4f5f17b48a7cd386e4d10fdea951b1ab5","642","428","5,8,84,87,90,94","5,8,84,87,90,94","True","tr-257"
"train","4171","2974f8d1295c191b3e1af1cb344b3d0952f93a7dbf431cc6e4e624da8ea8da4c","454","512","8,25,29,30,40,44,58","8,25,29,30,40,44,58","True","tr-4171"
"train","4172","c1426c73ff28067735d042f113a6471b255c9883e729c3781cce62c1d73505e7","512","384","46,52,72,89","46,52,72,89","True","tr-4172"
"train","4173","a5c5d15b988a5af15fcb3611785f5d4172e6af748d1e0161a9d080ce9921961a","512","384","46,52,59,96","46,52,59,96","True","tr-4173"
"train","4174","c9d6ea4aea46fdbef49c56d16394ce83311583435df4be9cfa86f100f88f8035","256","256","58,81","58,81","True","tr-4174"
"train","4175","1d1a891e692e32ec966e4aac0a938913214a245617e9161ff194c398ae13ac25","512","427","37,56,65,87","37,56,65,87","True","tr-4175"
"train","4176","e2ec9e39a83bb1d7811570aeca52d7b8fbd436f38b1fa5a2d406bad679318d96","382","512","37,48,93","37,48,93","True","tr-4176"
"train","4177","872dd0f0afb56096b729ac8199ace55d6909245d824c824383707333f3b8c706","512","398","37,52","37,52","True","tr-4177"
"train","4178","790c12d009e9566fbc586a8df24451e03ce373c2feae37867b89f31aadb5cf45","512","384","30,61","30,61","True","tr-4178"
"train","4179","de8bd90df0d9c6615d2466c595a53ee8f993ec71c632e60c0af591eb7a4930d0","512","341","24,50,65","24,50,65","True","tr-4179"
"train","4180","6fc60a982e0d91eebd5cf3dd85d8dbd5c06a7b7bc770328db58fd3eb7dc8017d","2448","3264","8,29,30,32,50,58","8,29,30,32,50,58","True","tr-4180"
"train","4181","b3bd06fd4c1dc4a3f2921360806aee6aff153f8bbfcc7a94e4de2025a48b03fa","512","414","12,22,25,44,58","12,22,25,44,58","True","tr-4181"
"train","4182","f30a57ccfe2b73c9293e9df1723ec143df625504ecb98f708bb2d4d072aa2e50","2448","3264","48,67,87","48,67,87","True","tr-4182"
"train","4183","ddb535434f76b9021bf847ee4afca3e41da8340873d64f9668a97d3d46e540a3","410","380","11,37,48","11,37,48","True","tr-4183"
"train","4184","24a0a8f20a6760bdd97ffd6825fa5da5e6ac5d121a450787ffed74c3037676fc","1800","1605","8,46,70,73,80,89,93","8,46,70,73,80,89,93","True","tr-4184"
"train","4185","c2138894c5ad1b0beac5b2a0ab227d0703fb656f0a55e0f01dfe6c6ce16f7eb6","512","384","58,69,71,73,89,93,94,98","58,69,71,73,89,93,94,98","True","tr-4185"
"train","4186","869c65a2b5263fb8e5408c756c10bd7eaea7d3183db1f13fc23af4b33efc61cd","1248","1248","24,46,57,65,75,76,89","24,46,57,65,75,76,89","True","tr-4186"
"train","4187","4ad2b08ca43555b69bd72aa84e4d9f6d6bc4ebc9d048597f2dbba40d84ffef5b","480","640","52,58","52,58","True","tr-4187"
"train","4188","e856f3691d986cc6c885fd815bd5d59885361b2530ea689b096b6ba37a61b2b3","512","408","24,49,52,67","24,49,52,67","True","tr-4188"
"train","4189","4260787dfa8b43d1b86e4c4add84aaf9c6cd54b97523c425a7e0a73febfd569f","512","396","48,84","48,84","True","tr-4189"
"train","4190","719b90b3026030b50d8b1aec865c7eeb7ea6a191a4e3f43ef5eea21227c0d4da","256","256","48,66,72,82,84,87","48,66,72,82,84,87","True","tr-4190"
"train","4191","658452a515864ef5c82a46f439a739ddbc4a4a8c5b167222a5d840a3b14cdd0e","640","428","48,64,87","48,64,87","True","tr-4191"
"train","4192","ebbaf494c5891317c8c98ba95436b7cd8f099558875f21d7c0cdbcaa0b13bfb5","512","384","56,70,84,95","56,70,84,95","True","tr-4192"
"train","4193","9e0b102f94468c132e554171fa87ba5d7fd286e8676e79b11d26bd97a9ad5aaa","512","384","8,70,84,93,94","8,70,84,93,94","True","tr-4193"
"train","4194","0e2056611238691104ae6fe76f549e2701c028d1f781c8e0a265a514b0d4d873","512","384","13,14,24,48,58,93","13,14,24,48,58,93","True","tr-2251"
"train","4195","dd8005cd7d50c4fd8308aeb9cc4d756f3e5bb88d32fa3f284d004af18cf7c713","512","384","9,11,46,52,68,76,88,89,92,93,101","9,11,46,52,68,76,88,89,92,93,101","True","tr-4195"
"train","4196","42d5170a2ae1447199c03964ef1003f7be8477b300127ba7fd3539097517462a","512","452","37,54,70,84,96","37,54,70,84,96","True","tr-4196"
"train","4197","26a16a4c7d3053880fa93f9ceb958b8cb689b5b3df70d639c23f1f91fa564172","1080","720","5,8","5,8","True","tr-4197"
"train","4198","4a81b2fbab6f23a70d91542f0e4890e2ce76ca61e9e5e2337dc7d034fb7db401","512","384","37,54,70,73,94","37,54,70,73,94","True","tr-4198"
"train","4199","0ea4dfaa25920aebc0ea7d1894632751f6c498d84e6a20e176fcfb1a0be97a58","512","340","48,66,84","48,66,84","True","tr-4199"
"train","4200","723d67ef66793f439555b4578a6b92b4fd0c5f231dafc239465dd6d653431fb0","512","341","73,96","73,96","True","tr-4200"
"train","4201","8394653af00883dfe6afd105618035bdfdaf5bbd946ec631a012a8a3f59b263b","512","384","37,58,73,80,82","37,58,73,80,82","True","tr-4201"
"train","4202","ec3445470f968ed727e2cf81936957ea2faa4c856131624f148dc6c1efd6365d","512","471","48,70,84","48,70,84","True","tr-4202"
"train","4203","9255f79cad07313c9c91f9431adc8b2aec0172c8c59269c335dbffffd080fd2f","512","384","48,59,70,101","48,59,70,101","True","tr-4203"
"train","4204","97c8a2d06fddf1d6cf429ff9dec9117fa04abc7c2c514e4788217e94f01d5721","3264","2448","48,66,84","48,66,84","True","tr-4204"
"train","4205","7caa6a9c8814da8ea050d658bec4ddcbc4958fd58e520e3aeced3109bb1d883a","256","256","24,48,70,87","24,48,70,87","True","tr-4205"
"train","4206","9bab6a69c9e30ac9235038084f5f1bdbd5f99312b2d3ecb1f84a41c851aa48c1","256","256","46,58,80","46,58,80","True","tr-4206"
"train","4207","9c2dff7841c751d5e388550aa15b0327c91aa2d59fcf0f89459f80826fea47d5","256","256","51,52","51,52","True","tr-4207"
"train","4208","9a3535af38ce601ed19e7cd49866b453faf7f75b3f3da85bab3a37a28f3bced6","512","384","10,31","10,31","True","tr-4208"
"train","4209","ba7a079f0bc7ee163afa42f101f2cab486c8c34e8edad580790cad07cbe3e808","256","256","8,10,30","8,10,30","True","tr-4209"
"train","4210","f21af72d23dec685f81d694b600ae90e5c9885bb438dba68784ab857824c3061","256","256","14,30","14,30","True","tr-4210"
"train","4211","6300aeea0e2fa5b482781b7dfbaa3b7edecd85fff0a2b12935d8ea4994092646","384","512","4,10,29","4,10,29","True","tr-4211"
"train","4212","b87fe58770d1398bb75cf1d5a1b84d66a137b3557cd7867612151946ef73ebef","5312","2988","28,46,58,73,80,91","28,46,58,73,80,91","True","tr-4212"
"train","4213","8b52aeaa32c6c4bce686c1037aa976045b3e24f9b2c8bcc570180c58da194df2","410","273","11,46,58,103","11,46,58,103","True","tr-4213"
"train","4214","e82e9f2366554913544c201b24f0f24e495de33759d2bffa695e67aaf2a0b705","300","300","5,8,73,84,88,94,96","5,8,73,84,88,94,96","True","tr-4214"
"train","4215","17b3dae5ab3b25118feb8b2e183f835a5e1d14b9009fbe0226b6d94ba3cde07b","512","342","52,63","52,63","True","tr-4215"
"train","4216","7011d09b8d866a8a289d055acec2f50f71c2eb0eea17f907ae12df4c9cc0c642","256","256","8,10","8,10","True","tr-4216"
"train","4217","6871d4030583f12709e2e6b1cc2359e7ef14734aa1d802560e773e24a83408d2","382","512","47,58","47,58","True","tr-4217"
"train","4218","3ed34c152b135f63ce6f2116c0969d7e56f50b36c2416be818cd04fe1aa6f99c","512","374","64,73,89","64,73,89","True","tr-4218"
"train","4219","fcfaabcb36b461dcabb0aa4ee1230d529eadc0cecf368b5f3bc7724896d09da2","512","384","8,40","8,40","True","tr-4219"
"train","4220","328e27d4329dc35d0097e6bd2fa19b305a2fe1e4a48209263efce644247cc079","436","512","25,73","25,73","True","tr-4220"
"train","4221","e33d246b97f8c530e7b8c116e29bf5f2232808aed6b1cd3627079e71b781fd2d","3264","2448","8,48,70,96","8,48,70,96","True","tr-4221"
"train","4222","3292f62efb8d4ebc0e848d5958af130fbc7b8f47415853343c755d9e5da867db","256","256","46,70,80,84","46,70,80,84","True","tr-4222"
"train","4223","d75fa881d8218138717b01a5dfa0b8bc76e513091a2fee9f9e469ddc7105bade","512","382","44,48,66","44,48,66","True","tr-4223"
"train","4224","8291a28b0f53f97d60475e1e03a5e2cf6a7786feef23f926c5888ac8bb39af7e","512","384","61,87","61,87","True","tr-4224"
"train","4225","c542f4daed77a2d0b922c654f0dd84667b197518c74d455d2b8704a0f041b24a","512","422","24,48,66,82,93,95","24,48,66,82,93,95","True","tr-4225"
"train","4226","1db44fd3661ee22cbf813d47eec1aae8d3c78edb43810a9614d6341347aaaca5","512","437","3,46,58","3,46,58","True","tr-4226"
"train","4227","52a113c65fe436aaceb0ceb9d212149f7818cc58d5333147e0bbd0f7a403bc5e","512","416","24,80,84,93,103","24,80,84,93,103","True","tr-4227"
"train","4228","4779ca6e24cbe5ac47d2e6de48d4ec1c7dd6380ef2782d52f7e07c37b565f674","410","265","48,66,84,87","48,66,84,87","True","tr-4228"
"train","4229","638132a5ccd6072a08f013f5450181a45fb0b0d927d683dc00721e2b78c5cd58","4128","2322","48,65,84,87","48,65,84,87","True","tr-4229"
"train","4230","7e9a329aa6ac6400d71d456269aaf25ba4697ad9f4c66d9751d0224f71d6ab75","410","307","46,58,70,84,93","46,58,70,84,93","True","tr-4230"
"train","4231","fa527431e4021309dd47c9a503398fa97cc73056209a97db441d73ac6b00f5c6","512","347","58,70,93,95","58,70,93,95","True","tr-4231"
"train","4232","c0560157ce037267f1908017dd1dc3c52ee20eaa5ff770d560d768e9926ed539","499","512","8,29,38,41","8,29,38,41","True","tr-4232"
"train","4233","30c8aa361d4e4fd73994371c6548c510ac727c31da1ead1a03d01ec65873902d","550","378","57,71,81,93","57,71,81,93","True","tr-4233"
"train","4234","2e0b32d8dad0e878f57e2f4b526df0ec00ead5f131159adb155d264678d65ca3","2048","1365","37,58,101","37,58,101","True","tr-4234"
"train","4235","8fc9d42be354153548c6422ed3232e3f0853b0fff73f427773d44ad3935c0839","2046","2046","11,46,65","11,46,65","True","tr-4235"
"train","4236","67dddbe318873fc09855cc3a40f8349399942a884221e0bd5f196e8a3222299a","512","384","52,62","52,62","True","tr-4236"
"train","4237","8f0f01c5e50e422baf2d30c009400bdae07fce6c97e41c8a5133eecf48450cbf","512","383","46,50,58,80,96","46,50,58,80,96","True","tr-4237"
"train","4238","ee06ea0ea4563db512ccf5ad077d3eceb5f21b1fd9fbc5bfd32e869d8190e420","329","350","3,8,46","3,8,46","True","tr-4238"
"train","4239","557dfd1abfdee5ab0f2299e563f2f8330bc07f9156586d31196eadeb266ef733","512","338","10,25","10,25","True","tr-4239"
"train","4240","ad73da1548c13c38c88b7ce15f024c0e87fe653742fc501cb97f0ef5545d8518","420","560","4,10,30","4,10,30","True","tr-4240"
"train","4241","7eb5180ecdb950324eb7edf667d6bb30d859c3a8f11ecee517fd71511da020ce","410","273","61,73,89","61,73,89","True","tr-4241"
"train","4242","1671811223e3dd58eced7f64257b0b49e25c9078ebe375ee179fb6e8b5034a9a","256","256","46,70,95","46,70,95","True","tr-4242"
"train","4243","357db551b1fb19579228e2538bc072cf57d310cf38fa64c5161d1c4912811635","300","225","65,73,80","65,73,80","True","tr-4243"
"train","4244","6e4526c9d55a13ee5a40d49085b94155b5d6f8909f4a2c6aa0036b9cd9f15b3d","512","384","46,70,87","46,70,87","True","tr-4244"
"train","4245","7720f0b3d32eabc65b59f67d70614bdf87bfc948fd25cd88ce88fae92c929d9e","2400","2400","70,82,83","70,82,83","True","tr-4245"
"train","4246","269df00ffc50a33c8445276d3c9460e55d68c73d13b8b84696ef4d6e19017953","512","384","46,66,84,87","46,66,84,87","True","tr-4246"
"train","4247","caa2e0e97d16e647b5db453bd7053ed60593dab028cccbf595db50b22d6b3fbe","512","384","24,49,70,93","24,49,70,93","True","tr-4247"
"train","4248","b276a0bc05bff70685a1e478f645d377ebc610f27f77f458b20eed7b99d4234f","512","384","37,47,70,73,82,89","37,47,70,73,82,89","True","tr-4248"
"train","4249","80fe5da8347079576875c4931ae117517fe195e8945d31b63e3fcbc6d54b9a6e","256","256","10,29","10,29","True","tr-4249"
"train","4250","24f68de14ce1851ae0cbb4d895074f59802be4c45e3f732943c48a360f74d879","512","477","48,70,84,96","48,70,84,96","True","tr-4250"
"train","4251","b6e32e741f5976469a101060dba2fdc9f7019f0e1f2fcaa28b3b56e0d1bb8d56","2560","1920","21,48,70,77","21,48,70,77","True","tr-4251"
"train","4252","d7303e86f0b626107bf3d4a627953d7169b6d80eda9903f6e7ea6aff15c49f0c","512","380","44,54,59,67","44,54,59,67","True","tr-4252"
"train","4253","558b27d10a1f03cb92b4fb5c70b98ec161d0482e0be45e8e4c3db783c517e0e9","2322","4128","48,70,87,103","48,70,87,103","True","tr-4253"
"train","4254","9a7996a54a584fe7f549135a56c182b4f58834ee019cd566f1317582b2f4151c","512","365","46,67,84","46,67,84","True","tr-4254"
"train","4255","17e1c9fcdd97fd3ac5b82bef9e448d1f5f9b8e5fab563c4dbd1d2e7e2c65458e","512","384","22,48,67,72,84,87,89","22,48,67,72,84,87,89","True","tr-4255"
"train","4256","2d4fc759f75e1f8d4c85d545969f6315dc3e97b28e50870e6eee011f4a857978","256","256","24,46,59","24,46,59","True","tr-4256"
"train","4257","4a6f4609ba8c76828cd9f2ec5e151a18eaff646dc883455dc4a56c17b9ab12d9","3264","2448","48,66,87","48,66,87","True","tr-4257"
"train","4258","cc81e04a538881d5d6aa60950736cce8723cff26af735a518a88f643929dd05b","256","256","25,67","25,67","True","tr-4258"
"train","4259","40ef7f139fa3222fe7801d69419e1e799225dfa9e93cea383e5f4b8c961d2cb0","512","384","46,52,73,85","46,52,73,85","True","tr-4259"
"train","4260","c3eb74f680795b595cd400b62acbda52f3118ba74646e7956c573fcb32a163ae","512","384","48,66,73,76,87,103","48,66,73,76,87,103","True","tr-4260"
"train","4261","185395b8c0ce55cc910767e67713b8a98970922da0485791e4d81eb02d89b1bb","512","414","47,70,87","47,70,87","True","tr-4261"
"train","4262","b7d422dfc642a2b77d3cdb8747a3cfeb2835a9602451fc29d816b811e7e65636","512","384","12,30","12,30","True","tr-4262"
"train","4263","2d51f934c014b9cbfde0a62ae46046923da9ba79139d11211f4aa8eff530762c","512","431","9,13,17,22,25,39,41,49,52,58","9,13,17,22,25,39,41,49,52,58","True","tr-4263"
"train","4264","26498f030e9ca099631f0cf4e0ea7332c9fcca213f93769cbbaeb71357c72fa9","4128","2322","11,48,70,95","11,48,70,95","True","tr-4264"
"train","4265","8580b5db75daacbb693e6ef0c40a1e571ec7dbfa807394181d1814ec42aedf1d","256","256","44,54,70,87","44,54,70,87","True","tr-4265"
"train","4266","52f395bc820a59537ff858ab3c80a2e67dbe7b45fe9bee3950d64a40a9e4922b","299","450","5,8","5,8","True","tr-4266"
"train","4267","668cf7c52cd48b7e323e7c87d09f6081acccd3ee0b022c456bbddafcfb61ab76","512","505","14,37","14,37","True","tr-230"
"train","4268","8edfe91d0f75081a42bf7d0a9cc495e24616cfe6574c6a42255d7e4669c79197","512","387","5,25,52,76,88","5,25,52,76,88","True","tr-4268"
"train","4269","fa84490f23578ccdd2e420846bd681088ad40e529a5abac559eb317ca064d414","256","256","46,58,59,87","46,58,59,87","True","tr-4269"
"train","4270","a41cab986bb08dcb2aadce0bad57fd1870a0872ab94a21656d36f762922bfa73","512","385","46,70,71,84,96","46,70,71,84,96","True","tr-4270"
"train","4271","409d14d56df38124c1db72b7537cf459d9478117f9db7d054759dd8b3e64dda2","256","256","10,30","10,30","True","tr-4271"
"train","4272","8ffe343c5aebc92e8eac74c4f73c0169c40624e5eda93085ee15218665a895f7","600","482","67,80,87,91","67,80,87,91","True","tr-4272"
"train","4273","41b38a428bf28037004353e4fda9f34fed8f1c7ca685b77c0c8c98c3a0116c1c","512","384","48,64,84","48,64,84","True","tr-4273"
"train","4274","193ccb7196947d580669280e9187580d951915321b4b6aee004c87a764867e53","512","383","17,48,71,73,96,98,103","17,48,71,73,96,98,103","True","tr-4274"
"train","4275","02808cbfa4c79a69d4eb930c9b4259e2118f4011156dd48ea36e704425cfc52e","491","512","44,52,67,82,83,84,88,89","44,52,67,82,83,84,88,89","True","tr-4275"
"train","4276","452141a66835cbf6aaf1b58c10eae1a222eab11c03a569a1d6232fdfaca71a20","512","384","67,89,91,98","67,89,91,98","True","tr-4276"
"train","4277","7bb5a2ea1f1afe4ec18d9d49a756036638cce77519172cc0024333ceb72ab853","2448","2448","48,70,87","48,70,87","True","tr-4277"
"train","4278","0579e86e1f0c9186c457d590bed2e526da016a1ded2c867c53d24055193f8690","512","384","47,65,72,73,93,96","47,65,72,73,93,96","True","tr-4278"
"train","4279","3083b8270796ac6ddb3216c63f9d815439638f8b414dfde4a429a8b9044db9f0","512","384","48,52,70,96","48,52,70,96","True","tr-4279"
"train","4280","ca82e2e6ca5a577c3e64f703b7f1257deeff75215ad42853b6d35b170e07b64e","4128","2322","37,46,52,56,85,96","37,46,52,56,85,96","True","tr-4280"
"train","4281","cb5c9ac738dd44aa142f2697f1d8c6b38ef36fdf600cf7e8dff37ae4cdd63224","256","256","37,48,91","37,48,91","True","tr-4281"
"train","4282","b8fe18e5f701248e5e34c73b6f6d0ab57fce16c53888938783405bca70e018f6","2570","2570","11,37,51","11,37,51","True","tr-4282"
"train","4283","baa57526d2670e28c64a97f9756c4159936cbadba469487a957d65928af71dca","256","256","9,22,30","9,22,30","True","tr-4283"
"train","4284","6be3fd74d565fda61362bdfd8bc6b371144e2ff4650257c47eeaa7c2061ee632","4208","3120","50,52,59,70","50,52,59,70","True","tr-4284"
"train","4285","74878b80fb07c4e675fc13b00180fb0f2991ef8772f1906f8ca83b91cd0b63e4","384","512","8,30","8,30","True","tr-4285"
"train","4286","6802aabeb136502328d3a7aa75e5b2ab2aa8173c54c47c74190e2f4cdd8f645a","370","512","8,14,31","8,14,31","True","tr-4286"
"train","4287","7ce63343b584b288265e79a5c8174dbd4cfdf72a640e70b4c4446afe3b1ca7cb","3264","2448","8,10,31,32","8,10,31,32","True","tr-4287"
"train","4288","99ed426b805170bc6f9089beb422c9e2ed5ed2d4c770707342b4c5442b9b1308","1000","1333","54,73,89,103","54,73,89,103","True","tr-4288"
"train","4289","77d30412cf7a359ba028419e249ad5a62d85c7fa3dc84221ca2efc78c8eab6aa","381","475","48,73","48,73","True","tr-4289"
"train","4290","98d4760874567f40175155d96e7f67641d438d1835284605509992c74a7542a9","256","256","29,58","29,58","True","tr-4290"
"train","4291","5f076ecb724a648ae5f93c0b94ccdad4b1a5838d264a26e55ea64ebed1fcf27e","410","273","3,58,80,93","3,58,80,93","True","tr-4291"
"train","4292","3864e1b2ff788aceb45244110ebb190ba36a9da9c14826202e2ab60c5249cac8","512","384","4,10,17","4,10,17","True","tr-4292"
"train","4293","910332d5063da1184ee48c6d7a09c5846063f40e486df02a92a17383e0a41176","300","300","30,37,58","30,37,58","True","tr-4293"
"train","4294","e35a4ad8aa748717def8d52be43b2717eed90a04d79cb4453c2098337b4fac4a","410","271","24,56,58","24,56,58","True","tr-4294"
"train","4295","4ad28929c9a3573a44ec558650aee69ed8510ba58447bd223c6a40d8d4e8dfc8","256","256","46,59,70,87","46,59,70,87","True","tr-4295"
"train","4296","70497e24e66f05742be6ad7d3acc72be95fa6992c00e6ae921f8b40aff4f6bc4","512","512","5,44","5,44","True","tr-4296"
"train","4297","ab638840d6a89d364c8143532792221672731b801fc1cf88a975df943212ebba","512","384","37,58","37,58","True","tr-4297"
"train","4298","c2a94d5a33c2ad90d585a14b0b06028c5972328088a7a7a0f62265d45a7f619a","410","307","9,46,70,84,85,103","9,46,70,84,85,103","True","tr-4298"
"train","4299","1afe47e5e27c5d1f4e9067593bc923b907ae59b92303bd1cac1adb2da7972022","640","428","8,83,87,94,96","8,83,87,94,96","True","tr-4299"
"train","4300","72a8fc996c8150b845ad6c52dfe5f534e6f0f20688787ac34def9ecdcf8c2a19","512","384","48,52,65,70,73,98","48,52,65,70,73,98","True","tr-4300"
"train","4301","c58232dbe7419f0c8a919e2f199c9ed913812c09b3b3a61bea3c9c4d548a0100","1840","3264","46,59,70","46,59,70","True","tr-4301"
"train","4302","eb6389169be1f3bbbc36cd25c80f4b81b81b3d79116e62b56cf71c6bbe625d9c","512","384","21,46,70,89","21,46,70,89","True","tr-4006"
"train","4303","10b08d43c3a09cee37f6ffb11e8ce4a41911222b4d88d47c6429615537efd9e4","512","384","46,70,76,87,101","46,70,76,87,101","True","tr-4303"
"train","4304","f9c988527fe5421ae2a930057e7e52fad70c0a732049aeb205224ad842717e25","512","476","47,58,70,87","47,58,70,87","True","tr-4304"
"train","4305","4d12d82a382c5ec5f11c24c6d6753e7e5852c50d569d042889a4b61eaf23d8e3","512","384","56,65,87","56,65,87","True","tr-4305"
"train","4306","bfbeefbce7385f6ebd16d70d886461d0e045697620c1d526b967edbe6f5861b1","512","384","48,70,85","48,70,85","True","tr-95"
"train","4307","6e54b6975f258134cca2afd1f5eaa95aeee6353ea01d64b8429aa1edb5e3349c","512","387","46,59,70","46,59,70","True","tr-4307"
"train","4308","8070b02dd5943df3def15f32c84b990407b110e7e999f5264103646cd22fdbba","512","384","37,54,70,85,93","37,54,70,85,93","True","tr-4308"
"train","4309","3700b643a0fea9b6bd84c9e3b6bed9a874055585fc59f34d312b44487b661908","512","384","3,8,37,52,54","3,8,37,52,54","True","tr-4309"
"train","4310","4ff9835f144dfb3ca311d1868bb121abadd918d3612a2e446c39ef7462979ca1","512","469","46,70,84,95","46,70,84,95","True","tr-4310"
"train","4311","d7a366f7449dd70bb2b17e4bdd38fb2cef8ca407771c1ca31230adfb0db60d79","256","256","30,33,58","30,33,58","True","tr-4311"
"train","4312","355bbf83b88790d0851f0a2349132898aeb9fcd9a32a50c8213882d8331de4a6","410","615","5,8,30","5,8,30","True","tr-4312"
"train","4313","29c42083dba5bc0408048c223f44a41dbe667083276004aa3aeab6af809ea65c","512","483","47,64,72","47,64,72","True","tr-4313"
"train","4314","159c4421a82a97ad9a0c1a618030740d8f6c045b4bb8bf31e32a5e0f4d69e225","256","256","32,67","32,67","True","tr-4314"
"train","4315","9a74358138cbedf67492e28f4793ae86ca7ce0bf105f4a1c90ffcae8e54b5b7c","512","384","46,58","46,58","True","tr-4315"
"train","4316","6509720e910fb0e3bdda26da2949b3830f883999a10391664a543ec74718e342","480","640","45,48,59,103","45,48,59,103","True","tr-4316"
"train","4317","b7855275f740d5870e2223157ef589e8ac4849fd99d355317a5fc9309995c1ab","512","384","24,47,58,73","24,47,58,73","True","tr-4317"
"train","4318","1063ed005adb74c435e8bdffb36b3cf6953c2dcf63a2f2a7a1b7efe12874a425","640","428","3,70,73,82,89,94,95","3,70,73,82,89,94,95","True","tr-4318"
"train","4319","6cfe18063c874686395a0dacc81a80152d9e42246f6ff38595214f4cf14d795a","256","256","10,13","10,13","True","tr-4319"
"train","4320","7962b5072ad46418fff5a07303f1d11142738f971e5e321293d64c6e5bb04a48","512","384","30,44,49,58,89","30,44,49,58,89","True","tr-4320"
"train","4321","44603fa116a301f4c24c48f6446fac074887ffb7ebdd0ac13090bbe43d8e7a6c","512","343","16,58","16,58","True","tr-4321"
"train","4322","d1173888b2239bcfbe94098c6efc931e67d38fbb14ce594c823af214c2cb6fb8","3264","2448","11,47,52,59,71,77,78,89","11,47,52,59,71,77,78,89","True","tr-4322"
"train","4323","d461c99a3351d401514ef41612d28a7840a2ce227d411553c24e7c6e457c95bb","410","307","8,84,88","8,84,88","True","tr-4323"
"train","4324","a058ab12350d606634e4ad2e3bded28d360e986594022815cc34211ec574a913","256","256","48,64,87","48,64,87","True","tr-4324"
"train","4325","1a8ae5550041a7d461b31ffe4f61dcabf4c18f24cc6b1e092b26845c9f157b9b","550","366","52,58","52,58","True","tr-4325"
"train","4326","398d5af24c33c4140d6e2d8b46c2d14fa5ccff8221547c24874c4a122962e698","512","384","61,87","61,87","True","tr-4326"
"train","4327","63722b76668a92abd1a6371f35a3c31a322ad17b709b1898f6c9b1a12abd06df","512","341","48,70,87","48,70,87","True","tr-4327"
"train","4328","37419d290e74e1d64333645ea381472f53eb015ffa8e3e45b0b1d9a4262725f2","512","384","46,59,67,94","46,59,67,94","True","tr-4328"
"train","4329","e6684d1b6a6b7d373c079f82bad0b60e37b36ad8eb197c7a95af2ea2e03a8dd4","512","384","48,70,95","48,70,95","True","tr-4329"
"train","4330","e6ab18ea199ebe4886ddadfcbcd638ebb15048d833ca85ff384efa524a7bf635","2448","3264","10,30","10,30","True","tr-4330"
"train","4331","8c155fe70e2e80c09e6d624557146d48e0863c854240e2ebe962e24c23ea6c62","512","384","38,52,83,84","38,52,83,84","True","tr-4331"
"train","4332","258457153b1424d11b98e06eefa680e8bbdedc1f9c07a94b6fe23870fe41982c","256","256","54,70,85","54,70,85","True","tr-4332"
"train","4333","f662ace92df0d6a8918298b8e0a7b84d05d1aa3aff2b7433c6f0834f8d2ad37d","256","256","10,31,32","10,31,32","True","tr-4333"
"train","4334","42b6aa1cdd3493ead288f9779624986df5bb694660ba5c252ffab621efce7d85","642","428","9,40,50,58,89,93","9,40,50,58,89,93","True","tr-4334"
"train","4335","e77b9bf3c2be360056d5b7a37ca6a1c145c5534619506ade2aee84392301d148","512","433","8,46,70,84,93","8,46,70,84,93","True","tr-4335"
"train","4336","388f55e06a94b053cfd0fcc1819071b1231e6009e469fe1447029466a10730c8","512","383","48,70,84","48,70,84","True","tr-4336"
"train","4337","7229e72316a719652d50512fb655114d55c79e427b18562bd743452b63632c2d","256","256","3,46,52,58,87","3,46,52,58,87","True","tr-4337"
"train","4338","2c4a815f079a70b4b8a486c6a56e776f1e256e75eb1249988c314ba0c0841c4e","512","511","13,58","13,58","True","tr-4338"
"train","4339","f595dfa4f42402e1f0770f6367c3251511eb11c9f9466f137b4b514eda57665a","2048","2048","11,47,57","11,47,57","True","tr-4339"
"train","4340","d516811cb597c4953abff99207c995fc456e0fa40b4c62992c6d7ac3f4133c24","256","256","84,89","84,89","True","tr-4340"
"train","4341","ca6937c5209864205f5ddf7c3db08165ce81a1e949f2a6a8f5c3d2cede5fcc22","1936","1936","13,14,24,49,58","13,14,24,49,58","True","tr-4341"
"train","4342","d52d201c1d3592d6d30eadb487a5b5869ef312be34febfbd14a468f9a13261ca","1920","2560","67,70,71,93","67,70,71,93","True","tr-4342"
"train","4343","210cffd9680345db87c3c1787fccefceb1a33aa76c0f7070bfaada0a8970f555","384","512","46,84,87","46,84,87","True","tr-4343"
"train","4344","3146bde542026e48c9aeab4b061a82fcbff4e23c215fe076599c083482ae1fa6","512","341","3,28,37,52,73","3,28,37,52,73","True","tr-4344"
"train","4345","7c11a7808f429e4e16cbd9dffec9070ab21b6059f38d155e961da3677e147caa","256","256","54,84,95","54,84,95","True","tr-4345"
"train","4346","66e6ba53e171e4e807d7ccfbcbff90b9ef88f69dfb14698d5140f73b563bfad1","512","384","48,73,82","48,73,82","True","tr-4346"
"train","4347","26bbad20e1c8b45423420128e5d8d76e782c96002d1e946106bbb2ba36974c3b","512","384","51,66,84,87","51,66,84,87","True","tr-4347"
"train","4348","ca91019c81802dfa1566ffa958e89abb30e30eb3dc50c7baf428871ffd1ea600","256","256","8,16,58,82","8,16,58,82","True","tr-4348"
"train","4349","dafbc027c1f7d84be94cfb14cf8473aec319af87b073cd10b60a237233201942","512","343","37,67,84,89","37,67,84,89","True","tr-4349"
"train","4350","313df11e20d558b0667b346f265b191991cb6205b4026ea4be686afc962e11f0","512","384","37,46,73,80,96","37,46,73,80,96","True","tr-4350"
"train","4351","359695d195911b37588ef3d20771d081a7b6e7828256e927ea2361d3f02b9e20","512","393","30,46,71,77","30,46,71,77","True","tr-4351"
"train","4352","4689dbdbd258a7ea4e54ea5ff8cc6c8a462eecd3abc433e6288fa43f43cdb70f","2448","3264","46,64,67,73,80","46,64,67,73,80","True","tr-4352"
"train","4353","93151d933339ba31fceecb30c5bf50c8e7fa620f80b1c2cb2ca3b98b127f4676","512","393","46,65,93,94,95,101","46,65,93,94,95,101","True","tr-4353"
"train","4354","f217d7c85de4b788cc430ade25ea8174e4ea7a676084d8f0c016e51357de4b9f","3000","4001","48,66,85","48,66,85","True","tr-4354"
"train","4355","259284dc3efde0c080712b0994d421fd71bed7ced2f479b9421bfe6097e2db44","256","256","47,70,84","47,70,84","True","tr-4355"
"train","4356","2bd280c14e44abb8eb0f804ad286454fd2a053bb6540c3677fce93c009948ba8","512","384","54,70,73,87","54,70,73,87","True","tr-4356"
"train","4357","1a7a945f69fec3416e4cf7acb75789bde2240fa738171098e47031db68bf9d7e","512","368","37,67","37,67","True","tr-4357"
"train","4358","ce6b7b4e85eac50c43ceace8797c679644d95f796955a77611d2f54da703ac67","810","1080","21,47,50,66","21,47,50,66","True","tr-4358"
"train","4359","684f89320a80a067dc519c4563a95d5fe7a12f6988032e0c2817b64469de19d3","256","256","10,25","10,25","True","tr-4359"
"train","4360","d4b215c96d65d975fcef3c940fdcbefa2afbfd95ecbebd9619de77382151e30d","512","428","46,70,84,87,89","46,70,84,87,89","True","tr-4360"
"train","4361","e0634edf81c785b5e94992f78cb074bec58bf638e4f3c0890e5a45015e089836","400","400","10,30","10,30","True","tr-4361"
"train","4362","40a2b62443b7b8172781b640dc9fac746ec04faf4c70a7c89f5aac80450b21cb","512","384","5,9,32","5,9,32","True","tr-4362"
"train","4363","e9f23ddf848ef74b297d40197314ba1e12a807668002bde2f3e3b2e1604b68f3","2519","2519","46,52,58,82,93","46,52,58,82,93","True","tr-4363"
"train","4364","5b165574f1ca5fe99ac86995f40a113c7df36a7f8c5b05e1e224b70459b76885","512","384","84,87,88,91,93,96,101","84,87,88,91,93,96,101","True","tr-4364"
"train","4365","bb25ea4969635fe12f01d0aeffbe6d23d31f1c1cb43023df49a535366e6c7ec8","512","401","24,41,49,58","24,41,49,58","True","tr-4365"
"train","4366","c7f6ced69de0b5028a9c177cd8980faced209c72de6af5e07dc0ed3a2c94a461","512","398","8,46,73,87","8,46,73,87","True","tr-4366"
"train","4367","234dc436fd010006e28d385865ed4a5ea1c1611549d9f4f3ac0be9802aa5bb22","512","384","28,47,103","28,47,103","True","tr-4367"
"train","4368","609dba834cc05974f68b6351a7202dab01cdf8369e081a14b3fa02400df0f165","256","256","29,67","29,67","True","tr-4368"
"train","4369","eeeb50babb9fbd4c8b4357deae9f8bf3f29a49d5a24f4f493545a4ce56f13c09","2582","1937","8,9,28,35,58,73","8,9,28,35,58,73","True","tr-4369"
"train","4370","85747683bc1fd075286acb703fc5c9ffcb174d18614d110dbb8111ce08c42f31","512","364","48,73,80,82","48,73,80,82","True","tr-4370"
"train","4371","92e7091ef03242bf0abd4c4412c0ba9b8f1abe2d8b09ba069e84b4586cfc9215","256","256","58,61,84","58,61,84","True","tr-4371"
"train","4372","b85e8942d965e85ff77db6a34f7adbe03cf4af7947649cb5523044f9ed8d16ca","256","256","11,31,37","11,31,37","True","tr-4372"
"train","4373","74ef1ad0cd462b35fdeb4a115a98eace6d9e418b37c2cf4daa9d5a2aa13d1867","512","446","48,70,84","48,70,84","True","tr-4373"
"train","4374","56178aef41ad0e503243baf130504c9b94f10c8e8fc1317b5a7ffb2f5423dd9d","1923","2250","24,58,85","24,58,85","True","tr-4374"
"train","4375","5f0e69d72c90963f4986b990a2863059c191f6413eb92275f830838fc6b4c995","512","384","48,65,87","48,65,87","True","tr-4375"
"train","4376","c7a71157bd662f4ac7641554fb0129db35a5f91bed5df38bd5e557f92b37ac8a","3056","2292","3,8,84,88","3,8,84,88","True","tr-4376"
"train","4377","818fd143ceee4eb2adc7d6ef70891ba823366f8e2c3cdcfed98c77dd21d6b294","512","369","8,67,84,96","8,67,84,96","True","tr-4377"
"train","4378","64986d47f0fadf27ead7c8322452b032bcbb7ef69e9273978c0960ffab4b94b4","512","384","24,47,84,94","24,47,84,94","True","tr-4378"
"train","4379","e384f0a0fd3d17e4850383423fb8c63483dc41d5a01840f3a7e6c3e3be2c4c8b","512","384","5,8,30","5,8,30","True","tr-4379"
"train","4380","45e1fe9fa161aa86eb24634136e9d37097a65b57166d720c8efae4f026b62d1b","512","500","14,44","14,44","True","tr-4380"
"train","4381","24c552fd0e25804565f112da7b3d156ec99dcb199f46fcbe4eee0eb4987d2bce","410","336","57,58","57,58","True","tr-4381"
"train","4382","20517a529478ce2c679bd3a9f9ebbaa36873c54295ee8a1194140e1d2ba5d608","3264","1952","46,59,64,73,89","46,59,64,73,89","True","tr-4382"
"train","4383","2a4783717de5e0be7b9186c5abef8f3715aeb5802396933eed5b46e1964f8681","306","204","8,84,87,88,94","8,84,87,88,94","True","tr-621"
"train","4384","a1238e3c97c6e3f218aecba753eb0e8e2bf4d0570e41d01c83696693bdb4b31a","512","402","48,52","48,52","True","tr-4384"
"train","4385","db2ed2cef366a3332238ef1f16632e38608b435ae5cdab9dcaf0699567c0297e","534","356","48,58,73,80,93","48,58,73,80,93","True","tr-4385"
"train","4386","a2b7f9e932dcee0fd6075dd3e358d0608be9ae044ee517f3edd1d1f0e8fc498b","512","383","9,10","9,10","True","tr-4386"
"train","4387","9db9532bfaf1f36c016c6914939efddf12b51b88a60834ebaf1fc465515c731a","512","384","48,54,84,87","48,54,84,87","True","tr-4387"
"train","4388","6a23753dcce9ff215b8495d83f7402b2a0619988a9426f75c61703179056141f","512","384","48,73,84,87,88,89","48,73,84,87,88,89","True","tr-4388"
"train","4389","98b4bcd607490fb57e4612c792f75bd0a4a07d4ae90262ab36fcbc458e8a4be6","2048","1536","48,66,70,93","48,66,70,93","True","tr-4389"
"train","4390","010def27d050f62bdfcf09b2327aedbdc46192a8691b128f20493652f22349e5","3264","2448","46,65,73,89","46,65,73,89","True","tr-4390"
"train","4391","71e73e855a1b842a478ea09b19e283cb1e9be5edc2db4a2cd5adc4cbf70d490d","2560","1920","47,52,64","47,52,64","True","tr-4391"
"train","4392","a2d7b379b336177d3365f11d010fb313a4477534c569d067df0aaa3db20f25e1","512","384","13,44,58","13,44,58","True","tr-4392"
"train","4393","e5f5cc8bd897b44ad02fb75f63bf7310ccfcc4d0a746f1039eb2a03f3d063a6b","512","384","51,70,84,95","51,70,84,95","True","tr-4393"
"train","4394","53d096767b495957e79eacd3352f5f42879cfb124ad094b8a6b53730e304e925","512","384","9,37,54,71,84,85,89","9,37,54,71,84,85,89","True","tr-4394"
"train","4395","ad96c96f303a0d43fcbff93f995c9e507a2984bead264efcb7808dba52e9bf7f","512","384","47,64,67,85","47,64,67,85","True","tr-4395"
"train","4396","b9d2a9fe662b4348ad39db2fb2e3c4b59d65b374586755017b45be6ff36a7798","256","256","10,31","10,31","True","tr-4396"
"train","4397","3e90a4f2c308ef5eca229b7c6428ea483b9a31e25c278dac2a909285d368424c","410","273","12,36","12,36","True","tr-4397"
"train","4398","6896303ff8b2a6558d0face6a188239943920d91bd01a1b5430e616d9f587402","1024","683","37,54,93","37,54,93","True","tr-16"
"train","4399","dcb917492f7e349dd8f291a3046f7ee84f4a0aad3946fc3bae5098660871c0bc","512","383","5,8,17","5,8,17","True","tr-4399"
"train","4400","a28c9590ab78d7ec722059f83c49b6ad87818e28336ca660ca54d24b81cd327b","512","384","8,40","8,40","True","tr-4400"
"train","4401","7d7177ad6e4f6b3d3bb8b92a34c726df09fc50848a47f8b2b9c650cdce1461a2","512","383","8,10,22","8,10,22","True","tr-4401"
"train","4402","9e315e258214bf0b5ce1cfbd17309848340871f47ff0ffe1b899a982ec5e87eb","1024","683","9,22,45,52,89","9,22,45,52,89","True","tr-4402"
"train","4403","b779a7d30a0f1cf484d45b60aa69107bd3430495625ccb4446c5cbd8d9409400","3872","2592","1,4,58","1,4,58","True","tr-4403"
"train","4404","786b8136c8ba50cd8627cdf25dcc06ca21a37d8b352f449f5ec3cfcc32c8373c","256","256","12,31","12,31","True","tr-4404"
"train","4405","725b34f6833f4f12b7c1547b7ed03793f9d0d75f98a4adc5d950b3cdf610a5d0","1280","800","11,66,81,93,94","11,66,81,93,94","True","tr-4405"
"train","4406","07d4f1c7b88cec7774f735793c511255804fda3891ca1b32768fee41c611c0ef","256","256","12,36","12,36","True","tr-4406"
"train","4407","2fa51e296bcc25a65e9cb64e8a6ca0d26ac42117a3848a90f5fd79fc87542d8e","1280","800","9,22,52","9,22,52","True","tr-4407"
"train","4408","cb25bed1239d95314202a2300dfb3e627c31bbad53e83f9e1d4e2bd0f960577a","410","273","10,36","10,36","True","tr-4408"
"train","4409","e2c674c030d9fddc8e98bb87312cf9ddfb190b2ff50dc6fd1160ed311eaf8ce6","410","278","39,67","39,67","True","tr-4409"
"train","4410","e5c7d45d487a2029fe8a137c1950dbe8908ed8dc885d6745f7f06ab19f0333ff","410","273","14,27","14,27","True","tr-4410"
"train","4411","c4cac8ed1e52c8dbe36141b8d9f66cfb3304d17c1f3371f5bfef6e31e82662cb","410","273","40,56,66,76","40,56,66,76","True","tr-4411"
"train","4412","fa3ef0d6a3169690a09d448857cff26c7fa5f2133f5ebd7d9eba692c72c885dd","410","306","40,56","40,56","True","tr-4412"
"train","4413","e5d3b6402e54ca26357e2dce81a53b2a731ee4585e32296d8242a902c9ae3089","410","616","5,20","5,20","True","tr-4413"
"train","4414","5672d2c1bc3f9d06fdcc0364a022fe479b7024ff9f5d716d353a2d6dd9b36fb1","1050","865","9,47,79","9,47,79","True","tr-4414"
"train","4415","66e4d194359cd7e4c758cbe9f291d1f211a8ee60d65af5e92b62a830ac86c6a6","410","410","58,81","58,81","True","tr-4415"
"train","4416","2b211a6cef57fc9b71f92cb6f8048172ce5a04a7c51c1be8967fef661ffca861","280","280","5,8,17","5,8,17","True","tr-4416"
"train","4417","6463e94ab517db97abdfb3adaa29a866898b2d5fee41a996a4f7f20090483161","512","388","8,9,58","8,9,58","True","tr-4417"
"train","4418","4bc0106fa3bcfd512c8c0de06b1f9df8a2b3bd62d6c487ec885c0cc1ba604126","512","341","10,31,36","10,31,36","True","tr-4418"
"train","4419","e2caa0ac1a7e28976d8bc636c3785d619134f9082ae88dce70a52f79e4148858","750","1000","69,89","69,89","True","tr-4419"
"train","4420","c996d70ec935395d3edecb07f63e604b454e626f05a85f6104fc678665b26391","1000","750","10,16","10,16","True","tr-4420"
"train","4421","fa619b96d398cb06c92468c6833806f667e0e2f6ce246263ae12ccbbcde83ccc","3135","3135","48,81,89","48,81,89","True","tr-4421"
"train","4422","0db0380a5121b585f71ae5e4052340683d2358da541218d4900cec2f8e8b0cc1","512","384","8,36","8,36","True","tr-4422"
"train","4423","e8d28713c834f415665769084f17ee3f3c6857b131cb5455bebd6a5c37cf1f92","4128","2322","24,47,73,80,98","24,47,73,80,98","True","tr-4423"
"train","4424","8f1a3eebf2911176470b81ab949b641a5205e1fb6791fab4ebbdefc92564ab00","512","384","35,37","35,37","True","tr-4424"
"train","4425","9e90ce2d308ab2a2f2dd529dd014c46fc64d971c9264867dc2ce80a457ab2f19","900","644","66,68,87","66,68,87","True","tr-4425"
"train","4426","51b4304bdd261646af494187a746baf3a00981014246f51b305a803cdcb96cbb","307","204","47,80,81","47,80,81","True","tr-4426"
"train","4427","91166e956d344fcd95c7104173345366d65bc44cb82b2ca654f200b811b6c9f8","512","384","8,36","8,36","True","tr-4427"
"train","4428","004cda0bd95a03af80efc53060aa8ca3e12b0962dba34996d5b1849c58e2a67c","410","617","5,44","5,44","True","tr-4428"
"train","4429","0b58911be2923d276a4f63d234c7b499cc6adecc7d0be9fcd3ae1499793b4f48","1024","574","37,40","37,40","True","tr-4429"
"train","4430","da20a7057a19eb5ed01446dba44d009bb3f629cc3c0b9e656cd98a42e36e7a22","307","204","8,10,31,34","8,10,31,34","True","tr-4430"
"train","4431","691bc30ac7b885ba286bcc5b1b275277e2e69a2273fe90e92d99cc89734a0cbb","640","480","8,10,17","8,10,17","True","tr-4431"
"train","4432","668dc3c4688e9346527c67be83ac1e05a30d338353f5a78e4b3a4dcb070918aa","410","273","1,67","1,67","True","tr-4432"
"train","4433","d6ab06e4714e584deccddb4cf23a1395c47846249492f2fbfe13d3fa2539da65","1000","1500","68,80,99","68,80,99","True","tr-4433"
"train","4434","c326a413e52c3ccfa8fbb94b9e8a01551d07dd468a56e4c5b6bfac400d67b49e","512","384","15,58,65","15,58,65","True","tr-4434"
"train","4435","3e48359dba1535ac2a77bf1cc38326c467bf79267fef6eadb8a51e82290f58d5","2048","1365","55,58,71,89","55,58,71,89","True","tr-4435"
"train","4436","1ab62ed4c14a05149201f942d79c66856b722c5d7fa29e61f80717169bc28eea","508","512","55,65","55,65","True","tr-4436"
"train","4437","fbf05e99661216a95b5398ec0f7d6321274b6e07a45404a15e0dca32c4f2698d","512","384","14,20,34","14,20,34","True","tr-4437"
"train","4438","8ebbfeb535cfe01a5a5b84091a1fccab423c3a3bc849f75b918446c152255aa0","410","317","58,81","58,81","True","tr-4438"
"train","4439","9ea7f287399963044045212bc74ac6cf1ccfcec65f9a913a1795261e2550ff32","410","546","58,81","58,81","True","tr-4439"
"train","4440","63f5e7275fbbc3091422ed07a28179658f3387acbfa31da18635e5f687a40e96","410","273","38,52,58","38,52,58","True","tr-4440"
"train","4441","24b438c2cbf522e317021f20125e04913582a0f5fd186c109e1d2f54a7b0739d","306","204","5,13","5,13","True","tr-3551"
"train","4442","02a808d6a03d16f4e6bc9f4d9e8ddd857c8ea98d59707db4c6d9504cba4be69c","410","270","5,81","5,81","True","tr-4442"
"train","4443","8d740f88d7a2d678ec6f58b779ee5b31ae921bc83295065a5e32fce107905e66","410","273","8,10,22","8,10,22","True","tr-4443"
"train","4444","9031e2881d5f09c31110f6847a225c496b6219ac77150c4470de4b742dcb1dd5","384","512","11,40","11,40","True","tr-4444"
"train","4445","ddcbc2c75d49546b707c49c6378f3636243bfeae8cb02a3f790050e26668763a","450","432","24,47,65,80,92","24,47,65,80,92","True","tr-4445"
"train","4446","b30525f76338c74404573c909477ec52dc5a684d73914b00d1c296169fe57cfb","465","310","69,89,93","69,89,93","True","tr-4446"
"train","4447","9ba137e615972490f52039ca21e15d04fbd8f23f6b81394bc642b279a8c0cad2","600","400","56,71,90,94","56,71,90,94","True","tr-4447"
"train","4448","fcaee186dfd3830a6938fb30fb2cc3f12724f31e6325e80f108b5221fbf3396e","256","256","41,45","41,45","True","tr-4448"
"train","4449","8fbb73909cf42057fa66f063a5ebfd753224597fe063c1fca36c20452b1bbf01","900","1231","9,11,24,46,80","9,11,24,46,80","True","tr-4449"
"train","4450","c77c34fce9157a9008d7c6f831a57f77b50c3946c2d13745a015adfce0961c53","268","350","51,89","51,89","True","tr-4450"
"train","4451","cc963c616a5137854abf1cba991fc90f7017c6d65d8ae3bb021969d340deb4db","410","274","14,27,37","14,27,37","True","tr-4451"
"train","4452","1144c5b8c2f97ebb9b7adfc63abb187f680e0f1378a0194a72e985b65a7a53c4","400","300","84,89,90","84,89,90","True","tr-4452"
"train","4453","dba6d537c4bcc649756c5af3d470f48835140ff3c64fc6e584d4d5bcd4a53215","721","948","68,76,80","68,76,80","True","tr-4453"
"train","4454","956de0078ce32dd1ebb20bf6d0bffcfba4f250693f7b42c12969e6ba1275dcf2","200","200","37,54,89","37,54,89","True","tr-4454"
"train","4455","4f092fea54333d1c47ea37acc36832adeed5868607526995ec0f12aec825ca2c","2048","1365","65,69,73","65,69,73","True","tr-4455"
"train","4456","e13e40a8d51bc447c96201a5f43b3c13660cc9f194ad275bb8098ce520a81933","410","573","27,32,67","27,32,67","True","tr-4456"
"train","4457","d2eb6016c9c965566ec839d0b0714c52d540a53cbf23e82fd483226f96f8765c","410","410","36,61","36,61","True","tr-4457"
"train","4458","448b8e94c23494c17281f80847a05fd5d89be196a725f30164407505857cf7a2","512","277","36,47","36,47","True","tr-4458"
"train","4459","5348c7ef9f8100a7548827f6551086868e452dc689254119eab7005bca06d93a","1116","1674","10,13,67","10,13,67","True","tr-4459"
"train","4460","804ad60cdb7e89da21118d393cccd787a3b15a687d584d5c2943eaaa9028a0ae","307","204","47,76,86","47,76,86","True","tr-4460"
"train","4461","cba8c93463a461784aa443e050a8af65d3f610b95b66ef516f8c40d5857435ef","307","204","5,17","5,17","True","tr-4461"
"train","4462","765f92f4c22155c9ff0738dfe128bb5a6f84290d708e67a36b7206fa2b23b999","512","341","8,12,40","8,12,40","True","tr-4462"
"train","4463","56a3688b8135c9d500eb6e08cdc6f29427444c0933f919d1fcde14c301068643","400","263","5,17","5,17","True","tr-4463"
"train","4464","e49e99f3be680ed51d0a819dbdefa423927df6fb2a4b1431026a263a119675cf","2000","1333","10,14,17","10,14,17","True","tr-4464"
"train","4465","4a8c5cd4d4fe26258b0485a2e56dd5575135b9c966e140442a4dae7517f6eb26","512","384","56,76,80,94,98","56,76,80,94,98","True","tr-4465"
"train","4466","4caa32c1eccfc7f0870c56bb5985c828c8c3861e8fc25255f9c0f9e862c7a258","1000","750","47,66,69","47,66,69","True","tr-4466"
"train","4467","1a8469d7f2f7334674a257b66eb648be3b3a1e2d169672ccdd1f754959faffc9","800","600","54,68","54,68","True","tr-4467"
"train","4468","36a67bad25bcd88d297a2e94698b63663bed0b3715f7eda01a32d1bd5b9f2b43","750","1000","70,73,82","70,73,82","True","tr-4468"
"train","4469","8bfd99ad19eb2dbfe624dde893a8d1c6d0cb8a8532d12f73a702466b4eee29de","410","286","6,11,37,52","6,11,37,52","True","tr-4469"
"train","4470","0b95ee8364589f1d66a555e9147316c3b9bbd67c31102af4300e732bc8fb301c","744","744","8,40,48,94","8,40,48,94","True","tr-4470"
"train","4471","dc5ed10f6f4e72ec4df8a034c43adcbd271505fb9c2c66510996ee9102fb6063","512","384","10,36","10,36","True","tr-4471"
"train","4472","8bfa560f1a7a9db350674997d14a4b1ec6ac849cdbab4a0ad85927bf0d9821b9","512","384","8,13","8,13","True","tr-4472"
"train","4473","cd32a50fc5f89d0500879221a404de7c26299ad8ffc1f9794d8cbc5b9cec9d25","512","424","9,44,89","9,44,89","True","tr-4473"
"train","4474","14c4e2ade2e2e34c4e992b3d8191aa10c8bbbcaa61ecf68bdf66bb27093ea6a6","642","428","5,17,19,22,23","5,17,19,22,23","True","tr-4474"
"train","4475","f8911e211f70746db0375f60c643332a14030bd1b76d14f488e49f969a6f00c7","410","615","15,44","15,44","True","tr-4475"
"train","4476","d2579caa93c098b16c2b90ea87638de21064d89efc35111151eb8fceaacfa4f2","901","901","15,61","15,61","True","tr-4476"
"train","4477","d61c050141892d53a3bf919f911de29e4c16008e97c6f6737bfc22df98cad816","410","307","58,73,84,89,101","58,73,84,89,101","True","tr-4477"
"train","4478","7d0a854977d441f8543b7642645cb036d95d6ad9e4d2ee3e5d0ec802178a6bb1","2332","2332","8,27,52,67","8,27,52,67","True","tr-4478"
"train","4479","6ae37d7f10ad5d3ea3f9d3c64b0f5a5c7c796d83085ce9ad48bfd3ffdf3abc41","350","275","17,48","17,48","True","tr-4479"
"train","4480","78a33fc527304b371a69521dd8e2a1a8417d732c803cec0f90be1249b8a43a98","512","368","40,48,70,87","40,48,70,87","True","tr-4480"
"train","4481","346e0cd9fe12161ed13c1b2c320fc1e6758c649c5e476cc7f1257ba4879667e8","960","960","11,54,55,87","11,54,55,87","True","tr-4481"
"train","4482","4d61578d3ab1f9f4974f62b8f60566594d1897486a581c21e6e8214c459136e5","642","428","54,66,73,85","54,66,73,85","True","tr-742"
"train","4483","ed93e02ad534551b713ede5bdcd0952075f4a769da8d35656cd5ed5e15c4cf6c","410","272","6,25","6,25","True","tr-4483"
"train","4484","673892d4fd1cb8d110c22520712bb3530e0a48eb0ad6c6ca25b85782172e3293","1200","898","8,27","8,27","True","tr-4484"
"train","4485","9b8e59f25a0ec4046ba4a0e857fabb5b33b155ea8063e921568bd3a8924b4e4f","512","317","9,47,98","9,47,98","True","tr-4485"
"train","4486","7a9a989485a8e7421d1569202dfbcf5f944f83299875a868b7aa751a135c2afe","410","273","24,47,81","24,47,81","True","tr-4486"
"train","4487","8dc681b2aa4e3d425aa56f35524d677676ccb49f9e1428c67012ea8cf42afcb0","350","600","9,67,81,103","9,67,81,103","True","tr-4487"
"train","4488","269b1068eccebd018c67464bca4142411d79da782b5d49d43d264be25f1c7257","512","384","20,49","20,49","True","tr-4488"
"train","4489","567aeadc9d8a87545a7cb71963e79adf78b479dd0dd16f6fb12decf7b592414b","512","448","5,13","5,13","True","tr-4489"
"train","4490","606b5810b074f8918e990211f78ff24742b56d4a9659a96365fbe9aaa9a9eb01","1664","1664","3,5,6,52","3,5,6,52","True","tr-4490"
"train","4491","565231f89aed69cc5f908a1c5ca40b7ab3ad1a95c784dee9d6708193a95c4143","300","300","51,52","51,52","True","tr-4491"
"train","4492","482ad2bad2f2103c99ee2b607093c7107e11edc1cd018b5ff19890c71075e12e","410","273","47,85","47,85","True","tr-4492"
"train","4493","fd35d526ed4c9e03e885bf98f460943a52b7b30563e164533ecf0ac220924b4c","2000","1333","18,71,81,93","18,71,81,93","True","tr-4493"
"train","4494","39c5015589892dfcd8403e3039b5270ebebac26a743148a6c56cccead906e975","307","204","82,94","82,94","True","tr-4494"
"train","4495","67c5ff49ab279f040d0063d37755eb972eb24312bc1e44e315eb2b0c687dacd2","974","974","40,47,76,89,93","40,47,76,89,93","True","tr-4495"
"train","4496","92f5542a41103d7b6f506959ee2fc030f7e38910cba028b081b9ba776281f9d2","390","320","10,40,89","10,40,89","True","tr-4496"
"train","4497","b4afb8f92c2e111a1157911167bd6f62c5686f184871b3fbe2d3c7cba3277b06","300","300","14,36","14,36","True","tr-4497"
"train","4498","e27bb4f3c4c82fdced6a710849e90a14bcbbde862ee4f4094b1117592e527967","512","384","12,29,39","12,29,39","True","tr-4498"
"train","4499","3383e0cb1190f1d047e71b24a0d5d29bf02ffaf23da4777a424f396ec56e2531","2048","1351","27,48","27,48","True","tr-4499"
"train","4500","b0f4521a6470a1dc4cb49e0b09438528ee861831eace2aa050f55e35de8a7e46","1536","2048","19,48,96","19,48,96","True","tr-4500"
"train","4501","32d68b4ea2c3f1588d3f35c7f630663d49c32b9a4a7db3f631ce21193ccdb225","512","384","8,25,29,40","8,25,29,40","True","tr-4501"
"train","4502","00af1168448b0994d6086b327fd4950611bbd396bd5b1595de916fedc91764bb","307","204","34,49","34,49","True","tr-4502"
"train","4503","1033e35cccdb203d5fb7408c09eb97f747442065d6851720b9d31d9432a280eb","400","400","8,79,94,103","8,79,94,103","True","tr-4503"
"train","4504","cc1ea2c908fbf60fee905f19fe51c827b37a5a4ece18fe604f59aee06f99b935","512","345","46,76,98","46,76,98","True","tr-4504"
"train","4505","d7a084572107dc3fe252e1d8d33d0cfdc63666883f8f47914e1e1aa5daf04d78","512","351","17,47,70,73,96","17,47,70,73,96","True","tr-4505"
"train","4506","c309646a5e2deb2640505dbed07af359d2aac3908b5a5afcadcf5273a0fe865f","410","273","12,27,38,89","12,27,38,89","True","tr-4506"
"train","4507","5739d8bdf07c1c019cd0b1d41992498637a390473eefddef0b51557a1fcbc75b","512","384","70,84,90,93","70,84,90,93","True","tr-4507"
"train","4508","e11358eca4c89bb59ee928188e1f33b99abd0c513676d6fcca2478c606f4386a","1297","1297","11,46,52,67","11,46,52,67","True","tr-4508"
"train","4509","10eef81adbde5404c34f1583c23a348cdf3923818bcd52095f20e8b6f1344df4","642","428","40,48,52,73","40,48,52,73","True","tr-4509"
"train","4510","8b630b617117c128e74e9dd2de03640458dddcdbcd0e31985bec02a9ee60287e","1863","2047","37,54,96,99","37,54,96,99","True","tr-4510"
"train","4511","00ce1522cb48c4072c70a1a8ba802989db2d5b0c4778c54db24591df5fb2e361","300","300","71,81,89,93","71,81,89,93","True","tr-4511"
"train","4512","9ed0b2a250961b35b25ac4fed7f0b6d419b626110bd37327d5a1e15228bc6e89","3543","3543","39,80","39,80","True","tr-4512"
"train","4513","77d3d944bfa3d616c99bd5affa7ff6fb126dfbbb88fc012d93378d6b9ddca324","350","351","34,45","34,45","True","tr-4513"
"train","4514","745e3cfc88499d56c0887e9bca61dbcec6345e65beb54ded7ff78dffefcaa4bf","640","428","10,33,36,52","10,33,36,52","True","tr-995"
"train","4515","46c0f4c0071d519b14c239a5da8c676b9df690180068a45a8cf241071359b0d0","2048","1516","14,78","14,78","True","tr-4515"
"train","4516","437a70bc970d03597b01e69cf6ae35604cfea39f19861752644c18d79a24afb8","512","421","16,44","16,44","True","tr-4516"
"train","4517","0b681ef80fd61e52612ab8eb332fe986e5d0a1d88d084633aa9acf86c4bd2b1b","1000","750","8,34","8,34","True","tr-4517"
"train","4518","8329b7950cb4c018b51a77f97d0927551ee0fa8700938a346770ffd7c20f8a79","375","375","8,36","8,36","True","tr-4518"
"train","4519","796244788a1cf6abf8f23734516906c48e2446c84ac2bde3ee7f1e41cd3250c8","512","389","20,34,66","20,34,66","True","tr-4519"
"train","4520","f88e828986d1e9212228e92dc7c9e5675ae73e626b6a6a357a3ebaa4e193cd68","800","800","5,17","5,17","True","tr-4520"
"train","4521","0f0da5923b3263c7fcc8e2f2927f2414404808ef2fa90c162389d7df950af816","410","307","18,66,73,80,84","18,66,73,80,84","True","tr-4521"
"train","4522","c04c3ddf9b861e86d1b1685df482b374015a83f9e6937c3605631c7bc60f6c61","338","500","68,82","68,82","True","tr-4522"
"train","4523","96a7693d103a645e37c66d2936230033627f9591ba74c26e0f2f47443d14b2d8","1206","1280","45,56,94","45,56,94","True","tr-4523"
"train","4524","e7db62c5971547ab6ce799062394baceb450e59f7cadfb542effd2285d067284","410","272","22,25,81","22,25,81","True","tr-4524"
"train","4525","a538cc9a011125baa29939e0ea0f787878165695d12bf72baeecf3b27704b179","519","389","49,70,80,84,93","49,70,80,84,93","True","tr-4525"
"train","4526","f1a82e5bdbfb9bf843c3d572c6885000d7ae30b1736d0aaf8c09270a7ede1507","410","307","54,58,73,79","54,58,73,79","True","tr-4526"
"train","4527","e619e155a567842d0aa8f625cc48595f442c927dc78b86a440f7a78b68de7b88","480","640","68,89","68,89","True","tr-4527"
"train","4528","e54542139f1823883db08dd5708ffb1d90d48c7a28ab225164c465a30d7710dd","550","380","5,17","5,17","True","tr-4528"
"train","4529","ea8f72581f1a3650b58027b4463422687619df1954aa7dbf85803fa16a134d69","300","300","40,47,66,93","40,47,66,93","True","tr-4529"
"train","4530","2ef9ea7338d34186f893768290283a8c07e097fd2948b511400fa7a22004c30b","410","307","5,36","5,36","True","tr-4530"
"train","4531","269b99eeccc1a969d7174702586ea31ce72bc54e2d971c96a3415b810bda8615","642","428","52,54,89,94","52,54,89,94","True","tr-4531"
"train","4532","26ce51ff2a6965d1b33ed7dcf6f0a78de18ff3cfe2910c85036f6bf68e8641a2","300","300","9,40,44,45,48,76,89","9,40,44,45,48,76,89","True","tr-4532"
"train","4533","8235f483da9549a9010e2b10e496872b9f61e8041cfc77d3b9b619655c2753b4","307","204","40,47,52","40,47,52","True","tr-4533"
"train","4534","27962b0be80bffb5f6977183fb45c388d77eb30249cc0ff86c6ac94fc7288f79","512","384","12,17,29","12,17,29","True","tr-4534"
"train","4535","4eb96256a36b77d0898ba65604abecd9b0d738280f2c1510d8de318998c094fb","512","357","58,89,98","58,89,98","True","tr-4535"
"train","4536","d65c2184507f0ff48ff2f300ed106e4e958807d5dfe73dc1496d897f1558af69","512","298","36,47,71,85","36,47,71,85","True","tr-4536"
"train","4537","262e688e2bb7d76c3b47664c3a790029ba7f39ee0914c04e7cf2c13c9057c5c0","2404","2404","5,13","5,13","True","tr-4537"
"train","4538","5ac6b9a21675f68d91b5fb1096b58b3e326a80b572827fdf746e0cb315fe8d2d","512","384","71,92,101","71,92,101","True","tr-4538"
"train","4539","d8203f559e10399c095671a3ea77a7e03efcf37aaf2d44ccb045899d400c611e","1280","800","9,52,53","9,52,53","True","tr-4539"
"train","4540","fb6772445b7249fc760e117738a7425d9d175ec35617d35d5072a3ae0be431e5","512","384","66,68,85","66,68,85","True","tr-4540"
"train","4541","e4149e34553433dcbadff56ca4196d32d992d3ee71c560545f20a3ece76b7a20","2778","2779","55,65,76,89","55,65,76,89","True","tr-4541"
"train","4542","b782be4cd2609798524c6e20cc500036ff1dc73e5eded126505cc2e65b4a61ba","534","356","35,37,89,103","35,37,89,103","True","tr-4542"
"train","4543","cdfb61b0d1aed2b581af9bcabb621a30f40e968eac849f4a1f424dad693fc4ed","800","800","5,17","5,17","True","tr-4543"
"train","4544","b5704af8c9efa5e147d12b6c09ef33686eafdb8788ec77af5e2fcbfb064994fd","512","366","82,93,98","82,93,98","True","tr-4544"
"train","4545","aa7a96c7ca5d1b08836efa65cc88e516e24c20f68e6af4009e02833b04448cd8","410","273","5,17,26","5,17,26","True","tr-4545"
"train","4546","0fd814950cdb530e488d2bbad53492e7bd28077959692a7c6a94927c910944b9","512","380","15,36","15,36","True","tr-4546"
"train","4547","1358c3ee9a86cb1e1ba17153313f01dd0863214111f6b374f539a2e6f5d2330f","642","428","8,10,20","8,10,20","True","tr-4547"
"train","4548","d30db35d061bf54be1100715b8048556c8582f63d5d7d0fea47807199724a059","1552","2592","21,47,59","21,47,59","True","tr-4548"
"train","4549","f69d086ceecc731809528a79f81eb5ddfae67126fbbc68dc20a55b18a84a13ee","512","387","34,45,89","34,45,89","True","tr-4549"
"train","4550","d49990dd5f746d6f21b8756e584174a4b9f05f56def52a4b84783fd30060449d","804","1011","53,55,58,76,93","53,55,58,76,93","True","tr-4550"
"train","4551","440951feb964084f82cde846c8b18b26983b8bb8c0b68c80ff188d849b324e77","3536","3536","10,39","10,39","True","tr-4551"
"train","4552","ad23c89b2fce00a962db7db5129ed9868fb9d7ba65a603d4444550176be63d1b","1600","1598","45,83","45,83","True","tr-4552"
"train","4553","ca515c99d53e10bd26f6d8262f87d07a7315e3b914c9a620ff21b36840dcb2ff","410","579","39,58,89","39,58,89","True","tr-4553"
"train","4554","b34b4d41fbf5eebb90d3f2ad3ec7541d031023f007a7cd5e93b36f658d19fec6","300","300","10,13,20","10,13,20","True","tr-4554"
"train","4555","279d6ab80424c43db4e8ef1bdd55c36abe47f96c2ee0ec24bf3af90a07eb0937","410","274","12,36,58","12,36,58","True","tr-4555"
"train","4556","b8fa2b73ec08977267dedcfee26ea7dcc65f096624181ccfeb48d9e68d668727","512","384","1,5","1,5","True","tr-4556"
"train","4557","1249332a307d2b6d950073e9af224eab68a08b8192a7a25fedd527587e5cd349","2048","1369","25,89","25,89","True","tr-4557"
"train","4558","f8ca843cdaf0ae5135008ae1c14729c8811766eb18b44f9caaab47f25bab7956","512","433","19,85,86","19,85,86","True","tr-4558"
"train","4559","07d969de069d45ff53722d3c466b8115cdf72cdc9f84d0c5a29932e2421edf65","280","185","48,75,80","48,75,80","True","tr-4559"
"train","4560","492609e4252e40462e86b9c393fad3a6af2cbc6be0689f7351a92f3cad6beb8a","1600","2400","47,96","47,96","True","tr-4560"
"train","4561","d422c97d5477de1588e66f8586a10d9c6e2cfcc9baa7053bc8f4d00b991d49ea","512","384","52,71,93","52,71,93","True","tr-4561"
"train","4562","73e492717b4c604c195f9d77bbc8923c4172fccc8761fc6426976a5bdfbbf7b7","512","384","18,49,66","18,49,66","True","tr-4562"
"train","4563","5a3b811cfa1233b84d0905af73561db013e57bee1cf309e40459ebb54fdb3089","410","410","48,49,80","48,49,80","True","tr-4563"
"train","4564","60f1f113fe8a1df9d758517dfa2e06ac9c18b0131919e79469309669d6f7720b","1552","2592","30,36,37,40","30,36,37,40","True","tr-4564"
"train","4565","1b72c4357e7e09c3c747f999049b5db01d707182df375083903710e0a99f7887","642","428","9,73,82,84,94,95","9,73,82,84,94,95","True","tr-4565"
"train","4566","cc2354c62d4f9025663fce92b2494aef08648c13e0d11c29446f5d6afbc8ce90","640","428","9,34,45,50,67","9,34,45,50,67","True","tr-4566"
"train","4567","22c1f68ae00c0eed0fc334cd6d018c28b59632ae21fbc8bbfa262385ecc07057","307","204","5,9,82,94","5,9,82,94","True","tr-4567"
"train","4568","baab0981f997496d6617c971968839650a00eaaaeaaece0db3e82ace0fbf0ef7","410","273","9,10,17","9,10,17","True","tr-4568"
"train","4569","1f6580aacb78ea9ef2025a9884cf900ef244cf68e5559198ec066edc746f2ba1","410","409","55,71,91","55,71,91","True","tr-4569"
"train","4570","cbd96545ab194d7956eb89987a5f02757c6697ef72e5e16a6c84e10848619ceb","1000","1333","68,73,89","68,73,89","True","tr-4570"
"train","4571","1b2bf1db89f380aedb9466efff8eee95c6f34fee05e05a8830d5b300fb645e0e","280","280","10,17","10,17","True","tr-4571"
"train","4572","aa9f223b47c436743a6b93e3e916ea424820ad329371ebca22cfbc8568acf077","410","273","12,36","12,36","True","tr-4572"
"train","4573","fd9449b57e2a3adc7f25d5762e19b8f0344918c092e96a1cdfd92dab730325e4","1000","1000","9,24,49,66,75","9,24,49,66,75","True","tr-4573"
"train","4574","dffe22741e50847626e1521c7d9b1c23a5d861c384e78012bd882f05f6244bb2","512","384","27,58","27,58","True","tr-4574"
"train","4575","8cf9a103928f10e744e45d25c4b15ea8cfb4678ce5a0bfbf8c42aae57fb3cf5c","512","384","46,85,98","46,85,98","True","tr-4575"
"train","4576","c86097d921a687e7a337df525a823c1014f5714a6d3c3b48d27b70ffb7294032","2525","2525","8,36,58","8,36,58","True","tr-4576"
"train","4577","8ba26b2e4caac65c91a562246a2a18dd5fca16f68d153af61305118d3a7383d2","315","269","52,53,58,65,76","52,53,58,65,76","True","tr-4577"
"train","4578","b46ecf722ade977e70956d6992341cf48c957434fedb680c6b555e95adc84948","400","400","51,70,84","51,70,84","True","tr-4578"
"train","4579","7f3c566066308970f1b3603f370c36607b437a7db0bf65abb128d8c99a75295d","256","256","40,56,80,82","40,56,80,82","True","tr-4579"
"train","4580","f477cee558cb7fdcc041276518583820cc9162f403993e873df8fb04f31c8a1c","270","208","73,80","73,80","True","tr-4580"
"train","4581","19a24183c91f6b2793b2ea7f9dd49bbb532e68bc9226a987f079e572a1cfde57","1000","750","49,58","49,58","True","tr-4581"
"train","4582","40470b27ff7fb3e74f953a540b28d30904b59e5fbb19404c433ddca1c44fddae","512","384","5,20","5,20","True","tr-4582"
"train","4583","62386d928924d1015ae610f1c6bd7ce017cc3c20e0940c85c1fe0b86ba469166","410","485","5,17","5,17","True","tr-4583"
"train","4584","a392f497a19a381289b030e224800d64aa6f2d9b0a418b6b54efb19c5c07f9d1","512","384","8,13","8,13","True","tr-4584"
"train","4585","b1016b963531a4065e7d3e39242c2cdd6d2ae48a9bdb1386fcee7215a21f1fff","383","512","10,17,37","10,17,37","True","tr-4585"
"train","4586","b8129f459f8363a0e68c960c9664d0b5b78017d40a7ec56c4db4652cc119e41f","640","480","5,17","5,17","True","tr-4586"
"train","4587","dceb27cd870904b180ee3bb643576f435deb17b2531c01defe18345fae0b2db9","534","356","9,14,24,85","9,14,24,85","True","tr-4587"
"train","4588","d3ac0f1870a7fc776dc3ed56c40f94c159e97b946fee224a2d451f3d5567c16e","410","273","5,13","5,13","True","tr-4588"
"train","4589","4db61395baed2425e2c9982a00f494a35b5798fb652604edc415385ad4f14c37","512","341","5,15,103","5,15,103","True","tr-4589"
"train","4590","355df1cb623af82486ab33aad72d3310ad0d8faf3347c0fa84fd5f46748490db","256","256","9,31,40,41,89","9,31,40,41,89","True","tr-4590"
"train","4591","d147a13d08bbb5238d25f8e50dcaf4229c7f8e28e71cb121647b09f8135054c2","2048","1536","8,30","8,30","True","tr-4591"
"train","4592","353bc275ca91843aed7d57897b91b79699c4138063647dd64be17052fb6b9ffa","1024","846","40,56,89","40,56,89","True","tr-4592"
"train","4593","3d4fcf2445700b96f931c922222ffb0554f1d70f9e49c3ed6724282121bd4d29","4272","2848","9,40,46,58","9,40,46,58","True","tr-4593"
"train","4594","fddb4aff1168168e36da013288b24259e3284def5089be4a0b9b7804303b7dd5","703","703","49,93","49,93","True","tr-4594"
"train","4595","212488261463d201cee7b555f140f898346eedf6350d5c453034f50d2a0ef018","3264","2448","47,68,80,89","47,68,80,89","True","tr-4595"
"train","4596","a25c83e532dc4b90355b9a831262470238b67cc55804ac4f6d68b8dd823fc679","1000","1000","18,66,89","18,66,89","True","tr-4596"
"train","4597","c5a27d195f13985d70e8f573d500e65b883605c2b2886592d351a614e99b8420","256","256","8,36,89","8,36,89","True","tr-4597"
"train","4598","02491e3b31da7949bb9d9d47b38d252efd72be8a7ea4767ce306c30788aed659","469","428","40,46","40,46","True","tr-4598"
"train","4599","23461cd917a3facd29af09d5367f755b37cbc116dd192171c5dee68784229c62","410","273","10,36","10,36","True","tr-4599"
"train","4600","c4034da229eba2c33c403b9d73b19cf579d372e0aa7e48666eeb6d49492903b8","512","384","27,46,52,89","27,46,52,89","True","tr-1625"
"train","4601","896373f7550e662f61319b1f82a7a8016be4cf8a97c80833e8da15cbaf21d38a","410","273","46,85,89,97","46,85,89,97","True","tr-4601"
"train","4602","bb081c93fc4bbb8edf94e5836657957be9092e8d824eb430f21625b9cccb0a0a","512","384","22,25,67","22,25,67","True","tr-4602"
"train","4603","7b08102a045106b7a2c2c59304b281baadc6e6bff5bb120c0bceaa92aefa241e","1000","750","75","75","True","tr-4603"
"train","4604","6376915345da7e1cacc381d7a3d76235569e580c57d76ab924c44a6d0cab7df0","512","387","9,19,67","9,19,67","True","tr-4604"
"train","4605","781dcbece5b755421042c55e599c83c32a300ca053907255e6d8b38e3f74f67a","642","428","5,17","5,17","True","tr-4605"
"train","4606","4bc839a81fa3874816fae88655aa8ce309086ffc2c4c52577f3c66da5d2a78dc","493","550","8,89,103","8,89,103","True","tr-4606"
"train","4607","04730e4b2f3ef4a0090828b136f71ce2557ec93b600d75c9d8faa3216dd32b20","512","384","40,47,66,96","40,47,66,96","True","tr-4607"
"train","4608","7af810d094a378035e1563c41c8d171b3a1f492100dba15ea308f327f5458f64","256","256","14,44","14,44","True","tr-4608"
"train","4609","37ff972ccbb6f112c081e2cb45d3c8d29e6cc12428c4f6ee640b68e2850bf1e4","512","383","17,58","17,58","True","tr-4609"
"train","4610","87f84c8dc136e67f136c12534ce44ac1e97733b1d74ae9225cc1eb4cda371fec","300","300","26,48,81","26,48,81","True","tr-4610"
"train","4611","6ff6752ea8bfb0ee5d6c9db82b3182e4ea3d1dd94715376bb2b0e20a120d8cd6","300","313","47,55,91,98,100","47,55,91,98,100","True","tr-4611"
"train","4612","6291bc2e1eece479a4de314419011460731f9dc048b8763092b9cbd9d8f95f70","410","273","15,45","15,45","True","tr-4612"
"train","4613","cbbc14af583f9447625cb7d648687f657c9f7cdf7d49b239644e62785e18fc57","512","341","14,40","14,40","True","tr-4613"
"train","4614","140f90fa88c7ccabb28d35a74a2f84698605194287d47211750bd246166cf6a9","410","273","8,39,58","8,39,58","True","tr-4614"
"train","4615","fc746319f57c9b10714509a99cdddffe380ddf08332efd553ea4ff840e0084eb","512","384","34,56,80,89,93","34,56,80,89,93","True","tr-4615"
"train","4616","ef3f4bf8152b8c753ab8997940c2687e3d7462939235aeac928418c69c8031ca","2048","1364","50,81","50,81","True","tr-4616"
"train","4617","4226a0b6c16d9ef532b38925355116507933dc420c2124831aeee1a29a5f930e","512","384","48,73,80,89,98","48,73,80,89,98","True","tr-4617"
"train","4618","1c5080d457adcb25e5f9174d6270c12868085d89a52afc557f210bbc236469d6","1000","1333","24,76,92","24,76,92","True","tr-4618"
"train","4619","35aed5247aec68d25cf5b2c2a315e8f5c92216579caff0264540c3caacb0873c","300","300","48,93,98","48,93,98","True","tr-4619"
"train","4620","c400c07470f00d742e4d924f40fa17117cf3326771b3b11232c4ce950abb2fa9","300","300","15,36","15,36","True","tr-4620"
"train","4621","4119473217f89bfdca9035079701623c973b789c3bc158f27154338f90c431a7","333","500","58,81","58,81","True","tr-4621"
"train","4622","66ce30661ce3fd3348eccea32dbfc3fd66e5469e1d03d80db67d935b173a25ce","300","300","5,22,38","5,22,38","True","tr-4622"
"train","4623","e58dee69baa0ff9593065bbe07787cedc9284ddc004696cd43849e8757ef398e","442","512","12,36,89","12,36,89","True","tr-4623"
"train","4624","433ced77c7313977a96e07b57807efd17cb151e50e06ce3e4eb2c0f152c8d3f5","512","341","34,37,54,67,76,80,89","34,37,54,67,76,80,89","True","tr-4624"
"train","4625","bdbae458e1f6f8758fc299cc32d027ba902a2457ee68eb99334ea403603e591d","191","122","71,78,94","71,78,94","True","tr-4625"
"train","4626","95bc7b76a36a1a9618a482c818640b777fa707c008c51aa9fbc8325dfd182699","512","384","47,66,68,80,82,84,98,99","47,66,68,80,82,84,98,99","True","tr-4626"
"train","4627","904b8bd0c63bff16897cda1dbac22f883f3fad398163b62b615c5b47acd4983b","512","384","14,37,45","14,37,45","True","tr-4627"
"train","4628","7194d6fae4d4b120e4288fbf244680811c0ff345d8483c39e3c4326ad09bc853","2448","3264","49,50,58,82","49,50,58,82","True","tr-4628"
"train","4629","0d25a17c7e6498c364754a2f8c237d8d00ba4d966574a088270703e5dd77c229","512","425","8,10,36","8,10,36","True","tr-4629"
"train","4630","eb833acac83effa6e8f049ecaf2e8c376f2a8ac48f9b54b5f35aa940eccbf6ce","320","240","55,58,76","55,58,76","True","tr-4630"
"train","4631","840c8098c75bdefa9db129a4aaf95c77e6fbf33d389aca6a0d82e7c9190382ee","512","384","9,40,49,80","9,40,49,80","True","tr-4631"
"train","4632","abdba5e70db2f71fbfa4e2ed59c5cf0a5fb7341f5a4dc44db8180da1a0e2edb1","640","428","8,9,34,48,67,73,80","8,9,34,48,67,73,80","True","tr-4632"
"train","4633","3358c27190987c4d7243eed52691c96932da5c00e2cbf854e7772812b1b07311","410","300","10,31","10,31","True","tr-4633"
"train","4634","94e3a53e120cc27d1bf78ceaa9304d2fa69eb8a125aaf2f0d48a022e08493a48","410","274","5,13","5,13","True","tr-4634"
"train","4635","3b7a2062765f5f841eadbf8b106d5d9553986c564975caaddeccc46863d160ba","2321","2321","79,94","79,94","True","tr-4635"
"train","4636","201348700ee9dadeb31630a37c84295f264fc051373d2bb96da352a8c3aabb4b","512","460","17,41,58,103","17,41,58,103","True","tr-4636"
"train","4637","25b6e5cb4ad888dd622239e43bdef4746ca83ca3ddf523f6074fa747635c51ff","512","340","90,98","90,98","True","tr-4637"
"train","4638","e6040c37b80ae98f3e307b4a16f9c13d5521bc72f81a77a949d2ad14b8a26be6","280","280","85,98","85,98","True","tr-4638"
"train","4639","952ca42ee7e3da88b4b6476b381b84d0fc68960f799f64f780c97262119d87e6","410","273","10,22,36","10,22,36","True","tr-4639"
"train","4640","44c486272ad59f6a2cb8353970a2c5738671561698ee242cdc5497bd98432ab3","642","428","10,22","10,22","True","tr-4640"
"train","4641","fb392500951a09c7598f43f526df47cd88401e8916431425d3971ae30692979b","550","421","68,76,101","68,76,101","True","tr-4641"
"train","4642","2f1581db55c3f1e7e22453427a7e3ee3796e00e59008a0c137f82f5c7c0a82dd","401","512","15,29","15,29","True","tr-4642"
"train","4643","39c5a098260b598c91c8317ae16b5e46b2790468d6691324415e950cd90a7d7e","2448","3264","12,27","12,27","True","tr-4643"
"train","4644","003c36520f55a06dc6d4b250c6dc91a053a2e3610a61e93989164b240ad74c73","2160","3840","25,34,84","25,34,84","True","tr-4644"
"train","4645","eff0e729d12f9cd6d7c3fa71f98ba273a9411735abda16d112ff0a5d3b3fe1dd","280","286","68,100","68,100","True","tr-4645"
"train","4646","caee2ba19079d002ded14adc726d302ed11cf4f1172b7e60275fafb939fc392e","3606","3606","51,71,89","51,71,89","True","tr-4646"
"train","4647","b590a42a31de0830a67ac529af7aee18374a569e64618403deedb8dfabb5149c","512","467","66,67,85","66,67,85","True","tr-2087"
"train","4648","0f3918f9111ecb6f396d09c54d0406fb66242b58db780ca16bb6bb8fac07a10b","300","225","20,72,87","20,72,87","True","tr-4648"
"train","4649","99f4b387c766ceb862a668331ef4b116b05b05bc855da6a2a78f68bbf00b8874","279","350","10,13,44","10,13,44","True","tr-4649"
"train","4650","77fa387ed0edc0aa3e198a9e37223a9544a82a9b7b7a08c6fa1034226d99ef20","640","480","5,8,22","5,8,22","True","tr-4650"
"train","4651","7ea47e112d88b417f9f942cf97d744ca185fcdd94ccb91bbb09514bedde69749","410","518","15,17","15,17","True","tr-4651"
"train","4652","da7928008147381ab2c94d881d3bc24703127b0026d79309a5e2bf5afc2cf2c2","1938","2584","12,40","12,40","True","tr-4652"
"train","4653","6eae7bf694b00ff312369335a50ff62b41517e9bf1573e321ca6518bb83864ac","640","428","14,40,47,66,76,93","14,40,47,66,76,93","True","tr-4653"
"train","4654","c406b8a3705d2a32eb0d47131cb96a09ca1f45b7a19331cde872a3f8362a4c8f","280","280","10,17","10,17","True","tr-4654"
"train","4655","847eec483e1357fb2165c548b857aeed6f6c2f35cfedef7025d034603043c413","995","708","8,79","8,79","True","tr-4655"
"train","4656","bf18e157211abdb0c57b9097f3a72a5ed5c774eec6ed4d42c201251723212b00","355","512","14,37","14,37","True","tr-4656"
"train","4657","f46fe94c1f509dbf99a94d8efa16a463533090b1286ec5c6d8b6a32326fce747","512","384","14,36","14,36","True","tr-4657"
"train","4658","1017080d193b2c9bf8fe30a76269e4ec82f3c8115bc28a6716c832e624745d21","256","256","31,40,58","31,40,58","True","tr-4658"
"train","4659","f16eabb0f20a50b370d094a864ff62b6772e2e1fbff54a2b4e75ccb4b7b6fc7b","410","273","10,36","10,36","True","tr-4659"
"train","4660","eafb0d7336097d2bc3aa65f80a702bc1fe33189c617f58a4578a3371de4b36f2","3840","3840","49,70,76","49,70,76","True","tr-4660"
"train","4661","aac69bac77017797be5be38afc9f629def51fac47f6636aeed43d318424f8143","307","204","12,34","12,34","True","tr-4661"
"train","4662","bd7f54b7207dfe12d45aa3dd1958e34ca0d6e37601fd388a81c9c6cd8e196f15","410","409","5,31","5,31","True","tr-4662"
"train","4663","38b7f45ef87ac376b8e550e5a6b9c64017ad35be55c6fc7d9449d9974bce55bb","620","460","40,54,89","40,54,89","True","tr-4663"
"train","4664","352c163aaa3ad9e4abe04bda1b068fe5375eea10d2ad22401fbdebf8764fe762","2339","2339","11,55,58,71","11,55,58,71","True","tr-4664"
"train","4665","c7a1bc70a8eb59e122fefb0af83ed92d346a0965da7318fc77431fc9309d9709","350","275","25,51","25,51","True","tr-4665"
"train","4666","8f505c8baf1ec986609ffb071a065971da35e80f3939115f955330efd7f03317","3844","2563","38,47,89,93","38,47,89,93","True","tr-4666"
"train","4667","2a6c5ecc49358a09c620d5dd6f216e2235e8c02825973f3c803703f84b261517","512","385","13,58","13,58","True","tr-4667"
"train","4668","ec1b2c9d9203c75ca583e01c0f42452db8b90ee0d9352eafba7b9a99e1f48b4b","3264","2448","36,54","36,54","True","tr-4668"
"train","4669","2eacdf99afd11a14cd3a5d09aa624227a69b73afab1594cb595cc6d1e5dcf564","512","384","8,9,81","8,9,81","True","tr-4669"
"train","4670","38beb35aca6fd6ece02b284e146adf955c7b1c9f8485a29cbfba78cce03c4089","300","300","56,79,89","56,79,89","True","tr-4670"
"train","4671","4818e41abc4a0cf00da82e8de480129c65dca1ad2b4817bae6fb19495f7808ca","1412","1000","9,35,47,81,89,93","9,35,47,81,89,93","True","tr-4671"
"train","4672","0a31018968cb4fc98f86975018e219a5af5f478a45debf8404869322c21ec693","295","500","27,67","27,67","True","tr-4672"
"train","4673","b9ef407f47654113efb36a5cd422908add1be4d01deff1536f4e3845321bfb96","512","299","31,36,40","31,36,40","True","tr-4673"
"train","4674","7fbcb8d0ca36dc1dc934fe6f3543212e607e73271443167871e362679472b848","512","384","9,47,58","9,47,58","True","tr-4674"
"train","4675","ba40024afce9b456c1e4a81e00383c98abe42b7a6399e4f11146bf82ae4fbfbc","512","442","56,64,76,94","56,64,76,94","True","tr-4675"
"train","4676","c5e6eb998fce08c6715abbbfa0c12d8713a19a642ca4f6ef73dbf801181683b8","512","460","9,40,80","9,40,80","True","tr-4676"
"train","4677","88c03019ca0b097c23d8c90f883776cac78e86fc18c136c6dbf1b9145a5a55db","512","441","21,37,49,84","21,37,49,84","True","tr-4677"
"train","4678","2c2937739ae6fb952aca2c202149030191a10b0de53041ff913c4568e427fe52","642","428","13,58","13,58","True","tr-4678"
"train","4679","803fc0c0a41ce39e7e62132d41b391389bd92882b1725084adc781be52971d88","512","384","19,30","19,30","True","tr-4679"
"train","4680","3ea99f00c1e88e6bb034a2e2c428f8fbb3aefc7db37bfd0b586df5c1a679e8c8","512","384","9,19,41,58,89","9,19,41,58,89","True","tr-2404"
"train","4681","06ad20dee97a24d7abfadc41f1cd9ff633fcd86c11fb335996d3d9859ddedc9f","410","410","12,81","12,81","True","tr-4681"
"train","4682","4dcda42d322bfcc8952febc899df4f24ab3d52817781b0d8ad9799cd9268658e","512","341","84,85,97,98","84,85,97,98","True","tr-4682"
"train","4683","16816bf243ae01ecd01c7544de16769a5983d28ae0c0895f755ddeababc373df","410","307","19,42","19,42","True","tr-4683"
"train","4684","130f7119dbcc1a973858c4eb5d8d493fd54d54709f86c9640c3f820764d78a19","512","384","14,36","14,36","True","tr-4684"
"train","4685","8fe436f8553a99734166dece03dba6e21080cb7ae6511284c93bfc4bac384df5","2322","2322","55,59,73,80","55,59,73,80","True","tr-4685"
"train","4686","72309c123f5b44201ace80acf9f03f5ea2230824130bda5f9aa40237ae54bb57","300","300","66,67,89,90","66,67,89,90","True","tr-4686"
"train","4687","dfcb9f359ffe6ff3702f6ecf319cbd240b757be8351ec49a660f5bb89fdf5fbc","410","410","12,17,29,36","12,17,29,36","True","tr-4687"
"train","4688","70f715349ad39d891b7f0f07188e67e2e05e948e189a486f2e2f6462b51ac94b","1280","800","11,27,89","11,27,89","True","tr-4688"
"train","4689","e62649aae82d818ff798d2d7913bd0ae96968ffbafdc328d20ddab9a43ede32b","512","384","56,68","56,68","True","tr-4689"
"train","4690","aacb8cf730cfb105bdd6b7ad4044c238a7d2ca98369320bddbae77a2013a0e71","512","384","11,49,53,55,56,70","11,49,53,55,56,70","True","tr-4690"
"train","4691","5d648de25c4ebc5d9008483f21db32dc00a36cefce7b56acc0feb25021b0c189","400","400","8,13,58","8,13,58","True","tr-4691"
"train","4692","195de0a95b96187eab2a3ae5bf52f06c6f48fc995bad899acf15be1a73fdef18","410","200","12,36","12,36","True","tr-4692"
"train","4693","d4c69d146d7d0c82953c4b325bd076e1588526ab27a8bffbabe7d59b99ff98f1","2000","1333","32,34","32,34","True","tr-4693"
"train","4694","f8213b665cc29340cc2ba068c1fd76abd1708d88e5c20921bbce3e4b06fc3253","512","384","5,13","5,13","True","tr-4694"
"train","4695","a640af8e3b0c2433907a81321fb250371bd86f630038345ece40cddd9bd22509","512","384","5,22","5,22","True","tr-4695"
"train","4696","e3275c2b1f7ccea48c5717b2b8d285f10a7e124c9da3a2acccb50f47db98fce9","375","500","24,73,89,97","24,73,89,97","True","tr-4696"
"train","4697","e1ed4e98d25fd581ceb09b42632555741cfea3c6f20cc89b15f33293f1742e21","512","398","22,85","22,85","True","tr-4697"
"train","4698","481fe31cfbe3b541ccc18d27c9d8e991267ada10a207db5d162f4964bbc4ce17","512","384","34,56,89","34,56,89","True","tr-4698"
"train","4699","f6b95089ff1a8e101726b6670f8ebdd3bdc051aefe9c43d122c5cd565c7a0ddc","3744","3744","46,84,89","46,84,89","True","tr-4699"
"train","4700","749118e54447c57d946b4bd97206338a8bd958c186e0b61b7275f85955793b33","512","315","8,17,48,89","8,17,48,89","True","tr-4700"
"train","4701","fb31885ffc24d64e3f6a363cbe0de6ad6299fe5a705274b7dc774f5c7c1a0b08","410","230","37,68,89","37,68,89","True","tr-4701"
"train","4702","9ac16fcc8d159bf46e7c6c045e8fef3c72ed38ae5aeeef87d7fbf04409af4e9e","1000","750","97,98,99","97,98,99","True","tr-4702"
"train","4703","2698dbc0ba73b5cb4439a6506e62d20fa3ae87d12fdf1f6f684ab2a42f4fc910","512","384","34,48","34,48","True","tr-4703"
"train","4704","dc582f2ae6c5a0cadb0a464ffd7d16e65f5bc50510975ee8fdca8d30e7148dec","512","384","5,17,52,67","5,17,52,67","True","tr-4704"
"train","4705","96ed168d64da9e58227e1da1099fbd16915d3c39d08af277418fd4bdcaf46dcb","512","384","9,12,35,67,68,73,76","9,12,35,67,68,73,76","True","tr-4705"
"train","4706","85238b30e3b1fea11a41aa0141384bcc03d5c116ff53d5f98a72f0dc398a8d03","113","170","9,24,36,58,89","9,24,36,58,89","True","tr-4706"
"train","4707","771d7ad35a4c6a217282122425e110178f612642ae2e6ea4efe057110c1a1eff","256","256","34,48,64,73,76","34,48,64,73,76","True","tr-4707"
"train","4708","ff40bed5585f840fc4e41b9d88b85d1e470284d5a139bb9b3ae34578f181eae7","512","345","52,68","52,68","True","tr-4708"
"train","4709","262cc386d49adf2e5c6f6fac29c82c60dcbaa16b06f5299d3d6d50d9d63ce5dc","410","273","9,27,52","9,27,52","True","tr-4709"
"train","4710","2520def1ec26e712b785537c48ebb80396b1676267e309a42dc935400bd5b15b","2048","1536","8,51,52","8,51,52","True","tr-4710"
"train","4711","1be84e54e7a3d0b9d84bea43dfdca73150eb310fe62e78b632424e3a45cc22df","451","408","68,79,103","68,79,103","True","tr-4711"
"train","4712","dd8044b4a8fc870c54d7b6daeb8738c10f211ebdf9e5640ff444d82599d7cb0c","512","384","5,8,52","5,8,52","True","tr-4712"
"train","4713","29306eae5cf8c46af3dd66d9223ff07a5044c8888489082c349821b01115bd48","512","384","18,66","18,66","True","tr-4713"
"train","4714","255ae0fd7d0934c9443368a1e996ddf94317c4fa3ee21249a4deb2ff06d75471","512","448","8,31,40,80","8,31,40,80","True","tr-4714"
"train","4715","1034e10e6cb3f8e3435045582226c8866ba403dfeaff21c56620c2ef6850b220","512","384","4,5,6","4,5,6","True","tr-4715"
"train","4716","54a20f2a7da42b10d27361ed748fd7d0bebf921f5c1194f8fa6d95bb9df4ea78","1936","1296","8,36,66","8,36,66","True","tr-4716"
"train","4717","36a97dc3c181a6dbff0459265b9a2cea9a1da28607e95cdb14dc6570e7d68a7a","307","204","6,19,20","6,19,20","True","tr-4717"
"train","4718","6a64e6bf2231395a87ecceb7879b083f9e31c09276d4994f49dad234b0e7fb6a","512","334","9,39,58","9,39,58","True","tr-4718"
"train","4719","3babf06538ca0f6eb457a1f46c0be6e7f2e30cde79b03a8d45f9d8cadb2a17a7","2000","1333","8,11,27","8,11,27","True","tr-4719"
"train","4720","a64ce735fd90c2d47241fbe19cc4df0b884f0aa871e540dcb668cd9942a1359c","4000","4000","70,81,84","70,81,84","True","tr-4720"
"train","4721","0d2d302e75dcbe0754c4d1a4d9f18811713f7d2c2b61f856c3dbc7c2117fed70","280","280","10,17,58","10,17,58","True","tr-4721"
"train","4722","abaa6c93c9aca5e645ccaa45f68fc11347bed3c2c19958ac7cf13f5562ee63fb","256","256","3,17,58","3,17,58","True","tr-4722"
"train","4723","eb91a9af882c3d34fe3dd37ee0fbd0e2d85b9cd90ab2a2c8fb8d4d7d39d7a784","410","382","1,6","1,6","True","tr-4723"
"train","4724","d9ae3af2741f4555592d40c290ad93d427fc912095b67e22c4c21966dd39145f","299","350","37,53","37,53","True","tr-4724"
"train","4725","ae20afdf2b5940064c2639a7e8e1f3c9a781e6259c5b7ac04cc68a2c4d9ae597","410","273","9,10,81","9,10,81","True","tr-4725"
"train","4726","3b0c175c548ee931af10414026ea7fb0458dcaec838c6e3f6fe66904761cedab","550","377","58,81","58,81","True","tr-4726"
"train","4727","f3ff1eb083bf92808068a0c50ab361be4bb038f5bf5e13a6670b99957031807e","512","341","9,49,58","9,49,58","True","tr-4727"
"train","4728","3b97443bb6cc6fca048fc7eb91dc034bde46707e06ed80b7630b8638581665bd","274","350","40,70","40,70","True","tr-4728"
"train","4729","555d5a3bb5503a57fff327b13e3b7ace1a8e969b547331b7854c0731cabd05bd","512","384","32,34,38,42","32,34,38,42","True","tr-4729"
"train","4730","f79f81817e337218c885e1139fbaf9e044c24df900307573108cd6e9930549ed","534","356","51,70,95","51,70,95","True","tr-4730"
"train","4731","85ba5f30e68e4ba1d465c6127b184d1ffc9e03ca14263a79f31d5a4058ee8610","300","300","45,48,59,82,93","45,48,59,82,93","True","tr-4731"
"train","4732","ea7497a1d6d0c99b152a2a8f5074cf3addfe306a147aa7893bb729e36f625016","490","735","10,37","10,37","True","tr-4732"
"train","4733","4ccc9ac2918b82c00543c09ed3c5c030ede9495be3b9c7dc95aa9660c7be4c60","410","306","1,5","1,5","True","tr-4733"
"train","4734","7c52c4ab05f0ba183ece045eb542831078c554025465f0a806355ea9a19f2db6","307","204","1,5","1,5","True","tr-4734"
"train","4735","6d5cba49d1c9a6fdaf43eab149e315d9354e4978fe4d041206a65f69d7aa0d87","820","820","4,27","4,27","True","tr-4735"
"train","4736","7464796e4c3dfa812bfc44cd5340ca16f335abff3d91af179c2d945a03a54ad0","512","384","30,39,89","30,39,89","True","tr-4736"
"train","4737","1a86e868092917caa4c255bc38f8a793e713b067a25e248ae06d99ee37bf17c9","410","459","37,44,78,82","37,44,78,82","True","tr-4737"
"train","4738","734086a15fbc4dbbdd749915d73767f27b7ade2fdcac8aea112d6c9753c455ad","256","256","12,36","12,36","True","tr-4738"
"train","4739","4e4eecd6ccd775a042c58eea1078dd7736db348c103b614f648828e072c2b76d","410","307","17,23,28,58","17,23,28,58","True","tr-4739"
"train","4740","77b9e554c3abe830ce4487f6c0ae2cf37e906c8325bc4b238320ce5b5c850088","1376","1376","49,53,56,84,89,93","49,53,56,84,89,93","True","tr-4740"
"train","4741","2d69f1a5870b66a5a7126967697ee636e61d20abe000f625e9cdcc3216caa951","410","273","5,8,36","5,8,36","True","tr-4741"
"train","4742","c24960727657dcf153546c180b07193388d053bcc2259292a350566cd8c9a1ec","534","356","12,34,94","12,34,94","True","tr-4742"
"train","4743","1e5425138d128eb1a571924aacd6579c6b01a223a5f684ac866a9a92e6467077","350","279","55,56,65","55,56,65","True","tr-4743"
"train","4744","16b86e7d1bbcf7675632904bcec318263e42bc2b3c402b10277a94198db1a941","307","204","5,9,35,49","5,9,35,49","True","tr-4744"
"train","4745","7a3401e36213ed7dfc2c58656375521ce80994672d77bf41ec0733d798e4d4f2","400","400","4,27","4,27","True","tr-4745"
"train","4746","f46816c3af480182c0af2c76bd84048f40ebc4955e439da89e659bac43f064be","512","384","45,82","45,82","True","tr-4746"
"train","4747","fb30efab58fff4a9a4269461fd0b91a3eafb3ad27e825ede12bc61fb48ee30bc","410","273","8,36,48","8,36,48","True","tr-4747"
"train","4748","98b242319c941053be80be01320fbe6d27814e5660338c4bacbd725b9cedb6a1","2340","4160","37,40","37,40","True","tr-4748"
"train","4749","ce1146210405e9f4fd2a369f4dd12decc758f92ecdd62fbab7a535ace2ecdc89","410","273","8,10,36","8,10,36","True","tr-4749"
"train","4750","e302b6392ec0628ce125d7a7ff1cf6688fb1da81ba9363669f7f865684b4bd11","300","300","20,22,52,87,93","20,22,52,87,93","True","tr-4750"
"train","4751","55dc6f7df0d3f60c8fdc037a2ab3c58c58ca183cdd304cf54d97358169e89511","642","428","30,32,40,41,42","30,32,40,41,42","True","tr-2988"
"train","4752","13e4de9848b7ebd15242e9117013b9325618a8087e6ac0d8567297039a4306f6","200","200","25,80","25,80","True","tr-4752"
"train","4753","bb7d512935da5a463568ecca8582068fbf17a195c6acfe1e62a75181d600094c","2121","3771","58,98","58,98","True","tr-4753"
"train","4754","c5032064a460e441303e894219dc1a24ec71af7ef34feb1cbfdc0c9a75187ab9","410","298","26,47","26,47","True","tr-4754"
"train","4755","8afc146c21de27befc64195adbf5476e4efc9336de058449082476fa4bd55d7c","536","800","16,37,44","16,37,44","True","tr-4755"
"train","4756","6722c3a0acb15607a798c691dc0dcbb6d4f35ec47088f2fcfd618fc64a3fa205","512","384","17,40,54","17,40,54","True","tr-4756"
"train","4757","be53b0c2fb03c78eaa6404c1b169f63c99aa7cb6ce4cd29a19f0ac25d086aec5","512","384","57,58,81","57,58,81","True","tr-4757"
"train","4758","843fea116bd2b937be61f61b6aec82f0cb11240ab46232b6616220041fbc8373","410","251","10,39","10,39","True","tr-4758"
"train","4759","ba4dac18b6e54c498f883e71bb8efd43c38863a8cb48e8657ae85d7c90f8500c","960","540","68,76,89","68,76,89","True","tr-4759"
"train","4760","7d957cde5dc213cbb83d3d258e5c145999f0cf70c4710f8f14e779d4f0770e8a","410","273","18,28,29,34,89,94","18,28,29,34,89,94","True","tr-4760"
"train","4761","e9dca3cd3fa57596592fe28ff9b84dce451136613368e37a483324fcfe25c97e","410","317","15,17","15,17","True","tr-4761"
"train","4762","f4517ab923d1eb088088b7f9feb5ed2fe6d5ba8f864485caa5116fff0f790aa8","512","384","40,45,89","40,45,89","True","tr-4762"
"train","4763","5640e58db12b9de8be95b30d941cd4945054bba2833c4dcca8eed3d47036e90e","512","384","14,25,40,84,89","14,25,40,84,89","True","tr-4763"
"train","4764","c97c4cce050e712aead0ee6dadaffc3e4a362d3d0f897c11aee2b16d3588dd36","315","315","11,15,38,78","11,15,38,78","True","tr-4764"
"train","4765","780c401f4709559e31c16cf60747cf367e8d686e2e931e59e3edda6234f31e12","1224","1224","40,54,66,80","40,54,66,80","True","tr-4765"
"train","4766","ae452b006c6823aa3ec2a0c1383d1d88e3e7f87f8618191b4bd54461918ef687","307","204","8,49,58,80,87,94","8,49,58,80,87,94","True","tr-4766"
"train","4767","f5a8d55f082f1a302455cb5df90dc9618c174e321c41bb374ca33bc1200a2332","550","365","73,96,101","73,96,101","True","tr-4767"
"train","4768","71d8c1ac1d80446ab9e591c9fa970a4f68a8fcb0583cb83bce10537d99d39ea8","2400","2400","76,81,94","76,81,94","True","tr-4768"
"train","4769","761e7f1fb26bdd403f4afc43cf8739a98d3bfcb3479dbba27eee30167bb00398","410","271","5,22,26","5,22,26","True","tr-4769"
"train","4770","02c8455091e16926b4e8beb916a1f02b22bbd7c37e5547245bc7121f2aa75857","410","614","11,43,45,89","11,43,45,89","True","tr-4770"
"train","4771","1735ed8d7f85eed8f46b9b3ac00c7158d975ec1dbd082b2f5ed98ecd3e03fc68","512","384","9,90,94","9,90,94","True","tr-4771"
"train","4772","2a4ad2fa9c7cc2cc145f64abab890f735d5e445e8650dae02dbd89456cca85ae","300","300","8,36,39","8,36,39","True","tr-4772"
"train","4773","0560f0d66fde5578194e534cbb69f9c99af9ef1a765671d7029a50d711d80c2c","400","400","46,66,71,85,90,93","46,66,71,85,90,93","True","tr-4773"
"train","4774","0fb7df003aca9009f5c07ff3783eb27df2f297ffe5d7715981e6df4590b45ac8","256","256","19,48,66","19,48,66","True","tr-4774"
"train","4775","b8888cd0da82221f291317679007624490f2f5c4fa2a4b70eacc62c729d743ee","512","343","27,47,89","27,47,89","True","tr-4775"
"train","4776","f03653f50fa47daf928788c23e41753c405b31c3df7b93d97c5ef51a875bfaf8","410","294","1,10","1,10","True","tr-4776"
"train","4777","9af8c0d143f1d408cdce8bb8fa3c24897f19ec39abf8a16e2ce6624909d26c53","2549","2549","8,36,89","8,36,89","True","tr-4777"
"train","4778","9a52e3cf5dc6b8130dcec9364663c19aee30b9175c052b7d198f354dabe958e6","280","280","5,17","5,17","True","tr-4778"
"train","4779","199ffbaaa0952943a7ed536ffed9a6989b9e334832bc86eb33a5aae85aab3760","512","384","28,66,68,75,82","28,66,68,75,82","True","tr-4779"
"train","4780","b179a72c89fb9332cf804735c7019d9b107e9c5725ee10283e90ba01cb5371a8","1996","1330","14,27","14,27","True","tr-4780"
"train","4781","35c0bbdef8a61112db9ff984f559f3dc3e6983a23607b5a36c03290862a487bb","410","410","49,65,71,73,80,93","49,65,71,73,80,93","True","tr-4781"
"train","4782","6dee6ffb187eedeae71a57abe693f01300aba0eb0b5a59b961e0dfa8c3921b6b","256","256","89,93,95,101","89,93,95,101","True","tr-4782"
"train","4783","322d39e291f5b9758dd3a871ff0c1ab2378410c566ac545bc421f844f9f144c7","512","415","6,81","6,81","True","tr-4783"
"train","4784","4beb801a02544e3d76d45f6ea9f98bc387e86f39dea9b6151cd8280186e2da07","410","508","6,8","6,8","True","tr-4784"
"train","4785","7f52a217cb1faf088172d093d76cbdbfc6eb9ffc51353ed9119f14171848e153","544","408","55,65,71","55,65,71","True","tr-4785"
"train","4786","23e344bc4500b9dbf19bdb0c843e792ece3740084546faa26aebceead67047a7","1000","1487","57,68,76,103","57,68,76,103","True","tr-4786"
"train","4787","e2b4fee609dd97e90434f7d55a5d78214b729d929c109840bc05593381002c46","280","210","68,74,86,89","68,74,86,89","True","tr-4787"
"train","4788","6e7c0c8d38caece8bb996c522eabf06d12d1348a78ceb551c1d60ad1698287ce","2688","1520","1,6","1,6","True","tr-4788"
"train","4789","a1189e4abf0bcb4bb73d711082754ea82f2085e63e6ba30141fd95c5924ba6f7","256","256","15,40","15,40","True","tr-4789"
"train","4790","ba53639b6e15dc64e63a0fd0fd4b65891abe0bd9399404b4cd6c347345b11a76","256","256","68,84,90,93","68,84,90,93","True","tr-4790"
"train","4791","83c0156db51de16023e598699f0167f5389d53a3b95d19cbf03a913dd2fedaed","550","367","65,69,81,93,94,98","65,69,81,93,94,98","True","tr-4791"
"train","4792","a64ceece1893d948915fc65e9dc26c5c8acae101c0cd2a723e84bd99e1f25c57","642","428","3,5,8,17,31,36","3,5,8,17,31,36","True","tr-4792"
"train","4793","b64af001cc8cdd28adc3240557870895e72d8fff7d979b57db6b0100dbb22106","410","272","36,58","36,58","True","tr-4793"
"train","4794","c61efbb8818547887b981abdf345633c247e1142cb9bf1423820dbb4f9df52d6","512","384","22,31,67","22,31,67","True","tr-4794"
"train","4795","3a599dc9f102db4616d1703d4c5c0522118159da6b3d3c167be6150eb18990d9","512","384","22,80,93","22,80,93","True","tr-4795"
"train","4796","4dfc3cf6615f03698ff3623ada86ac44f08a4f53ecc10ea2765dd37fa33a8f82","512","384","37,45","37,45","True","tr-4796"
"train","4797","83907b7b1dae319281c34cd04e5b15e0804c33eb792de3b64807599791be5ecb","661","440","11,39","11,39","True","tr-4797"
"train","4798","693913c546089e9113b11883a1680ec249b2a709831466adff4bd8c270d2f42f","410","319","11,15,37,78","11,15,37,78","True","tr-4798"
"train","4799","4a4f0130a2a030f0878067e54c778287ea8d45f68b2aafa04ea71e40e7bb872a","300","300","34,37,48,94","34,37,48,94","True","tr-4799"
"train","4800","a97cd99b0d5fb6b09c63099d6a642814bf981fc698b2c345c3e9a7c656b8a627","320","241","4,5","4,5","True","tr-4800"
"train","4801","35838c95a92f4156e2e4a7518c5c0b246cad09ec6875a01b282b39760848bc09","900","1200","95,98","95,98","True","tr-4801"
"train","4802","060990757db8387adedd51cb7591e111f7a9d296071e1f8513003850c6a8e287","410","641","14,34,44","14,34,44","True","tr-4802"
"train","4803","747e925654596162be3e2c0ac273e556ab4d23a22e87026325a3083e9d09d1f7","410","231","14,38,89","14,38,89","True","tr-4803"
"train","4804","909be0ef4fa411ad8ed397496c38bcf9bc188394319e5c8d40a205abe5205087","512","383","3,34,37,73,83","3,34,37,73,83","True","tr-4804"
"train","4805","0e23beac929d15779829997aec250181097f59f37d76601a01313649d5812baa","410","273","5,59,81","5,59,81","True","tr-4805"
"train","4806","cd503587729080da3186550470c7e3ea610cbf68496806ce6d70235efbc3a803","512","320","82,93,98","82,93,98","True","tr-4806"
"train","4807","feb14e5f4efc9907905b8777ea47a65b76373eb1690a0df89a11ab6aa1546b10","512","378","38,47,96","38,47,96","True","tr-4807"
"train","4808","62f3c5123183f43cfb0855c1bcda5c776c32b71fbb2e20ca30601fe06105093a","534","356","35,52","35,52","True","tr-4808"
"train","4809","734df0fb642fd5274f439063a468ecba9e27a4fca7cfa989e11f5b0a165bafcb","768","507","35,39,47,49","35,39,47,49","True","tr-4809"
"train","4810","7cdaea667f0cd2b5f39e34f8a307d09c2269433651867a5f5098e97e641224be","410","273","9,39,47,58","9,39,47,58","True","tr-4810"
"train","4811","bd62a7c946169481ec134b5d1dc591ce9ed285c739c2cd8dc9c15aab61d2e052","256","256","46,101","46,101","True","tr-4811"
"train","4812","e39a6a514a777d3a64bd993342c53c2c0e1509a916d6df75f6ea56145b54f587","410","274","38,58","38,58","True","tr-4812"
"train","4813","1127bddb0edbf2973c3e3815a1050dedfbae59c01fecfa652d68a4ab1079e7c1","400","300","46,49,66,76,88","46,49,66,76,88","True","tr-4813"
"train","4814","e02985b2feb169d653f378455a1787a06a3e0ab24acc8390a296ffc42f3726cb","256","256","45,47,67","45,47,67","True","tr-4814"
"train","4815","40ccee90504abc1fa0dbbaf0a29fd088aa9cdcfaaa5c045fd15c2bb34756e7f5","512","326","40,47","40,47","True","tr-4815"
"train","4816","67ad6067734730b1265f490653374ec8832f206e46f57ea29d33f67a1ea78c6a","1536","2048","35,47,89,93","35,47,89,93","True","tr-4816"
"train","4817","8003d96280cb75fda3e58e86d1cbb897871bf06d4cd1ef202465b54414c6b1e0","410","612","36,37,70","36,37,70","True","tr-4817"
"train","4818","ae43e0dcec8a92e116610d01ece2c23de4960cc2607e1cbe65872cffe6d0acd1","256","256","66,68,96","66,68,96","True","tr-4818"
"train","4819","9d5a0480bb1958bb6d775ef1771faf70fdfcf23248c527dad07544038cca07cb","400","300","10,38","10,38","True","tr-4819"
"train","4820","b0ce58a58dc039d836c80652b73f242e84b51bd3eb0beac4c41d1a422a6fef1c","512","384","10,32,37","10,32,37","True","tr-4820"
"train","4821","4541f558653106a62032d2079ca5c67fd72dc6b07d468ac92c8de690fb97f982","640","428","4,30,32,40","4,30,32,40","True","tr-4821"
"train","4822","01862f8b4d84a5fbe884b276ce90f9f823e3ce64b2f7bf4e946a4722a7996bbc","256","256","21,24,47,49,73","21,24,47,49,73","True","tr-4822"
"train","4823","08d47eb4e90efd0c875d724b5dfd19177800742e710427a862054167256d9f48","512","335","18,46,66,88,89","18,46,66,88,89","True","tr-4823"
"train","4824","56565b2e06dba0dcb218a39bd559e78b92aca892462ec76f3536175ea8cb031e","512","426","81,82,87,93","81,82,87,93","True","tr-4824"
"train","4825","917604d46a22ae744662a0f34bc655212659c9f29e98422b22d0b1d4f81bbc69","512","384","22,84,90","22,84,90","True","tr-4825"
"train","4826","e453d1fb730e7b2ccf3ebe3f60a4afab949e50530f1aa1c53a1a175d053ef7ab","512","384","8,40","8,40","True","tr-4826"
"train","4827","a22b3bf3e9e08c2585aa81ce96536e7fc918e47838e9cc9ae0203d8f90a1b233","512","402","40,48,89","40,48,89","True","tr-4827"
"train","4828","a7e6ebe412870750dfb5d5eec86798762e4c38d919e35f70415712824ca38377","348","416","9,68,76","9,68,76","True","tr-4828"
"train","4829","4ab603e32ddf762f28ae7f19bee8e48f5b13a204629ffb881cbb3dbbe9e398f2","1200","857","49,55","49,55","True","tr-4829"
"train","4830","c04926adf08e7c558503a638d6bc79067e3fede44334a296b4e85ab7a31409ee","512","383","11,22,37,48,81,89","11,22,37,48,81,89","True","tr-4830"
"train","4831","a79de9bd5ff5216e974001fa8fbb0142cf28abcad88dd17e798068b55f0236c5","512","384","16,37","16,37","True","tr-4831"
"train","4832","0b959ce1e574631e85af331a4688c35c2ed9caed4b31da2da1dd1958b9fbed87","300","300","14,36","14,36","True","tr-4832"
"train","4833","f322388c0009fd64b907860de478f8b09192e8f8204f9203995f515a2c8eedef","717","401","8,40","8,40","True","tr-4833"
"train","4834","d319099793346fccce71e1c15914d5fe01016c6117d181de1596e387978a4503","307","204","1,5","1,5","True","tr-4834"
"train","4835","a9ac38284dde7c357b10c0b0ad4c1e08606d227dcc803ebc86ce14c1d5c90db7","512","384","10,36","10,36","True","tr-4835"
"train","4836","98d1e16488eec717e52f714334e79bf5a38e55f69fd467ecc7f780040e0acabc","256","256","11,35,56,88","11,35,56,88","True","tr-4836"
"train","4837","30c194f61bcdf8e79f0587696ee4761902a5d92a6593e58a00dd33f97dde325d","321","480","39,52","39,52","True","tr-4837"
"train","4838","a093ff0afe2437f097aec8b72661f85ae73089db5adc4ac02e181c223d66f22e","410","307","68,92","68,92","True","tr-4838"
"train","4839","d59a805a38cb8a6395cde253598d9f526c2df1644d909796c7a9ce15d5b61efc","1000","1500","48,65,89","48,65,89","True","tr-4839"
"train","4840","5501f48e307fbeb1021a83bc4bf22917e3ff933127d854effe3d981c9c5f81d5","512","494","56,84,95","56,84,95","True","tr-4840"
"train","4841","d6d3d2036690a5a2a91ba8416c3b7320d45c12906215945d24e62ff307955d8d","1000","747","68,76","68,76","True","tr-4841"
"train","4842","b199cb91c494dd0072fadcb659301e97c685e3a2ed8f0c77303d179c63e8187f","410","273","8,10,81","8,10,81","True","tr-4842"
"train","4843","ee8c5bb4c2da2b7f7a73ae9f6889c8d5303afb4cd234a7c119e931b3f96cce27","512","384","10,81","10,81","True","tr-4843"
"train","4844","de74ba9c31f045ffc19a3502ce3c61d684df08ebeaef25f2f1f1fab28296fa0b","2048","1365","37,48,98","37,48,98","True","tr-4844"
"train","4845","8b99add4650566ce21240fa0c50720a05f2ca893bff6b484ce2d2a3a0470cf09","449","450","68,73,94,103","68,73,94,103","True","tr-4845"
"train","4846","8c1244d9dac9a806f9192a38f21632a8606e411d3be7a462311d3f6813df38ea","1536","1536","49,65,87","49,65,87","True","tr-4846"
"train","4847","69520bd387fd2725b045b10e9bddfe6ec0a4ad0aa4dbf3d3541de88dbe890750","410","273","13,15,81","13,15,81","True","tr-4847"
"train","4848","edd79e3b81aeeee8755d0df912625dab9057538174f922a993100837c62eddd1","512","436","8,10,22","8,10,22","True","tr-4848"
"train","4849","bc95d420ae376a050e008ec80e6f8ad97c4688009a94bb4a19897e6b183bc58e","256","256","14,37","14,37","True","tr-4849"
"train","4850","4113f573f29aea0cd038a6c3db775fbc13f398704fbecb0f33356aacdd7473e1","512","384","35,71","35,71","True","tr-4850"
"train","4851","83804fc83ebb38efe4cbc8a0f8f040a308fc140ab6df50056bc34e0752fe26bd","512","359","48,66,70","48,66,70","True","tr-4851"
"train","4852","78325619fae9de1de8d96a933c8a9a3ab29a8c9a767fe451e1d343ad1a7f68ac","512","277","37,54","37,54","True","tr-4852"
"train","4853","acd61c620ddcb4c09a2dcd7a48b1ece8b0d4fb73908692e3e9d5ea90726c4717","410","574","5,17,52","5,17,52","True","tr-4853"
"train","4854","20a335adb3ad67a38e95b4a785a2b9a3529b9c7d4222fe96ff3bbe6e1451e79e","512","384","14,36,89","14,36,89","True","tr-4854"
"train","4855","1132880974574987b8ef5d61756bd1a66639d70fdc05509c864c4391be6fd26f","1775","1775","14,32","14,32","True","tr-4855"
"train","4856","8eb278c651c2b8239fe76182b9edbfc182aba5ce82df0590b5ee8d08ef29d0da","512","341","36,47,70,87","36,47,70,87","True","tr-4856"
"train","4857","9d734e38063474132c79ad48973a5a735b541cc6c57a213a9cb7f73a18d69b9b","642","428","3,5,17,19,22,23,25,47,73","3,5,17,19,22,23,25,47,73","True","tr-4857"
"train","4858","f8be9c6e9801682a2ff711461b0dc39d939e0e475c66c68852144e90d9cc1d72","2048","1363","47,48,49,66,89","47,48,49,66,89","True","tr-4858"
"train","4859","30bc1233a885f0529c42591788368c471557f841d47cb1059eb67b88433614f3","400","267","36,47","36,47","True","tr-4859"
"train","4860","1a5b267b3648cf886be3a7752344b5b105c515ab097a78184e266994dbfc6baf","2982","1678","30,40,42","30,40,42","True","tr-4860"
"train","4861","c0aba0c1f6b3d9fdae1821ecc10a5c55859ddba6392d101f6bec7559a8def6a2","512","384","36,67","36,67","True","tr-4861"
"train","4862","a6e58d2c8ffae6a0329fb2e6500d75cae42e20289aa8beb973e43536d2b6772b","512","341","8,9,59,98","8,9,59,98","True","tr-4862"
"train","4863","fcfb8b887c1bb18c39a824484ce131dc2f8408c4c7460a829ce54e057abfd7ec","2535","2535","37,48,49,93","37,48,49,93","True","tr-4863"
"train","4864","d03d747cde905fc5771f230b42d0273e5d37c0aa16d6b64f99b61d2bf3f7813d","642","428","5,13","5,13","True","tr-4864"
"train","4865","cea31bf7fca0dc93d8edfb6d24f590217c96f5d229e263de43cd2321c557501c","512","402","13,58","13,58","True","tr-4865"
"train","4866","a31d19a6b48e0080836cf37048679d3e98b8cd46db6abf44ca1d293a6a46370b","256","256","55,58,94","55,58,94","True","tr-4866"
"train","4867","658fc377e4414954bf3a6ca77ab2f5f9848d3ac95677f8ff0df24fa286e725a1","3264","2448","68,77","68,77","True","tr-4867"
"train","4868","9cce0fe422e0daa89460c23f21c587633bac06e3e5491e946eade7fad27467c5","512","445","10,36","10,36","True","tr-4868"
"train","4869","0a04349b5d120c711bfc4ce8af4dbaa41d71ede026acc4377423467d768d62d8","642","428","36,47,96","36,47,96","True","tr-4869"
"train","4870","2854e7c0ab42f7dde06e183c0a9c549cd3088184b075fc18b0ca33292e6ee22d","512","504","40,45,89","40,45,89","True","tr-4870"
"train","4871","ddbad96809bf2761ac8e2be8f1a745e4f8adbbe960f62507fd6254baac28d51b","400","400","40,49","40,49","True","tr-4871"
"train","4872","c6dd8a752f952534777882ec011dbe17b0eb7e44261212d9c46589074770c84f","512","511","37,38","37,38","True","tr-4872"
"train","4873","5404c184680d6886fcb38549ebc2321a532a25a07bfaae113213eb59f9b0daaf","307","204","15,40","15,40","True","tr-4873"
"train","4874","12040a03f9a1e0888ba531ef6ee61ffbb863507bd9ebd0c08114344888fa87b1","410","273","69,73,81,85,91,94","69,73,81,85,91,94","True","tr-4874"
"train","4875","231b0328549a4c92c708b0ba3aa27078b436556a2578ea5c4708365c9765f1b8","512","384","49,84","49,84","True","tr-4875"
"train","4876","c6cfc36617e0349e7cd3f5b93c211e6c4cd083931bcf2cede28745f3cf6fcf89","512","406","28,56,89,90","28,56,89,90","True","tr-4876"
"train","4877","aa84cfe5e222c10cfbc05567d39a4ff18f9a83e21810398f94839655d04d9ac0","1800","1200","65,68,81,93","65,68,81,93","True","tr-4877"
"train","4878","83bc37900fefe20b352062ca715965260ac752eac944ffc59afe4ada38791d2a","900","1199","13,17","13,17","True","tr-4878"
"train","4879","699588fdbfc023b82b5461eddc03ff569759369d81f2598aa4e8d560656f0bb1","512","365","37,48,79","37,48,79","True","tr-4879"
"train","4880","3550c564fa05f4283ce5db8f90515e2a055d668f70602794441d94e0815c4082","410","273","48,87,98","48,87,98","True","tr-4880"
"train","4881","44f931739e285136c46c1dba10c474f25b5fdc550e0b2b0556ecabef7fc9f166","512","384","84,90","84,90","True","tr-4881"
"train","4882","e78ba06b3f2fdd7226039191c0be93864d0fb3481857abf1044a7b58654d6235","512","384","14,44,89","14,44,89","True","tr-4882"
"train","4883","c78c23fbef46479796338b53a63fdd34b093002073d542f178c4256038608c30","256","256","40,48,52,58,80","40,48,52,58,80","True","tr-4883"
"train","4884","9e05cccbc159a8885c335a60294b48a657529733411bc6f61e5578694fb690c7","2450","1901","50,92","50,92","True","tr-4884"
"train","4885","5580cd64e8a079490331fc6f3d75f0109b32ae0cf0495dc5add5307203470e08","1280","800","8,79","8,79","True","tr-4885"
"train","4886","1faa2d5d5097d7b3a380d815e3d16aba8f385c2a7b1deb484daca9e968845bf4","400","400","79,102","79,102","True","tr-4886"
"train","4887","86125bf46d3031bda199df2c87d95ecf8cdc34aa7a83b5ad9b6d198c11f0bedd","307","204","9,40,48,58,93","9,40,48,58,93","True","tr-4887"
"train","4888","fe5d72a9649436ffff0b1b587d85064bac546d72443d8d5c4d98332b2fb20627","1453","2584","49,65,94","49,65,94","True","tr-4888"
"train","4889","9f8249c8e9260e0e6e3a916ee8bc48b23a20f30b2b0f66aa72b5d8f7d740af86","280","280","48,81,89","48,81,89","True","tr-4889"
"train","4890","2ca39f8e77ac92d64543e8d61daa02e9df9f62f493d771657f9eb37325acabb1","256","256","30,68,80","30,68,80","True","tr-4890"
"train","4891","814d7f3063b6f8e92c6c17fda2b2d8d1f16635622a2519ec9be1e474e875bda5","1000","1246","5,8,17,20","5,8,17,20","True","tr-4891"
"train","4892","13549f986a2a0863b1a84ca6738bf934f21723ec33bf6816d55984cf242237e3","410","546","14,36","14,36","True","tr-4892"
"train","4893","cafa09902cba6d445e478259d68266cfe5c0293c9d0f814f590c7177756701c1","256","256","66,68","66,68","True","tr-4893"
"train","4894","93ba0b280c6747e41c0a6bc0b164fdb684e122254ba7f36fd82fb9a3d13f5b9d","2048","1537","12,17","12,17","True","tr-4894"
"train","4895","97777bc6985bfec1e05c6e357418b39c3fbbf9335badcc9cac68c66b190da199","512","384","5,17","5,17","True","tr-4895"
"train","4896","2317f2bf02ce3c2a437cd870d90056fe273a44b672f40dfb68f3a987d6d15317","512","384","15,58","15,58","True","tr-4896"
"train","4897","ad297ec7d70ac6ce9d1ffbde0e8039224020fffd144adc951c6ca8385bb3ffa0","256","256","9,37,73,89","9,37,73,89","True","tr-4897"
"train","4898","19b483aa0dbb9c2da38675c70ec5ef4e6ae4c054c754ed112fbb8730925430cd","512","384","22,38","22,38","True","tr-4898"
"train","4899","7a9354296a1533c06f8e705861bdcb68b27e084731d0718941213426e6354514","384","512","37,55,89,93,94","37,55,89,93,94","True","tr-4899"
"train","4900","92becf5a0418abcb6d784a9b99495a3d908f7ad2160daf8f91bab5ce727977a0","750","1000","49,65,87","49,65,87","True","tr-4900"
"train","4901","92f4a187b9ffeb5f1c44d032c6f7f3ae73c27df0e1d1a60015c34b2820c21438","256","256","48,73,81,82","48,73,81,82","True","tr-4901"
"train","4902","1f051d51df8f4f8ad85938927a649ddbd8a35e950ae0432e36a89a30856fee00","500","375","22,84","22,84","True","tr-4902"
"train","4903","670972499edd36fe34be76431a9a76515b5b10bfd6e5c3ad23cc5ebec9bc1a4d","642","428","17,54,95","17,54,95","True","tr-4903"
"train","4904","bf172de1a4810c8c0b1169b87e02972a8a13bb456b971596c9a93f251514242b","307","204","1,5,9,15,22","1,5,9,15,22","True","tr-4904"
"train","4905","610cc1b5fe24cbdab8146b8d34a28f58994602cca65e02ee418b52c3021577c9","410","615","1,5,9,15","1,5,9,15","True","tr-4905"
"train","4906","98ea910b1a12efcfb88f48e8fd8f245e1d1cb648d6753557aeebf2af51cfed5c","325","350","10,25","10,25","True","tr-4906"
"train","4907","cc47c5bdc6f785bbc755398d57ea2e76721798e87408ecc0c7bdbcb3dea66972","512","384","52,53,65,82,89","52,53,65,82,89","True","tr-4907"
"train","4908","1312c2dfd7f63d3bef0e6be8e4c403419bdb5111cba765cbc76f19c8d4878663","350","512","8,13","8,13","True","tr-4908"
"train","4909","b7d71e4b273ca6981061bf3ba4641749a8cf549cb9e2f60d1b2f7ab54361f9c3","512","384","35,48,58,66,73,93","35,48,58,66,73,93","True","tr-4909"
"train","4910","48780479f6219e127c367d7ec488579769283f1e8468414894c17654a3273228","1520","2688","28,40,93,94","28,40,93,94","True","tr-4910"
"train","4911","dba1282126f5a4a15272efa13e02ee347c978d69cdf4329aa33dc5c5d917ebd7","512","394","8,40","8,40","True","tr-4911"
"train","4912","dea02e5f5001d8eb97c1d9d8a47140a9970a8622c72fca70b4cdea92d1e4adf3","1000","750","68,77","68,77","True","tr-4912"
"train","4913","8b9c1d6023fca003ad0e1020b6a6d2326b5b2f892c73e71a87bf3b133f740b01","1000","1989","10,22","10,22","True","tr-4913"
"train","4914","10c1e73533b08d7e090d7af5315845469b3fc2d38f3d78ae71f8d230c6f03e09","410","292","12,38","12,38","True","tr-4914"
"train","4915","f4caeadfcd2e294d5d0f1d1497606bd5ce52bb1b564927fc4681ca2afc43e1db","512","435","49,52,65,73,84,96,98","49,52,65,73,84,96,98","True","tr-4915"
"train","4916","31c29d5b68c067d7f739376e913689226c5525211ce71df526137cf555433779","300","300","17,28,44","17,28,44","True","tr-4916"
"train","4917","2d93f4ce612bf95114075a49a21ded50586d958c1e59bfa2531c4dc25fc1428e","1668","1668","14,44,78","14,44,78","True","tr-4917"
"train","4918","fe44ab824d6888a0f15b2baef664cab0235e2395b7d20963243fcc5706fb5694","1000","1333","47,65,69","47,65,69","True","tr-4918"
"train","4919","6dce2a2b21fe0600b315a4fb52c04ad5e89262d988f77ae3e2bec5d22034b01f","2048","1365","68,97,98","68,97,98","True","tr-4919"
"train","4920","792d7d4606564d3e88d97294a2e2dc0781ff8dc38d0d93744c3b6531304ef045","460","380","4,17,22,31","4,17,22,31","True","tr-4920"
"train","4921","991106a55480eb95760812eaaf45f44629a5541fd827e61b0f92765fb55a00fe","512","384","18,79","18,79","True","tr-4921"
"train","4922","b0b2ce342e465acd77335f5a75e90c0b6b9dae02a6f578883107f82a3f280686","256","256","9,45,89","9,45,89","True","tr-4922"
"train","4923","407a7a83ecf7434e607559c001098e0d67897301c536c677d1e9ff7ff8437e42","900","1185","31,33,36","31,33,36","True","tr-4923"
"train","4924","a21157e5ca70cf06d8295cb4839815e3974b1199debd0bc71611f452983837ee","2982","1678","52,68,89","52,68,89","True","tr-4924"
"train","4925","5e7ae35d1f3d325266ef2d36946562193f8ff539ff45e37ed4eb8d468e37bcb8","1000","1333","52,80,84,89,92","52,80,84,89,92","True","tr-4925"
"train","4926","dcba7cd8b7233812c65f5e6451f9f4de68d17bf2ce44b43ea6daa3be79be90d3","512","384","20,84","20,84","True","tr-4926"
"train","4927","1bc9d15eb8a4650e9c1c360da1ad5a37dbf418c0a79ba6ccd30f53ddc802fc21","512","488","17,67,76,87,103","17,67,76,87,103","True","tr-4927"
"train","4928","50759b9c85bca4fa15a72abf0822dc9bdfc4cace2cc1dba1549580f25363f779","550","365","78,80,101","78,80,101","True","tr-4928"
"train","4929","f30c90be5cc1b9839d521250fb2ba6fc016b05ae342a058bb868e6c0b1f1cab4","512","384","1,78","1,78","True","tr-4929"
"train","4930","b483e8684c346fa562215ac319d766ae1cad1805ffbf8b904ec98cb756b0c92b","640","480","47,68,76,84,92,97,98,99","47,68,76,84,92,97,98,99","True","tr-4930"
"train","4931","e3f5c43158a09c3faa5e86eccc5d692d2d599d16f4f42f730770003782ec9ff5","512","384","36,47,67","36,47,67","True","tr-4931"
"train","4932","b0c6d977ab8a7f53a310105909a3b6bd9fd3113161764a34df5eedc91330dae7","256","256","9,11,39,47","9,11,39,47","True","tr-4932"
"train","4933","4ded4b86704d4b0f11b99d2fe9adb5b207fd59a91d103bd9ea7dde05a53a61fd","2779","1668","68,73,92,94","68,73,92,94","True","tr-4933"
"train","4934","b9e7747b92eb999a901a3dc66090daaaf33be878c0dad6650c51fd8d75f0a849","512","482","55,58","55,58","True","tr-4934"
"train","4935","fee70846e4f909498de0e6f6fa011c83e281cbedbf3949e17e91e433236a2b77","512","384","14,44","14,44","True","tr-4935"
"train","4936","0edfeab420ec3892f098b0e8e1d17837b7a3ed056fa657ce351d25ee6787b316","256","256","58,89,101","58,89,101","True","tr-4936"
"train","4937","c3935550ab35883af6d4ca6fb219817306614dc6b959147e476e09a7c5825bab","256","256","15,34,103","15,34,103","True","tr-4937"
"train","4938","2de23bbb052933b42c6e77761931079f529a35115c81668782852402b225c791","512","341","40,48,66,94","40,48,66,94","True","tr-4938"
"train","4939","d6b68f853dc4d59bfb7d4bd5c951d14f2a936a309447bf203f7740749c4e3049","410","239","36,58","36,58","True","tr-4939"
"train","4940","228cd486f000f6b72c6ed7f7dc3e3e8255e7002e61bff2aaee62c49d89823a8b","642","428","8,36","8,36","True","tr-4940"
"train","4941","6d145a13d4d0f4a60d4fdd68d23aeba3120d03b3dc1d8c86bb96457ef0453060","307","204","8,31,36","8,31,36","True","tr-4941"
"train","4942","aa2ff5f30b83d7b9d8a37db73f6af8e2068634d46b2cc81fbdb857587c38450b","721","541","43,45","43,45","True","tr-4942"
"train","4943","0aac04b6ae7e0562a5da155cee9cc34d97917769602a3eb70da579e11917ac3b","512","353","10,17","10,17","True","tr-4943"
"train","4944","8e140d26bbd0736d3f87c8d4077f420861e9b346034026e29c3b9f05c778e69a","256","256","8,10,40","8,10,40","True","tr-4944"
"train","4945","001966252fed8f704ce8defe4f2f8c9713097af61afbbeea62e0596e8d0d677e","1440","1440","35,55,65","35,55,65","True","tr-4945"
"train","4946","5ce9e7537ee65cf8d66f7c27d3fe1fb2722616257c91721a3c867268b2ef42ca","550","365","58,81","58,81","True","tr-4946"
"train","4947","7f9983ae4d2a3025112fd3f829820e0c21b88ec0958489ea595f835234a5c826","2468","1715","24,65,92","24,65,92","True","tr-4947"
"train","4948","324a0724a7ec9cfe1968625375e048f90eb57a38af09d48083acd26635463ef0","410","307","1,81","1,81","True","tr-4948"
"train","4949","c2a5c13f7f65ddc9b4c1689050ff8572be62cd8636cbef9f26d1432ecec4177c","304","350","8,17,31,34,44","8,17,31,34,44","True","tr-4949"
"train","4950","9ecf39ebd49073f1e7df4ac3c09b717d2f1c3d5ae082719a6c8fe5ab1e4fbf8e","375","550","5,9,27,89","5,9,27,89","True","tr-4950"
"train","4951","bd129fc30aace6d59bdedce290c57260bddcd96396cba0aa94d52bc55e0777b2","256","256","17,58","17,58","True","tr-4951"
"train","4952","036000faa219ff2bd4f4471f07d15d301101609b922861c1a3a8d98ae4185e32","512","384","14,37","14,37","True","tr-4952"
"train","4953","5c6803bc8d9a8780c27f60210c5176ee2a110605b5cd91ae065f6d229fc69340","306","512","18,28,76","18,28,76","True","tr-4953"
"train","4954","87523e2c3a75bf1b3bfa9007c10d65f7c88fcf1abea5fee3ab0b45ea0d210e3e","480","360","30,40","30,40","True","tr-4954"
"train","4955","e57fb1e02a702e3f0ab91403e4cca509083c44908604a51cf0227a93fa1cfd9e","512","384","19,56,66,93,94","19,56,66,93,94","True","tr-4955"
"train","4956","77585552bae857df425ffa26cf224b38ff8f56fb4e7ac691be4a9f2a95f8b868","280","400","47,68,88,89","47,68,88,89","True","tr-4956"
"train","4957","5148bbece8a6ba8133c3d73031cd6a20044278f30970dbf7b211d9f830e90166","1512","1462","25,40,41,42","25,40,41,42","True","tr-4957"
"train","4958","eff79ea8e5350850953bc51996aeab8e8652816b7cd223c84ab00792970f7e45","512","277","44,49,52","44,49,52","True","tr-4958"
"train","4959","dd94c70affc1459afcb15f33dd73e09dcb55141142799320ec45ffd255cd1f28","2592","1552","45,56,65,82","45,56,65,82","True","tr-4959"
"train","4960","3d7d40553bae1561695db4929fd171239d48598c986707bc7b6d06d0e9b0d5a4","3120","3120","51,66","51,66","True","tr-4960"
"train","4961","c7a6a81253f5a2c14194c400488c141c4e68f65fc08d2f87bd6c657029a1dfc1","256","256","12,30,40","12,30,40","True","tr-4961"
"train","4962","759edba93c0a0708f672e5353b8c0d5f19740441c72849b9243ba03f43e38b0e","410","609","9,36","9,36","True","tr-4962"
"train","4963","80c4c9f57038d3a8fd7fde724c2130b3fda112adde212f7d71f4e492781e6bb3","256","256","5,13","5,13","True","tr-4963"
"train","4964","f80332c027ebcf00730b8e5567c67e404a56b7a2392a4bad33689ad8b0185d9f","256","256","40,58","40,58","True","tr-4964"
"train","4965","f490a9e5483ac765f32102015cfc5520bcccc301e60f3c346e627ed3f170b228","480","640","47,69,94","47,69,94","True","tr-4965"
"train","4966","6ca36dfaf598ed154441f3a985bcb41ec2b348339ae848747abec9e339ac6407","512","406","35,46,70,93","35,46,70,93","True","tr-4966"
"train","4967","f3106050400438456da4570f371ce1b173e12b2ffb196dc10de405bb7e586cf4","256","256","1,5,6,103","1,5,6,103","True","tr-4967"
"train","4968","7f70e8109a8e489b1ba2cba41e5f785b6c672310fa34ae5be4c2a3641205a011","512","448","40,89,94","40,89,94","True","tr-4968"
"train","4969","e42a1c773702b7a5eb05c439ffe311cc6603dbc735a0817e573f3b70acf9bff3","512","384","68,84,87,98","68,84,87,98","True","tr-4969"
"train","4970","73f99b9cc3e2d2204c77937f2e2dc149d13114dc787c0c386d2896efcd718e95","512","352","47,65,96,98","47,65,96,98","True","tr-4970"
"train","4971","eadecd80df7d1518d8b8a359fcac59566bf1515ba07c2d20d46f368415e59598","2042","2041","11,14,36","11,14,36","True","tr-4971"
"train","4972","806df072417fa1c6b06dfc5cd6c369168dc1f26f9a8435eccd51a5fc37434375","307","204","1,10","1,10","True","tr-4972"
"train","4973","0c24e8f5270840e8b648b0e6dd3450572605b72fc71f1753e400ba76224615ca","750","1000","52,68,75","52,68,75","True","tr-4973"
"train","4974","863682f4599b72de66cf0d5cd78ed8939da8d13e957808f1ab0fb011747be982","640","428","11,44,46,49,52","11,44,46,49,52","True","tr-4974"
"train","4975","92763b5b55f0801984ebcb98037a3e9e58f78f739f0497eca6c2ef0eaa169013","410","311","10,103","10,103","True","tr-4975"
"train","4976","7668f6794476bb5a93af5b1ad7a470558155a6d3e568a31fe3835c75a6951f80","4128","2322","85,98","85,98","True","tr-4976"
"train","4977","0ea269586a1948cf96bf7f252ff5f079171e98a5ff8894b2e435157f67c01cc2","512","512","4,58,81","4,58,81","True","tr-4977"
"train","4978","bbeeec35880c8d2f0f84820ef263e8d9f57178a7b83e840241e05b6296f7cf25","1867","1867","55,58,73,83,89","55,58,73,83,89","True","tr-4978"
"train","4979","2a0dcf7efd57984b3205d61ce2583a30d7c1004d737feb7c82f82966ba9177be","512","384","13,58","13,58","True","tr-4979"
"train","4980","4099da5e1f10b0c5b4040cfa16ba2f57d0ee8c239ea924890bdd7931182c7fe3","640","480","65,73,75","65,73,75","True","tr-4980"
"train","4981","9e96ffb7fbeacb81214939a9a644da4c610e5c909521b0490d7197d4996d65d5","400","400","8,27","8,27","True","tr-4981"
"train","4982","65b9b691ff26d5d6dea3e1546a0bb1886418675a9cda292e7e474e66921b4b18","410","273","5,15","5,15","True","tr-4982"
