"fdc_id","food_description","category","portion_description","modifier","unit","magnitude","gram_weight","grams_per_unit"
"2705383","Milk, human","Human milk","1 cup","10205","cup","1","246","246.0000"
"2705383","Milk, human","Human milk","1 fl oz","30000","floz","1","30.8","30.8000"
"2705384","Milk, NFS","Milk, reduced fat","1 fl oz","30000","floz","1","30.5","30.5000"
"2705384","Milk, NFS","Milk, reduced fat","1 cup","10205","cup","1","244","244.0000"
"2705385","Milk, whole","Milk, whole","1 cup","10205","cup","1","244","244.0000"
"2705385","Milk, whole","Milk, whole","1 fl oz","30000","floz","1","30.5","30.5000"
"2705386","Milk, reduced fat (2%)","Milk, reduced fat","1 fl oz","30000","floz","1","30.5","30.5000"
"2705386","Milk, reduced fat (2%)","Milk, reduced fat","1 cup","10205","cup","1","244","244.0000"
"2705387","Milk, low fat (1%)","Milk, lowfat","1 cup","10205","cup","1","244","244.0000"
"2705387","Milk, low fat (1%)","Milk, lowfat","1 fl oz","30000","floz","1","30.5","30.5000"
"2705388","Milk, fat free (skim)","Milk, nonfat","1 fl oz","30000","floz","1","30.5","30.5000"
"2705388","Milk, fat free (skim)","Milk, nonfat","1 cup","10205","cup","1","244","244.0000"
"2705389","Milk, lactose free, low fat (1%)","Milk, lowfat","1 fl oz","30000","floz","1","30.5","30.5000"
"2705389","Milk, lactose free, low fat (1%)","Milk, lowfat","1 cup","10205","cup","1","244","244.0000"
"2705390","Milk, lactose free, fat free (skim)","Milk, nonfat","1 fl oz","30000","floz","1","30.5","30.5000"
"2705390","Milk, lactose free, fat free (skim)","Milk, nonfat","1 cup","10205","cup","1","244","244.0000"
"2705391","Milk, lactose free, reduced fat (2%)","Milk, reduced fat","1 fl oz","30000","floz","1","30.5","30.5000"
"2705391","Milk, lactose free, reduced fat (2%)","Milk, reduced fat","1 cup","10205","cup","1","244","244.0000"
"2705392","Milk, lactose free, whole","Milk, whole","1 fl oz","30000","floz","1","30.5","30.5000"
"2705392","Milk, lactose free, whole","Milk, whole","1 cup","10205","cup","1","244","244.0000"
"2705393","Buttermilk","Milk, whole","1 cup","10205","cup","1","244","244.0000"
"2705393","Buttermilk","Milk, whole","1 fl oz","30000","floz","1","30.5","30.5000"
"2705394","Kefir","Milk, lowfat","1 cup","10205","cup","1","244","244.0000"
"2705394","Kefir","Milk, lowfat","1 fl oz","30000","floz","1","30.5","30.5000"
"2705395","Goat milk","Milk, whole","1 fl oz","30000","floz","1","30.5","30.5000"
"2705395","Goat milk","Milk, whole","1 cup","10205","cup","1","244","244.0000"
"2705396","Milk, dry, reconstituted, nonfat","Milk, nonfat","1 cup","10205","cup","1","244","244.0000"
"2705396","Milk, dry, reconstituted, nonfat","Milk, nonfat","1 fl oz","30000","floz","1","30.5","30.5000"
"2705397","Milk, dry, reconstituted, whole","Milk, whole","1 fl oz","30000","floz","1","30.5","30.5000"
"2705397","Milk, dry, reconstituted, whole","Milk, whole","1 cup","10205","cup","1","244","244.0000"
"2705398","Milk, evaporated, NS as to fat content","Milk, whole","1 fl oz","30000","floz","1","31.5","31.5000"
"2705398","Milk, evaporated, NS as to fat content","Milk, whole","1 cup","10205","cup","1","252","252.0000"
"2705399","Milk, evaporated, whole","Milk, whole","1 fl oz","30000","floz","1","31.5","31.5000"
"2705399","Milk, evaporated, whole","Milk, whole","1 cup","10205","cup","1","252","252.0000"
"2705400","Milk, evaporated, reduced fat (2%)","Milk, reduced fat","1 fl oz","30000","floz","1","31.5","31.5000"
"2705400","Milk, evaporated, reduced fat (2%)","Milk, reduced fat","1 cup","10205","cup","1","252","252.0000"
"2705401","Milk, evaporated, fat free (skim)","Milk, nonfat","1 cup","10205","cup","1","252","252.0000"
"2705401","Milk, evaporated, fat free (skim)","Milk, nonfat","1 fl oz","30000","floz","1","31.5","31.5000"
"2705402","Milk, condensed, sweetened","Flavored milk, whole","1 fl oz","30000","floz","1","38","38.0000"
"2705402","Milk, condensed, sweetened","Flavored milk, whole","1 cup","10205","cup","1","304","304.0000"
"2705403","Non-dairy milk, NFS","Plant-based milk","1 cup","10205","cup","1","244","244.0000"
"2705403","Non-dairy milk, NFS","Plant-based milk","1 fl oz","30000","floz","1","30.5","30.5000"
"2705404","Soy milk, sweetened","Plant-based milk","1 fl oz","30000","floz","1","30.5","30.5000"
"2705404","Soy milk, sweetened","Plant-based milk","1 cup","10205","cup","1","244","244.0000"
"2705405","Soy milk, unsweetened","Plant-based milk","1 cup","10205","cup","1","244","244.0000"
"2705405","Soy milk, unsweetened","Plant-based milk","1 fl oz","30000","floz","1","30.5","30.5000"
"2705406","Soy milk, chocolate","Plant-based milk","1 cup","10205","cup","1","244","244.0000"
"2705406","Soy milk, chocolate","Plant-based milk","1 fl oz","30000","floz","1","30.5","30.5000"
"2705407","Almond milk, sweetened","Plant-based milk","1 cup","10205","cup","1","244","244.0000"
"2705407","Almond milk, sweetened","Plant-based milk","1 fl oz","30000","floz","1","30.5","30.5000"
"2705408","Almond milk, chocolate","Plant-based milk","1 cup","10205","cup","1","244","244.0000"
"2705408","Almond milk, chocolate","Plant-based milk","1 fl oz","30000","floz","1","30.5","30.5000"
"2705409","Almond milk, unsweetened","Plant-based milk","1 fl oz","30000","floz","1","30.5","30.5000"
"2705409","Almond milk, unsweetened","Plant-based milk","1 cup","10205","cup","1","244","244.0000"
"2705410","Almond milk, NFS","Plant-based milk","1 fl oz","30000","floz","1","30.5","30.5000"
"2705410","Almond milk, NFS","Plant-based milk","1 cup","10205","cup","1","244","244.0000"
"2705411","Rice milk","Plant-based milk","1 fl oz","30000","floz","1","30.5","30.5000"
"2705411","Rice milk","Plant-based milk","1 cup","10205","cup","1","244","244.0000"
"2705412","Oat milk","Plant-based milk","1 fl oz","30000","floz","1","30.5","30.5000"
"2705412","Oat milk","Plant-based milk","1 cup","10205","cup","1","244","244.0000"
"2705413","Coconut milk","Plant-based milk","1 cup","10205","cup","1","244","244.0000"
"2705413","Coconut milk","Plant-based milk","1 fl oz","30000","floz","1","30.5","30.5000"
"2705414","Yogurt, NFS","Yogurt, regular","1 cup","10205","cup","1","245","245.0000"
"2705415","Yogurt, Greek, NS as to type of milk or flavor","Yogurt, Greek","1 cup","10205","cup","1","245","245.0000"
"2705416","Yogurt, NS as to type of milk or flavor","Yogurt, regular","1 cup","10205","cup","1","245","245.0000"
"2705417","Yogurt, NS as to type of milk, plain","Yogurt, regular","1 cup","10205","cup","1","245","245.0000"
"2705418","Yogurt, whole milk, plain","Yogurt, regular","1 cup","10205","cup","1","245","245.0000"
"2705419","Yogurt, low fat milk, plain","Yogurt, regular","1 cup","10205","cup","1","245","245.0000"
"2705420","Yogurt, nonfat milk, plain","Yogurt, regular","1 cup","10205","cup","1","245","245.0000"
"2705421","Yogurt, Greek, NS as to type of milk, plain","Yogurt, Greek","1 cup","10205","cup","1","245","245.0000"
"2705422","Yogurt, Greek, whole milk, plain","Yogurt, Greek","1 cup","10205","cup","1","245","245.0000"
"2705423","Yogurt, Greek, low fat milk, plain","Yogurt, Greek","1 cup","10205","cup","1","245","245.0000"
"2705424","Yogurt, Greek, nonfat milk, plain","Yogurt, Greek","1 cup","10205","cup","1","245","245.0000"
"2705425","Yogurt, NS as to type of milk, fruit","Yogurt, regular","1 cup","10205","cup","1","245","245.0000"
"2705426","Yogurt, whole milk, fruit","Yogurt, regular","1 cup","10205","cup","1","245","245.0000"
"2705427","Yogurt, low fat milk, fruit","Yogurt, regular","1 cup","10205","cup","1","245","245.0000"
"2705428","Yogurt, nonfat milk, fruit","Yogurt, regular","1 cup","10205","cup","1","245","245.0000"
"2705429","Yogurt, Greek, NS as to type of milk, fruit","Yogurt, Greek","1 cup","10205","cup","1","245","245.0000"
"2705430","Yogurt, Greek, whole milk, fruit","Yogurt, Greek","1 cup","10205","cup","1","245","245.0000"
"2705431","Yogurt, Greek, low fat milk, fruit","Yogurt, Greek","1 cup","10205","cup","1","245","245.0000"
"2705432","Yogurt, Greek, nonfat milk, fruit","Yogurt, Greek","1 cup","10205","cup","1","245","245.0000"
"2705433","Yogurt, NS as to type of milk, flavors other than fruit","Yogurt, regular","1 cup","10205","cup","1","245","245.0000"
"2705434","Yogurt, whole milk, flavors other than fruit","Yogurt, regular","1 cup","10205","cup","1","245","245.0000"
"2705435","Yogurt, low fat milk, flavors other than fruit","Yogurt, regular","1 cup","10205","cup","1","245","245.0000"
"2705436","Yogurt, nonfat milk, flavors other than fruit","Yogurt, regular","1 cup","10205","cup","1","245","245.0000"
"2705437","Yogurt, Greek, NS as to type of milk, flavors other than fruit","Yogurt, Greek","1 cup","10205","cup","1","245","245.0000"
"2705438","Yogurt, Greek, whole milk, flavors other than fruit","Yogurt, Greek","1 cup","10205","cup","1","245","245.0000"
"2705439","Yogurt, Greek, low fat milk, flavors other than fruit","Yogurt, Greek","1 cup","10205","cup","1","245","245.0000"
"2705440","Yogurt, Greek, nonfat milk, flavors other than fruit","Yogurt, Greek","1 cup","10205","cup","1","245","245.0000"
"2705441","Yogurt, Greek, with oats","Yogurt, Greek","1 cup","10205","cup","1","245","245.0000"
"2705442","Yogurt, liquid","Yogurt, regular","1 cup","10205","cup","1","245","245.0000"
"2705444","Chipotle dip, yogurt based","Dips, gravies, other sauces","1 tablespoon","21000","tbsp","1","15","15.0000"
"2705445","Onion dip, yogurt based","Dips, gravies, other sauces","1 tablespoon","21000","tbsp","1","15","15.0000"
"2705446","Ranch dip, yogurt based","Dips, gravies, other sauces","1 tablespoon","21000","tbsp","1","15","15.0000"
"2705447","Spinach dip, yogurt based","Dips, gravies, other sauces","1 tablespoon","21000","tbsp","1","15","15.0000"
"2705448","Tzatziki dip","Dips, gravies, other sauces","1 tablespoon","21000","tbsp","1","15","15.0000"
"2705449","Vegetable dip, yogurt based","Dips, gravies, other sauces","1 tablespoon","21000","tbsp","1","15","15.0000"
"2705451","Frozen yogurt, NFS","Ice cream and frozen dairy desserts","1 cup","10205","cup","1","175","175.0000"
"2705452","Frozen yogurt, vanilla","Ice cream and frozen dairy desserts","1 cup","10205","cup","1","175","175.0000"
"2705453","Frozen yogurt, chocolate","Ice cream and frozen dairy desserts","1 cup","10205","cup","1","175","175.0000"
"2705454","Frozen yogurt, soft serve, vanilla","Ice cream and frozen dairy desserts","1 cup","10205","cup","1","175","175.0000"
"2705455","Frozen yogurt, soft serve, chocolate","Ice cream and frozen dairy desserts","1 cup","10205","cup","1","175","175.0000"
"2705463","Baby Toddler food, NFS","Baby food: mixtures","1 tablespoon","21000","tbsp","1","15","15.0000"
"2705464","Baby Toddler yogurt, plain","Baby food: yogurt","1 tablespoon","21000","tbsp","1","15","15.0000"
"2705465","Baby Toddler yogurt, with fruit","Baby food: yogurt","1 tablespoon","21000","tbsp","1","15","15.0000"
"2705466","Chocolate milk, NFS","Flavored milk, lowfat","1 cup","10205","cup","1","248","248.0000"
"2705466","Chocolate milk, NFS","Flavored milk, lowfat","1 fl oz","30000","floz","1","31","31.0000"
"2705467","Chocolate milk, whole","Flavored milk, whole","1 cup","10205","cup","1","248","248.0000"
"2705467","Chocolate milk, whole","Flavored milk, whole","1 fl oz","30000","floz","1","31","31.0000"
"2705468","Chocolate milk, reduced fat (2%)","Flavored milk, reduced fat","1 cup","10205","cup","1","248","248.0000"
"2705468","Chocolate milk, reduced fat (2%)","Flavored milk, reduced fat","1 fl oz","30000","floz","1","31","31.0000"
"2705469","Chocolate milk, fat free (skim)","Flavored milk, nonfat","1 fl oz","30000","floz","1","31","31.0000"
"2705469","Chocolate milk, fat free (skim)","Flavored milk, nonfat","1 cup","10205","cup","1","248","248.0000"
"2705470","Chocolate milk, low fat (1%)","Flavored milk, lowfat","1 fl oz","30000","floz","1","31","31.0000"
"2705470","Chocolate milk, low fat (1%)","Flavored milk, lowfat","1 cup","10205","cup","1","248","248.0000"
"2705471","Chocolate milk, reduced sugar, NFS","Flavored milk, lowfat","1 cup","10205","cup","1","248","248.0000"
"2705471","Chocolate milk, reduced sugar, NFS","Flavored milk, lowfat","1 fl oz","30000","floz","1","31","31.0000"
"2705472","Hot chocolate / cocoa, NFS","Flavored milk, lowfat","1 fl oz","30000","floz","1","31","31.0000"
"2705472","Hot chocolate / cocoa, NFS","Flavored milk, lowfat","1 cup","10205","cup","1","248","248.0000"
"2705473","Hot chocolate / cocoa, made with whole or reduced fat (2%) milk","Flavored milk, reduced fat","1 fl oz","30000","floz","1","31","31.0000"
"2705473","Hot chocolate / cocoa, made with whole or reduced fat (2%) milk","Flavored milk, reduced fat","1 cup","10205","cup","1","248","248.0000"
"2705474","Hot chocolate / cocoa, made with lowfat (1%) or fat free (skim) milk","Flavored milk, nonfat","1 cup","10205","cup","1","248","248.0000"
"2705474","Hot chocolate / cocoa, made with lowfat (1%) or fat free (skim) milk","Flavored milk, nonfat","1 fl oz","30000","floz","1","31","31.0000"
"2705475","Hot chocolate / cocoa, made with non-dairy milk","Plant-based milk","1 fl oz","30000","floz","1","31","31.0000"
"2705475","Hot chocolate / cocoa, made with non-dairy milk","Plant-based milk","1 cup","10205","cup","1","248","248.0000"
"2705476","Hot chocolate / cocoa, with whipped cream","Flavored milk, reduced fat","1 cup","10205","cup","1","248","248.0000"
"2705476","Hot chocolate / cocoa, with whipped cream","Flavored milk, reduced fat","1 fl oz","30000","floz","1","31","31.0000"
"2705477","Chocolate milk, Nesquik, NS as to type of milk","Flavored milk, reduced fat","1 fl oz","30000","floz","1","31","31.0000"
"2705477","Chocolate milk, Nesquik, NS as to type of milk","Flavored milk, reduced fat","1 cup","10205","cup","1","248","248.0000"
"2705478","Chocolate milk, Nesquik, made with non-dairy milk","Plant-based milk","1 cup","10205","cup","1","248","248.0000"
"2705478","Chocolate milk, Nesquik, made with non-dairy milk","Plant-based milk","1 fl oz","30000","floz","1","31","31.0000"
"2705479","Chocolate milk, reduced sugar, whole","Flavored milk, whole","1 fl oz","30000","floz","1","31","31.0000"
"2705479","Chocolate milk, reduced sugar, whole","Flavored milk, whole","1 cup","10205","cup","1","248","248.0000"
"2705480","Chocolate milk, reduced sugar, reduced fat (2%)","Flavored milk, reduced fat","1 fl oz","30000","floz","1","31","31.0000"
"2705480","Chocolate milk, reduced sugar, reduced fat (2%)","Flavored milk, reduced fat","1 cup","10205","cup","1","248","248.0000"
"2705481","Chocolate milk, reduced sugar, low fat (1%)","Flavored milk, lowfat","1 cup","10205","cup","1","248","248.0000"
"2705481","Chocolate milk, reduced sugar, low fat (1%)","Flavored milk, lowfat","1 fl oz","30000","floz","1","31","31.0000"
"2705482","Chocolate milk, reduced sugar, fat free (skim)","Flavored milk, nonfat","1 fl oz","30000","floz","1","31","31.0000"
"2705482","Chocolate milk, reduced sugar, fat free (skim)","Flavored milk, nonfat","1 cup","10205","cup","1","248","248.0000"
"2705483","Hot chocolate / cocoa, dry mix, made with water","Flavored milk, nonfat","1 fl oz","30000","floz","1","31","31.0000"
"2705483","Hot chocolate / cocoa, dry mix, made with water","Flavored milk, nonfat","1 cup","10205","cup","1","248","248.0000"
"2705484","Hot chocolate / cocoa, dry mix, made with whole or reduced fat (2%) milk","Flavored milk, reduced fat","1 fl oz","30000","floz","1","31","31.0000"
"2705484","Hot chocolate / cocoa, dry mix, made with whole or reduced fat (2%) milk","Flavored milk, reduced fat","1 cup","10205","cup","1","248","248.0000"
"2705485","Hot chocolate / cocoa, dry mix, made with lowfat (1%) or fat free (skim) milk","Flavored milk, nonfat","1 fl oz","30000","floz","1","31","31.0000"
"2705485","Hot chocolate / cocoa, dry mix, made with lowfat (1%) or fat free (skim) milk","Flavored milk, nonfat","1 cup","10205","cup","1","248","248.0000"
"2705486","Hot chocolate / cocoa, dry mix , made with non-dairy milk","Plant-based milk","1 cup","10205","cup","1","248","248.0000"
"2705486","Hot chocolate / cocoa, dry mix , made with non-dairy milk","Plant-based milk","1 fl oz","30000","floz","1","31","31.0000"
"2705487","Hot chocolate / cocoa, dry mix, made with water, with whipped cream","Flavored milk, reduced fat","1 fl oz","30000","floz","1","31","31.0000"
"2705487","Hot chocolate / cocoa, dry mix, made with water, with whipped cream","Flavored milk, reduced fat","1 cup","10205","cup","1","248","248.0000"
"2705488","Hot chocolate / cocoa, dry mix, reduced sugar, made with water","Flavored milk, nonfat","1 cup","10205","cup","1","248","248.0000"
"2705488","Hot chocolate / cocoa, dry mix, reduced sugar, made with water","Flavored milk, nonfat","1 fl oz","30000","floz","1","31","31.0000"
"2705489","Hot chocolate / cocoa, dry mix, reduced sugar, made with whole or reduced fat (2%) milk","Flavored milk, reduced fat","1 fl oz","30000","floz","1","31","31.0000"
"2705489","Hot chocolate / cocoa, dry mix, reduced sugar, made with whole or reduced fat (2%) milk","Flavored milk, reduced fat","1 cup","10205","cup","1","248","248.0000"
"2705490","Hot chocolate / cocoa, reduced sugar, made with non-dairy milk","Plant-based milk","1 fl oz","30000","floz","1","31","31.0000"
"2705490","Hot chocolate / cocoa, reduced sugar, made with non-dairy milk","Plant-based milk","1 cup","10205","cup","1","248","248.0000"
"2705491","Hot chocolate / cocoa, reduced sugar, made with whole or reduced fat (2%) milk","Flavored milk, reduced fat","1 fl oz","30000","floz","1","31","31.0000"
"2705491","Hot chocolate / cocoa, reduced sugar, made with whole or reduced fat (2%) milk","Flavored milk, reduced fat","1 cup","10205","cup","1","248","248.0000"
"2705492","Hot chocolate / cocoa, dry mix, reduced sugar, made with lowfat (1%) or fat free (skim) milk","Flavored milk, nonfat","1 fl oz","30000","floz","1","31","31.0000"
"2705492","Hot chocolate / cocoa, dry mix, reduced sugar, made with lowfat (1%) or fat free (skim) milk","Flavored milk, nonfat","1 cup","10205","cup","1","248","248.0000"
"2705493","Hot chocolate / cocoa, reduced sugar, made with lowfat (1%) or fat free (skim) milk","Flavored milk, nonfat","1 cup","10205","cup","1","248","248.0000"
"2705493","Hot chocolate / cocoa, reduced sugar, made with lowfat (1%) or fat free (skim) milk","Flavored milk, nonfat","1 fl oz","30000","floz","1","31","31.0000"
"2705494","Hot chocolate / cocoa, dry mix, reduced sugar, made with non-dairy milk","Plant-based milk","1 cup","10205","cup","1","248","248.0000"
"2705494","Hot chocolate / cocoa, dry mix, reduced sugar, made with non-dairy milk","Plant-based milk","1 fl oz","30000","floz","1","31","31.0000"
"2705495","Strawberry milk, NFS","Flavored milk, reduced fat","1 cup","10205","cup","1","248","248.0000"
"2705495","Strawberry milk, NFS","Flavored milk, reduced fat","1 fl oz","30000","floz","1","31","31.0000"
"2705496","Strawberry milk, whole","Flavored milk, whole","1 cup","10205","cup","1","248","248.0000"
"2705496","Strawberry milk, whole","Flavored milk, whole","1 fl oz","30000","floz","1","31","31.0000"
"2705497","Strawberry milk, reduced fat (2%)","Flavored milk, reduced fat","1 fl oz","30000","floz","1","31","31.0000"
"2705497","Strawberry milk, reduced fat (2%)","Flavored milk, reduced fat","1 cup","10205","cup","1","248","248.0000"
"2705498","Strawberry milk, low fat (1%)","Flavored milk, lowfat","1 fl oz","30000","floz","1","31","31.0000"
"2705498","Strawberry milk, low fat (1%)","Flavored milk, lowfat","1 cup","10205","cup","1","248","248.0000"
"2705499","Strawberry milk, fat free  (skim)","Flavored milk, nonfat","1 fl oz","30000","floz","1","31","31.0000"
"2705499","Strawberry milk, fat free  (skim)","Flavored milk, nonfat","1 cup","10205","cup","1","248","248.0000"
"2705500","Strawberry milk, reduced sugar","Flavored milk, lowfat","1 cup","10205","cup","1","248","248.0000"
"2705500","Strawberry milk, reduced sugar","Flavored milk, lowfat","1 fl oz","30000","floz","1","31","31.0000"
"2705501","Milk, malted","Flavored milk, reduced fat","1 fl oz","30000","floz","1","32","32.0000"
"2705501","Milk, malted","Flavored milk, reduced fat","1 cup","10205","cup","1","256","256.0000"
"2705502","Eggnog","Milk shakes and other dairy drinks","1 cup","10205","cup","1","256","256.0000"
"2705502","Eggnog","Milk shakes and other dairy drinks","1 fl oz","30000","floz","1","32","32.0000"
"2705503","Milk shake, home recipe, chocolate","Milk shakes and other dairy drinks","1 cup","10205","cup","1","224","224.0000"
"2705503","Milk shake, home recipe, chocolate","Milk shakes and other dairy drinks","1 fl oz","30000","floz","1","28","28.0000"
"2705504","Milk shake, home recipe, flavors other than chocolate","Milk shakes and other dairy drinks","1 cup","10205","cup","1","224","224.0000"
"2705504","Milk shake, home recipe, flavors other than chocolate","Milk shakes and other dairy drinks","1 fl oz","30000","floz","1","28","28.0000"
"2705505","Milk shake, home recipe, chocolate, light","Milk shakes and other dairy drinks","1 cup","10205","cup","1","224","224.0000"
"2705505","Milk shake, home recipe, chocolate, light","Milk shakes and other dairy drinks","1 fl oz","30000","floz","1","28","28.0000"
"2705506","Milk shake, home recipe, flavors other than chocolate, light","Milk shakes and other dairy drinks","1 fl oz","30000","floz","1","28","28.0000"
"2705506","Milk shake, home recipe, flavors other than chocolate, light","Milk shakes and other dairy drinks","1 cup","10205","cup","1","224","224.0000"
"2705507","Milk shake with malt","Milk shakes and other dairy drinks","1 fl oz","30000","floz","1","28","28.0000"
"2705508","Milk shake, fast food, chocolate","Milk shakes and other dairy drinks","1 large","60919","large","1","690","690.0000"
"2705508","Milk shake, fast food, chocolate","Milk shakes and other dairy drinks","1 cup","10205","cup","1","224","224.0000"
"2705508","Milk shake, fast food, chocolate","Milk shakes and other dairy drinks","1 small","62015","small","1","405","405.0000"
"2705508","Milk shake, fast food, chocolate","Milk shakes and other dairy drinks","1 medium","61238","medium","1","526","526.0000"
"2705508","Milk shake, fast food, chocolate","Milk shakes and other dairy drinks","1 fl oz","30000","floz","1","28","28.0000"
"2705509","Milk shake, fast food, flavors other than chocolate","Milk shakes and other dairy drinks","1 medium","61238","medium","1","526","526.0000"
"2705509","Milk shake, fast food, flavors other than chocolate","Milk shakes and other dairy drinks","1 cup","10205","cup","1","224","224.0000"
"2705509","Milk shake, fast food, flavors other than chocolate","Milk shakes and other dairy drinks","1 large","60919","large","1","690","690.0000"
"2705509","Milk shake, fast food, flavors other than chocolate","Milk shakes and other dairy drinks","1 small","62015","small","1","405","405.0000"
"2705509","Milk shake, fast food, flavors other than chocolate","Milk shakes and other dairy drinks","1 fl oz","30000","floz","1","28","28.0000"
"2705510","Milk shake, bottled, chocolate","Milk shakes and other dairy drinks","1 fl oz","30000","floz","1","31","31.0000"
"2705510","Milk shake, bottled, chocolate","Milk shakes and other dairy drinks","1 cup","10205","cup","1","248","248.0000"
"2705511","Milk shake, bottled, flavors other than chocolate","Milk shakes and other dairy drinks","1 fl oz","30000","floz","1","31","31.0000"
"2705511","Milk shake, bottled, flavors other than chocolate","Milk shakes and other dairy drinks","1 cup","10205","cup","1","248","248.0000"
"2705512","Licuado or Batido","Smoothies and grain drinks","1 fl oz","30000","floz","1","27","27.0000"
"2705512","Licuado or Batido","Smoothies and grain drinks","1 cup","10205","cup","1","216","216.0000"
"2705513","Fruit smoothie, NFS","Smoothies and grain drinks","1 medium","61238","medium","1","864","864.0000"
"2705513","Fruit smoothie, NFS","Smoothies and grain drinks","1 cup","10205","cup","1","216","216.0000"
"2705513","Fruit smoothie, NFS","Smoothies and grain drinks","1 fl oz","30000","floz","1","27","27.0000"
"2705513","Fruit smoothie, NFS","Smoothies and grain drinks","1 small","62015","small","1","540","540.0000"
"2705513","Fruit smoothie, NFS","Smoothies and grain drinks","1 large","60919","large","1","1080","1080.0000"
"2705514","Fruit smoothie, with whole fruit and dairy","Smoothies and grain drinks","1 medium","61238","medium","1","864","864.0000"
"2705514","Fruit smoothie, with whole fruit and dairy","Smoothies and grain drinks","1 cup","10205","cup","1","216","216.0000"
"2705514","Fruit smoothie, with whole fruit and dairy","Smoothies and grain drinks","1 large","60919","large","1","1080","1080.0000"
"2705514","Fruit smoothie, with whole fruit and dairy","Smoothies and grain drinks","1 small","62015","small","1","540","540.0000"
"2705514","Fruit smoothie, with whole fruit and dairy","Smoothies and grain drinks","1 fl oz","30000","floz","1","27","27.0000"
"2705515","Fruit smoothie, with whole fruit and dairy, added protein","Smoothies and grain drinks","1 small","62015","small","1","540","540.0000"
"2705515","Fruit smoothie, with whole fruit and dairy, added protein","Smoothies and grain drinks","1 cup","10205","cup","1","216","216.0000"
"2705515","Fruit smoothie, with whole fruit and dairy, added protein","Smoothies and grain drinks","1 medium","61238","medium","1","864","864.0000"
"2705515","Fruit smoothie, with whole fruit and dairy, added protein","Smoothies and grain drinks","1 large","60919","large","1","1080","1080.0000"
"2705515","Fruit smoothie, with whole fruit and dairy, added protein","Smoothies and grain drinks","1 fl oz","30000","floz","1","27","27.0000"
"2705516","Fruit smoothie juice drink, with dairy","Smoothies and grain drinks","1 medium","61238","medium","1","864","864.0000"
"2705516","Fruit smoothie juice drink, with dairy","Smoothies and grain drinks","1 fl oz","30000","floz","1","27","27.0000"
"2705516","Fruit smoothie juice drink, with dairy","Smoothies and grain drinks","1 cup","10205","cup","1","216","216.0000"
"2705516","Fruit smoothie juice drink, with dairy","Smoothies and grain drinks","1 large","60919","large","1","1080","1080.0000"
"2705516","Fruit smoothie juice drink, with dairy","Smoothies and grain drinks","1 small","62015","small","1","540","540.0000"
"2705517","Chocolate milk drink","Milk shakes and other dairy drinks","1 cup","10205","cup","1","248","248.0000"
"2705517","Chocolate milk drink","Milk shakes and other dairy drinks","1 fl oz","30000","floz","1","31","31.0000"
"2705518","Infant formula, NFS","Formula, prepared from powder","1 fl oz","30000","floz","1","30.5","30.5000"
"2705519","Infant formula, Similac, NFS","Formula, prepared from powder","1 fl oz","30000","floz","1","30.5","30.5000"
"2705520","Infant formula, Similac Alimentum, ready-to-feed","Formula, ready-to-feed","1 fl oz","30000","floz","1","30.5","30.5000"
"2705521","Infant formula, Similac Alimentum, powder, made with water","Formula, prepared from powder","1 fl oz","30000","floz","1","30.5","30.5000"
"2705522","Infant formula, Similac Advance, ready-to-feed","Formula, ready-to-feed","1 fl oz","30000","floz","1","30.5","30.5000"
"2705523","Infant formula, Similac Advance, powder, made with tap water","Formula, prepared from powder","1 fl oz","30000","floz","1","30.5","30.5000"
"2705524","Infant formula, Similac Advance, powder, made with bottled water","Formula, prepared from powder","1 fl oz","30000","floz","1","30.5","30.5000"
"2705525","Infant formula, Similac Advance, powder, made with baby water","Formula, prepared from powder","1 fl oz","30000","floz","1","30.5","30.5000"
"2705526","Infant formula, Similac Sensitive, ready-to-feed","Formula, ready-to-feed","1 fl oz","30000","floz","1","30.5","30.5000"
"2705527","Infant formula, Similac Sensitive, powder, made with tap water","Formula, prepared from powder","1 fl oz","30000","floz","1","30.5","30.5000"
"2705528","Infant formula, Similac Sensitive, powder, made with bottled water","Formula, prepared from powder","1 fl oz","30000","floz","1","30.5","30.5000"
"2705529","Infant formula, Similac Sensitive, powder, made with baby water","Formula, prepared from powder","1 fl oz","30000","floz","1","30.5","30.5000"
"2705530","Infant formula, Similac for Spit-Up, ready-to-feed","Formula, ready-to-feed","1 fl oz","30000","floz","1","30.5","30.5000"
"2705531","Infant formula, Similac for Spit-Up, powder, made with water","Formula, prepared from powder","1 fl oz","30000","floz","1","30.5","30.5000"
"2705532","Toddler formula, Similac Go and Grow","Formula, prepared from powder","1 fl oz","30000","floz","1","30.5","30.5000"
"2705533","Infant formula, Enfamil, NFS","Formula, prepared from powder","1 fl oz","30000","floz","1","30.5","30.5000"
"2705534","Infant formula, Enfamil Infant, ready-to-feed","Formula, ready-to-feed","1 fl oz","30000","floz","1","30.5","30.5000"
"2705535","Infant formula, Enfamil Infant, powder, made with tap water","Formula, prepared from powder","1 fl oz","30000","floz","1","30.5","30.5000"
"2705536","Infant formula, Enfamil Infant, powder, made with bottled water","Formula, prepared from powder","1 fl oz","30000","floz","1","30.5","30.5000"
"2705537","Infant formula, Enfamil Infant, powder, made with baby water","Formula, prepared from powder","1 fl oz","30000","floz","1","30.5","30.5000"
"2705538","Infant formula, Enfamil AR, ready-to-feed","Formula, ready-to-feed","1 fl oz","30000","floz","1","30.5","30.5000"
"2705539","Infant formula, Enfamil AR, powder, made with water","Formula, prepared from powder","1 fl oz","30000","floz","1","30.5","30.5000"
"2705540","Infant formula, Enfamil Gentlease, ready-to-feed","Formula, ready-to-feed","1 fl oz","30000","floz","1","30.5","30.5000"
"2705541","Infant formula, Enfamil Gentlease, powder, made with tap water","Formula, prepared from powder","1 fl oz","30000","floz","1","30.5","30.5000"
"2705542","Infant formula, Enfamil Gentlease, powder, made with bottled water","Formula, prepared from powder","1 fl oz","30000","floz","1","30.5","30.5000"
"2705543","Infant formula, Enfamil Gentlease, powder, made with baby water","Formula, prepared from powder","1 fl oz","30000","floz","1","30.5","30.5000"
"2705544","Toddler formula, Enfamil Enfagrow","Formula, prepared from powder","1 fl oz","30000","floz","1","30.5","30.5000"
"2705545","Toddler formula, PediaSure","Formula, ready-to-feed","1 fl oz","30000","floz","1","31","31.0000"
"2705546","Toddler formula, Nido Kinder","Formula, prepared from powder","1 fl oz","30000","floz","1","30.5","30.5000"
"2705547","Toddler formula, store brand, beginning or next stage","Formula, prepared from powder","1 fl oz","30000","floz","1","30.5","30.5000"
"2705548","Toddler formula, store brand, pediatric shake","Formula, prepared from powder","1 fl oz","30000","floz","1","31","31.0000"
"2705549","Infant formula, Gerber, NFS","Formula, prepared from powder","1 fl oz","30000","floz","1","30.5","30.5000"
"2705550","Infant formula, Gerber Good Start Gentle, Stage 1, ready-to-feed","Formula, ready-to-feed","1 fl oz","30000","floz","1","30.5","30.5000"
"2705551","Infant formula, Gerber Good Start Gentle, Stage 1, powder, made with tap water","Formula, prepared from powder","1 fl oz","30000","floz","1","30.5","30.5000"
"2705552","Infant formula, Gerber Good Start Gentle, Stage 1, powder, made with bottled water","Formula, prepared from powder","1 fl oz","30000","floz","1","30.5","30.5000"
"2705553","Infant formula, Gerber Good Start Gentle, Stage 1, powder, made with baby water","Formula, prepared from powder","1 fl oz","30000","floz","1","30.5","30.5000"
"2705554","Infant formula, Gerber Good Start Gentle, Stage 2","Formula, prepared from powder","1 fl oz","30000","floz","1","30.5","30.5000"
"2705555","Toddler formula, Gerber Good Start, Stage 3","Formula, prepared from powder","1 fl oz","30000","floz","1","30.5","30.5000"
"2705556","Infant formula, premature, powder, made with water","Formula, prepared from powder","1 fl oz","30000","floz","1","30.5","30.5000"
"2705557","Infant formula, premature, ready-to-feed","Formula, ready-to-feed","1 fl oz","30000","floz","1","30.5","30.5000"
"2705558","Infant formula, organic, powder, made with water","Formula, prepared from powder","1 fl oz","30000","floz","1","30.5","30.5000"
"2705559","Infant formula, organic, ready-to-feed","Formula, ready-to-feed","1 fl oz","30000","floz","1","30.5","30.5000"
"2705560","Infant formula, store brand, advantage or tender, powder, made with tap water","Formula, prepared from powder","1 fl oz","30000","floz","1","30.5","30.5000"
"2705561","Infant formula, store brand, advantage or tender, powder, made with bottled water","Formula, prepared from powder","1 fl oz","30000","floz","1","30.5","30.5000"
"2705562","Infant formula, store brand, advantage or tender, powder, made with baby water","Formula, prepared from powder","1 fl oz","30000","floz","1","30.5","30.5000"
"2705563","Infant formula, store brand, gentle or sensitivity","Formula, prepared from powder","1 fl oz","30000","floz","1","30.5","30.5000"
"2705564","Infant formula, store brand, added rice","Formula, prepared from powder","1 fl oz","30000","floz","1","30.5","30.5000"
"2705565","Infant formula, Enfamil ProSobee, ready-to-feed","Formula, ready-to-feed","1 fl oz","30000","floz","1","30.5","30.5000"
"2705566","Infant formula, Enfamil ProSobee, powder, made with tap water","Formula, prepared from powder","1 fl oz","30000","floz","1","30.5","30.5000"
"2705567","Infant formula, Enfamil ProSobee, powder, made with bottled water","Formula, prepared from powder","1 fl oz","30000","floz","1","30.5","30.5000"
"2705568","Infant formula, Enfamil ProSobee, powder, made with baby water","Formula, prepared from powder","1 fl oz","30000","floz","1","30.5","30.5000"
"2705569","Infant formula, Similac Isomil Soy, ready-to-feed","Formula, ready-to-feed","1 fl oz","30000","floz","1","30.5","30.5000"
"2705570","Infant formula, Similac Isomil Soy, powder, made with tap water","Formula, prepared from powder","1 fl oz","30000","floz","1","30.5","30.5000"
"2705571","Infant formula, Similac Isomil Soy, powder, made with bottled water","Formula, prepared from powder","1 fl oz","30000","floz","1","30.5","30.5000"
"2705572","Infant formula, Similac Isomil Soy, powder, made with baby water","Formula, prepared from powder","1 fl oz","30000","floz","1","30.5","30.5000"
"2705573","Infant formula, Similac for Diarrhea","Formula, ready-to-feed","1 fl oz","30000","floz","1","30.5","30.5000"
"2705574","Infant formula, Gerber Good Start Soy, Stage 1, ready-to-feed","Formula, ready-to-feed","1 fl oz","30000","floz","1","30.5","30.5000"
"2705575","Infant formula, Gerber Good Start Soy, Stage 1, powder, made with tap water","Formula, prepared from powder","1 fl oz","30000","floz","1","30.5","30.5000"
"2705576","Infant formula, Gerber Good Start Soy, Stage 1, powder, made with bottled water","Formula, prepared from powder","1 fl oz","30000","floz","1","30.5","30.5000"
"2705577","Infant formula, Gerber Good Start Soy, Stage 1, powder, made with baby water","Formula, prepared from powder","1 fl oz","30000","floz","1","30.5","30.5000"
"2705578","Infant formula, store brand, soy","Formula, prepared from powder","1 fl oz","30000","floz","1","30.5","30.5000"
"2705579","Infant formula, Enfamil Nutramigen, ready-to-feed","Formula, ready-to-feed","1 fl oz","30000","floz","1","30.5","30.5000"
"2705580","Infant formula, Enfamil Nutramigen, powder, made with water","Formula, prepared from powder","1 fl oz","30000","floz","1","30.5","30.5000"
"2705581","Infant formula, Enfamil Pregestimil, ready-to-feed","Formula, ready-to-feed","1 fl oz","30000","floz","1","30.5","30.5000"
"2705582","Infant formula, Enfamil Pregestimil, powder, made with water","Formula, prepared from powder","1 fl oz","30000","floz","1","30.5","30.5000"
"2705583","Infant formula, amino acids","Formula, prepared from powder","1 fl oz","30000","floz","1","30.5","30.5000"
"2705584","Infant formula, low iron","Formula, prepared from powder","1 fl oz","30000","floz","1","30.5","30.5000"
"2705585","Milk, dry, not reconstituted","Not included in a food category","1 cup","10205","cup","1","128","128.0000"
"2705586","Whey, sweet, dry","Not included in a food category","1 tablespoon","21000","tbsp","1","7.5","7.5000"
"2705587","Cocoa powder, not reconstituted","Not included in a food category","1 tablespoon","21000","tbsp","1","5","5.0000"
"2705588","Chocolate beverage powder, dry mix, not reconstituted","Not included in a food category","1 tablespoon","21000","tbsp","1","10","10.0000"
"2705589","Chocolate beverage powder, light, dry mix, not reconstituted","Not included in a food category","1 tablespoon","21000","tbsp","1","10","10.0000"
"2705590","Milk, malted, dry mix, not reconstituted","Not included in a food category","1 tablespoon","21000","tbsp","1","5.5","5.5000"
"2705591","Strawberry beverage powder, dry mix, not reconstituted","Not included in a food category","1 tablespoon","21000","tbsp","1","10","10.0000"
"2705592","Cream, NS as to light, heavy, or half and half","Cream and cream substitutes","1 cup","10205","cup","1","240","240.0000"
"2705592","Cream, NS as to light, heavy, or half and half","Cream and cream substitutes","1 fl oz","30000","floz","1","30","30.0000"
"2705593","Cream, light","Cream and cream substitutes","1 fl oz","30000","floz","1","30","30.0000"
"2705593","Cream, light","Cream and cream substitutes","1 cup","10205","cup","1","240","240.0000"
"2705594","Cream, half and half","Cream and cream substitutes","1 cup","10205","cup","1","240","240.0000"
"2705594","Cream, half and half","Cream and cream substitutes","1 fl oz","30000","floz","1","30","30.0000"
"2705595","Cream, half and half, flavored","Cream and cream substitutes","1 fl oz","30000","floz","1","30","30.0000"
"2705595","Cream, half and half, flavored","Cream and cream substitutes","1 cup","10205","cup","1","240","240.0000"
"2705596","Cream, half and half, fat free","Cream and cream substitutes","1 cup","10205","cup","1","240","240.0000"
"2705596","Cream, half and half, fat free","Cream and cream substitutes","1 fl oz","30000","floz","1","30","30.0000"
"2705597","Cream, heavy","Cream and cream substitutes","1 cup","10205","cup","1","240","240.0000"
"2705597","Cream, heavy","Cream and cream substitutes","1 fl oz","30000","floz","1","30","30.0000"
"2705598","Cream, whipped","Cream cheese, sour cream, whipped cream","1 cup","10205","cup","1","40","40.0000"
"2705599","Coffee creamer, NFS","Cream and cream substitutes","1 cup","10205","cup","1","240","240.0000"
"2705599","Coffee creamer, NFS","Cream and cream substitutes","1 fl oz","30000","floz","1","30","30.0000"
"2705600","Coffee creamer, liquid","Cream and cream substitutes","1 cup","10205","cup","1","240","240.0000"
"2705600","Coffee creamer, liquid","Cream and cream substitutes","1 fl oz","30000","floz","1","30","30.0000"
"2705601","Coffee creamer, liquid, flavored","Cream and cream substitutes","1 fl oz","30000","floz","1","30","30.0000"
"2705601","Coffee creamer, liquid, flavored","Cream and cream substitutes","1 cup","10205","cup","1","240","240.0000"
"2705602","Coffee creamer, liquid, fat free","Cream and cream substitutes","1 cup","10205","cup","1","240","240.0000"
"2705602","Coffee creamer, liquid, fat free","Cream and cream substitutes","1 fl oz","30000","floz","1","30","30.0000"
"2705603","Coffee creamer, liquid, fat free, flavored","Cream and cream substitutes","1 fl oz","30000","floz","1","30","30.0000"
"2705603","Coffee creamer, liquid, fat free, flavored","Cream and cream substitutes","1 cup","10205","cup","1","240","240.0000"
"2705604","Coffee creamer, liquid, fat free, sugar free, flavored","Cream and cream substitutes","1 cup","10205","cup","1","240","240.0000"
"2705604","Coffee creamer, liquid, fat free, sugar free, flavored","Cream and cream substitutes","1 fl oz","30000","floz","1","30","30.0000"
"2705605","Coffee creamer, liquid, sugar free, flavored","Cream and cream substitutes","1 fl oz","30000","floz","1","30","30.0000"
"2705605","Coffee creamer, liquid, sugar free, flavored","Cream and cream substitutes","1 cup","10205","cup","1","240","240.0000"
"2705606","Coffee creamer, powder","Cream and cream substitutes","1 cup","10205","cup","1","94","94.0000"
"2705607","Coffee creamer, powder, flavored","Cream and cream substitutes","1 cup","10205","cup","1","94","94.0000"
"2705608","Coffee creamer, powder, fat free","Cream and cream substitutes","1 cup","10205","cup","1","94","94.0000"
"2705609","Coffee creamer,powder, sugar free, flavored","Cream and cream substitutes","1 cup","10205","cup","1","94","94.0000"
"2705610","Coffee creamer, soy, liquid","Cream and cream substitutes","1 fl oz","30000","floz","1","30","30.0000"
"2705610","Coffee creamer, soy, liquid","Cream and cream substitutes","1 cup","10205","cup","1","240","240.0000"
"2705611","Whipped topping","Cream cheese, sour cream, whipped cream","1 cup","10205","cup","1","75","75.0000"
"2705612","Whipped topping, fat free","Cream cheese, sour cream, whipped cream","1 cup","10205","cup","1","75","75.0000"
"2705613","Whipped topping, sugar free","Cream cheese, sour cream, whipped cream","1 cup","10205","cup","1","75","75.0000"
"2705614","Sour cream, regular","Cream cheese, sour cream, whipped cream","1 cup","10205","cup","1","240","240.0000"
"2705614","Sour cream, regular","Cream cheese, sour cream, whipped cream","1 tablespoon","21000","tbsp","1","15","15.0000"
"2705615","Sour cream, light","Cream cheese, sour cream, whipped cream","1 tablespoon","21000","tbsp","1","15","15.0000"
"2705615","Sour cream, light","Cream cheese, sour cream, whipped cream","1 cup","10205","cup","1","240","240.0000"
"2705616","Sour cream, fat free","Cream cheese, sour cream, whipped cream","1 tablespoon","21000","tbsp","1","15","15.0000"
"2705616","Sour cream, fat free","Cream cheese, sour cream, whipped cream","1 cup","10205","cup","1","240","240.0000"
"2705617","Sour cream, imitation","Cream cheese, sour cream, whipped cream","1 tablespoon","21000","tbsp","1","15","15.0000"
"2705617","Sour cream, imitation","Cream cheese, sour cream, whipped cream","1 cup","10205","cup","1","240","240.0000"
"2705618","Dip, NFS","Dips, gravies, other sauces","1 tablespoon","21000","tbsp","1","15","15.0000"
"2705619","Chipotle dip, regular","Dips, gravies, other sauces","1 tablespoon","21000","tbsp","1","15","15.0000"
"2705620","Chipotle dip, light","Dips, gravies, other sauces","1 tablespoon","21000","tbsp","1","15","15.0000"
"2705621","Onion dip, regular","Dips, gravies, other sauces","1 tablespoon","21000","tbsp","1","15","15.0000"
"2705622","Onion dip, light","Dips, gravies, other sauces","1 tablespoon","21000","tbsp","1","15","15.0000"
"2705623","Ranch dip, regular","Dips, gravies, other sauces","1 tablespoon","21000","tbsp","1","15","15.0000"
"2705624","Ranch dip, light","Dips, gravies, other sauces","1 tablespoon","21000","tbsp","1","15","15.0000"
"2705625","Spinach dip, regular","Dips, gravies, other sauces","1 tablespoon","21000","tbsp","1","15","15.0000"
"2705626","Spinach dip, light","Dips, gravies, other sauces","1 tablespoon","21000","tbsp","1","15","15.0000"
"2705627","Vegetable dip, regular","Dips, gravies, other sauces","1 tablespoon","21000","tbsp","1","15","15.0000"
"2705628","Vegetable dip, light","Dips, gravies, other sauces","1 tablespoon","21000","tbsp","1","15","15.0000"
"2705629","Ice cream, NFS","Ice cream and frozen dairy desserts","1 slice","61935","slice","1","66","66.0000"
"2705629","Ice cream, NFS","Ice cream and frozen dairy desserts","1 cup","10205","cup","1","135","135.0000"
"2705630","Ice cream, vanilla","Ice cream and frozen dairy desserts","1 cup","10205","cup","1","135","135.0000"
"2705631","Ice cream, vanilla, with additional ingredients","Ice cream and frozen dairy desserts","1 cup","10205","cup","1","140","140.0000"
"2705632","Ice cream, chocolate","Ice cream and frozen dairy desserts","1 cup","10205","cup","1","135","135.0000"
"2705633","Ice cream, chocolate, with additional ingredients","Ice cream and frozen dairy desserts","1 cup","10205","cup","1","140","140.0000"
"2705634","Ice cream, soft serve, vanilla","Ice cream and frozen dairy desserts","1 cup","10205","cup","1","175","175.0000"
"2705635","Ice cream, soft serve, chocolate","Ice cream and frozen dairy desserts","1 cup","10205","cup","1","175","175.0000"
"2705636","Gelato, vanilla","Ice cream and frozen dairy desserts","1 cup","10205","cup","1","175","175.0000"
"2705637","Gelato, chocolate","Ice cream and frozen dairy desserts","1 cup","10205","cup","1","175","175.0000"
"2705638","Ice cream bar, vanilla","Ice cream and frozen dairy desserts","1 cup","10205","cup","1","133","133.0000"
"2705656","Ice cream soda, flavors other than chocolate","Milk shakes and other dairy drinks","1 cup","10205","cup","1","192","192.0000"
"2705657","Ice cream soda, chocolate","Milk shakes and other dairy drinks","1 cup","10205","cup","1","192","192.0000"
"2705658","Ice cream sundae, NFS","Ice cream and frozen dairy desserts","1 cup","10205","cup","1","140","140.0000"
"2705659","Ice cream sundae, fruit topping","Ice cream and frozen dairy desserts","1 cup","10205","cup","1","140","140.0000"
"2705661","Ice cream sundae, hot fudge topping","Ice cream and frozen dairy desserts","1 cup","10205","cup","1","140","140.0000"
"2705662","Ice cream sundae, caramel topping","Ice cream and frozen dairy desserts","1 cup","10205","cup","1","140","140.0000"
"2705663","Ice cream, fried","Ice cream and frozen dairy desserts","1 cup","10205","cup","1","135","135.0000"
"2705664","Light ice cream, NFS","Ice cream and frozen dairy desserts","1 cup","10205","cup","1","135","135.0000"
"2705665","Light ice cream, vanilla","Ice cream and frozen dairy desserts","1 cup","10205","cup","1","135","135.0000"
"2705666","Light ice cream, chocolate","Ice cream and frozen dairy desserts","1 cup","10205","cup","1","135","135.0000"
"2705667","Soft serve, blended with candy or cookies, from fast food","Ice cream and frozen dairy desserts","1 small","62015","small","1","300","300.0000"
"2705667","Soft serve, blended with candy or cookies, from fast food","Ice cream and frozen dairy desserts","1 large","60919","large","1","500","500.0000"
"2705667","Soft serve, blended with candy or cookies, from fast food","Ice cream and frozen dairy desserts","1 medium","61238","medium","1","400","400.0000"
"2705667","Soft serve, blended with candy or cookies, from fast food","Ice cream and frozen dairy desserts","1 cup","10205","cup","1","215","215.0000"
"2705677","Sherbet, all flavors","Ice cream and frozen dairy desserts","1 cup","10205","cup","1","175","175.0000"
"2705679","Pudding, chocolate, NFS","Pudding","1 cup","10205","cup","1","260","260.0000"
"2705680","Pudding, bread","Pudding","1 cup","10205","cup","1","200","200.0000"
"2705681","Pudding, flavors other than chocolate, NFS","Pudding","1 cup","10205","cup","1","260","260.0000"
"2705682","Custard","Pudding","1 cup","10205","cup","1","260","260.0000"
"2705683","Flan","Pudding","1 cup","10205","cup","1","260","260.0000"
"2705684","Creme brulee","Pudding","1 cup","10205","cup","1","260","260.0000"
"2705685","Pudding, rice","Pudding","1 cup","10205","cup","1","260","260.0000"
"2705686","Firni, Indian pudding","Pudding","1 cup","10205","cup","1","260","260.0000"
"2705687","Pudding, tapioca, made from dry mix","Pudding","1 cup","10205","cup","1","260","260.0000"
"2705688","Pudding, flavors other than chocolate, made from dry mix","Pudding","1 cup","10205","cup","1","260","260.0000"
"2705689","Pudding, chocolate, made from dry mix","Pudding","1 cup","10205","cup","1","260","260.0000"
"2705690","Pudding, flavors other than chocolate, made from dry mix, sugar free","Pudding","1 cup","10205","cup","1","260","260.0000"
"2705691","Pudding, chocolate, made from dry mix, sugar free","Pudding","1 cup","10205","cup","1","260","260.0000"
"2705692","Pudding, flavors other than chocolate, ready-to-eat","Pudding","1 cup","10205","cup","1","260","260.0000"
"2705693","Pudding, flavors other than chocolate, ready-to-eat, sugar free","Pudding","1 cup","10205","cup","1","260","260.0000"
"2705694","Pudding, chocolate, ready-to-eat","Pudding","1 cup","10205","cup","1","260","260.0000"
"2705695","Pudding, chocolate, ready-to-eat, sugar free","Pudding","1 cup","10205","cup","1","260","260.0000"
"2705696","Pudding, tapioca, ready-to-eat","Pudding","1 cup","10205","cup","1","260","260.0000"
"2705697","Banana pudding","Pudding","1 cup","10205","cup","1","190","190.0000"
"2705698","Mousse","Pudding","1 cup","10205","cup","1","170","170.0000"
"2705699","Dulce de leche","Pudding","1 cup","10205","cup","1","300","300.0000"
"2705700","Barfi or Burfi, Indian dessert","Pudding","1 piece","61667","piece","1","45","45.0000"
"2705701","Trifle","Pudding","1 cup","10205","cup","1","145","145.0000"
"2705702","Tiramisu","Cakes and pies","1 cup","10205","cup","1","145","145.0000"
"2705702","Tiramisu","Cakes and pies","1 piece","61667","piece","1","175","175.0000"
"2705703","White sauce or gravy","Dips, gravies, other sauces","1 cup","10205","cup","1","240","240.0000"
"2705704","Cheese, NFS","Cheese","1 stick","62239","stick","1","28","28.0000"
"2705704","Cheese, NFS","Cheese","1 slice","61935","slice","1","21","21.0000"
"2705704","Cheese, NFS","Cheese","1 cup, melted","10120","cup","1","244","244.0000"
"2705704","Cheese, NFS","Cheese","1 cup","10205","cup","1","113","113.0000"
"2705705","Cheese, Blue or Roquefort","Cheese","1 cup, crumbled","10059","cup","1","135","135.0000"
"2705705","Cheese, Blue or Roquefort","Cheese","1 slice","61935","slice","1","21","21.0000"
"2705706","Cheese, Brick","Cheese","1 cup, diced","10066","cup","1","132","132.0000"
"2705706","Cheese, Brick","Cheese","1 cup, NFS","10010","cup","1","113","113.0000"
"2705706","Cheese, Brick","Cheese","1 slice","61935","slice","1","21","21.0000"
"2705706","Cheese, Brick","Cheese","1 cup, shredded","10159","cup","1","113","113.0000"
"2705707","Cheese, Camembert","Cheese","1 cup","10205","cup","1","246","246.0000"
"2705708","Cheese, Brie","Cheese","1 cup, melted","10120","cup","1","240","240.0000"
"2705708","Cheese, Brie","Cheese","1 cup, sliced","10161","cup","1","144","144.0000"
"2705708","Cheese, Brie","Cheese","1 package (4.5 oz)","61559","package","1","128","128.0000"
"2705708","Cheese, Brie","Cheese","1 cup, NFS","10010","cup","1","144","144.0000"
"2705709","Cheese, Cheddar","Cheese","1 slice","61935","slice","1","21","21.0000"
"2705709","Cheese, Cheddar","Cheese","1 cup, diced","10066","cup","1","132","132.0000"
"2705709","Cheese, Cheddar","Cheese","1 cup, shredded","10159","cup","1","113","113.0000"
"2705709","Cheese, Cheddar","Cheese","1 cup, NFS","10010","cup","1","113","113.0000"
"2705709","Cheese, Cheddar","Cheese","1 cup, melted","10120","cup","1","244","244.0000"
"2705709","Cheese, Cheddar","Cheese","1 cup, cubed","10310","cup","1","132","132.0000"
"2705709","Cheese, Cheddar","Cheese","1 stick","62239","stick","1","28.35","28.3500"
"2705710","Cheese, Cheddar, reduced fat","Cheese","1 cup, shredded","10159","cup","1","113","113.0000"
"2705710","Cheese, Cheddar, reduced fat","Cheese","1 stick","62239","stick","1","28.35","28.3500"
"2705710","Cheese, Cheddar, reduced fat","Cheese","1 cup, cubed","10310","cup","1","132","132.0000"
"2705710","Cheese, Cheddar, reduced fat","Cheese","1 cup, melted","10120","cup","1","244","244.0000"
"2705710","Cheese, Cheddar, reduced fat","Cheese","1 cup, NFS","10010","cup","1","113","113.0000"
"2705710","Cheese, Cheddar, reduced fat","Cheese","1 cup, diced","10066","cup","1","132","132.0000"
"2705710","Cheese, Cheddar, reduced fat","Cheese","1 slice","61935","slice","1","21","21.0000"
"2705711","Cheese, Cheddar, nonfat or fat free","Cheese","1 stick","62239","stick","1","28.35","28.3500"
"2705711","Cheese, Cheddar, nonfat or fat free","Cheese","1 cup, NFS","10010","cup","1","113","113.0000"
"2705711","Cheese, Cheddar, nonfat or fat free","Cheese","1 slice","61935","slice","1","21","21.0000"
"2705711","Cheese, Cheddar, nonfat or fat free","Cheese","1 cup, shredded","10159","cup","1","113","113.0000"
"2705711","Cheese, Cheddar, nonfat or fat free","Cheese","1 cup, diced","10066","cup","1","140","140.0000"
"2705711","Cheese, Cheddar, nonfat or fat free","Cheese","1 cup, cubed","10310","cup","1","132","132.0000"
"2705711","Cheese, Cheddar, nonfat or fat free","Cheese","1 cup, melted","10120","cup","1","244","244.0000"
"2705712","Cheese, Colby","Cheese","1 cup, melted","10120","cup","1","244","244.0000"
"2705712","Cheese, Colby","Cheese","1 cup, diced","10066","cup","1","132","132.0000"
"2705712","Cheese, Colby","Cheese","1 slice","61935","slice","1","21","21.0000"
"2705712","Cheese, Colby","Cheese","1 stick","62239","stick","1","28.35","28.3500"
"2705712","Cheese, Colby","Cheese","1 cup, NFS","10010","cup","1","113","113.0000"
"2705712","Cheese, Colby","Cheese","1 cup, shredded","10159","cup","1","113","113.0000"
"2705713","Cheese, Colby Jack","Cheese","1 cup, diced","10066","cup","1","132","132.0000"
"2705713","Cheese, Colby Jack","Cheese","1 cup, melted","10120","cup","1","244","244.0000"
"2705713","Cheese, Colby Jack","Cheese","1 stick","62239","stick","1","28.35","28.3500"
"2705713","Cheese, Colby Jack","Cheese","1 cup, shredded","10159","cup","1","113","113.0000"
"2705713","Cheese, Colby Jack","Cheese","1 slice","61935","slice","1","21","21.0000"
"2705713","Cheese, Colby Jack","Cheese","1 cup, NFS","10010","cup","1","113","113.0000"
"2705714","Cheese, Feta","Cheese","1 cup, crumbled","10059","cup","1","150","150.0000"
"2705715","Cheese, Fontina","Cheese","1 cup, NFS","10010","cup","1","108","108.0000"
"2705715","Cheese, Fontina","Cheese","1 slice","61935","slice","1","21","21.0000"
"2705715","Cheese, Fontina","Cheese","1 cup, diced","10066","cup","1","132","132.0000"
"2705715","Cheese, Fontina","Cheese","1 cup, shredded","10159","cup","1","108","108.0000"
"2705716","Cheese, goat","Cheese","1 cup, crumbled","10059","cup","1","140","140.0000"
"2705717","Cheese, Gouda or Edam","Cheese","1 slice","61935","slice","1","21","21.0000"
"2705717","Cheese, Gouda or Edam","Cheese","1 cup, diced","10066","cup","1","132","132.0000"
"2705717","Cheese, Gouda or Edam","Cheese","1 package (7 oz)","61565","package","1","198","198.0000"
"2705718","Cheese, Gruyere","Cheese","1 cup, diced","10066","cup","1","132","132.0000"
"2705718","Cheese, Gruyere","Cheese","1 package (6 oz)","61563","package","1","170","170.0000"
"2705718","Cheese, Gruyere","Cheese","1 cup, NFS","10010","cup","1","108","108.0000"
"2705718","Cheese, Gruyere","Cheese","1 cup, shredded","10159","cup","1","108","108.0000"
"2705718","Cheese, Gruyere","Cheese","1 slice","61935","slice","1","21","21.0000"
"2705719","Cheese, Limburger","Cheese","1 cup","10205","cup","1","134","134.0000"
"2705719","Cheese, Limburger","Cheese","1 package (8 oz)","61567","package","1","227","227.0000"
"2705720","Cheese, Monterey","Cheese","1 slice","61935","slice","1","21","21.0000"
"2705720","Cheese, Monterey","Cheese","1 cup, diced","10066","cup","1","132","132.0000"
"2705720","Cheese, Monterey","Cheese","1 cup, melted","10120","cup","1","244","244.0000"
"2705720","Cheese, Monterey","Cheese","1 cup, shredded","10159","cup","1","113","113.0000"
"2705720","Cheese, Monterey","Cheese","1 cup, NFS","10010","cup","1","113","113.0000"
"2705721","Cheese, Monterey, reduced fat","Cheese","1 slice","61935","slice","1","21","21.0000"
"2705721","Cheese, Monterey, reduced fat","Cheese","1 cup, diced","10066","cup","1","132","132.0000"
"2705721","Cheese, Monterey, reduced fat","Cheese","1 cup, NFS","10010","cup","1","113","113.0000"
"2705721","Cheese, Monterey, reduced fat","Cheese","1 cup, melted","10120","cup","1","244","244.0000"
"2705721","Cheese, Monterey, reduced fat","Cheese","1 cup, shredded","10159","cup","1","113","113.0000"
"2705722","Cheese, Mozzarella, NFS","Cheese","1 cup, NFS","10010","cup","1","113","113.0000"
"2705722","Cheese, Mozzarella, NFS","Cheese","1 slice","61935","slice","1","21","21.0000"
"2705722","Cheese, Mozzarella, NFS","Cheese","1 cup, melted","10120","cup","1","244","244.0000"
"2705722","Cheese, Mozzarella, NFS","Cheese","1 cup, shredded","10159","cup","1","113","113.0000"
"2705722","Cheese, Mozzarella, NFS","Cheese","1 stick","62239","stick","1","28.35","28.3500"
"2705722","Cheese, Mozzarella, NFS","Cheese","1 cup, diced","10066","cup","1","132","132.0000"
"2705723","Cheese, Mozzarella, part skim","Cheese","1 cup, NFS","10010","cup","1","113","113.0000"
"2705723","Cheese, Mozzarella, part skim","Cheese","1 slice","61935","slice","1","21","21.0000"
"2705723","Cheese, Mozzarella, part skim","Cheese","1 cup, diced","10066","cup","1","132","132.0000"
"2705723","Cheese, Mozzarella, part skim","Cheese","1 stick","62239","stick","1","28.35","28.3500"
"2705723","Cheese, Mozzarella, part skim","Cheese","1 cup, shredded","10159","cup","1","113","113.0000"
"2705723","Cheese, Mozzarella, part skim","Cheese","1 cup, melted","10120","cup","1","244","244.0000"
"2705724","Cheese, Mozzarella, reduced sodium","Cheese","1 slice","61935","slice","1","21","21.0000"
"2705724","Cheese, Mozzarella, reduced sodium","Cheese","1 cup, shredded","10159","cup","1","113","113.0000"
"2705724","Cheese, Mozzarella, reduced sodium","Cheese","1 cup, NFS","10010","cup","1","113","113.0000"
"2705724","Cheese, Mozzarella, reduced sodium","Cheese","1 cup, diced","10066","cup","1","132","132.0000"
"2705724","Cheese, Mozzarella, reduced sodium","Cheese","1 stick","62239","stick","1","28.35","28.3500"
"2705724","Cheese, Mozzarella, reduced sodium","Cheese","1 cup, melted","10120","cup","1","244","244.0000"
"2705725","Cheese, Mozzarella, nonfat or fat free","Cheese","1 stick","62239","stick","1","28.35","28.3500"
"2705725","Cheese, Mozzarella, nonfat or fat free","Cheese","1 cup, shredded","10159","cup","1","113","113.0000"
"2705725","Cheese, Mozzarella, nonfat or fat free","Cheese","1 cup, melted","10120","cup","1","244","244.0000"
"2705725","Cheese, Mozzarella, nonfat or fat free","Cheese","1 cup, NFS","10010","cup","1","113","113.0000"
"2705725","Cheese, Mozzarella, nonfat or fat free","Cheese","1 slice","61935","slice","1","21","21.0000"
"2705726","Cheese, Muenster","Cheese","1 cup, diced","10066","cup","1","132","132.0000"
"2705726","Cheese, Muenster","Cheese","1 slice","61935","slice","1","21","21.0000"
"2705726","Cheese, Muenster","Cheese","1 cup, shredded","10159","cup","1","113","113.0000"
"2705727","Cheese, Muenster, reduced fat","Cheese","1 slice","61935","slice","1","21","21.0000"
"2705727","Cheese, Muenster, reduced fat","Cheese","1 cup, shredded","10159","cup","1","113","113.0000"
"2705728","Cheese, Parmesan, dry grated","Cheese","1 cup","10205","cup","1","100","100.0000"
"2705728","Cheese, Parmesan, dry grated","Cheese","1 tablespoon","21000","tbsp","1","6.2","6.2000"
"2705729","Cheese, Parmesan, dry grated, reduced fat","Cheese","1 cup","10205","cup","1","106","106.0000"
"2705729","Cheese, Parmesan, dry grated, reduced fat","Cheese","1 tablespoon","21000","tbsp","1","7","7.0000"
"2705730","Cheese, Parmesan, hard","Cheese","1 tablespoon","21000","tbsp","1","5","5.0000"
"2705730","Cheese, Parmesan, hard","Cheese","1 oz","40000","oz","1","28.35","28.3500"
"2705731","Cheese, Parmesan, dry grated, fat free","Cheese","1 cup","10205","cup","1","120","120.0000"
"2705731","Cheese, Parmesan, dry grated, fat free","Cheese","1 tablespoon","21000","tbsp","1","7.5","7.5000"
"2705732","Cheese, Port du Salut","Cheese","1 cup, shredded","10159","cup","1","113","113.0000"
"2705732","Cheese, Port du Salut","Cheese","1 slice","61935","slice","1","21","21.0000"
"2705732","Cheese, Port du Salut","Cheese","1 cup, NFS","10010","cup","1","113","113.0000"
"2705732","Cheese, Port du Salut","Cheese","1 cup, diced","10066","cup","1","132","132.0000"
"2705733","Cheese, Provolone","Cheese","1 slice","61935","slice","1","21","21.0000"
"2705733","Cheese, Provolone","Cheese","1 cup, diced","10066","cup","1","132","132.0000"
"2705734","Cheese, provolone, reduced fat","Cheese","1 cup, diced","10066","cup","1","132","132.0000"
"2705734","Cheese, provolone, reduced fat","Cheese","1 slice","61935","slice","1","21","21.0000"
"2705735","Cheese, Swiss","Cheese","1 cup, melted","10120","cup","1","244","244.0000"
"2705735","Cheese, Swiss","Cheese","1 cup, diced","10066","cup","1","132","132.0000"
"2705735","Cheese, Swiss","Cheese","1 cup, shredded","10159","cup","1","108","108.0000"
"2705735","Cheese, Swiss","Cheese","1 cup, NFS","10010","cup","1","108","108.0000"
"2705735","Cheese, Swiss","Cheese","1 slice","61935","slice","1","21","21.0000"
"2705736","Cheese, Swiss, reduced sodium","Cheese","1 slice","61935","slice","1","21","21.0000"
"2705736","Cheese, Swiss, reduced sodium","Cheese","1 cup, NFS","10010","cup","1","108","108.0000"
"2705736","Cheese, Swiss, reduced sodium","Cheese","1 cup, shredded","10159","cup","1","108","108.0000"
"2705736","Cheese, Swiss, reduced sodium","Cheese","1 cup, diced","10066","cup","1","132","132.0000"
"2705737","Cheese, Swiss, reduced fat","Cheese","1 cup, shredded","10159","cup","1","108","108.0000"
"2705737","Cheese, Swiss, reduced fat","Cheese","1 cup, NFS","10010","cup","1","108","108.0000"
"2705737","Cheese, Swiss, reduced fat","Cheese","1 slice","61935","slice","1","21","21.0000"
"2705737","Cheese, Swiss, reduced fat","Cheese","1 cup, diced","10066","cup","1","132","132.0000"
"2705738","Cheese, Swiss, nonfat or fat free","Cheese","1 slice","61935","slice","1","21","21.0000"
"2705738","Cheese, Swiss, nonfat or fat free","Cheese","1 cup, NFS","10010","cup","1","108","108.0000"
"2705738","Cheese, Swiss, nonfat or fat free","Cheese","1 cup, diced","10066","cup","1","132","132.0000"
"2705738","Cheese, Swiss, nonfat or fat free","Cheese","1 cup, shredded","10159","cup","1","108","108.0000"
"2705739","Cheese, Cheddar, reduced sodium","Cheese","1 cup, melted","10120","cup","1","244","244.0000"
"2705739","Cheese, Cheddar, reduced sodium","Cheese","1 slice","61935","slice","1","21","21.0000"
"2705739","Cheese, Cheddar, reduced sodium","Cheese","1 cup, shredded","10159","cup","1","113","113.0000"
"2705739","Cheese, Cheddar, reduced sodium","Cheese","1 cup, NFS","10010","cup","1","113","113.0000"
"2705739","Cheese, Cheddar, reduced sodium","Cheese","1 cup, diced","10066","cup","1","132","132.0000"
"2705740","Cheese, paneer","Cheese","1 cup","10205","cup","1","246","246.0000"
"2705741","Cheese, Mexican blend","Cheese","1 cup, melted","10120","cup","1","244","244.0000"
"2705741","Cheese, Mexican blend","Cheese","1 cup, shredded","10159","cup","1","113","113.0000"
"2705742","Cheese, Mexican blend, reduced fat","Cheese","1 cup, shredded","10159","cup","1","113","113.0000"
"2705743","Queso Anejo, aged Mexican cheese","Cheese","1 cup, crumbled","10059","cup","1","132","132.0000"
"2705743","Queso Anejo, aged Mexican cheese","Cheese","1 oz","40000","oz","1","28.35","28.3500"
"2705744","Queso Asadero","Cheese","1 slice","61935","slice","1","21","21.0000"
"2705744","Queso Asadero","Cheese","1 cup, shredded","10159","cup","1","113","113.0000"
"2705744","Queso Asadero","Cheese","1 cup, NFS","10010","cup","1","113","113.0000"
"2705744","Queso Asadero","Cheese","1 cup, diced","10066","cup","1","132","132.0000"
"2705745","Queso Fresco","Cheese","1 oz","40000","oz","1","28.35","28.3500"
"2705745","Queso Fresco","Cheese","1 slice","61935","slice","1","21","21.0000"
"2705745","Queso Fresco","Cheese","1 cup","10205","cup","1","135","135.0000"
"2705746","Queso cotija","Cheese","1 tablespoon","21000","tbsp","1","6.2","6.2000"
"2705746","Queso cotija","Cheese","1 cup","10205","cup","1","100","100.0000"
"2705747","Cheese, cottage, NFS","Cottage/ricotta cheese","1 cup","10205","cup","1","210","210.0000"
"2705748","Cheese, cottage, creamed, large or small curd","Cottage/ricotta cheese","1 cup","10205","cup","1","210","210.0000"
"2705749","Cottage cheese, farmer's","Cottage/ricotta cheese","1 cup","10205","cup","1","210","210.0000"
"2705750","Cheese, Ricotta","Cottage/ricotta cheese","1 cup","10205","cup","1","246","246.0000"
"2705751","Cheese, cottage, with fruit","Cottage/ricotta cheese","1 cup","10205","cup","1","226","226.0000"
"2705752","Cheese, cottage, with vegetables","Cottage/ricotta cheese","1 cup","10205","cup","1","226","226.0000"
"2705753","Cheese, cottage, dry curd","Cottage/ricotta cheese","1 cup, dry type","10072","cup","1","145","145.0000"
"2705753","Cheese, cottage, dry curd","Cottage/ricotta cheese","1 cup, creamed","10339","cup","1","210","210.0000"
"2705753","Cheese, cottage, dry curd","Cottage/ricotta cheese","1 cup, NFS","10010","cup","1","210","210.0000"
"2705754","Cheese, cottage, salted, dry curd","Cottage/ricotta cheese","1 cup, creamed","10339","cup","1","210","210.0000"
"2705754","Cheese, cottage, salted, dry curd","Cottage/ricotta cheese","1 cup, dry type","10072","cup","1","145","145.0000"
"2705754","Cheese, cottage, salted, dry curd","Cottage/ricotta cheese","1 cup, NFS","10010","cup","1","210","210.0000"
"2705755","Puerto Rican white cheese","Cottage/ricotta cheese","1 cup","10205","cup","1","128","128.0000"
"2705755","Puerto Rican white cheese","Cottage/ricotta cheese","1 slice","61935","slice","1","28","28.0000"
"2705756","Cheese, cottage, low fat","Cottage/ricotta cheese","1 cup","10205","cup","1","226","226.0000"
"2705757","Cheese, cottage, lowfat, with fruit","Cottage/ricotta cheese","1 cup","10205","cup","1","226","226.0000"
"2705758","Cheese, cottage, lowfat, low sodium","Cottage/ricotta cheese","1 cup","10205","cup","1","226","226.0000"
"2705759","Cheese, cottage, lowfat, lactose reduced","Cottage/ricotta cheese","1 cup","10205","cup","1","227","227.0000"
"2705760","Cream cheese, regular, plain","Cream cheese, sour cream, whipped cream","1 tablespoon","21000","tbsp","1","15","15.0000"
"2705760","Cream cheese, regular, plain","Cream cheese, sour cream, whipped cream","1 cup","10205","cup","1","240","240.0000"
"2705761","Cream cheese, regular, flavored","Cream cheese, sour cream, whipped cream","1 tablespoon","21000","tbsp","1","15","15.0000"
"2705761","Cream cheese, regular, flavored","Cream cheese, sour cream, whipped cream","1 cup","10205","cup","1","240","240.0000"
"2705762","Cream cheese, light","Cream cheese, sour cream, whipped cream","1 tablespoon","21000","tbsp","1","15","15.0000"
"2705762","Cream cheese, light","Cream cheese, sour cream, whipped cream","1 cup","10205","cup","1","240","240.0000"
"2705763","Cheese, American and Swiss blends","Cheese","1 slice","61935","slice","1","21","21.0000"
"2705764","Cheese, American","Cheese","1 cup, NFS","10010","cup","1","113","113.0000"
"2705764","Cheese, American","Cheese","1 cup, shredded","10159","cup","1","113","113.0000"
"2705764","Cheese, American","Cheese","1 slice","61935","slice","1","21","21.0000"
"2705764","Cheese, American","Cheese","1 cup, diced","10066","cup","1","140","140.0000"
"2705764","Cheese, American","Cheese","1 cup, melted","10120","cup","1","244","244.0000"
"2705764","Cheese, American","Cheese","1 stick","62239","stick","1","28.35","28.3500"
"2705764","Cheese, American","Cheese","1 cup, cubed","10310","cup","1","132","132.0000"
"2705765","Cheese, American, reduced fat","Cheese","1 cup, diced","10066","cup","1","140","140.0000"
"2705765","Cheese, American, reduced fat","Cheese","1 cup, shredded","10159","cup","1","113","113.0000"
"2705765","Cheese, American, reduced fat","Cheese","1 cup, melted","10120","cup","1","244","244.0000"
"2705765","Cheese, American, reduced fat","Cheese","1 cup, cubed","10310","cup","1","132","132.0000"
"2705765","Cheese, American, reduced fat","Cheese","1 cup, NFS","10010","cup","1","113","113.0000"
"2705765","Cheese, American, reduced fat","Cheese","1 slice","61935","slice","1","21","21.0000"
"2705765","Cheese, American, reduced fat","Cheese","1 stick","62239","stick","1","28.35","28.3500"
"2705766","Cheese, American, nonfat or fat free","Cheese","1 cup, diced","10066","cup","1","140","140.0000"
"2705766","Cheese, American, nonfat or fat free","Cheese","1 cup, melted","10120","cup","1","244","244.0000"
"2705766","Cheese, American, nonfat or fat free","Cheese","1 cup, shredded","10159","cup","1","113","113.0000"
"2705766","Cheese, American, nonfat or fat free","Cheese","1 cup, NFS","10010","cup","1","113","113.0000"
"2705766","Cheese, American, nonfat or fat free","Cheese","1 slice","61935","slice","1","21","21.0000"
"2705766","Cheese, American, nonfat or fat free","Cheese","1 cup, cubed","10310","cup","1","132","132.0000"
"2705766","Cheese, American, nonfat or fat free","Cheese","1 stick","62239","stick","1","28.35","28.3500"
"2705767","Cheese, American, reduced sodium","Cheese","1 cup, shredded","10159","cup","1","113","113.0000"
"2705767","Cheese, American, reduced sodium","Cheese","1 slice","61935","slice","1","21","21.0000"
"2705767","Cheese, American, reduced sodium","Cheese","1 cup, NFS","10010","cup","1","113","113.0000"
"2705767","Cheese, American, reduced sodium","Cheese","1 cup, diced","10066","cup","1","140","140.0000"
"2705768","Cheese spread, American or Cheddar cheese base, reduced fat","Cheese","1 cup, melted","10120","cup","1","244","244.0000"
"2705768","Cheese spread, American or Cheddar cheese base, reduced fat","Cheese","1 slice","61935","slice","1","21","21.0000"
"2705768","Cheese spread, American or Cheddar cheese base, reduced fat","Cheese","1 cup, shredded","10159","cup","1","113","113.0000"
"2705768","Cheese spread, American or Cheddar cheese base, reduced fat","Cheese","1 cup, NFS","10010","cup","1","113","113.0000"
"2705768","Cheese spread, American or Cheddar cheese base, reduced fat","Cheese","1 cup, diced","10066","cup","1","140","140.0000"
"2705769","Cream cheese, fat free","Cream cheese, sour cream, whipped cream","1 cup","10205","cup","1","240","240.0000"
"2705769","Cream cheese, fat free","Cream cheese, sour cream, whipped cream","1 tablespoon","21000","tbsp","1","15","15.0000"
"2705770","Cheese, processed cheese food","Cheese","1 slice","61935","slice","1","21","21.0000"
"2705771","Cheese, processed, with vegetables","Cheese","1 slice","61935","slice","1","21","21.0000"
"2705771","Cheese, processed, with vegetables","Cheese","1 cup, melted","10120","cup","1","244","244.0000"
"2705771","Cheese, processed, with vegetables","Cheese","1 oz","40000","oz","1","28.35","28.3500"
"2705771","Cheese, processed, with vegetables","Cheese","1 cup, diced","10066","cup","1","140","140.0000"
"2705771","Cheese, processed, with vegetables","Cheese","1 cup, shredded","10159","cup","1","113","113.0000"
"2705771","Cheese, processed, with vegetables","Cheese","1 cup, NFS","10010","cup","1","113","113.0000"
"2705772","Cheese,  with wine","Cheese","1 cup, melted","10120","cup","1","244","244.0000"
"2705772","Cheese,  with wine","Cheese","1 cup, shredded","10159","cup","1","113","113.0000"
"2705772","Cheese,  with wine","Cheese","1 cup, diced","10066","cup","1","140","140.0000"
"2705772","Cheese,  with wine","Cheese","1 cup, NFS","10010","cup","1","113","113.0000"
"2705772","Cheese,  with wine","Cheese","1 oz","40000","oz","1","28.35","28.3500"
"2705773","Cheese spread, American or Cheddar cheese base","Cheese","1 slice","61935","slice","1","21","21.0000"
"2705773","Cheese spread, American or Cheddar cheese base","Cheese","1 cup","10205","cup","1","244","244.0000"
"2705773","Cheese spread, American or Cheddar cheese base","Cheese","1 cup, diced","10066","cup","1","140","140.0000"
"2705773","Cheese spread, American or Cheddar cheese base","Cheese","1 oz","40000","oz","1","28.35","28.3500"
"2705774","Cheese spread, Swiss cheese base","Cheese","1 cup","10205","cup","1","244","244.0000"
"2705774","Cheese spread, Swiss cheese base","Cheese","1 oz","40000","oz","1","28.35","28.3500"
"2705775","Cheese spread, cream cheese","Cream cheese, sour cream, whipped cream","1 oz","40000","oz","1","28.35","28.3500"
"2705775","Cheese spread, cream cheese","Cream cheese, sour cream, whipped cream","1 cup","10205","cup","1","240","240.0000"
"2705776","Cheese spread, pressurized can","Cheese","1 can (4.75 oz)","60523","can","1","135","135.0000"
"2705776","Cheese spread, pressurized can","Cheese","1 cup","10205","cup","1","225","225.0000"
"2705777","Imitation cheese","Cheese","1 cup, shredded","10159","cup","1","113","113.0000"
"2705777","Imitation cheese","Cheese","1 cup, NFS","10010","cup","1","113","113.0000"
"2705777","Imitation cheese","Cheese","1 slice","61935","slice","1","21","21.0000"
"2705778","Cheese, cottage cheese, with gelatin dessert","Cottage/ricotta cheese","1 cup","10205","cup","1","240","240.0000"
"2705779","Cheese, cottage cheese, with gelatin dessert and fruit","Cottage/ricotta cheese","1 cup","10205","cup","1","240","240.0000"
"2705780","Cheese, cottage cheese, with gelatin dessert and vegetables","Cottage/ricotta cheese","1 cup","10205","cup","1","240","240.0000"
"2705781","Cheese ball","Cheese","1 tablespoon","21000","tbsp","1","15","15.0000"
"2705782","Artichoke dip","Dips, gravies, other sauces","1 tablespoon","21000","tbsp","1","15","15.0000"
"2705783","Spinach and artichoke dip","Dips, gravies, other sauces","1 tablespoon","21000","tbsp","1","15","15.0000"
"2705784","Seafood dip","Dips, gravies, other sauces","1 tablespoon","21000","tbsp","1","15","15.0000"
"2705785","Cheese dip with chili pepper","Dips, gravies, other sauces","1 tablespoon","21000","tbsp","1","15","15.0000"
"2705786","Cheese dip","Dips, gravies, other sauces","1 tablespoon","21000","tbsp","1","15","15.0000"
"2705787","Topping from cheese pizza","Pizza","1 cup","10205","cup","1","215","215.0000"
"2705788","Topping from vegetable pizza","Pizza","1 cup","10205","cup","1","168","168.0000"
"2705789","Topping from meat pizza","Pizza","1 cup","10205","cup","1","168","168.0000"
"2705790","Topping from meat and vegetable pizza","Pizza","1 cup","10205","cup","1","168","168.0000"
"2705791","Cheese fondue","Dips, gravies, other sauces","1 tablespoon","21000","tbsp","1","13","13.0000"
"2705792","Cheese souffle","Eggs and omelets","1 cup","10205","cup","1","95","95.0000"
"2705793","Welsh rarebit","Dips, gravies, other sauces","1 tablespoon","21000","tbsp","1","15","15.0000"
"2705808","Cheese sauce","Dips, gravies, other sauces","1 tablespoon","21000","tbsp","1","16","16.0000"
"2705809","Alfredo sauce","Dips, gravies, other sauces","1 cup","10205","cup","1","260","260.0000"
"2705810","Alfredo sauce with added vegetables","Dips, gravies, other sauces","1 cup","10205","cup","1","260","260.0000"
"2705811","Alfredo sauce with meat","Dips, gravies, other sauces","1 cup","10205","cup","1","260","260.0000"
"2705812","Alfredo sauce with meat and added vegetables","Dips, gravies, other sauces","1 cup","10205","cup","1","260","260.0000"
"2705813","Alfredo sauce with poultry","Dips, gravies, other sauces","1 cup","10205","cup","1","260","260.0000"
"2705814","Alfredo sauce with poultry and added vegetables","Dips, gravies, other sauces","1 cup","10205","cup","1","260","260.0000"
"2705815","Alfredo sauce with seafood","Dips, gravies, other sauces","1 cup","10205","cup","1","260","260.0000"
"2705816","Alfredo sauce with seafood and added vegetables","Dips, gravies, other sauces","1 cup","10205","cup","1","260","260.0000"
"2705817","Mozzarella sticks, breaded, baked, or fried","Cheese","1 cup","10205","cup","1","115","115.0000"
"2705818","Mozzarella cheese, tomato, and basil, with oil and vinegar dressing","Coleslaw, non-lettuce salads","1 cup","10205","cup","1","160","160.0000"
"2705819","Meat, NFS","Beef, excludes ground","1 oz yields","40016","oz","1","20","20.0000"
"2705819","Meat, NFS","Beef, excludes ground","1 cup","10205","cup","1","135","135.0000"
"2705820","Meat, ground, NFS","Ground beef","1 oz yields","40016","oz","1","20","20.0000"
"2705820","Meat, ground, NFS","Ground beef","1 cup","10205","cup","1","125","125.0000"
"2705821","Baby Toddler meat, NFS","Baby food: meat and dinners","1 tablespoon","21000","tbsp","1","15","15.0000"
"2705822","Beef, NFS","Beef, excludes ground","1 cup","10205","cup","1","135","135.0000"
"2705822","Beef, NFS","Beef, excludes ground","1 oz yields","40016","oz","1","20","20.0000"
"2705823","Steak, NS as to type of meat, NS as to fat eaten","Beef, excludes ground","1 oz yields","40016","oz","1","20","20.0000"
"2705823","Steak, NS as to type of meat, NS as to fat eaten","Beef, excludes ground","1 cup","10205","cup","1","135","135.0000"
"2705823","Steak, NS as to type of meat, NS as to fat eaten","Beef, excludes ground","1 regular","62862","regular","1","160","160.0000"
"2705824","Beef, steak, NFS","Beef, excludes ground","1 oz yields","40016","oz","1","20","20.0000"
"2705824","Beef, steak, NFS","Beef, excludes ground","1 regular","62862","regular","1","160","160.0000"
"2705824","Beef, steak, NFS","Beef, excludes ground","1 cup","10205","cup","1","135","135.0000"
"2705825","Beef, steak, chuck","Beef, excludes ground","1 regular","62862","regular","1","160","160.0000"
"2705825","Beef, steak, chuck","Beef, excludes ground","1 oz yields","40016","oz","1","20","20.0000"
"2705825","Beef, steak, chuck","Beef, excludes ground","1 cup","10205","cup","1","135","135.0000"
"2705826","Beef, steak, cube","Beef, excludes ground","1 regular","62862","regular","1","160","160.0000"
"2705826","Beef, steak, cube","Beef, excludes ground","1 cup","10205","cup","1","135","135.0000"
"2705826","Beef, steak, cube","Beef, excludes ground","1 oz yields","40016","oz","1","20","20.0000"
"2705827","Beef, steak, flank","Beef, excludes ground","1 oz yields","40016","oz","1","20","20.0000"
"2705827","Beef, steak, flank","Beef, excludes ground","1 cup","10205","cup","1","135","135.0000"
"2705827","Beef, steak, flank","Beef, excludes ground","1 regular","62862","regular","1","160","160.0000"
"2705828","Beef, steak, ribeye, NS as to fat eaten","Beef, excludes ground","1 regular","62862","regular","1","240","240.0000"
"2705828","Beef, steak, ribeye, NS as to fat eaten","Beef, excludes ground","1 cup","10205","cup","1","135","135.0000"
"2705828","Beef, steak, ribeye, NS as to fat eaten","Beef, excludes ground","1 oz yields","40016","oz","1","20","20.0000"
"2705829","Beef, steak, ribeye, lean and fat eaten","Beef, excludes ground","1 cup","10205","cup","1","135","135.0000"
"2705829","Beef, steak, ribeye, lean and fat eaten","Beef, excludes ground","1 oz yields","40016","oz","1","20","20.0000"
"2705829","Beef, steak, ribeye, lean and fat eaten","Beef, excludes ground","1 regular","62862","regular","1","240","240.0000"
"2705830","Beef, steak, ribeye, lean only eaten","Beef, excludes ground","1 cup","10205","cup","1","135","135.0000"
"2705830","Beef, steak, ribeye, lean only eaten","Beef, excludes ground","1 regular","62862","regular","1","240","240.0000"
"2705830","Beef, steak, ribeye, lean only eaten","Beef, excludes ground","1 oz yields","40016","oz","1","20","20.0000"
"2705831","Beef, steak, round","Beef, excludes ground","1 cup","10205","cup","1","135","135.0000"
"2705831","Beef, steak, round","Beef, excludes ground","1 regular","62862","regular","1","160","160.0000"
"2705831","Beef, steak, round","Beef, excludes ground","1 oz yields","40016","oz","1","20","20.0000"
"2705832","Beef, steak, sirloin, NS as to fat eaten","Beef, excludes ground","1 oz yields","40016","oz","1","20","20.0000"
"2705832","Beef, steak, sirloin, NS as to fat eaten","Beef, excludes ground","1 regular","62862","regular","1","160","160.0000"
"2705832","Beef, steak, sirloin, NS as to fat eaten","Beef, excludes ground","1 cup","10205","cup","1","135","135.0000"
"2705833","Beef, steak, sirloin, lean and fat eaten","Beef, excludes ground","1 regular","62862","regular","1","160","160.0000"
"2705833","Beef, steak, sirloin, lean and fat eaten","Beef, excludes ground","1 cup","10205","cup","1","135","135.0000"
"2705833","Beef, steak, sirloin, lean and fat eaten","Beef, excludes ground","1 oz yields","40016","oz","1","20","20.0000"
"2705834","Beef, steak, sirloin, lean only eaten","Beef, excludes ground","1 oz yields","40016","oz","1","20","20.0000"
"2705834","Beef, steak, sirloin, lean only eaten","Beef, excludes ground","1 cup","10205","cup","1","135","135.0000"
"2705834","Beef, steak, sirloin, lean only eaten","Beef, excludes ground","1 regular","62862","regular","1","160","160.0000"
"2705835","Beef, steak, strip, NS as to fat eaten","Beef, excludes ground","1 cup","10205","cup","1","135","135.0000"
"2705835","Beef, steak, strip, NS as to fat eaten","Beef, excludes ground","1 regular","62862","regular","1","240","240.0000"
"2705835","Beef, steak, strip, NS as to fat eaten","Beef, excludes ground","1 oz yields","40016","oz","1","20","20.0000"
"2705836","Beef, steak, strip, lean and fat eaten","Beef, excludes ground","1 cup","10205","cup","1","135","135.0000"
"2705836","Beef, steak, strip, lean and fat eaten","Beef, excludes ground","1 oz yields","40016","oz","1","20","20.0000"
"2705836","Beef, steak, strip, lean and fat eaten","Beef, excludes ground","1 regular","62862","regular","1","240","240.0000"
"2705837","Beef, steak, strip, lean only eaten","Beef, excludes ground","1 regular","62862","regular","1","240","240.0000"
"2705837","Beef, steak, strip, lean only eaten","Beef, excludes ground","1 oz yields","40016","oz","1","20","20.0000"
"2705837","Beef, steak, strip, lean only eaten","Beef, excludes ground","1 cup","10205","cup","1","135","135.0000"
"2705838","Beef, steak, T-bone, NS as to fat eaten","Beef, excludes ground","1 cup","10205","cup","1","135","135.0000"
"2705838","Beef, steak, T-bone, NS as to fat eaten","Beef, excludes ground","1 oz yields","40016","oz","1","20","20.0000"
"2705838","Beef, steak, T-bone, NS as to fat eaten","Beef, excludes ground","1 regular","62862","regular","1","300","300.0000"
"2705839","Beef, steak, T-bone,  lean and fat eaten","Beef, excludes ground","1 regular","62862","regular","1","300","300.0000"
"2705839","Beef, steak, T-bone,  lean and fat eaten","Beef, excludes ground","1 oz yields","40016","oz","1","20","20.0000"
"2705839","Beef, steak, T-bone,  lean and fat eaten","Beef, excludes ground","1 cup","10205","cup","1","135","135.0000"
"2705840","Beef, steak, T-bone, lean only eaten","Beef, excludes ground","1 cup","10205","cup","1","135","135.0000"
"2705840","Beef, steak, T-bone, lean only eaten","Beef, excludes ground","1 oz yields","40016","oz","1","20","20.0000"
"2705840","Beef, steak, T-bone, lean only eaten","Beef, excludes ground","1 regular","62862","regular","1","300","300.0000"
"2705841","Beef, steak, tenderloin","Beef, excludes ground","1 regular","62862","regular","1","160","160.0000"
"2705841","Beef, steak, tenderloin","Beef, excludes ground","1 cup","10205","cup","1","135","135.0000"
"2705841","Beef, steak, tenderloin","Beef, excludes ground","1 oz yields","40016","oz","1","20","20.0000"
"2705842","Beef, steak, country fried","Beef, excludes ground","1 oz yields","40016","oz","1","20","20.0000"
"2705842","Beef, steak, country fried","Beef, excludes ground","1 cup","10205","cup","1","135","135.0000"
"2705842","Beef, steak, country fried","Beef, excludes ground","1 regular","62862","regular","1","160","160.0000"
"2705843","Beef, oxtails","Beef, excludes ground","1 oz yields","40016","oz","1","16","16.0000"
"2705843","Beef, oxtails","Beef, excludes ground","1 cup","10205","cup","1","135","135.0000"
"2705844","Beef, neck bones","Beef, excludes ground","1 oz yields","40016","oz","1","10","10.0000"
"2705844","Beef, neck bones","Beef, excludes ground","1 cup","10205","cup","1","55","55.0000"
"2705845","Beef, shortribs","Beef, excludes ground","1 oz yields","40016","oz","1","15","15.0000"
"2705845","Beef, shortribs","Beef, excludes ground","1 cup","10205","cup","1","135","135.0000"
"2705846","Beef, cow head","Beef, excludes ground","1 oz yields","40016","oz","1","8","8.0000"
"2705846","Beef, cow head","Beef, excludes ground","1 cup","10205","cup","1","135","135.0000"
"2705847","Beef, roast","Beef, excludes ground","1 cup","10205","cup","1","135","135.0000"
"2705847","Beef, roast","Beef, excludes ground","1 oz yields","40016","oz","1","20","20.0000"
"2705848","Beef, pot roast","Beef, excludes ground","1 cup","10205","cup","1","135","135.0000"
"2705848","Beef, pot roast","Beef, excludes ground","1 oz yields","40016","oz","1","20","20.0000"
"2705849","Beef, stew meat","Beef, excludes ground","1 cup","10205","cup","1","135","135.0000"
"2705849","Beef, stew meat","Beef, excludes ground","1 oz yields","40016","oz","1","20","20.0000"
"2705850","Beef, corned","Cold cuts and cured meats","1 oz yields","40016","oz","1","20","20.0000"
"2705850","Beef, corned","Cold cuts and cured meats","1 cup","10205","cup","1","135","135.0000"
"2705851","Beef, brisket","Beef, excludes ground","1 oz yields","40016","oz","1","20","20.0000"
"2705851","Beef, brisket","Beef, excludes ground","1 cup","10205","cup","1","135","135.0000"
"2705852","Beef, sandwich steak","Beef, excludes ground","1 oz yields","40016","oz","1","20","20.0000"
"2705852","Beef, sandwich steak","Beef, excludes ground","1 cup","10205","cup","1","110","110.0000"
"2705852","Beef, sandwich steak","Beef, excludes ground","1 slice","61935","slice","1","30","30.0000"
"2705853","Beef, ground, raw","Ground beef","1 cup","10205","cup","1","225","225.0000"
"2705854","Beef, ground","Ground beef","1 oz yields","40016","oz","1","20","20.0000"
"2705854","Beef, ground","Ground beef","1 cup","10205","cup","1","125","125.0000"
"2705855","Beef, ground, patty","Ground beef","1 oz yields","40016","oz","1","20","20.0000"
"2705855","Beef, ground, patty","Ground beef","1 cup","10205","cup","1","125","125.0000"
"2705856","Beef, bacon, cooked","Bacon","1 oz, cooked","40040","oz","1","28.35","28.3500"
"2705856","Beef, bacon, cooked","Bacon","1 oz, raw (yield after cooking)","40054","oz","1","9","9.0000"
"2705856","Beef, bacon, cooked","Bacon","1 slice, cooked (approx .8 oz, raw)","62010","slice","1","6.5","6.5000"
"2705856","Beef, bacon, cooked","Bacon","1 cup, pieces","10129","cup","1","84","84.0000"
"2705857","Beef, bacon, reduced sodium, cooked","Bacon","1 cup, pieces","10129","cup","1","84","84.0000"
"2705857","Beef, bacon, reduced sodium, cooked","Bacon","1 slice, cooked (approx .8 oz, raw)","62010","slice","1","6.5","6.5000"
"2705857","Beef, bacon, reduced sodium, cooked","Bacon","1 oz, cooked","40040","oz","1","28.35","28.3500"
"2705857","Beef, bacon, reduced sodium, cooked","Bacon","1 oz, raw (yield after cooking)","40054","oz","1","9","9.0000"
"2705858","Beef, dried, chipped, uncooked","Cold cuts and cured meats","1 oz","40000","oz","1","28.35","28.3500"
"2705858","Beef, dried, chipped, uncooked","Cold cuts and cured meats","1 cup","10205","cup","1","121","121.0000"
"2705858","Beef, dried, chipped, uncooked","Cold cuts and cured meats","1 slice","61935","slice","1","9","9.0000"
"2705859","Beef, dried, chipped, cooked in fat","Cold cuts and cured meats","1 oz, yield after cooking","40096","oz","1","27","27.0000"
"2705859","Beef, dried, chipped, cooked in fat","Cold cuts and cured meats","1 cup, diced","10066","cup","1","128","128.0000"
"2705859","Beef, dried, chipped, cooked in fat","Cold cuts and cured meats","1 oz, cooked","40040","oz","1","28.35","28.3500"
"2705860","Beef jerky","Cold cuts and cured meats","1 cup, pieces","10129","cup","1","90","90.0000"
"2705861","Baby Toddler beef","Baby food: meat and dinners","1 tablespoon","21000","tbsp","1","15","15.0000"
"2705862","Pork, NFS","Pork","1 slice, any size","64612","slice","1","30","30.0000"
"2705862","Pork, NFS","Pork","1 oz yields","40016","oz","1","20","20.0000"
"2705862","Pork, NFS","Pork","1 cup","10205","cup","1","135","135.0000"
"2705863","Pork, ground","Pork","1 oz yields","40016","oz","1","20","20.0000"
"2705863","Pork, ground","Pork","1 cup","10205","cup","1","125","125.0000"
"2705864","Pork, carnitas","Pork","1 oz yields","40016","oz","1","20","20.0000"
"2705864","Pork, carnitas","Pork","1 cup","10205","cup","1","135","135.0000"
"2705865","Pork jerky","Cold cuts and cured meats","1 cup, pieces","10129","cup","1","126","126.0000"
"2705865","Pork jerky","Cold cuts and cured meats","1 strip (approx 4-1/2"" long)","62257","strip","1","5","5.0000"
"2705866","Pork, chop, NS as to fat eaten","Pork","1 oz yields","40016","oz","1","20","20.0000"
"2705866","Pork, chop, NS as to fat eaten","Pork","1 slice, any size","64612","slice","1","30","30.0000"
"2705866","Pork, chop, NS as to fat eaten","Pork","1 regular","62862","regular","1","120","120.0000"
"2705866","Pork, chop, NS as to fat eaten","Pork","1 cup","10205","cup","1","135","135.0000"
"2705867","Pork, chop, lean and fat eaten","Pork","1 cup","10205","cup","1","135","135.0000"
"2705867","Pork, chop, lean and fat eaten","Pork","1 slice, any size","64612","slice","1","30","30.0000"
"2705867","Pork, chop, lean and fat eaten","Pork","1 oz yields","40016","oz","1","20","20.0000"
"2705867","Pork, chop, lean and fat eaten","Pork","1 regular","62862","regular","1","120","120.0000"
"2705868","Pork, chop, lean only eaten","Pork","1 regular","62862","regular","1","120","120.0000"
"2705868","Pork, chop, lean only eaten","Pork","1 cup","10205","cup","1","135","135.0000"
"2705868","Pork, chop, lean only eaten","Pork","1 oz yields","40016","oz","1","20","20.0000"
"2705868","Pork, chop, lean only eaten","Pork","1 slice, any size","64612","slice","1","30","30.0000"
"2705869","Pork, chop, coated, NS as to fat eaten","Pork","1 oz yields","40016","oz","1","20","20.0000"
"2705869","Pork, chop, coated, NS as to fat eaten","Pork","1 cup","10205","cup","1","135","135.0000"
"2705869","Pork, chop, coated, NS as to fat eaten","Pork","1 regular","62862","regular","1","120","120.0000"
"2705869","Pork, chop, coated, NS as to fat eaten","Pork","1 slice, any size","64612","slice","1","30","30.0000"
"2705870","Pork, chop, coated, lean and fat eaten","Pork","1 slice, any size","64612","slice","1","30","30.0000"
"2705870","Pork, chop, coated, lean and fat eaten","Pork","1 regular","62862","regular","1","120","120.0000"
"2705870","Pork, chop, coated, lean and fat eaten","Pork","1 cup","10205","cup","1","135","135.0000"
"2705870","Pork, chop, coated, lean and fat eaten","Pork","1 oz yields","40016","oz","1","20","20.0000"
"2705871","Pork, chop, coated, lean only eaten","Pork","1 regular","62862","regular","1","120","120.0000"
"2705871","Pork, chop, coated, lean only eaten","Pork","1 cup","10205","cup","1","135","135.0000"
"2705871","Pork, chop, coated, lean only eaten","Pork","1 oz yields","40016","oz","1","20","20.0000"
"2705871","Pork, chop, coated, lean only eaten","Pork","1 slice, any size","64612","slice","1","30","30.0000"
"2705872","Pork, chop, stuffed","Meat mixed dishes","1 oz yields","40016","oz","1","20","20.0000"
"2705872","Pork, chop, stuffed","Meat mixed dishes","1 cup","10205","cup","1","135","135.0000"
"2705873","Pork, steak, NS as to fat eaten","Pork","1 oz yields","40016","oz","1","20","20.0000"
"2705873","Pork, steak, NS as to fat eaten","Pork","1 slice, any size","64612","slice","1","30","30.0000"
"2705873","Pork, steak, NS as to fat eaten","Pork","1 cup","10205","cup","1","135","135.0000"
"2705874","Pork, steak, lean and fat eaten","Pork","1 slice, any size","64612","slice","1","30","30.0000"
"2705874","Pork, steak, lean and fat eaten","Pork","1 cup","10205","cup","1","135","135.0000"
"2705874","Pork, steak, lean and fat eaten","Pork","1 oz yields","40016","oz","1","20","20.0000"
"2705875","Pork, steak, lean only eaten","Pork","1 oz yields","40016","oz","1","20","20.0000"
"2705875","Pork, steak, lean only eaten","Pork","1 slice, any size","64612","slice","1","30","30.0000"
"2705875","Pork, steak, lean only eaten","Pork","1 cup","10205","cup","1","135","135.0000"
"2705876","Pork, steak, coated","Pork","1 oz yields","40016","oz","1","20","20.0000"
"2705876","Pork, steak, coated","Pork","1 cup","10205","cup","1","135","135.0000"
"2705876","Pork, steak, coated","Pork","1 slice, any size","64612","slice","1","30","30.0000"
"2705877","Pork, tenderloin","Pork","1 slice, any size","64612","slice","1","30","30.0000"
"2705877","Pork, tenderloin","Pork","1 cup","10205","cup","1","135","135.0000"
"2705877","Pork, tenderloin","Pork","1 oz yields","40016","oz","1","20","20.0000"
"2705878","Ham","Cold cuts and cured meats","1 cup","10205","cup","1","135","135.0000"
"2705878","Ham","Cold cuts and cured meats","1 oz yields","40016","oz","1","20","20.0000"
"2705879","Ham, prosciutto","Cold cuts and cured meats","1 oz, boneless","40017","oz","1","28.35","28.3500"
"2705879","Ham, prosciutto","Cold cuts and cured meats","1 cup","10205","cup","1","56","56.0000"
"2705879","Ham, prosciutto","Cold cuts and cured meats","1 slice, NFS","62008","slice","1","9.2","9.2000"
"2705880","Ham, canned","Cold cuts and cured meats","1 oz yields","40016","oz","1","20","20.0000"
"2705880","Ham, canned","Cold cuts and cured meats","1 cup","10205","cup","1","135","135.0000"
"2705881","Ham, ground","Cold cuts and cured meats","1 oz yields","40016","oz","1","20","20.0000"
"2705881","Ham, ground","Cold cuts and cured meats","1 cup","10205","cup","1","125","125.0000"
"2705882","Pork, roast","Pork","1 cup","10205","cup","1","135","135.0000"
"2705882","Pork, roast","Pork","1 oz yields","40016","oz","1","20","20.0000"
"2705883","Pork, roll","Cold cuts and cured meats","1 slice, any size","64612","slice","1","30","30.0000"
"2705884","Canadian bacon, cooked","Cold cuts and cured meats","1 oz, cooked","40040","oz","1","28.35","28.3500"
"2705884","Canadian bacon, cooked","Cold cuts and cured meats","1 oz, raw (yield after cooking)","40054","oz","1","23","23.0000"
"2705884","Canadian bacon, cooked","Cold cuts and cured meats","1 slice","61935","slice","1","23","23.0000"
"2705885","Bacon, NS as to type of meat, cooked","Bacon","1 cup, pieces","10129","cup","1","80","80.0000"
"2705885","Bacon, NS as to type of meat, cooked","Bacon","1 oz, raw (yield after cooking)","40054","oz","1","8","8.0000"
"2705885","Bacon, NS as to type of meat, cooked","Bacon","1 oz, cooked","40040","oz","1","28.35","28.3500"
"2705886","Bacon, NS as to type of meat, reduced sodium, cooked","Bacon","1 oz, raw (yield after cooking)","40054","oz","1","8","8.0000"
"2705886","Bacon, NS as to type of meat, reduced sodium, cooked","Bacon","1 oz, cooked","40040","oz","1","28.35","28.3500"
"2705886","Bacon, NS as to type of meat, reduced sodium, cooked","Bacon","1 cup, pieces","10129","cup","1","80","80.0000"
"2705887","Pork bacon, NS as to fresh, smoked or cured, cooked","Bacon","1 cup, pieces","10129","cup","1","80","80.0000"
"2705887","Pork bacon, NS as to fresh, smoked or cured, cooked","Bacon","1 oz, raw (yield after cooking)","40054","oz","1","8","8.0000"
"2705888","Pork bacon, NS as to fresh, smoked or cured, reduced sodium, cooked","Bacon","1 oz, raw (yield after cooking)","40054","oz","1","8","8.0000"
"2705888","Pork bacon, NS as to fresh, smoked or cured, reduced sodium, cooked","Bacon","1 cup, pieces","10129","cup","1","80","80.0000"
"2705889","Pork bacon, smoked or cured, cooked","Bacon","1 oz, raw (yield after cooking)","40054","oz","1","8","8.0000"
"2705889","Pork bacon, smoked or cured, cooked","Bacon","1 cup, pieces","10129","cup","1","80","80.0000"
"2705889","Pork bacon, smoked or cured, cooked","Bacon","1 oz, cooked","40040","oz","1","28.35","28.3500"
"2705890","Bacon or side pork, fresh, cooked","Bacon","1 oz, raw (yield after cooking)","40054","oz","1","8","8.0000"
"2705891","Pork bacon, smoked or cured, reduced sodium, cooked","Bacon","1 cup, pieces","10129","cup","1","80","80.0000"
"2705891","Pork bacon, smoked or cured, reduced sodium, cooked","Bacon","1 oz, raw (yield after cooking)","40054","oz","1","8","8.0000"
"2705891","Pork bacon, smoked or cured, reduced sodium, cooked","Bacon","1 oz, cooked","40040","oz","1","28.35","28.3500"
"2705892","Fat back, cooked","Butter and animal fats","1 slice (4"" x 1-3/4"" x 1/2"")","61978","slice","1","47","47.0000"
"2705892","Fat back, cooked","Butter and animal fats","1 oz, raw (yield after cooking)","40054","oz","1","20","20.0000"
"2705892","Fat back, cooked","Butter and animal fats","1 slice (2-1/4"" x 1-3/4"" x 1/4"")","61949","slice","1","26","26.0000"
"2705892","Fat back, cooked","Butter and animal fats","1 cup, cooked","10043","cup","1","128","128.0000"
"2705893","Ribs, NFS","Pork","1 cup","10205","cup","1","135","135.0000"
"2705893","Ribs, NFS","Pork","1 oz yields","40016","oz","1","20","20.0000"
"2705894","Pork, ribs","Pork","1 cup","10205","cup","1","135","135.0000"
"2705894","Pork, ribs","Pork","1 oz yields","40016","oz","1","20","20.0000"
"2705895","Pork, cracklings","Pork","1 cup","10205","cup","1","90","90.0000"
"2705897","Pork, bones","Pork","1 cup","10205","cup","1","55","55.0000"
"2705898","Pork, pig's feet","Pork","1 cup","10205","cup","1","80","80.0000"
"2705900","Pork, ham hocks","Pork","1 cup","10205","cup","1","140","140.0000"
"2705901","Pork, belly","Pork","1 slice, any size","64612","slice","1","30","30.0000"
"2705901","Pork, belly","Pork","1 oz yields","40016","oz","1","20","20.0000"
"2705901","Pork, belly","Pork","1 cup","10205","cup","1","135","135.0000"
"2705902","Pork skin rinds","Pork","1 cup","10205","cup","1","30","30.0000"
"2705903","Baby Toddler ham","Baby food: meat and dinners","1 tablespoon","21000","tbsp","1","15","15.0000"
"2705904","Baby Toddler meat stick","Baby food: meat and dinners","1 stick","62239","stick","1","10","10.0000"
"2705905","Lamb, NS as to cut","Lamb, goat, game","1 oz yields","40016","oz","1","20","20.0000"
"2705905","Lamb, NS as to cut","Lamb, goat, game","1 cup","10205","cup","1","135","135.0000"
"2705906","Lamb, chop","Lamb, goat, game","1 oz yields","40016","oz","1","20","20.0000"
"2705906","Lamb, chop","Lamb, goat, game","1 cup","10205","cup","1","135","135.0000"
"2705907","Lamb, ground","Lamb, goat, game","1 cup","10205","cup","1","125","125.0000"
"2705907","Lamb, ground","Lamb, goat, game","1 oz yields","40016","oz","1","20","20.0000"
"2705908","Goat","Lamb, goat, game","1 cup","10205","cup","1","135","135.0000"
"2705909","Veal, chop","Beef, excludes ground","1 cup","10205","cup","1","135","135.0000"
"2705909","Veal, chop","Beef, excludes ground","1 oz yields","40016","oz","1","20","20.0000"
"2705910","Veal, ground","Ground beef","1 cup","10205","cup","1","125","125.0000"
"2705910","Veal, ground","Ground beef","1 oz yields","40016","oz","1","20","20.0000"
"2705911","Mock chicken legs","Beef, excludes ground","1 stick","62239","stick","1","85","85.0000"
"2705912","Rabbit","Lamb, goat, game","1 cup","10205","cup","1","135","135.0000"
"2705913","Venison, NFS","Lamb, goat, game","1 cup","10205","cup","1","135","135.0000"
"2705914","Venison, steak","Lamb, goat, game","1 cup","10205","cup","1","135","135.0000"
"2705915","Venison/deer jerky","Cold cuts and cured meats","1 cup","10205","cup","1","140","140.0000"
"2705916","Venison sausage","Cold cuts and cured meats","1 cup","10205","cup","1","135","135.0000"
"2705916","Venison sausage","Cold cuts and cured meats","1 slice","61935","slice","1","15","15.0000"
"2705917","Moose","Lamb, goat, game","1 cup","10205","cup","1","135","135.0000"
"2705918","Bear","Lamb, goat, game","1 cup","10205","cup","1","135","135.0000"
"2705919","Caribou","Lamb, goat, game","1 cup","10205","cup","1","135","135.0000"
"2705920","Bison","Lamb, goat, game","1 cup","10205","cup","1","135","135.0000"
"2705921","Groundhog","Lamb, goat, game","1 cup","10205","cup","1","135","135.0000"
"2705922","Opossum","Lamb, goat, game","1 cup","10205","cup","1","135","135.0000"
"2705923","Squirrel","Lamb, goat, game","1 cup","10205","cup","1","135","135.0000"
"2705924","Beaver","Lamb, goat, game","1 cup","10205","cup","1","135","135.0000"
"2705925","Raccoon","Lamb, goat, game","1 cup","10205","cup","1","135","135.0000"
"2705926","Armadillo","Lamb, goat, game","1 cup","10205","cup","1","135","135.0000"
"2705927","Wild pig","Lamb, goat, game","1 cup","10205","cup","1","135","135.0000"
"2705928","Ostrich","Turkey, duck, other poultry","1 cup","10205","cup","1","135","135.0000"
"2705929","Chicken, NS as to part and cooking method, NS as to skin eaten","Chicken, whole pieces","1 slice","61935","slice","1","60","60.0000"
"2705929","Chicken, NS as to part and cooking method, NS as to skin eaten","Chicken, whole pieces","1 cup, cooked, diced","10049","cup","1","135","135.0000"
"2705929","Chicken, NS as to part and cooking method, NS as to skin eaten","Chicken, whole pieces","1 piece","61667","piece","1","60","60.0000"
"2705929","Chicken, NS as to part and cooking method, NS as to skin eaten","Chicken, whole pieces","1 oz, cooked","40040","oz","1","28.35","28.3500"
"2705930","Chicken, NS as to part and cooking method, skin eaten","Chicken, whole pieces","1 piece","61667","piece","1","60","60.0000"
"2705930","Chicken, NS as to part and cooking method, skin eaten","Chicken, whole pieces","1 oz, cooked","40040","oz","1","28.35","28.3500"
"2705930","Chicken, NS as to part and cooking method, skin eaten","Chicken, whole pieces","1 cup, cooked, diced","10049","cup","1","135","135.0000"
"2705930","Chicken, NS as to part and cooking method, skin eaten","Chicken, whole pieces","1 slice","61935","slice","1","60","60.0000"
"2705931","Chicken, NS as to part and cooking method, skin not eaten","Chicken, whole pieces","1 cup, cooked, diced","10049","cup","1","135","135.0000"
"2705931","Chicken, NS as to part and cooking method, skin not eaten","Chicken, whole pieces","1 piece","61667","piece","1","50","50.0000"
"2705931","Chicken, NS as to part and cooking method, skin not eaten","Chicken, whole pieces","1 slice","61935","slice","1","60","60.0000"
"2705931","Chicken, NS as to part and cooking method, skin not eaten","Chicken, whole pieces","1 oz, cooked","40040","oz","1","28.35","28.3500"
"2705932","Chicken, NS as to part, baked, broiled, or roasted, NS as to skin eaten","Chicken, whole pieces","1 slice","61935","slice","1","60","60.0000"
"2705932","Chicken, NS as to part, baked, broiled, or roasted, NS as to skin eaten","Chicken, whole pieces","1 oz, cooked","40040","oz","1","28.35","28.3500"
"2705932","Chicken, NS as to part, baked, broiled, or roasted, NS as to skin eaten","Chicken, whole pieces","1 cup, cooked, diced","10049","cup","1","135","135.0000"
"2705932","Chicken, NS as to part, baked, broiled, or roasted, NS as to skin eaten","Chicken, whole pieces","1 piece","61667","piece","1","60","60.0000"
"2705933","Chicken, NS as to part, baked, broiled, or roasted, skin eaten","Chicken, whole pieces","1 oz, cooked","40040","oz","1","28.35","28.3500"
"2705933","Chicken, NS as to part, baked, broiled, or roasted, skin eaten","Chicken, whole pieces","1 piece","61667","piece","1","60","60.0000"
"2705933","Chicken, NS as to part, baked, broiled, or roasted, skin eaten","Chicken, whole pieces","1 cup, cooked, diced","10049","cup","1","135","135.0000"
"2705933","Chicken, NS as to part, baked, broiled, or roasted, skin eaten","Chicken, whole pieces","1 slice","61935","slice","1","60","60.0000"
"2705934","Chicken, NS as to part, baked, broiled, or roasted, skin not eaten","Chicken, whole pieces","1 cup, cooked, diced","10049","cup","1","135","135.0000"
"2705934","Chicken, NS as to part, baked, broiled, or roasted, skin not eaten","Chicken, whole pieces","1 oz, cooked","40040","oz","1","28.35","28.3500"
"2705934","Chicken, NS as to part, baked, broiled, or roasted, skin not eaten","Chicken, whole pieces","1 slice","61935","slice","1","60","60.0000"
"2705934","Chicken, NS as to part, baked, broiled, or roasted, skin not eaten","Chicken, whole pieces","1 piece","61667","piece","1","50","50.0000"
"2705935","Chicken, NS as to part, rotisserie, NS as to skin eaten","Chicken, whole pieces","1 slice","61935","slice","1","60","60.0000"
"2705935","Chicken, NS as to part, rotisserie, NS as to skin eaten","Chicken, whole pieces","1 oz, cooked","40040","oz","1","28.35","28.3500"
"2705935","Chicken, NS as to part, rotisserie, NS as to skin eaten","Chicken, whole pieces","1 piece","61667","piece","1","60","60.0000"
"2705935","Chicken, NS as to part, rotisserie, NS as to skin eaten","Chicken, whole pieces","1 cup, cooked, diced","10049","cup","1","135","135.0000"
"2705936","Chicken, NS as to part, rotisserie, skin eaten","Chicken, whole pieces","1 oz, cooked","40040","oz","1","28.35","28.3500"
"2705936","Chicken, NS as to part, rotisserie, skin eaten","Chicken, whole pieces","1 piece","61667","piece","1","60","60.0000"
"2705936","Chicken, NS as to part, rotisserie, skin eaten","Chicken, whole pieces","1 cup, cooked, diced","10049","cup","1","135","135.0000"
"2705936","Chicken, NS as to part, rotisserie, skin eaten","Chicken, whole pieces","1 slice","61935","slice","1","60","60.0000"
"2705937","Chicken, NS as to part, rotisserie, skin not eaten","Chicken, whole pieces","1 oz, cooked","40040","oz","1","28.35","28.3500"
"2705937","Chicken, NS as to part, rotisserie, skin not eaten","Chicken, whole pieces","1 cup, cooked, diced","10049","cup","1","135","135.0000"
"2705937","Chicken, NS as to part, rotisserie, skin not eaten","Chicken, whole pieces","1 piece","61667","piece","1","50","50.0000"
"2705937","Chicken, NS as to part, rotisserie, skin not eaten","Chicken, whole pieces","1 slice","61935","slice","1","60","60.0000"
"2705938","Chicken, NS as to part, stewed, NS as to skin eaten","Chicken, whole pieces","1 piece","61667","piece","1","70","70.0000"
"2705938","Chicken, NS as to part, stewed, NS as to skin eaten","Chicken, whole pieces","1 cup, cooked, diced","10049","cup","1","135","135.0000"
"2705938","Chicken, NS as to part, stewed, NS as to skin eaten","Chicken, whole pieces","1 slice","61935","slice","1","60","60.0000"
"2705938","Chicken, NS as to part, stewed, NS as to skin eaten","Chicken, whole pieces","1 oz, cooked","40040","oz","1","28.35","28.3500"
"2705939","Chicken, NS as to part, stewed, skin eaten","Chicken, whole pieces","1 piece","61667","piece","1","70","70.0000"
"2705939","Chicken, NS as to part, stewed, skin eaten","Chicken, whole pieces","1 slice","61935","slice","1","60","60.0000"
"2705939","Chicken, NS as to part, stewed, skin eaten","Chicken, whole pieces","1 cup, cooked, diced","10049","cup","1","135","135.0000"
"2705939","Chicken, NS as to part, stewed, skin eaten","Chicken, whole pieces","1 oz, cooked","40040","oz","1","28.35","28.3500"
"2705940","Chicken, NS as to part, stewed, skin not eaten","Chicken, whole pieces","1 slice","61935","slice","1","60","60.0000"
"2705940","Chicken, NS as to part, stewed, skin not eaten","Chicken, whole pieces","1 oz, cooked","40040","oz","1","28.35","28.3500"
"2705940","Chicken, NS as to part, stewed, skin not eaten","Chicken, whole pieces","1 piece","61667","piece","1","55","55.0000"
"2705940","Chicken, NS as to part, stewed, skin not eaten","Chicken, whole pieces","1 cup, cooked, diced","10049","cup","1","135","135.0000"
"2705941","Chicken, NS as to part, grilled without sauce, NS as to skin eaten","Chicken, whole pieces","1 piece","61667","piece","1","60","60.0000"
"2705941","Chicken, NS as to part, grilled without sauce, NS as to skin eaten","Chicken, whole pieces","1 oz, cooked","40040","oz","1","28.35","28.3500"
"2705941","Chicken, NS as to part, grilled without sauce, NS as to skin eaten","Chicken, whole pieces","1 cup, cooked, diced","10049","cup","1","135","135.0000"
"2705941","Chicken, NS as to part, grilled without sauce, NS as to skin eaten","Chicken, whole pieces","1 slice","61935","slice","1","60","60.0000"
"2705942","Chicken, NS as to part, grilled without sauce, skin eaten","Chicken, whole pieces","1 slice","61935","slice","1","60","60.0000"
"2705942","Chicken, NS as to part, grilled without sauce, skin eaten","Chicken, whole pieces","1 piece","61667","piece","1","60","60.0000"
"2705942","Chicken, NS as to part, grilled without sauce, skin eaten","Chicken, whole pieces","1 cup, cooked, diced","10049","cup","1","135","135.0000"
"2705942","Chicken, NS as to part, grilled without sauce, skin eaten","Chicken, whole pieces","1 oz, cooked","40040","oz","1","28.35","28.3500"
"2705943","Chicken, NS as to part, grilled without sauce, skin not eaten","Chicken, whole pieces","1 cup, cooked, diced","10049","cup","1","135","135.0000"
"2705943","Chicken, NS as to part, grilled without sauce, skin not eaten","Chicken, whole pieces","1 oz, cooked","40040","oz","1","28.35","28.3500"
"2705943","Chicken, NS as to part, grilled without sauce, skin not eaten","Chicken, whole pieces","1 slice","61935","slice","1","60","60.0000"
"2705943","Chicken, NS as to part, grilled without sauce, skin not eaten","Chicken, whole pieces","1 piece","61667","piece","1","50","50.0000"
"2705944","Chicken, NS as to part, grilled with sauce, NS as to skin eaten","Chicken, whole pieces","1 slice","61935","slice","1","60","60.0000"
"2705944","Chicken, NS as to part, grilled with sauce, NS as to skin eaten","Chicken, whole pieces","1 oz, cooked","40040","oz","1","28.35","28.3500"
"2705944","Chicken, NS as to part, grilled with sauce, NS as to skin eaten","Chicken, whole pieces","1 piece","61667","piece","1","85","85.0000"
"2705944","Chicken, NS as to part, grilled with sauce, NS as to skin eaten","Chicken, whole pieces","1 cup, cooked, diced","10049","cup","1","165","165.0000"
"2705945","Chicken, NS as to part, grilled with sauce, skin eaten","Chicken, whole pieces","1 piece","61667","piece","1","85","85.0000"
"2705945","Chicken, NS as to part, grilled with sauce, skin eaten","Chicken, whole pieces","1 slice","61935","slice","1","60","60.0000"
"2705945","Chicken, NS as to part, grilled with sauce, skin eaten","Chicken, whole pieces","1 cup, cooked, diced","10049","cup","1","165","165.0000"
"2705945","Chicken, NS as to part, grilled with sauce, skin eaten","Chicken, whole pieces","1 oz, cooked","40040","oz","1","28.35","28.3500"
"2705946","Chicken, NS as to part, grilled with sauce, skin not eaten","Chicken, whole pieces","1 oz, cooked","40040","oz","1","28.35","28.3500"
"2705946","Chicken, NS as to part, grilled with sauce, skin not eaten","Chicken, whole pieces","1 piece","61667","piece","1","75","75.0000"
"2705946","Chicken, NS as to part, grilled with sauce, skin not eaten","Chicken, whole pieces","1 slice","61935","slice","1","60","60.0000"
"2705946","Chicken, NS as to part, grilled with sauce, skin not eaten","Chicken, whole pieces","1 cup, cooked, diced","10049","cup","1","165","165.0000"
"2705947","Chicken, NS as to part, sauteed, skin eaten","Chicken, whole pieces","1 cup, cooked, diced","10049","cup","1","135","135.0000"
"2705947","Chicken, NS as to part, sauteed, skin eaten","Chicken, whole pieces","1 oz, cooked","40040","oz","1","28.35","28.3500"
"2705947","Chicken, NS as to part, sauteed, skin eaten","Chicken, whole pieces","1 slice","61935","slice","1","60","60.0000"
"2705947","Chicken, NS as to part, sauteed, skin eaten","Chicken, whole pieces","1 piece","61667","piece","1","60","60.0000"
"2705948","Chicken, NS as to part, sauteed, skin not eaten","Chicken, whole pieces","1 oz, cooked","40040","oz","1","28.35","28.3500"
"2705948","Chicken, NS as to part, sauteed, skin not eaten","Chicken, whole pieces","1 slice","61935","slice","1","60","60.0000"
"2705948","Chicken, NS as to part, sauteed, skin not eaten","Chicken, whole pieces","1 cup, cooked, diced","10049","cup","1","135","135.0000"
"2705948","Chicken, NS as to part, sauteed, skin not eaten","Chicken, whole pieces","1 piece","61667","piece","1","60","60.0000"
"2705949","Chicken, NS as to part, fried, coated, skin / coating eaten","Chicken, whole pieces","1 slice","61935","slice","1","60","60.0000"
"2705949","Chicken, NS as to part, fried, coated, skin / coating eaten","Chicken, whole pieces","1 piece","61667","piece","1","85","85.0000"
"2705949","Chicken, NS as to part, fried, coated, skin / coating eaten","Chicken, whole pieces","1 cup, cooked, diced","10049","cup","1","135","135.0000"
"2705949","Chicken, NS as to part, fried, coated, skin / coating eaten","Chicken, whole pieces","1 oz, cooked","40040","oz","1","28.35","28.3500"
"2705950","Chicken, NS as to part, fried, coated, skin / coating not eaten","Chicken, whole pieces","1 oz, cooked","40040","oz","1","28.35","28.3500"
"2705950","Chicken, NS as to part, fried, coated, skin / coating not eaten","Chicken, whole pieces","1 cup, cooked, diced","10049","cup","1","135","135.0000"
"2705950","Chicken, NS as to part, fried, coated, skin / coating not eaten","Chicken, whole pieces","1 slice","61935","slice","1","60","60.0000"
"2705950","Chicken, NS as to part, fried, coated, skin / coating not eaten","Chicken, whole pieces","1 piece","61667","piece","1","50","50.0000"
"2705951","Chicken, NS as to part, baked, coated, skin / coating eaten","Chicken, whole pieces","1 slice","61935","slice","1","60","60.0000"
"2705951","Chicken, NS as to part, baked, coated, skin / coating eaten","Chicken, whole pieces","1 piece","61667","piece","1","85","85.0000"
"2705951","Chicken, NS as to part, baked, coated, skin / coating eaten","Chicken, whole pieces","1 cup, cooked, diced","10049","cup","1","135","135.0000"
"2705951","Chicken, NS as to part, baked, coated, skin / coating eaten","Chicken, whole pieces","1 oz, cooked","40040","oz","1","28.35","28.3500"
"2705952","Chicken, NS as to part, baked, coated, skin / coating not eaten","Chicken, whole pieces","1 cup, cooked, diced","10049","cup","1","135","135.0000"
"2705952","Chicken, NS as to part, baked, coated, skin / coating not eaten","Chicken, whole pieces","1 slice","61935","slice","1","60","60.0000"
"2705952","Chicken, NS as to part, baked, coated, skin / coating not eaten","Chicken, whole pieces","1 piece","61667","piece","1","50","50.0000"
"2705952","Chicken, NS as to part, baked, coated, skin / coating not eaten","Chicken, whole pieces","1 oz, cooked","40040","oz","1","28.35","28.3500"
"2705953","Chicken breast, NS as to cooking method, skin eaten","Chicken, whole pieces","1 cup, cooked, diced","10049","cup","1","135","135.0000"
"2705953","Chicken breast, NS as to cooking method, skin eaten","Chicken, whole pieces","1 oz, cooked","40040","oz","1","28.35","28.3500"
"2705954","Chicken breast, NS as to cooking method, skin not eaten","Chicken, whole pieces","1 oz, cooked","40040","oz","1","28.35","28.3500"
"2705954","Chicken breast, NS as to cooking method, skin not eaten","Chicken, whole pieces","1 cup, cooked, diced","10049","cup","1","135","135.0000"
"2705955","Chicken breast, baked, broiled, or roasted, skin eaten, from raw","Chicken, whole pieces","1 oz, cooked","40040","oz","1","28.35","28.3500"
"2705955","Chicken breast, baked, broiled, or roasted, skin eaten, from raw","Chicken, whole pieces","1 cup, cooked, diced","10049","cup","1","135","135.0000"
"2705956","Chicken breast, baked, broiled, or roasted, skin not eaten, from raw","Chicken, whole pieces","1 cup, cooked, diced","10049","cup","1","135","135.0000"
"2705956","Chicken breast, baked, broiled, or roasted, skin not eaten, from raw","Chicken, whole pieces","1 oz, cooked","40040","oz","1","28.35","28.3500"
"2705957","Chicken breast, baked or broiled, skin eaten, from pre-cooked","Chicken, whole pieces","1 cup, cooked, diced","10049","cup","1","135","135.0000"
"2705957","Chicken breast, baked or broiled, skin eaten, from pre-cooked","Chicken, whole pieces","1 oz, cooked","40040","oz","1","28.35","28.3500"
"2705958","Chicken breast, baked or broiled, skin not eaten, from pre-cooked","Chicken, whole pieces","1 oz, cooked","40040","oz","1","28.35","28.3500"
"2705958","Chicken breast, baked or broiled, skin not eaten, from pre-cooked","Chicken, whole pieces","1 cup, cooked, diced","10049","cup","1","135","135.0000"
"2705959","Chicken breast, baked or broiled, skin eaten, from fast food / restaurant","Chicken, whole pieces","1 cup, cooked, diced","10049","cup","1","135","135.0000"
"2705959","Chicken breast, baked or broiled, skin eaten, from fast food / restaurant","Chicken, whole pieces","1 oz, cooked","40040","oz","1","28.35","28.3500"
"2705960","Chicken breast, baked or broiled, skin not eaten, from fast food / restaurant","Chicken, whole pieces","1 oz, cooked","40040","oz","1","28.35","28.3500"
"2705960","Chicken breast, baked or broiled, skin not eaten, from fast food / restaurant","Chicken, whole pieces","1 cup, cooked, diced","10049","cup","1","135","135.0000"
"2705961","Chicken breast, baked, broiled, or roasted with marinade, skin eaten, from raw","Chicken, whole pieces","1 oz, cooked","40040","oz","1","28.35","28.3500"
"2705961","Chicken breast, baked, broiled, or roasted with marinade, skin eaten, from raw","Chicken, whole pieces","1 cup, cooked, diced","10049","cup","1","135","135.0000"
"2705962","Chicken breast, baked, broiled, or roasted with marinade, skin not eaten, from raw","Chicken, whole pieces","1 oz, cooked","40040","oz","1","28.35","28.3500"
"2705962","Chicken breast, baked, broiled, or roasted with marinade, skin not eaten, from raw","Chicken, whole pieces","1 cup, cooked, diced","10049","cup","1","135","135.0000"
"2705963","Chicken breast, rotisserie, skin eaten","Chicken, whole pieces","1 cup, cooked, diced","10049","cup","1","135","135.0000"
"2705963","Chicken breast, rotisserie, skin eaten","Chicken, whole pieces","1 oz, cooked","40040","oz","1","28.35","28.3500"
"2705964","Chicken breast, rotisserie, skin not eaten","Chicken, whole pieces","1 oz, cooked","40040","oz","1","28.35","28.3500"
"2705964","Chicken breast, rotisserie, skin not eaten","Chicken, whole pieces","1 cup, cooked, diced","10049","cup","1","135","135.0000"
"2705965","Chicken breast, stewed, skin eaten","Chicken, whole pieces","1 cup, cooked, diced","10049","cup","1","135","135.0000"
"2705965","Chicken breast, stewed, skin eaten","Chicken, whole pieces","1 oz, cooked","40040","oz","1","28.35","28.3500"
"2705966","Chicken breast, stewed, skin not eaten","Chicken, whole pieces","1 cup, cooked, diced","10049","cup","1","135","135.0000"
"2705966","Chicken breast, stewed, skin not eaten","Chicken, whole pieces","1 oz, cooked","40040","oz","1","28.35","28.3500"
"2705967","Chicken breast, grilled without sauce, skin eaten","Chicken, whole pieces","1 cup, cooked, diced","10049","cup","1","135","135.0000"
"2705967","Chicken breast, grilled without sauce, skin eaten","Chicken, whole pieces","1 oz, cooked","40040","oz","1","28.35","28.3500"
"2705968","Chicken breast, grilled without sauce, skin not eaten","Chicken, whole pieces","1 cup, cooked, diced","10049","cup","1","135","135.0000"
"2705968","Chicken breast, grilled without sauce, skin not eaten","Chicken, whole pieces","1 oz, cooked","40040","oz","1","28.35","28.3500"
"2705969","Chicken breast, grilled with sauce, skin eaten","Chicken, whole pieces","1 cup, cooked, diced","10049","cup","1","165","165.0000"
"2705969","Chicken breast, grilled with sauce, skin eaten","Chicken, whole pieces","1 oz, cooked","40040","oz","1","28.35","28.3500"
"2705970","Chicken breast, grilled with sauce, skin not eaten","Chicken, whole pieces","1 cup, cooked, diced","10049","cup","1","165","165.0000"
"2705970","Chicken breast, grilled with sauce, skin not eaten","Chicken, whole pieces","1 oz, cooked","40040","oz","1","28.35","28.3500"
"2705971","Chicken breast, sauteed, skin eaten","Chicken, whole pieces","1 cup, cooked, diced","10049","cup","1","135","135.0000"
"2705971","Chicken breast, sauteed, skin eaten","Chicken, whole pieces","1 oz, cooked","40040","oz","1","28.35","28.3500"
"2705972","Chicken breast, sauteed, skin not eaten","Chicken, whole pieces","1 cup, cooked, diced","10049","cup","1","135","135.0000"
"2705972","Chicken breast, sauteed, skin not eaten","Chicken, whole pieces","1 oz, cooked","40040","oz","1","28.35","28.3500"
"2705973","Chicken breast, fried, coated, skin / coating eaten, from raw","Chicken, whole pieces","1 cup, cooked, diced","10049","cup","1","135","135.0000"
"2705973","Chicken breast, fried, coated, skin / coating eaten, from raw","Chicken, whole pieces","1 oz, cooked","40040","oz","1","28.35","28.3500"
"2705974","Chicken breast, fried, coated, skin / coating not eaten, from raw","Chicken, whole pieces","1 cup, cooked, diced","10049","cup","1","135","135.0000"
"2705974","Chicken breast, fried, coated, skin / coating not eaten, from raw","Chicken, whole pieces","1 oz, cooked","40040","oz","1","28.35","28.3500"
"2705975","Chicken breast, fried, coated, prepared skinless, coating eaten, from raw","Chicken, whole pieces","1 cup, cooked, diced","10049","cup","1","135","135.0000"
"2705975","Chicken breast, fried, coated, prepared skinless, coating eaten, from raw","Chicken, whole pieces","1 oz, cooked","40040","oz","1","28.35","28.3500"
"2705976","Chicken breast, fried, coated, skin / coating eaten, from pre-cooked","Chicken, whole pieces","1 oz, cooked","40040","oz","1","28.35","28.3500"
"2705976","Chicken breast, fried, coated, skin / coating eaten, from pre-cooked","Chicken, whole pieces","1 cup, cooked, diced","10049","cup","1","135","135.0000"
"2705977","Chicken breast, fried, coated, skin / coating not eaten, from pre-cooked","Chicken, whole pieces","1 cup, cooked, diced","10049","cup","1","135","135.0000"
"2705977","Chicken breast, fried, coated, skin / coating not eaten, from pre-cooked","Chicken, whole pieces","1 oz, cooked","40040","oz","1","28.35","28.3500"
"2705978","Chicken breast, fried, coated, skin / coating eaten, from fast food / restaurant","Chicken, whole pieces","1 cup, cooked, diced","10049","cup","1","135","135.0000"
"2705978","Chicken breast, fried, coated, skin / coating eaten, from fast food / restaurant","Chicken, whole pieces","1 oz, cooked","40040","oz","1","28.35","28.3500"
"2705979","Chicken breast, fried, coated, skin / coating not eaten, from fast food / restaurant","Chicken, whole pieces","1 cup, cooked, diced","10049","cup","1","135","135.0000"
"2705979","Chicken breast, fried, coated, skin / coating not eaten, from fast food / restaurant","Chicken, whole pieces","1 oz, cooked","40040","oz","1","28.35","28.3500"
"2705980","Chicken breast, baked, coated, skin / coating eaten","Chicken, whole pieces","1 oz, cooked","40040","oz","1","28.35","28.3500"
"2705980","Chicken breast, baked, coated, skin / coating eaten","Chicken, whole pieces","1 cup, cooked, diced","10049","cup","1","135","135.0000"
"2705981","Chicken breast, baked, coated, skin / coating not eaten","Chicken, whole pieces","1 oz, cooked","40040","oz","1","28.35","28.3500"
"2705981","Chicken breast, baked, coated, skin / coating not eaten","Chicken, whole pieces","1 cup, cooked, diced","10049","cup","1","135","135.0000"
"2705982","Chicken leg, drumstick and thigh, NS as to cooking method, skin eaten","Chicken, whole pieces","1 oz, cooked","40040","oz","1","28.35","28.3500"
"2705982","Chicken leg, drumstick and thigh, NS as to cooking method, skin eaten","Chicken, whole pieces","1 cup, cooked, diced","10049","cup","1","135","135.0000"
"2705983","Chicken leg, drumstick and thigh, NS as to cooking method, skin not eaten","Chicken, whole pieces","1 oz, cooked","40040","oz","1","28.35","28.3500"
"2705983","Chicken leg, drumstick and thigh, NS as to cooking method, skin not eaten","Chicken, whole pieces","1 cup, cooked, diced","10049","cup","1","135","135.0000"
"2705984","Chicken leg, drumstick and thigh, baked or broiled, skin eaten","Chicken, whole pieces","1 oz, cooked","40040","oz","1","28.35","28.3500"
"2705984","Chicken leg, drumstick and thigh, baked or broiled, skin eaten","Chicken, whole pieces","1 cup, cooked, diced","10049","cup","1","135","135.0000"
"2705985","Chicken leg, drumstick and thigh, baked or broiled, skin not eaten","Chicken, whole pieces","1 cup, cooked, diced","10049","cup","1","135","135.0000"
"2705985","Chicken leg, drumstick and thigh, baked or broiled, skin not eaten","Chicken, whole pieces","1 oz, cooked","40040","oz","1","28.35","28.3500"
"2705986","Chicken leg, drumstick and thigh, rotisserie, skin eaten","Chicken, whole pieces","1 cup, cooked, diced","10049","cup","1","135","135.0000"
"2705986","Chicken leg, drumstick and thigh, rotisserie, skin eaten","Chicken, whole pieces","1 oz, cooked","40040","oz","1","28.35","28.3500"
"2705987","Chicken leg, drumstick and thigh, rotisserie, skin not eaten","Chicken, whole pieces","1 cup, cooked, diced","10049","cup","1","135","135.0000"
"2705987","Chicken leg, drumstick and thigh, rotisserie, skin not eaten","Chicken, whole pieces","1 oz, cooked","40040","oz","1","28.35","28.3500"
"2705988","Chicken leg, drumstick and thigh, stewed, skin eaten","Chicken, whole pieces","1 oz, cooked","40040","oz","1","28.35","28.3500"
"2705988","Chicken leg, drumstick and thigh, stewed, skin eaten","Chicken, whole pieces","1 cup, cooked, diced","10049","cup","1","135","135.0000"
"2705989","Chicken leg, drumstick and thigh, stewed, skin not eaten","Chicken, whole pieces","1 cup, cooked, diced","10049","cup","1","135","135.0000"
"2705989","Chicken leg, drumstick and thigh, stewed, skin not eaten","Chicken, whole pieces","1 oz, cooked","40040","oz","1","28.35","28.3500"
"2705990","Chicken leg, drumstick and thigh, grilled without sauce, skin eaten","Chicken, whole pieces","1 cup, cooked, diced","10049","cup","1","135","135.0000"
"2705990","Chicken leg, drumstick and thigh, grilled without sauce, skin eaten","Chicken, whole pieces","1 oz, cooked","40040","oz","1","28.35","28.3500"
"2705991","Chicken leg, drumstick and thigh, grilled without sauce, skin not eaten","Chicken, whole pieces","1 oz, cooked","40040","oz","1","28.35","28.3500"
"2705991","Chicken leg, drumstick and thigh, grilled without sauce, skin not eaten","Chicken, whole pieces","1 cup, cooked, diced","10049","cup","1","135","135.0000"
"2705992","Chicken leg, drumstick and thigh, grilled with sauce, skin eaten","Chicken, whole pieces","1 oz, cooked","40040","oz","1","28.35","28.3500"
"2705992","Chicken leg, drumstick and thigh, grilled with sauce, skin eaten","Chicken, whole pieces","1 cup, cooked, diced","10049","cup","1","165","165.0000"
"2705993","Chicken leg, drumstick and thigh, grilled with sauce, skin not eaten","Chicken, whole pieces","1 cup, cooked, diced","10049","cup","1","165","165.0000"
"2705993","Chicken leg, drumstick and thigh, grilled with sauce, skin not eaten","Chicken, whole pieces","1 oz, cooked","40040","oz","1","28.35","28.3500"
"2705994","Chicken leg, drumstick and thigh, sauteed, skin eaten","Chicken, whole pieces","1 cup, cooked, diced","10049","cup","1","135","135.0000"
"2705994","Chicken leg, drumstick and thigh, sauteed, skin eaten","Chicken, whole pieces","1 oz, cooked","40040","oz","1","28.35","28.3500"
"2705995","Chicken leg, drumstick and thigh, sauteed, skin not eaten","Chicken, whole pieces","1 cup, cooked, diced","10049","cup","1","135","135.0000"
"2705995","Chicken leg, drumstick and thigh, sauteed, skin not eaten","Chicken, whole pieces","1 oz, cooked","40040","oz","1","28.35","28.3500"
"2705996","Chicken leg, drumstick and thigh, fried, coated, skin / coating eaten","Chicken, whole pieces","1 cup, cooked, diced","10049","cup","1","135","135.0000"
"2705996","Chicken leg, drumstick and thigh, fried, coated, skin / coating eaten","Chicken, whole pieces","1 oz, cooked","40040","oz","1","28.35","28.3500"
"2705997","Chicken leg, drumstick and thigh, fried, coated, skin / coating not eaten","Chicken, whole pieces","1 cup, cooked, diced","10049","cup","1","135","135.0000"
"2705997","Chicken leg, drumstick and thigh, fried, coated, skin / coating not eaten","Chicken, whole pieces","1 oz, cooked","40040","oz","1","28.35","28.3500"
"2705998","Chicken leg, drumstick and thigh, baked, coated, skin / coating eaten","Chicken, whole pieces","1 oz, cooked","40040","oz","1","28.35","28.3500"
"2705998","Chicken leg, drumstick and thigh, baked, coated, skin / coating eaten","Chicken, whole pieces","1 cup, cooked, diced","10049","cup","1","135","135.0000"
"2705999","Chicken leg, drumstick and thigh, baked, coated, skin / coating not eaten","Chicken, whole pieces","1 cup, cooked, diced","10049","cup","1","135","135.0000"
"2705999","Chicken leg, drumstick and thigh, baked, coated, skin / coating not eaten","Chicken, whole pieces","1 oz, cooked","40040","oz","1","28.35","28.3500"
"2706000","Chicken drumstick, NS as to cooking method, skin eaten","Chicken, whole pieces","1 cup, cooked, diced","10049","cup","1","135","135.0000"
"2706000","Chicken drumstick, NS as to cooking method, skin eaten","Chicken, whole pieces","1 oz, cooked","40040","oz","1","28.35","28.3500"
"2706001","Chicken drumstick, NS as to cooking method, skin not eaten","Chicken, whole pieces","1 oz, cooked","40040","oz","1","28.35","28.3500"
"2706001","Chicken drumstick, NS as to cooking method, skin not eaten","Chicken, whole pieces","1 cup, cooked, diced","10049","cup","1","135","135.0000"
"2706002","Chicken drumstick, baked, broiled, or roasted, skin eaten, from raw","Chicken, whole pieces","1 cup, cooked, diced","10049","cup","1","135","135.0000"
"2706002","Chicken drumstick, baked, broiled, or roasted, skin eaten, from raw","Chicken, whole pieces","1 oz, cooked","40040","oz","1","28.35","28.3500"
"2706003","Chicken drumstick, baked, broiled, or roasted, skin not eaten, from raw","Chicken, whole pieces","1 oz, cooked","40040","oz","1","28.35","28.3500"
"2706003","Chicken drumstick, baked, broiled, or roasted, skin not eaten, from raw","Chicken, whole pieces","1 cup, cooked, diced","10049","cup","1","135","135.0000"
"2706004","Chicken drumstick, baked or broiled, skin eaten, from pre-cooked","Chicken, whole pieces","1 oz, cooked","40040","oz","1","28.35","28.3500"
"2706004","Chicken drumstick, baked or broiled, skin eaten, from pre-cooked","Chicken, whole pieces","1 cup, cooked, diced","10049","cup","1","135","135.0000"
"2706005","Chicken drumstick, baked or broiled, skin not eaten, from pre-cooked","Chicken, whole pieces","1 cup, cooked, diced","10049","cup","1","135","135.0000"
"2706005","Chicken drumstick, baked or broiled, skin not eaten, from pre-cooked","Chicken, whole pieces","1 oz, cooked","40040","oz","1","28.35","28.3500"
"2706006","Chicken drumstick, baked or broiled, skin eaten, from fast food / restaurant","Chicken, whole pieces","1 cup, cooked, diced","10049","cup","1","135","135.0000"
"2706006","Chicken drumstick, baked or broiled, skin eaten, from fast food / restaurant","Chicken, whole pieces","1 oz, cooked","40040","oz","1","28.35","28.3500"
"2706007","Chicken drumstick, baked or broiled, skin not eaten, from fast food / restaurant","Chicken, whole pieces","1 oz, cooked","40040","oz","1","28.35","28.3500"
"2706007","Chicken drumstick, baked or broiled, skin not eaten, from fast food / restaurant","Chicken, whole pieces","1 cup, cooked, diced","10049","cup","1","135","135.0000"
"2706008","Chicken drumstick, rotisserie, skin eaten","Chicken, whole pieces","1 oz, cooked","40040","oz","1","28.35","28.3500"
"2706008","Chicken drumstick, rotisserie, skin eaten","Chicken, whole pieces","1 cup, cooked, diced","10049","cup","1","135","135.0000"
"2706009","Chicken drumstick, rotisserie, skin not eaten","Chicken, whole pieces","1 cup, cooked, diced","10049","cup","1","135","135.0000"
"2706009","Chicken drumstick, rotisserie, skin not eaten","Chicken, whole pieces","1 oz, cooked","40040","oz","1","28.35","28.3500"
"2706010","Chicken drumstick, grilled without sauce, skin eaten","Chicken, whole pieces","1 oz, cooked","40040","oz","1","28.35","28.3500"
"2706010","Chicken drumstick, grilled without sauce, skin eaten","Chicken, whole pieces","1 cup, cooked, diced","10049","cup","1","135","135.0000"
"2706011","Chicken drumstick, grilled without sauce, skin not eaten","Chicken, whole pieces","1 oz, cooked","40040","oz","1","28.35","28.3500"
"2706011","Chicken drumstick, grilled without sauce, skin not eaten","Chicken, whole pieces","1 cup, cooked, diced","10049","cup","1","135","135.0000"
"2706012","Chicken drumstick, grilled with sauce, skin eaten","Chicken, whole pieces","1 oz, cooked","40040","oz","1","28.35","28.3500"
"2706012","Chicken drumstick, grilled with sauce, skin eaten","Chicken, whole pieces","1 cup, cooked, diced","10049","cup","1","165","165.0000"
"2706013","Chicken drumstick, grilled with sauce, skin not eaten","Chicken, whole pieces","1 oz, cooked","40040","oz","1","28.35","28.3500"
"2706013","Chicken drumstick, grilled with sauce, skin not eaten","Chicken, whole pieces","1 cup, cooked, diced","10049","cup","1","165","165.0000"
"2706014","Chicken drumstick, stewed, skin eaten","Chicken, whole pieces","1 cup, cooked, diced","10049","cup","1","135","135.0000"
"2706014","Chicken drumstick, stewed, skin eaten","Chicken, whole pieces","1 oz, cooked","40040","oz","1","28.35","28.3500"
"2706015","Chicken drumstick, stewed, skin not eaten","Chicken, whole pieces","1 cup, cooked, diced","10049","cup","1","135","135.0000"
"2706015","Chicken drumstick, stewed, skin not eaten","Chicken, whole pieces","1 oz, cooked","40040","oz","1","28.35","28.3500"
"2706016","Chicken drumstick, sauteed, skin eaten","Chicken, whole pieces","1 cup, cooked, diced","10049","cup","1","135","135.0000"
"2706016","Chicken drumstick, sauteed, skin eaten","Chicken, whole pieces","1 oz, cooked","40040","oz","1","28.35","28.3500"
"2706017","Chicken drumstick, sauteed, skin not eaten","Chicken, whole pieces","1 oz, cooked","40040","oz","1","28.35","28.3500"
"2706017","Chicken drumstick, sauteed, skin not eaten","Chicken, whole pieces","1 cup, cooked, diced","10049","cup","1","135","135.0000"
"2706018","Chicken drumstick, fried, coated, skin / coating eaten, from raw","Chicken, whole pieces","1 cup, cooked, diced","10049","cup","1","135","135.0000"
"2706018","Chicken drumstick, fried, coated, skin / coating eaten, from raw","Chicken, whole pieces","1 oz, cooked","40040","oz","1","28.35","28.3500"
"2706019","Chicken drumstick, fried, coated, skin / coating not eaten, from raw","Chicken, whole pieces","1 oz, cooked","40040","oz","1","28.35","28.3500"
"2706019","Chicken drumstick, fried, coated, skin / coating not eaten, from raw","Chicken, whole pieces","1 cup, cooked, diced","10049","cup","1","135","135.0000"
"2706020","Chicken drumstick, fried, coated, prepared skinless, coating eaten, from raw","Chicken, whole pieces","1 oz, cooked","40040","oz","1","28.35","28.3500"
"2706020","Chicken drumstick, fried, coated, prepared skinless, coating eaten, from raw","Chicken, whole pieces","1 cup, cooked, diced","10049","cup","1","135","135.0000"
"2706021","Chicken drumstick, fried, coated, skin / coating eaten, from pre-cooked","Chicken, whole pieces","1 oz, cooked","40040","oz","1","28.35","28.3500"
"2706021","Chicken drumstick, fried, coated, skin / coating eaten, from pre-cooked","Chicken, whole pieces","1 cup, cooked, diced","10049","cup","1","135","135.0000"
"2706022","Chicken drumstick, fried, coated, skin / coating not eaten, from pre-cooked","Chicken, whole pieces","1 cup, cooked, diced","10049","cup","1","135","135.0000"
"2706022","Chicken drumstick, fried, coated, skin / coating not eaten, from pre-cooked","Chicken, whole pieces","1 oz, cooked","40040","oz","1","28.35","28.3500"
"2706023","Chicken drumstick, fried, coated, skin / coating eaten, from fast food / restaurant","Chicken, whole pieces","1 oz, cooked","40040","oz","1","28.35","28.3500"
"2706023","Chicken drumstick, fried, coated, skin / coating eaten, from fast food / restaurant","Chicken, whole pieces","1 cup, cooked, diced","10049","cup","1","135","135.0000"
"2706024","Chicken drumstick, fried, coated, skin / coating not eaten, from fast food / restaurant","Chicken, whole pieces","1 oz, cooked","40040","oz","1","28.35","28.3500"
"2706024","Chicken drumstick, fried, coated, skin / coating not eaten, from fast food / restaurant","Chicken, whole pieces","1 cup, cooked, diced","10049","cup","1","135","135.0000"
"2706025","Chicken drumstick, baked, coated, skin / coating eaten","Chicken, whole pieces","1 cup, cooked, diced","10049","cup","1","135","135.0000"
"2706025","Chicken drumstick, baked, coated, skin / coating eaten","Chicken, whole pieces","1 oz, cooked","40040","oz","1","28.35","28.3500"
"2706026","Chicken drumstick, baked, coated, skin / coating not eaten","Chicken, whole pieces","1 oz, cooked","40040","oz","1","28.35","28.3500"
"2706026","Chicken drumstick, baked, coated, skin / coating not eaten","Chicken, whole pieces","1 cup, cooked, diced","10049","cup","1","135","135.0000"
"2706027","Chicken thigh, NS as to cooking method, skin eaten","Chicken, whole pieces","1 cup, cooked, diced","10049","cup","1","135","135.0000"
"2706027","Chicken thigh, NS as to cooking method, skin eaten","Chicken, whole pieces","1 oz, cooked","40040","oz","1","28.35","28.3500"
"2706028","Chicken thigh, NS as to cooking method, skin not eaten","Chicken, whole pieces","1 cup, cooked, diced","10049","cup","1","135","135.0000"
"2706028","Chicken thigh, NS as to cooking method, skin not eaten","Chicken, whole pieces","1 oz, cooked","40040","oz","1","28.35","28.3500"
"2706029","Chicken thigh, baked, broiled, or roasted, skin eaten, from raw","Chicken, whole pieces","1 oz, cooked","40040","oz","1","28.35","28.3500"
"2706029","Chicken thigh, baked, broiled, or roasted, skin eaten, from raw","Chicken, whole pieces","1 cup, cooked, diced","10049","cup","1","135","135.0000"
"2706030","Chicken thigh, baked, broiled, or roasted, skin not eaten, from raw","Chicken, whole pieces","1 oz, cooked","40040","oz","1","28.35","28.3500"
"2706030","Chicken thigh, baked, broiled, or roasted, skin not eaten, from raw","Chicken, whole pieces","1 cup, cooked, diced","10049","cup","1","135","135.0000"
"2706031","Chicken thigh, baked or broiled, skin eaten, from pre-cooked","Chicken, whole pieces","1 oz, cooked","40040","oz","1","28.35","28.3500"
"2706031","Chicken thigh, baked or broiled, skin eaten, from pre-cooked","Chicken, whole pieces","1 cup, cooked, diced","10049","cup","1","135","135.0000"
"2706032","Chicken thigh, baked or broiled, skin not eaten, from pre-cooked","Chicken, whole pieces","1 cup, cooked, diced","10049","cup","1","135","135.0000"
"2706032","Chicken thigh, baked or broiled, skin not eaten, from pre-cooked","Chicken, whole pieces","1 oz, cooked","40040","oz","1","28.35","28.3500"
"2706033","Chicken thigh, baked or broiled, skin eaten, from fast food / restaurant","Chicken, whole pieces","1 oz, cooked","40040","oz","1","28.35","28.3500"
"2706033","Chicken thigh, baked or broiled, skin eaten, from fast food / restaurant","Chicken, whole pieces","1 cup, cooked, diced","10049","cup","1","135","135.0000"
"2706034","Chicken thigh, baked or broiled, skin not eaten, from fast food / restaurant","Chicken, whole pieces","1 cup, cooked, diced","10049","cup","1","135","135.0000"
"2706034","Chicken thigh, baked or broiled, skin not eaten, from fast food / restaurant","Chicken, whole pieces","1 oz, cooked","40040","oz","1","28.35","28.3500"
"2706035","Chicken thigh, rotisserie, skin eaten","Chicken, whole pieces","1 oz, cooked","40040","oz","1","28.35","28.3500"
"2706035","Chicken thigh, rotisserie, skin eaten","Chicken, whole pieces","1 cup, cooked, diced","10049","cup","1","135","135.0000"
"2706036","Chicken thigh, rotisserie, skin not eaten","Chicken, whole pieces","1 oz, cooked","40040","oz","1","28.35","28.3500"
"2706036","Chicken thigh, rotisserie, skin not eaten","Chicken, whole pieces","1 cup, cooked, diced","10049","cup","1","135","135.0000"
"2706037","Chicken thigh, stewed, skin eaten","Chicken, whole pieces","1 oz, cooked","40040","oz","1","28.35","28.3500"
"2706037","Chicken thigh, stewed, skin eaten","Chicken, whole pieces","1 cup, cooked, diced","10049","cup","1","135","135.0000"
"2706038","Chicken thigh, stewed, skin not eaten","Chicken, whole pieces","1 cup, cooked, diced","10049","cup","1","135","135.0000"
"2706038","Chicken thigh, stewed, skin not eaten","Chicken, whole pieces","1 oz, cooked","40040","oz","1","28.35","28.3500"
"2706039","Chicken thigh, grilled without sauce, skin eaten","Chicken, whole pieces","1 oz, cooked","40040","oz","1","28.35","28.3500"
"2706039","Chicken thigh, grilled without sauce, skin eaten","Chicken, whole pieces","1 cup, cooked, diced","10049","cup","1","135","135.0000"
"2706040","Chicken thigh, grilled without sauce, skin not eaten","Chicken, whole pieces","1 oz, cooked","40040","oz","1","28.35","28.3500"
"2706040","Chicken thigh, grilled without sauce, skin not eaten","Chicken, whole pieces","1 cup, cooked, diced","10049","cup","1","135","135.0000"
"2706041","Chicken thigh, grilled with sauce, skin eaten","Chicken, whole pieces","1 cup, cooked, diced","10049","cup","1","165","165.0000"
"2706041","Chicken thigh, grilled with sauce, skin eaten","Chicken, whole pieces","1 oz, cooked","40040","oz","1","28.35","28.3500"
"2706042","Chicken thigh, grilled with sauce, skin not eaten","Chicken, whole pieces","1 cup, cooked, diced","10049","cup","1","165","165.0000"
"2706042","Chicken thigh, grilled with sauce, skin not eaten","Chicken, whole pieces","1 oz, cooked","40040","oz","1","28.35","28.3500"
"2706043","Chicken thigh, sauteed, skin eaten","Chicken, whole pieces","1 cup, cooked, diced","10049","cup","1","135","135.0000"
"2706043","Chicken thigh, sauteed, skin eaten","Chicken, whole pieces","1 oz, cooked","40040","oz","1","28.35","28.3500"
"2706044","Chicken thigh, sauteed, skin not eaten","Chicken, whole pieces","1 oz, cooked","40040","oz","1","28.35","28.3500"
"2706044","Chicken thigh, sauteed, skin not eaten","Chicken, whole pieces","1 cup, cooked, diced","10049","cup","1","135","135.0000"
"2706045","Chicken thigh, fried, coated, skin / coating eaten, from raw","Chicken, whole pieces","1 cup, cooked, diced","10049","cup","1","135","135.0000"
"2706045","Chicken thigh, fried, coated, skin / coating eaten, from raw","Chicken, whole pieces","1 oz, cooked","40040","oz","1","28.35","28.3500"
"2706046","Chicken thigh, fried, coated, skin / coating not eaten, from raw","Chicken, whole pieces","1 cup, cooked, diced","10049","cup","1","135","135.0000"
"2706046","Chicken thigh, fried, coated, skin / coating not eaten, from raw","Chicken, whole pieces","1 oz, cooked","40040","oz","1","28.35","28.3500"
"2706047","Chicken thigh, fried, coated, prepared skinless, coating eaten, from raw","Chicken, whole pieces","1 oz, cooked","40040","oz","1","28.35","28.3500"
"2706047","Chicken thigh, fried, coated, prepared skinless, coating eaten, from raw","Chicken, whole pieces","1 cup, cooked, diced","10049","cup","1","135","135.0000"
"2706048","Chicken thigh, fried, coated, skin / coating eaten, from pre-cooked","Chicken, whole pieces","1 oz, cooked","40040","oz","1","28.35","28.3500"
"2706048","Chicken thigh, fried, coated, skin / coating eaten, from pre-cooked","Chicken, whole pieces","1 cup, cooked, diced","10049","cup","1","135","135.0000"
"2706049","Chicken thigh, fried, coated, skin / coating not eaten, from pre-cooked","Chicken, whole pieces","1 cup, cooked, diced","10049","cup","1","135","135.0000"
"2706049","Chicken thigh, fried, coated, skin / coating not eaten, from pre-cooked","Chicken, whole pieces","1 oz, cooked","40040","oz","1","28.35","28.3500"
"2706050","Chicken thigh, fried, coated, skin / coating eaten, from fast food","Chicken, whole pieces","1 oz, cooked","40040","oz","1","28.35","28.3500"
"2706050","Chicken thigh, fried, coated, skin / coating eaten, from fast food","Chicken, whole pieces","1 cup, cooked, diced","10049","cup","1","135","135.0000"
"2706051","Chicken thigh, fried, coated, skin / coating not eaten, from fast food","Chicken, whole pieces","1 oz, cooked","40040","oz","1","28.35","28.3500"
"2706051","Chicken thigh, fried, coated, skin / coating not eaten, from fast food","Chicken, whole pieces","1 cup, cooked, diced","10049","cup","1","135","135.0000"
"2706052","Chicken thigh, fried, coated, skin / coating eaten, from restaurant","Chicken, whole pieces","1 oz, cooked","40040","oz","1","28.35","28.3500"
"2706052","Chicken thigh, fried, coated, skin / coating eaten, from restaurant","Chicken, whole pieces","1 cup, cooked, diced","10049","cup","1","135","135.0000"
"2706053","Chicken thigh, fried, coated, skin / coating not eaten, from restaurant","Chicken, whole pieces","1 oz, cooked","40040","oz","1","28.35","28.3500"
"2706053","Chicken thigh, fried, coated, skin / coating not eaten, from restaurant","Chicken, whole pieces","1 cup, cooked, diced","10049","cup","1","135","135.0000"
"2706054","Chicken thigh, baked, coated, skin / coating eaten","Chicken, whole pieces","1 oz, cooked","40040","oz","1","28.35","28.3500"
"2706054","Chicken thigh, baked, coated, skin / coating eaten","Chicken, whole pieces","1 cup, cooked, diced","10049","cup","1","135","135.0000"
"2706055","Chicken thigh, baked, coated, skin / coating not eaten","Chicken, whole pieces","1 cup, cooked, diced","10049","cup","1","135","135.0000"
"2706055","Chicken thigh, baked, coated, skin / coating not eaten","Chicken, whole pieces","1 oz, cooked","40040","oz","1","28.35","28.3500"
"2706084","Chicken skin","Chicken, whole pieces","1 oz, raw (yield after cooking)","40054","oz","1","20","20.0000"
"2706086","Chicken, canned, meat only","Chicken, whole pieces","1 cup","10205","cup","1","205","205.0000"
"2706086","Chicken, canned, meat only","Chicken, whole pieces","1 can (5 oz) yields","60525","can","1","125","125.0000"
"2706087","Chicken, chicken roll, roasted","Chicken, whole pieces","1 slice","61935","slice","1","28","28.0000"
"2706087","Chicken, chicken roll, roasted","Chicken, whole pieces","1 cup, diced","10066","cup","1","135","135.0000"
"2706091","Chicken, ground","Chicken, whole pieces","1 oz, cooked","40040","oz","1","28.35","28.3500"
"2706091","Chicken, ground","Chicken, whole pieces","1 cup, cooked","10043","cup","1","130","130.0000"
"2706092","Chicken nuggets, NFS","Chicken patties, nuggets and tenders","1 cup","10205","cup","1","140","140.0000"
"2706093","Chicken nuggets, from fast food","Chicken patties, nuggets and tenders","1 cup","10205","cup","1","140","140.0000"
"2706094","Chicken nuggets, from restaurant","Chicken patties, nuggets and tenders","1 cup","10205","cup","1","140","140.0000"
"2706095","Chicken nuggets, from school lunch","Chicken patties, nuggets and tenders","1 cup","10205","cup","1","140","140.0000"
"2706096","Chicken nuggets, from frozen","Chicken patties, nuggets and tenders","1 cup","10205","cup","1","140","140.0000"
"2706097","Chicken nuggets, from other sources","Chicken patties, nuggets and tenders","1 cup","10205","cup","1","140","140.0000"
"2706098","Chicken tenders or strips, NFS","Chicken patties, nuggets and tenders","1 cup","10205","cup","1","140","140.0000"
"2706099","Chicken tenders or strips, breaded, from fast food","Chicken patties, nuggets and tenders","1 cup","10205","cup","1","140","140.0000"
"2706100","Chicken tenders or strips, breaded, from restaurant","Chicken patties, nuggets and tenders","1 cup","10205","cup","1","140","140.0000"
"2706101","Chicken tenders or strips, breaded, from school lunch","Chicken patties, nuggets and tenders","1 strip","62252","strip","1","40","40.0000"
"2706101","Chicken tenders or strips, breaded, from school lunch","Chicken patties, nuggets and tenders","1 cup","10205","cup","1","140","140.0000"
"2706102","Chicken tenders or strips, breaded, from frozen","Chicken patties, nuggets and tenders","1 strip","62252","strip","1","40","40.0000"
"2706102","Chicken tenders or strips, breaded, from frozen","Chicken patties, nuggets and tenders","1 cup","10205","cup","1","140","140.0000"
"2706103","Chicken tenders or strips, breaded, from other sources","Chicken patties, nuggets and tenders","1 cup","10205","cup","1","140","140.0000"
"2706104","Turkey, NFS","Turkey, duck, other poultry","1 oz, boneless, cooked","40018","oz","1","28.35","28.3500"
"2706104","Turkey, NFS","Turkey, duck, other poultry","1 cup, diced, cooked","10068","cup","1","135","135.0000"
"2706105","Turkey, light meat, skin not eaten","Turkey, duck, other poultry","1 cup, cooked, diced","10049","cup","1","135","135.0000"
"2706105","Turkey, light meat, skin not eaten","Turkey, duck, other poultry","1 oz, boneless, cooked, skinless","40024","oz","1","28.35","28.3500"
"2706106","Turkey, light meat, skin eaten","Turkey, duck, other poultry","1 oz, boneless, cooked","40018","oz","1","28.35","28.3500"
"2706106","Turkey, light meat, skin eaten","Turkey, duck, other poultry","1 cup, diced, cooked","10068","cup","1","135","135.0000"
"2706107","Turkey, light meat, breaded, baked or fried, skin not eaten","Turkey, duck, other poultry","1 cup, cooked, diced","10049","cup","1","135","135.0000"
"2706107","Turkey, light meat, breaded, baked or fried, skin not eaten","Turkey, duck, other poultry","1 oz, boneless, cooked, skinless","40024","oz","1","28.35","28.3500"
"2706108","Turkey, light meat, breaded, baked or fried, skin eaten","Turkey, duck, other poultry","1 cup, diced, cooked","10068","cup","1","135","135.0000"
"2706108","Turkey, light meat, breaded, baked or fried, skin eaten","Turkey, duck, other poultry","1 oz, boneless, cooked","40018","oz","1","28.35","28.3500"
"2706109","Turkey, light meat, roasted, skin not eaten","Turkey, duck, other poultry","1 cup, cooked, diced","10049","cup","1","135","135.0000"
"2706109","Turkey, light meat, roasted, skin not eaten","Turkey, duck, other poultry","1 oz, boneless, cooked, skinless","40024","oz","1","28.35","28.3500"
"2706110","Turkey, light meat, roasted, skin eaten","Turkey, duck, other poultry","1 oz, boneless, cooked","40018","oz","1","28.35","28.3500"
"2706110","Turkey, light meat, roasted, skin eaten","Turkey, duck, other poultry","1 cup, diced, cooked","10068","cup","1","135","135.0000"
"2706111","Turkey, dark meat, roasted, skin not eaten","Turkey, duck, other poultry","1 cup, cooked, diced","10049","cup","1","135","135.0000"
"2706111","Turkey, dark meat, roasted, skin not eaten","Turkey, duck, other poultry","1 oz, boneless, cooked, skinless","40024","oz","1","28.35","28.3500"
"2706112","Turkey, dark meat, roasted, skin eaten","Turkey, duck, other poultry","1 cup, diced, cooked","10068","cup","1","135","135.0000"
"2706112","Turkey, dark meat, roasted, skin eaten","Turkey, duck, other poultry","1 oz, boneless, cooked","40018","oz","1","28.35","28.3500"
"2706113","Turkey, light and dark meat, roasted, skin not eaten","Turkey, duck, other poultry","1 cup, cooked, diced","10049","cup","1","135","135.0000"
"2706113","Turkey, light and dark meat, roasted, skin not eaten","Turkey, duck, other poultry","1 oz, boneless, cooked, skinless","40024","oz","1","28.35","28.3500"
"2706114","Turkey, light and dark meat, roasted, skin eaten","Turkey, duck, other poultry","1 oz, boneless, cooked","40018","oz","1","28.35","28.3500"
"2706114","Turkey, light and dark meat, roasted, skin eaten","Turkey, duck, other poultry","1 cup, diced, cooked","10068","cup","1","135","135.0000"
"2706115","Turkey, light or dark meat, fried, coated, skin not eaten","Turkey, duck, other poultry","1 oz, boneless, cooked, skinless","40024","oz","1","28.35","28.3500"
"2706115","Turkey, light or dark meat, fried, coated, skin not eaten","Turkey, duck, other poultry","1 cup, cooked, diced","10049","cup","1","135","135.0000"
"2706116","Turkey, light or dark meat, fried, coated, skin eaten","Turkey, duck, other poultry","1 oz, boneless, cooked","40018","oz","1","28.35","28.3500"
"2706116","Turkey, light or dark meat, fried, coated, skin eaten","Turkey, duck, other poultry","1 cup, diced, cooked","10068","cup","1","135","135.0000"
"2706117","Turkey, light or dark meat, stewed, skin not eaten","Turkey, duck, other poultry","1 cup, cooked, diced","10049","cup","1","135","135.0000"
"2706117","Turkey, light or dark meat, stewed, skin not eaten","Turkey, duck, other poultry","1 oz, boneless, cooked, skinless","40024","oz","1","28.35","28.3500"
"2706118","Turkey light or dark meat, stewed, skin eaten","Turkey, duck, other poultry","1 cup, diced, cooked","10068","cup","1","135","135.0000"
"2706118","Turkey light or dark meat, stewed, skin eaten","Turkey, duck, other poultry","1 oz, boneless, cooked","40018","oz","1","28.35","28.3500"
"2706119","Turkey, light or dark meat, smoked, skin eaten","Turkey, duck, other poultry","1 oz, boneless, cooked","40018","oz","1","28.35","28.3500"
"2706119","Turkey, light or dark meat, smoked, skin eaten","Turkey, duck, other poultry","1 cup, cooked, diced","10049","cup","1","135","135.0000"
"2706120","Turkey, light or dark meat, smoked, skin not eaten","Turkey, duck, other poultry","1 cup, cooked, diced","10049","cup","1","135","135.0000"
"2706120","Turkey, light or dark meat, smoked, skin not eaten","Turkey, duck, other poultry","1 oz, boneless, cooked, skinless","40024","oz","1","28.35","28.3500"
"2706121","Turkey, drumstick, cooked, skin not eaten","Turkey, duck, other poultry","1 cup, cooked, diced","10049","cup","1","135","135.0000"
"2706122","Turkey, drumstick, cooked, skin eaten","Turkey, duck, other poultry","1 cup, diced, cooked","10068","cup","1","135","135.0000"
"2706123","Turkey, drumstick, roasted, skin not eaten","Turkey, duck, other poultry","1 cup, cooked, diced","10049","cup","1","135","135.0000"
"2706124","Turkey, drumstick, roasted, skin eaten","Turkey, duck, other poultry","1 cup, diced, cooked","10068","cup","1","135","135.0000"
"2706125","Turkey, thigh, cooked, skin eaten","Turkey, duck, other poultry","1 cup, diced, cooked","10068","cup","1","135","135.0000"
"2706125","Turkey, thigh, cooked, skin eaten","Turkey, duck, other poultry","1 oz, boneless, cooked","40018","oz","1","28.35","28.3500"
"2706126","Turkey, thigh, cooked, skin not eaten","Turkey, duck, other poultry","1 oz, boneless, cooked, skinless","40024","oz","1","28.35","28.3500"
"2706126","Turkey, thigh, cooked, skin not eaten","Turkey, duck, other poultry","1 cup, cooked, diced","10049","cup","1","135","135.0000"
"2706127","Turkey, neck","Turkey, duck, other poultry","1 cup, diced, cooked","10068","cup","1","135","135.0000"
"2706128","Turkey, wing, cooked, skin not eaten","Turkey, duck, other poultry","1 cup, cooked, diced","10049","cup","1","135","135.0000"
"2706129","Turkey, wing, cooked, skin eaten","Turkey, duck, other poultry","1 cup, diced, cooked","10068","cup","1","135","135.0000"
"2706132","Turkey, canned","Turkey, duck, other poultry","1 can (5 oz) yields","60525","can","1","125","125.0000"
"2706132","Turkey, canned","Turkey, duck, other poultry","1 cup, drained","10069","cup","1","135","135.0000"
"2706133","Turkey, ground","Turkey, duck, other poultry","1 cup, cooked","10043","cup","1","130","130.0000"
"2706133","Turkey, ground","Turkey, duck, other poultry","1 oz, cooked","40040","oz","1","28.35","28.3500"
"2706134","Turkey, nuggets","Turkey, duck, other poultry","1 cup","10205","cup","1","140","140.0000"
"2706135","Turkey bacon, cooked","Bacon","1 slice, NFS","62008","slice","1","11","11.0000"
"2706135","Turkey bacon, cooked","Bacon","1 cup, pieces","10129","cup","1","82","82.0000"
"2706135","Turkey bacon, cooked","Bacon","1 oz, cooked","40040","oz","1","28.35","28.3500"
"2706135","Turkey bacon, cooked","Bacon","1 oz, raw (yield after cooking)","40054","oz","1","16","16.0000"
"2706136","Turkey bacon, reduced sodium, cooked","Bacon","1 cup, pieces","10129","cup","1","82","82.0000"
"2706136","Turkey bacon, reduced sodium, cooked","Bacon","1 oz, cooked","40040","oz","1","28.35","28.3500"
"2706136","Turkey bacon, reduced sodium, cooked","Bacon","1 slice, NFS","62008","slice","1","11","11.0000"
"2706136","Turkey bacon, reduced sodium, cooked","Bacon","1 oz, raw (yield after cooking)","40054","oz","1","16","16.0000"
"2706137","Duck, cooked, skin eaten","Turkey, duck, other poultry","1 cup, cooked, diced","10049","cup","1","140","140.0000"
"2706138","Duck, cooked, skin not eaten","Turkey, duck, other poultry","1 cup, cooked, diced","10049","cup","1","140","140.0000"
"2706139","Duck, roasted, skin eaten","Turkey, duck, other poultry","1 cup, cooked, diced","10049","cup","1","140","140.0000"
"2706140","Duck, roasted, skin not eaten","Turkey, duck, other poultry","1 cup, cooked, diced","10049","cup","1","140","140.0000"
"2706141","Duck, Peking","Turkey, duck, other poultry","1 oz, cooked","40040","oz","1","28.35","28.3500"
"2706141","Duck, Peking","Turkey, duck, other poultry","1 cup, diced, cooked","10068","cup","1","140","140.0000"
"2706142","Goose, wild, roasted","Turkey, duck, other poultry","1 cup, cooked, diced","10049","cup","1","140","140.0000"
"2706143","Cornish game hen, cooked, skin eaten","Turkey, duck, other poultry","1 cup, diced, cooked","10068","cup","1","140","140.0000"
"2706144","Cornish game hen, cooked, skin not eaten","Turkey, duck, other poultry","1 cup, cooked, diced","10049","cup","1","140","140.0000"
"2706145","Cornish game hen, roasted, skin eaten","Turkey, duck, other poultry","1 cup, diced, cooked","10068","cup","1","140","140.0000"
"2706146","Cornish game hen, roasted, skin not eaten","Turkey, duck, other poultry","1 cup, cooked, diced","10049","cup","1","140","140.0000"
"2706147","Dove, cooked, NS as to cooking method","Turkey, duck, other poultry","1 cup, diced, cooked","10068","cup","1","140","140.0000"
"2706148","Dove, fried","Turkey, duck, other poultry","1 cup, diced, cooked","10068","cup","1","140","140.0000"
"2706149","Quail, cooked","Turkey, duck, other poultry","1 cup, diced, cooked","10068","cup","1","135","135.0000"
"2706150","Pheasant, cooked","Turkey, duck, other poultry","1 cup, diced, cooked","10068","cup","1","135","135.0000"
"2706151","Baby Toddler chicken","Baby food: meat and dinners","1 tablespoon","21000","tbsp","1","15","15.0000"
"2706152","Baby Toddler turkey","Baby food: meat and dinners","1 tablespoon","21000","tbsp","1","15","15.0000"
"2706153","Liver, beef","Liver and organ meats","1 slice, any size","64612","slice","1","85","85.0000"
"2706153","Liver, beef","Liver and organ meats","1 oz yields","40016","oz","1","20","20.0000"
"2706153","Liver, beef","Liver and organ meats","1 cup","10205","cup","1","125","125.0000"
"2706154","Liver, chicken","Liver and organ meats","1 oz yields","40016","oz","1","20","20.0000"
"2706154","Liver, chicken","Liver and organ meats","1 cup","10205","cup","1","140","140.0000"
"2706155","Liver, paste or pate","Liver and organ meats","1 cup","10205","cup","1","210","210.0000"
"2706156","Heart","Liver and organ meats","1 oz yields","40016","oz","1","20","20.0000"
"2706156","Heart","Liver and organ meats","1 cup","10205","cup","1","145","145.0000"
"2706157","Kidney","Liver and organ meats","1 oz yields","40016","oz","1","20","20.0000"
"2706157","Kidney","Liver and organ meats","1 cup","10205","cup","1","140","140.0000"
"2706158","Sweetbreads","Liver and organ meats","1 oz yields","40016","oz","1","20","20.0000"
"2706159","Brains","Liver and organ meats","1 cup","10205","cup","1","140","140.0000"
"2706159","Brains","Liver and organ meats","1 oz yields","40016","oz","1","20","20.0000"
"2706160","Tongue","Liver and organ meats","1 oz yields","40016","oz","1","20","20.0000"
"2706161","Tongue pot roast, Puerto Rican style","Liver and organ meats","1 slice (5"" x 2"" x 1"")","61990","slice","1","110","110.0000"
"2706162","Tripe","Liver and organ meats","1 cup","10205","cup","1","140","140.0000"
"2706162","Tripe","Liver and organ meats","1 oz yields","40016","oz","1","16","16.0000"
"2706163","Chitterlings","Liver and organ meats","1 oz yields","40016","oz","1","20","20.0000"
"2706163","Chitterlings","Liver and organ meats","1 cup","10205","cup","1","125","125.0000"
"2706164","Hog maws","Liver and organ meats","1 cup","10205","cup","1","140","140.0000"
"2706164","Hog maws","Liver and organ meats","1 oz yields","40016","oz","1","20","20.0000"
"2706165","Gizzard","Liver and organ meats","1 oz yields","40016","oz","1","20","20.0000"
"2706165","Gizzard","Liver and organ meats","1 cup","10205","cup","1","145","145.0000"
"2706166","Hot dog, NFS","Frankfurters","1 regular","62862","regular","1","57","57.0000"
"2706166","Hot dog, NFS","Frankfurters","1 cup, sliced","10161","cup","1","150","150.0000"
"2706167","Hot dog, beef","Frankfurters","1 cup, sliced","10161","cup","1","150","150.0000"
"2706167","Hot dog, beef","Frankfurters","1 regular","62862","regular","1","57","57.0000"
"2706168","Hot dog, meat and poultry","Frankfurters","1 regular","62862","regular","1","57","57.0000"
"2706168","Hot dog, meat and poultry","Frankfurters","1 cup, sliced","10161","cup","1","150","150.0000"
"2706169","Hot dog, reduced fat","Frankfurters","1 regular","62862","regular","1","57","57.0000"
"2706169","Hot dog, reduced fat","Frankfurters","1 cup, sliced","10161","cup","1","150","150.0000"
"2706170","Hot dog, turkey","Frankfurters","1 regular","62862","regular","1","57","57.0000"
"2706170","Hot dog, turkey","Frankfurters","1 cup, sliced","10161","cup","1","150","150.0000"
"2706171","Beef sausage","Sausages","1 slice","61935","slice","1","15","15.0000"
"2706171","Beef sausage","Sausages","1 oz, cooked","40040","oz","1","28.35","28.3500"
"2706171","Beef sausage","Sausages","1 piece","61667","piece","1","75","75.0000"
"2706171","Beef sausage","Sausages","1 cup, NFS","10010","cup","1","138","138.0000"
"2706172","Beef sausage with cheese","Sausages","1 cup, NFS","10010","cup","1","138","138.0000"
"2706173","Blood sausage","Sausages","1 slice, round (2-1/4"" dia x 1/8"" thick)","62013","slice","1","8","8.0000"
"2706173","Blood sausage","Sausages","1 slice, loaf shape (5"" x 4-5/8"" x 1/16"")","62012","slice","1","25","25.0000"
"2706173","Blood sausage","Sausages","1 slice, NFS","62008","slice","1","25","25.0000"
"2706173","Blood sausage","Sausages","1 cup, NFS","10010","cup","1","138","138.0000"
"2706175","Bratwurst, with cheese","Sausages","1 cup, NFS","10010","cup","1","140","140.0000"
"2706176","Bologna","Cold cuts and cured meats","1 slice, NFS","62008","slice","1","28","28.0000"
"2706176","Bologna","Cold cuts and cured meats","1 cup, pieces","10129","cup","1","140","140.0000"
"2706177","Bologna, reduced fat","Cold cuts and cured meats","1 slice, NFS","62008","slice","1","28","28.0000"
"2706177","Bologna, reduced fat","Cold cuts and cured meats","1 cup, pieces","10129","cup","1","140","140.0000"
"2706178","Bologna, reduced sodium","Cold cuts and cured meats","1 cup, pieces","10129","cup","1","140","140.0000"
"2706178","Bologna, reduced sodium","Cold cuts and cured meats","1 slice, NFS","62008","slice","1","28","28.0000"
"2706179","Chorizo","Sausages","1 piece","61667","piece","1","75","75.0000"
"2706179","Chorizo","Sausages","1 oz, cooked","40040","oz","1","28.35","28.3500"
"2706179","Chorizo","Sausages","1 slice","61935","slice","1","15","15.0000"
"2706179","Chorizo","Sausages","1 cup, NFS","10010","cup","1","140","140.0000"
"2706180","Head cheese","Cold cuts and cured meats","1 cup, diced","10066","cup","1","140","140.0000"
"2706180","Head cheese","Cold cuts and cured meats","1 slice, NFS","62008","slice","1","28","28.0000"
"2706182","Mortadella","Cold cuts and cured meats","1 slice (15 per 8 oz package)","61946","slice","1","15","15.0000"
"2706183","Pastrami, NFS","Cold cuts and cured meats","1 slice, NFS","62008","slice","1","28","28.0000"
"2706183","Pastrami, NFS","Cold cuts and cured meats","1 cup, pieces","10129","cup","1","140","140.0000"
"2706184","Pastrami, made from any kind of meat, reduced fat","Cold cuts and cured meats","1 slice, NFS","62008","slice","1","28","28.0000"
"2706184","Pastrami, made from any kind of meat, reduced fat","Cold cuts and cured meats","1 cup, pieces","10129","cup","1","140","140.0000"
"2706185","Pepperoni, NFS","Cold cuts and cured meats","1 slice","61935","slice","1","2","2.0000"
"2706185","Pepperoni, NFS","Cold cuts and cured meats","1 cup, NFS","10010","cup","1","140","140.0000"
"2706186","Pepperoni, reduced fat","Cold cuts and cured meats","1 cup, NFS","10010","cup","1","140","140.0000"
"2706186","Pepperoni, reduced fat","Cold cuts and cured meats","1 slice","61935","slice","1","2","2.0000"
"2706187","Pepperoni, reduced sodium","Cold cuts and cured meats","1 cup, NFS","10010","cup","1","140","140.0000"
"2706187","Pepperoni, reduced sodium","Cold cuts and cured meats","1 slice","61935","slice","1","2","2.0000"
"2706188","Polish sausage","Sausages","1 slice","61935","slice","1","15","15.0000"
"2706188","Polish sausage","Sausages","1 piece","61667","piece","1","75","75.0000"
"2706188","Polish sausage","Sausages","1 oz, cooked","40040","oz","1","28.35","28.3500"
"2706188","Polish sausage","Sausages","1 cup, NFS","10010","cup","1","138","138.0000"
"2706189","Italian sausage","Sausages","1 oz, cooked","40040","oz","1","28.35","28.3500"
"2706189","Italian sausage","Sausages","1 slice","61935","slice","1","15","15.0000"
"2706189","Italian sausage","Sausages","1 piece","61667","piece","1","75","75.0000"
"2706189","Italian sausage","Sausages","1 cup, NFS","10010","cup","1","138","138.0000"
"2706190","Sausage, NFS","Sausages","1 piece","61667","piece","1","35","35.0000"
"2706190","Sausage, NFS","Sausages","1 slice","61935","slice","1","15","15.0000"
"2706190","Sausage, NFS","Sausages","1 cup, NFS","10010","cup","1","138","138.0000"
"2706190","Sausage, NFS","Sausages","1 oz, cooked","40040","oz","1","28.35","28.3500"
"2706191","Pork sausage","Sausages","1 cup, NFS","10010","cup","1","138","138.0000"
"2706191","Pork sausage","Sausages","1 oz, cooked","40040","oz","1","28.35","28.3500"
"2706191","Pork sausage","Sausages","1 piece","61667","piece","1","75","75.0000"
"2706191","Pork sausage","Sausages","1 slice","61935","slice","1","15","15.0000"
"2706192","Pork sausage, reduced fat","Sausages","1 cup, NFS","10010","cup","1","138","138.0000"
"2706192","Pork sausage, reduced fat","Sausages","1 oz, cooked","40040","oz","1","28.35","28.3500"
"2706192","Pork sausage, reduced fat","Sausages","1 slice","61935","slice","1","15","15.0000"
"2706192","Pork sausage, reduced fat","Sausages","1 piece","61667","piece","1","75","75.0000"
"2706193","Pork sausage, reduced sodium","Sausages","1 piece","61667","piece","1","75","75.0000"
"2706193","Pork sausage, reduced sodium","Sausages","1 cup, NFS","10010","cup","1","138","138.0000"
"2706193","Pork sausage, reduced sodium","Sausages","1 oz, cooked","40040","oz","1","28.35","28.3500"
"2706193","Pork sausage, reduced sodium","Sausages","1 slice","61935","slice","1","15","15.0000"
"2706194","Pork and beef sausage","Sausages","1 piece","61667","piece","1","75","75.0000"
"2706194","Pork and beef sausage","Sausages","1 oz, cooked","40040","oz","1","28.35","28.3500"
"2706194","Pork and beef sausage","Sausages","1 slice","61935","slice","1","15","15.0000"
"2706194","Pork and beef sausage","Sausages","1 cup, NFS","10010","cup","1","138","138.0000"
"2706195","Salami, NFS","Cold cuts and cured meats","1 slice, NFS","62008","slice","1","28","28.0000"
"2706195","Salami, NFS","Cold cuts and cured meats","1 cup","10205","cup","1","140","140.0000"
"2706196","Salami, made from any type of meat, reduced fat","Cold cuts and cured meats","1 cup","10205","cup","1","140","140.0000"
"2706196","Salami, made from any type of meat, reduced fat","Cold cuts and cured meats","1 slice, NFS","62008","slice","1","28","28.0000"
"2706197","Salami, made from any type of meat, reduced sodium","Cold cuts and cured meats","1 cup","10205","cup","1","140","140.0000"
"2706197","Salami, made from any type of meat, reduced sodium","Cold cuts and cured meats","1 slice, NFS","62008","slice","1","28","28.0000"
"2706198","Scrapple, cooked","Sausages","1 oz, raw (yield after cooking)","40054","oz","1","25","25.0000"
"2706198","Scrapple, cooked","Sausages","1 slice (2-3/4"" x 2-1/8"" x 1/4"") (1/18 of loaf)","61952","slice","1","25","25.0000"
"2706199","Thuringer","Sausages","1 slice (4-1/8"" dia x 1/8"" thick) (10 per 8 oz package)","61987","slice","1","23","23.0000"
"2706199","Thuringer","Sausages","1 cup","10205","cup","1","140","140.0000"
"2706199","Thuringer","Sausages","1 slice, NFS","62008","slice","1","23","23.0000"
"2706199","Thuringer","Sausages","1 slice (2-7/8"" dia x 1/16"" thick)","61953","slice","1","8","8.0000"
"2706199","Thuringer","Sausages","1 slice (4-3/8"" dia x 1/10"" thick) (1 oz)","61988","slice","1","28","28.0000"
"2706200","Turkey or chicken sausage","Sausages","1 piece","61667","piece","1","75","75.0000"
"2706200","Turkey or chicken sausage","Sausages","1 cup, NFS","10010","cup","1","138","138.0000"
"2706200","Turkey or chicken sausage","Sausages","1 slice","61935","slice","1","15","15.0000"
"2706200","Turkey or chicken sausage","Sausages","1 oz, cooked","40040","oz","1","28.35","28.3500"
"2706201","Turkey or chicken sausage, reduced sodium","Sausages","1 cup, NFS","10010","cup","1","138","138.0000"
"2706201","Turkey or chicken sausage, reduced sodium","Sausages","1 piece","61667","piece","1","75","75.0000"
"2706201","Turkey or chicken sausage, reduced sodium","Sausages","1 oz, cooked","40040","oz","1","28.35","28.3500"
"2706201","Turkey or chicken sausage, reduced sodium","Sausages","1 slice","61935","slice","1","15","15.0000"
"2706202","Turkey or chicken and pork sausage","Sausages","1 slice","61935","slice","1","15","15.0000"
"2706202","Turkey or chicken and pork sausage","Sausages","1 oz, cooked","40040","oz","1","28.35","28.3500"
"2706202","Turkey or chicken and pork sausage","Sausages","1 cup, NFS","10010","cup","1","138","138.0000"
"2706202","Turkey or chicken and pork sausage","Sausages","1 piece","61667","piece","1","75","75.0000"
"2706203","Vienna sausage, canned","Sausages","1 cup","10205","cup","1","151","151.0000"
"2706203","Vienna sausage, canned","Sausages","1 can (5 oz) yields","60525","can","1","113","113.0000"
"2706205","Luncheon meat, NFS","Cold cuts and cured meats","1 cup, pieces","10129","cup","1","140","140.0000"
"2706205","Luncheon meat, NFS","Cold cuts and cured meats","1 slice, NFS","62008","slice","1","28","28.0000"
"2706206","Ham, prepackaged or deli, luncheon meat","Cold cuts and cured meats","1 slice, NFS","62008","slice","1","28","28.0000"
"2706206","Ham, prepackaged or deli, luncheon meat","Cold cuts and cured meats","1 cup, pieces","10129","cup","1","140","140.0000"
"2706207","Ham, prepackaged or deli, luncheon meat, reduced sodium","Cold cuts and cured meats","1 slice, NFS","62008","slice","1","28","28.0000"
"2706207","Ham, prepackaged or deli, luncheon meat, reduced sodium","Cold cuts and cured meats","1 cup, pieces","10129","cup","1","140","140.0000"
"2706208","Chicken, prepackaged or deli, luncheon meat","Cold cuts and cured meats","1 slice, NFS","62008","slice","1","28","28.0000"
"2706208","Chicken, prepackaged or deli, luncheon meat","Cold cuts and cured meats","1 cup, pieces","10129","cup","1","140","140.0000"
"2706209","Chicken, prepackaged or deli, luncheon meat, reduced sodium","Cold cuts and cured meats","1 cup, pieces","10129","cup","1","140","140.0000"
"2706209","Chicken, prepackaged or deli, luncheon meat, reduced sodium","Cold cuts and cured meats","1 slice, NFS","62008","slice","1","28","28.0000"
"2706210","Ham luncheon meat, loaf type","Cold cuts and cured meats","1 slice, NFS","62008","slice","1","28","28.0000"
"2706210","Ham luncheon meat, loaf type","Cold cuts and cured meats","1 cup, pieces","10129","cup","1","140","140.0000"
"2706211","Spam","Cold cuts and cured meats","1 cup, pieces","10129","cup","1","140","140.0000"
"2706211","Spam","Cold cuts and cured meats","1 slice, NFS","62008","slice","1","56","56.0000"
"2706212","Spam, reduced sodium","Cold cuts and cured meats","1 slice, NFS","62008","slice","1","56","56.0000"
"2706212","Spam, reduced sodium","Cold cuts and cured meats","1 cup, pieces","10129","cup","1","140","140.0000"
"2706213","Liverwurst","Cold cuts and cured meats","1 cup, solid pack","10171","cup","1","213","213.0000"
"2706213","Liverwurst","Cold cuts and cured meats","1 slice, NFS","62008","slice","1","28","28.0000"
"2706214","Luncheon meat, loaf type","Cold cuts and cured meats","1 cup, pieces","10129","cup","1","140","140.0000"
"2706214","Luncheon meat, loaf type","Cold cuts and cured meats","1 slice, NFS","62008","slice","1","28","28.0000"
"2706215","Turkey, prepackaged or deli, luncheon meat","Cold cuts and cured meats","1 slice, NFS","62008","slice","1","28","28.0000"
"2706215","Turkey, prepackaged or deli, luncheon meat","Cold cuts and cured meats","1 cup, pieces","10129","cup","1","140","140.0000"
"2706216","Turkey, prepackaged or deli, luncheon meat, reduced sodium","Cold cuts and cured meats","1 slice, NFS","62008","slice","1","28","28.0000"
"2706216","Turkey, prepackaged or deli, luncheon meat, reduced sodium","Cold cuts and cured meats","1 cup, pieces","10129","cup","1","140","140.0000"
"2706217","Turkey ham, prepackaged or deli, luncheon meat","Cold cuts and cured meats","1 slice, NFS","62008","slice","1","28","28.0000"
"2706217","Turkey ham, prepackaged or deli, luncheon meat","Cold cuts and cured meats","1 cup","10205","cup","1","140","140.0000"
"2706218","Beef, prepackaged or deli, luncheon meat","Cold cuts and cured meats","1 slice, NFS","62008","slice","1","28","28.0000"
"2706218","Beef, prepackaged or deli, luncheon meat","Cold cuts and cured meats","1 cup, pieces","10129","cup","1","140","140.0000"
"2706219","Beef, prepackaged or deli, luncheon meat, reduced sodium","Cold cuts and cured meats","1 cup, pieces","10129","cup","1","140","140.0000"
"2706219","Beef, prepackaged or deli, luncheon meat, reduced sodium","Cold cuts and cured meats","1 slice, NFS","62008","slice","1","28","28.0000"
"2706220","Meat spread or potted meat, NFS","Cold cuts and cured meats","1 cup","10205","cup","1","225","225.0000"
"2706220","Meat spread or potted meat, NFS","Cold cuts and cured meats","1 can (5.5 oz)","60526","can","1","156","156.0000"
"2706221","Chicken salad spread","Cold cuts and cured meats","1 cup","10205","cup","1","208","208.0000"
"2706221","Chicken salad spread","Cold cuts and cured meats","1 can (7.5 oz)","60530","can","1","213","213.0000"
"2706222","Ham salad spread","Cold cuts and cured meats","1 cup","10205","cup","1","253","253.0000"
"2706222","Ham salad spread","Cold cuts and cured meats","1 can (7.5 oz)","60530","can","1","213","213.0000"
"2706223","Fish, raw","Fish","1 cup","10205","cup","1","135","135.0000"
"2706224","Fish, NFS","Fish","1 cup","10205","cup","1","135","135.0000"
"2706224","Fish, NFS","Fish","1 oz yields","40016","oz","1","20","20.0000"
"2706225","Fish, NS as to type, baked or broiled","Fish","1 cup","10205","cup","1","135","135.0000"
"2706225","Fish, NS as to type, baked or broiled","Fish","1 oz yields","40016","oz","1","20","20.0000"
"2706226","Fish, NS as to type, baked or broiled, coated","Fish","1 oz yields","40016","oz","1","20","20.0000"
"2706226","Fish, NS as to type, baked or broiled, coated","Fish","1 cup","10205","cup","1","135","135.0000"
"2706227","Fish, NS as to type, fried","Fish","1 oz yields","40016","oz","1","20","20.0000"
"2706227","Fish, NS as to type, fried","Fish","1 cup","10205","cup","1","135","135.0000"
"2706228","Fish, NS as to type, steamed","Fish","1 cup","10205","cup","1","135","135.0000"
"2706228","Fish, NS as to type, steamed","Fish","1 oz yields","40016","oz","1","20","20.0000"
"2706229","Fish, canned","Fish","1 cup","10205","cup","1","135","135.0000"
"2706230","Fish, smoked","Fish","1 cup","10205","cup","1","135","135.0000"
"2706231","Fish, stick","Fish","1 stick","62239","stick","1","20","20.0000"
"2706232","Fish, anchovy","Fish","1 can","60482","can","1","45","45.0000"
"2706233","Fish, carp","Fish","1 cup","10205","cup","1","135","135.0000"
"2706233","Fish, carp","Fish","1 oz yields","40016","oz","1","20","20.0000"
"2706234","Fish, catfish, NFS","Fish","1 cup","10205","cup","1","135","135.0000"
"2706234","Fish, catfish, NFS","Fish","1 oz yields","40016","oz","1","20","20.0000"
"2706235","Fish, catfish, baked or broiled","Fish","1 oz yields","40016","oz","1","20","20.0000"
"2706235","Fish, catfish, baked or broiled","Fish","1 cup","10205","cup","1","135","135.0000"
"2706236","Fish, catfish, grilled","Fish","1 cup","10205","cup","1","135","135.0000"
"2706236","Fish, catfish, grilled","Fish","1 oz yields","40016","oz","1","20","20.0000"
"2706237","Fish, catfish, baked or broiled, coated","Fish","1 oz yields","40016","oz","1","20","20.0000"
"2706237","Fish, catfish, baked or broiled, coated","Fish","1 cup","10205","cup","1","135","135.0000"
"2706238","Fish, catfish, fried","Fish","1 cup","10205","cup","1","135","135.0000"
"2706238","Fish, catfish, fried","Fish","1 oz yields","40016","oz","1","20","20.0000"
"2706239","Fish, catfish, steamed","Fish","1 oz yields","40016","oz","1","20","20.0000"
"2706239","Fish, catfish, steamed","Fish","1 cup","10205","cup","1","135","135.0000"
"2706240","Fish, cod, NFS","Fish","1 cup","10205","cup","1","135","135.0000"
"2706240","Fish, cod, NFS","Fish","1 oz yields","40016","oz","1","20","20.0000"
"2706241","Fish, cod, baked or broiled","Fish","1 cup","10205","cup","1","135","135.0000"
"2706241","Fish, cod, baked or broiled","Fish","1 oz yields","40016","oz","1","20","20.0000"
"2706242","Fish, cod, grilled","Fish","1 oz yields","40016","oz","1","20","20.0000"
"2706242","Fish, cod, grilled","Fish","1 cup","10205","cup","1","135","135.0000"
"2706243","Fish, cod, baked or broiled, coated","Fish","1 oz yields","40016","oz","1","20","20.0000"
"2706243","Fish, cod, baked or broiled, coated","Fish","1 cup","10205","cup","1","135","135.0000"
"2706244","Fish, cod, fried","Fish","1 cup","10205","cup","1","135","135.0000"
"2706244","Fish, cod, fried","Fish","1 oz yields","40016","oz","1","20","20.0000"
"2706245","Fish, cod, steamed","Fish","1 cup","10205","cup","1","135","135.0000"
"2706245","Fish, cod, steamed","Fish","1 oz yields","40016","oz","1","20","20.0000"
"2706246","Fish, croaker","Fish","1 oz yields","40016","oz","1","20","20.0000"
"2706246","Fish, croaker","Fish","1 cup","10205","cup","1","135","135.0000"
"2706247","Fish, eel","Fish","1 cup","10205","cup","1","135","135.0000"
"2706247","Fish, eel","Fish","1 oz yields","40016","oz","1","20","20.0000"
"2706248","Fish, flounder, NFS","Fish","1 cup","10205","cup","1","135","135.0000"
"2706248","Fish, flounder, NFS","Fish","1 oz yields","40016","oz","1","20","20.0000"
"2706249","Fish, flounder, baked or broiled","Fish","1 oz yields","40016","oz","1","20","20.0000"
"2706249","Fish, flounder, baked or broiled","Fish","1 cup","10205","cup","1","135","135.0000"
"2706250","Fish, flounder, grilled","Fish","1 oz yields","40016","oz","1","20","20.0000"
"2706250","Fish, flounder, grilled","Fish","1 cup","10205","cup","1","135","135.0000"
"2706251","Fish, flounder, baked or broiled, coated","Fish","1 oz yields","40016","oz","1","20","20.0000"
"2706251","Fish, flounder, baked or broiled, coated","Fish","1 cup","10205","cup","1","135","135.0000"
"2706252","Fish, flounder, fried","Fish","1 cup","10205","cup","1","135","135.0000"
"2706252","Fish, flounder, fried","Fish","1 oz yields","40016","oz","1","20","20.0000"
"2706253","Fish, flounder, steamed","Fish","1 cup","10205","cup","1","135","135.0000"
"2706253","Fish, flounder, steamed","Fish","1 oz yields","40016","oz","1","20","20.0000"
"2706254","Fish, haddock, NFS","Fish","1 oz yields","40016","oz","1","20","20.0000"
"2706254","Fish, haddock, NFS","Fish","1 cup","10205","cup","1","135","135.0000"
"2706255","Fish, haddock, baked or broiled","Fish","1 oz yields","40016","oz","1","20","20.0000"
"2706255","Fish, haddock, baked or broiled","Fish","1 cup","10205","cup","1","135","135.0000"
"2706256","Fish, haddock, grilled","Fish","1 oz yields","40016","oz","1","20","20.0000"
"2706256","Fish, haddock, grilled","Fish","1 cup","10205","cup","1","135","135.0000"
"2706257","Fish, haddock, baked or broiled, coated","Fish","1 oz yields","40016","oz","1","20","20.0000"
"2706257","Fish, haddock, baked or broiled, coated","Fish","1 cup","10205","cup","1","135","135.0000"
"2706258","Fish, haddock, fried","Fish","1 cup","10205","cup","1","135","135.0000"
"2706258","Fish, haddock, fried","Fish","1 oz yields","40016","oz","1","20","20.0000"
"2706259","Fish, haddock, steamed","Fish","1 cup","10205","cup","1","135","135.0000"
"2706259","Fish, haddock, steamed","Fish","1 oz yields","40016","oz","1","20","20.0000"
"2706260","Fish, halibut","Fish","1 oz yields","40016","oz","1","20","20.0000"
"2706260","Fish, halibut","Fish","1 cup","10205","cup","1","135","135.0000"
"2706261","Fish, herring","Fish","1 cup","10205","cup","1","135","135.0000"
"2706261","Fish, herring","Fish","1 oz yields","40016","oz","1","20","20.0000"
"2706262","Fish, pickled","Fish","1 cup","10205","cup","1","135","135.0000"
"2706263","Fish, mackerel, NFS","Fish","1 oz yields","40016","oz","1","20","20.0000"
"2706263","Fish, mackerel, NFS","Fish","1 cup","10205","cup","1","135","135.0000"
"2706264","Fish, mackerel, baked or broiled","Fish","1 cup","10205","cup","1","135","135.0000"
"2706264","Fish, mackerel, baked or broiled","Fish","1 oz yields","40016","oz","1","20","20.0000"
"2706265","Fish, mackerel, grilled","Fish","1 oz yields","40016","oz","1","20","20.0000"
"2706265","Fish, mackerel, grilled","Fish","1 cup","10205","cup","1","135","135.0000"
"2706266","Fish, mackerel, baked or broiled, coated","Fish","1 cup","10205","cup","1","135","135.0000"
"2706266","Fish, mackerel, baked or broiled, coated","Fish","1 oz yields","40016","oz","1","20","20.0000"
"2706267","Fish, mackerel, fried","Fish","1 oz yields","40016","oz","1","20","20.0000"
"2706267","Fish, mackerel, fried","Fish","1 cup","10205","cup","1","135","135.0000"
"2706268","Fish, mackerel, canned","Fish","1 cup","10205","cup","1","135","135.0000"
"2706269","Fish, mullet","Fish","1 cup","10205","cup","1","135","135.0000"
"2706269","Fish, mullet","Fish","1 oz yields","40016","oz","1","20","20.0000"
"2706270","Fish, perch, NFS","Fish","1 oz yields","40016","oz","1","20","20.0000"
"2706270","Fish, perch, NFS","Fish","1 cup","10205","cup","1","135","135.0000"
"2706271","Fish, perch, baked or broiled","Fish","1 oz yields","40016","oz","1","20","20.0000"
"2706271","Fish, perch, baked or broiled","Fish","1 cup","10205","cup","1","135","135.0000"
"2706272","Fish, perch, grilled","Fish","1 cup","10205","cup","1","135","135.0000"
"2706272","Fish, perch, grilled","Fish","1 oz yields","40016","oz","1","20","20.0000"
"2706273","Fish, perch, baked or broiled, coated","Fish","1 oz yields","40016","oz","1","20","20.0000"
"2706273","Fish, perch, baked or broiled, coated","Fish","1 cup","10205","cup","1","135","135.0000"
"2706274","Fish, perch, fried","Fish","1 cup","10205","cup","1","135","135.0000"
"2706274","Fish, perch, fried","Fish","1 oz yields","40016","oz","1","20","20.0000"
"2706275","Fish, perch, steamed","Fish","1 oz yields","40016","oz","1","20","20.0000"
"2706275","Fish, perch, steamed","Fish","1 cup","10205","cup","1","135","135.0000"
"2706276","Fish, pike","Fish","1 cup","10205","cup","1","135","135.0000"
"2706276","Fish, pike","Fish","1 oz yields","40016","oz","1","20","20.0000"
"2706277","Fish, pompano, NFS","Fish","1 oz yields","40016","oz","1","20","20.0000"
"2706277","Fish, pompano, NFS","Fish","1 cup","10205","cup","1","135","135.0000"
"2706278","Fish, pompano, baked or broiled","Fish","1 cup","10205","cup","1","135","135.0000"
"2706278","Fish, pompano, baked or broiled","Fish","1 oz yields","40016","oz","1","20","20.0000"
"2706279","Fish, pompano, grilled","Fish","1 cup","10205","cup","1","135","135.0000"
"2706279","Fish, pompano, grilled","Fish","1 oz yields","40016","oz","1","20","20.0000"
"2706280","Fish, pompano, baked or broiled, coated","Fish","1 oz yields","40016","oz","1","20","20.0000"
"2706280","Fish, pompano, baked or broiled, coated","Fish","1 cup","10205","cup","1","135","135.0000"
"2706281","Fish, pompano, fried","Fish","1 oz yields","40016","oz","1","20","20.0000"
"2706281","Fish, pompano, fried","Fish","1 cup","10205","cup","1","135","135.0000"
"2706282","Fish, pompano, steamed","Fish","1 cup","10205","cup","1","135","135.0000"
"2706282","Fish, pompano, steamed","Fish","1 oz yields","40016","oz","1","20","20.0000"
"2706283","Fish, snapper","Fish","1 cup","10205","cup","1","135","135.0000"
"2706283","Fish, snapper","Fish","1 oz yields","40016","oz","1","20","20.0000"
"2706284","Fish, salmon, raw","Fish","1 cup","10205","cup","1","135","135.0000"
"2706285","Fish, salmon, NFS","Fish","1 cup","10205","cup","1","135","135.0000"
"2706285","Fish, salmon, NFS","Fish","1 oz yields","40016","oz","1","20","20.0000"
"2706286","Fish, salmon, baked or broiled","Fish","1 oz yields","40016","oz","1","20","20.0000"
"2706286","Fish, salmon, baked or broiled","Fish","1 cup","10205","cup","1","135","135.0000"
"2706287","Fish, salmon, grilled","Fish","1 cup","10205","cup","1","135","135.0000"
"2706287","Fish, salmon, grilled","Fish","1 oz yields","40016","oz","1","20","20.0000"
"2706288","Fish, salmon, baked or broiled, coated","Fish","1 oz yields","40016","oz","1","20","20.0000"
"2706288","Fish, salmon, baked or broiled, coated","Fish","1 cup","10205","cup","1","135","135.0000"
"2706289","Fish, salmon, fried","Fish","1 cup","10205","cup","1","135","135.0000"
"2706289","Fish, salmon, fried","Fish","1 oz yields","40016","oz","1","20","20.0000"
"2706290","Fish, salmon, steamed","Fish","1 oz yields","40016","oz","1","20","20.0000"
"2706290","Fish, salmon, steamed","Fish","1 cup","10205","cup","1","135","135.0000"
"2706291","Fish, salmon, canned","Fish","1 cup","10205","cup","1","135","135.0000"
"2706292","Fish, salmon, smoked","Fish","1 cup","10205","cup","1","135","135.0000"
"2706294","Fish, bass, NFS","Fish","1 cup","10205","cup","1","135","135.0000"
"2706294","Fish, bass, NFS","Fish","1 oz yields","40016","oz","1","20","20.0000"
"2706295","Fish, bass, baked or broiled","Fish","1 cup","10205","cup","1","135","135.0000"
"2706295","Fish, bass, baked or broiled","Fish","1 oz yields","40016","oz","1","20","20.0000"
"2706296","Fish, bass, grilled","Fish","1 oz yields","40016","oz","1","20","20.0000"
"2706296","Fish, bass, grilled","Fish","1 cup","10205","cup","1","135","135.0000"
"2706297","Fish, bass, baked or broiled, coated","Fish","1 cup","10205","cup","1","135","135.0000"
"2706297","Fish, bass, baked or broiled, coated","Fish","1 oz yields","40016","oz","1","20","20.0000"
"2706298","Fish, bass, fried","Fish","1 cup","10205","cup","1","135","135.0000"
"2706298","Fish, bass, fried","Fish","1 oz yields","40016","oz","1","20","20.0000"
"2706299","Fish, bass, steamed","Fish","1 oz yields","40016","oz","1","20","20.0000"
"2706299","Fish, bass, steamed","Fish","1 cup","10205","cup","1","135","135.0000"
"2706300","Fish, shark","Fish","1 cup","10205","cup","1","135","135.0000"
"2706300","Fish, shark","Fish","1 oz yields","40016","oz","1","20","20.0000"
"2706301","Fish, swordfish","Fish","1 oz yields","40016","oz","1","20","20.0000"
"2706301","Fish, swordfish","Fish","1 cup","10205","cup","1","135","135.0000"
"2706302","Fish, trout, NFS","Fish","1 cup","10205","cup","1","135","135.0000"
"2706302","Fish, trout, NFS","Fish","1 oz yields","40016","oz","1","20","20.0000"
"2706303","Fish, trout, baked or broiled","Fish","1 oz yields","40016","oz","1","20","20.0000"
"2706303","Fish, trout, baked or broiled","Fish","1 cup","10205","cup","1","135","135.0000"
"2706304","Fish, trout, grilled","Fish","1 oz yields","40016","oz","1","20","20.0000"
"2706304","Fish, trout, grilled","Fish","1 cup","10205","cup","1","135","135.0000"
"2706305","Fish, trout, baked or broiled, coated","Fish","1 oz yields","40016","oz","1","20","20.0000"
"2706305","Fish, trout, baked or broiled, coated","Fish","1 cup","10205","cup","1","135","135.0000"
"2706306","Fish, trout, fried","Fish","1 oz yields","40016","oz","1","20","20.0000"
"2706306","Fish, trout, fried","Fish","1 cup","10205","cup","1","135","135.0000"
"2706307","Fish, trout, steamed","Fish","1 cup","10205","cup","1","135","135.0000"
"2706307","Fish, trout, steamed","Fish","1 oz yields","40016","oz","1","20","20.0000"
"2706308","Fish, tuna, raw","Fish","1 cup","10205","cup","1","135","135.0000"
"2706309","Fish, tuna, NFS","Fish","1 oz yields","40016","oz","1","20","20.0000"
"2706309","Fish, tuna, NFS","Fish","1 cup","10205","cup","1","135","135.0000"
"2706310","Fish, tuna, cooked","Fish","1 oz yields","40016","oz","1","20","20.0000"
"2706310","Fish, tuna, cooked","Fish","1 cup","10205","cup","1","135","135.0000"
"2706311","Fish, tuna, canned","Fish","1 cup","10205","cup","1","135","135.0000"
"2706312","Fish, whiting, NFS","Fish","1 cup","10205","cup","1","135","135.0000"
"2706312","Fish, whiting, NFS","Fish","1 oz yields","40016","oz","1","20","20.0000"
"2706313","Fish, whiting, baked or broiled","Fish","1 cup","10205","cup","1","135","135.0000"
"2706313","Fish, whiting, baked or broiled","Fish","1 oz yields","40016","oz","1","20","20.0000"
"2706314","Fish, whiting, grilled","Fish","1 cup","10205","cup","1","135","135.0000"
"2706314","Fish, whiting, grilled","Fish","1 oz yields","40016","oz","1","20","20.0000"
"2706315","Fish, whiting, baked or broiled, coated","Fish","1 oz yields","40016","oz","1","20","20.0000"
"2706315","Fish, whiting, baked or broiled, coated","Fish","1 cup","10205","cup","1","135","135.0000"
"2706316","Fish, whiting, fried","Fish","1 oz yields","40016","oz","1","20","20.0000"
"2706316","Fish, whiting, fried","Fish","1 cup","10205","cup","1","135","135.0000"
"2706317","Fish, whiting, steamed","Fish","1 oz yields","40016","oz","1","20","20.0000"
"2706317","Fish, whiting, steamed","Fish","1 cup","10205","cup","1","135","135.0000"
"2706318","Fish, tilapia, NFS","Fish","1 cup","10205","cup","1","135","135.0000"
"2706318","Fish, tilapia, NFS","Fish","1 oz yields","40016","oz","1","20","20.0000"
"2706319","Fish, tilapia, baked or broiled","Fish","1 cup","10205","cup","1","135","135.0000"
"2706319","Fish, tilapia, baked or broiled","Fish","1 oz yields","40016","oz","1","20","20.0000"
"2706320","Fish, tilapia, grilled","Fish","1 cup","10205","cup","1","135","135.0000"
"2706320","Fish, tilapia, grilled","Fish","1 oz yields","40016","oz","1","20","20.0000"
"2706321","Fish, tilapia, baked or broiled, coated","Fish","1 cup","10205","cup","1","135","135.0000"
"2706321","Fish, tilapia, baked or broiled, coated","Fish","1 oz yields","40016","oz","1","20","20.0000"
"2706322","Fish, tilapia, fried","Fish","1 cup","10205","cup","1","135","135.0000"
"2706322","Fish, tilapia, fried","Fish","1 oz yields","40016","oz","1","20","20.0000"
"2706323","Fish, tilapia, steamed","Fish","1 cup","10205","cup","1","135","135.0000"
"2706323","Fish, tilapia, steamed","Fish","1 oz yields","40016","oz","1","20","20.0000"
"2706324","Fish, white, mixed species, NFS","Fish","1 cup","10205","cup","1","135","135.0000"
"2706324","Fish, white, mixed species, NFS","Fish","1 oz yields","40016","oz","1","20","20.0000"
"2706325","Fish, white, mixed species, baked or broiled","Fish","1 oz yields","40016","oz","1","20","20.0000"
"2706325","Fish, white, mixed species, baked or broiled","Fish","1 cup","10205","cup","1","135","135.0000"
"2706326","Fish, white, mixed species, baked or broiled, coated","Fish","1 cup","10205","cup","1","135","135.0000"
"2706326","Fish, white, mixed species, baked or broiled, coated","Fish","1 oz yields","40016","oz","1","20","20.0000"
"2706327","Fish, white, mixed species, fried","Fish","1 oz yields","40016","oz","1","20","20.0000"
"2706327","Fish, white, mixed species, fried","Fish","1 cup","10205","cup","1","135","135.0000"
"2706328","Fish, white, mixed species, steamed","Fish","1 oz yields","40016","oz","1","20","20.0000"
"2706328","Fish, white, mixed species, steamed","Fish","1 cup","10205","cup","1","135","135.0000"
"2706329","Fish, white, mixed species, grilled","Fish","1 oz yields","40016","oz","1","20","20.0000"
"2706329","Fish, white, mixed species, grilled","Fish","1 cup","10205","cup","1","135","135.0000"
"2706330","Frog legs","Shellfish","1 oz yields","40016","oz","1","20","20.0000"
"2706331","Octopus","Shellfish","1 cup","10205","cup","1","135","135.0000"
"2706332","Caviar","Fish","1 tablespoon","21000","tbsp","1","16","16.0000"
"2706333","Calamari, cooked","Shellfish","1 cup","10205","cup","1","135","135.0000"
"2706334","Calamari, fried","Shellfish","1 cup","10205","cup","1","135","135.0000"
"2706335","Turtle","Shellfish","1 cup","10205","cup","1","135","135.0000"
"2706336","Shellfish, NFS","Shellfish","1 cup","10205","cup","1","135","135.0000"
"2706337","Abalone","Shellfish","1 cup","10205","cup","1","135","135.0000"
"2706338","Clams, raw","Shellfish","1 cup","10205","cup","1","225","225.0000"
"2706339","Clams, NFS","Shellfish","1 cup","10205","cup","1","135","135.0000"
"2706340","Clams, baked or broiled","Shellfish","1 cup","10205","cup","1","135","135.0000"
"2706341","Clams, fried","Shellfish","1 strip","62252","strip","1","5","5.0000"
"2706341","Clams, fried","Shellfish","1 cup","10205","cup","1","135","135.0000"
"2706342","Clams, steamed or boiled","Shellfish","1 cup","10205","cup","1","135","135.0000"
"2706343","Clams, canned","Shellfish","1 cup","10205","cup","1","225","225.0000"
"2706344","Crab","Shellfish","1 cup","10205","cup","1","135","135.0000"
"2706345","Crab, canned","Shellfish","1 cup","10205","cup","1","135","135.0000"
"2706347","Crayfish, fried","Shellfish","1 cup","10205","cup","1","135","135.0000"
"2706348","Crayfish, cooked","Shellfish","1 cup","10205","cup","1","135","135.0000"
"2706349","Lobster","Shellfish","1 cup","10205","cup","1","135","135.0000"
"2706350","Mussels","Shellfish","1 cup","10205","cup","1","135","135.0000"
"2706351","Oysters, raw","Shellfish","1 cup","10205","cup","1","225","225.0000"
"2706352","Oysters, baked or broiled","Shellfish","1 cup","10205","cup","1","135","135.0000"
"2706353","Oysters, steamed","Shellfish","1 cup","10205","cup","1","135","135.0000"
"2706354","Oysters, fried","Shellfish","1 cup","10205","cup","1","135","135.0000"
"2706355","Oysters, canned","Shellfish","1 cup","10205","cup","1","225","225.0000"
"2706356","Scallops, baked or broiled","Shellfish","1 cup","10205","cup","1","135","135.0000"
"2706357","Scallops, grilled","Shellfish","1 cup","10205","cup","1","135","135.0000"
"2706358","Scallops, steamed or boiled","Shellfish","1 cup","10205","cup","1","135","135.0000"
"2706359","Scallops, fried","Shellfish","1 cup","10205","cup","1","135","135.0000"
"2706360","Shrimp, NFS","Shellfish","1 cup","10205","cup","1","135","135.0000"
"2706361","Shrimp, baked or broiled","Shellfish","1 cup","10205","cup","1","135","135.0000"
"2706362","Shrimp, grilled","Shellfish","1 cup","10205","cup","1","135","135.0000"
"2706363","Shrimp, steamed or boiled","Shellfish","1 cup","10205","cup","1","135","135.0000"
"2706364","Shrimp, fried","Shellfish","1 cup","10205","cup","1","135","135.0000"
"2706365","Shrimp, baked or broiled, coated","Shellfish","1 cup","10205","cup","1","135","135.0000"
"2706366","Shrimp, dried","Shellfish","1 cup","10205","cup","1","135","135.0000"
"2706367","Shrimp, canned","Shellfish","1 cup","10205","cup","1","135","135.0000"
"2706369","Barbecue meat, NFS","Meat mixed dishes","1 cup","10205","cup","1","240","240.0000"
"2706369","Barbecue meat, NFS","Meat mixed dishes","1 slice","61935","slice","1","60","60.0000"
"2706370","Beef with tomato-based sauce","Meat mixed dishes","1 cup","10205","cup","1","249","249.0000"
"2706371","Beef burgundy","Meat mixed dishes","1 cup","10205","cup","1","244","244.0000"
"2706372","Guisada, beef","Meat mixed dishes","1 cup","10205","cup","1","255","255.0000"
"2706373","Chili, NFS","Meat mixed dishes","1 cup","10205","cup","1","255","255.0000"
"2706374","Chili with meat, from restaurant","Meat mixed dishes","1 cup","10205","cup","1","255","255.0000"
"2706375","Chili with meat and beans","Meat mixed dishes","1 cup","10205","cup","1","255","255.0000"
"2706376","Chili with meat, canned","Meat mixed dishes","1 cup","10205","cup","1","255","255.0000"
"2706376","Chili with meat, canned","Meat mixed dishes","1 can","60482","can","1","440","440.0000"
"2706377","Chili with meat","Meat mixed dishes","1 cup","10205","cup","1","255","255.0000"
"2706378","Sloppy joe, no bun","Meat mixed dishes","1 cup","10205","cup","1","250","250.0000"
"2706379","Beef with gravy","Meat mixed dishes","1 cup","10205","cup","1","244","244.0000"
"2706380","Salisbury steak with gravy","Meat mixed dishes","1 cup","10205","cup","1","244","244.0000"
"2706381","Beef with cream or white sauce","Meat mixed dishes","1 cup","10205","cup","1","256","256.0000"
"2706382","Beef stroganoff","Meat mixed dishes","1 cup","10205","cup","1","256","256.0000"
"2706383","Creamed chipped or dried beef","Meat mixed dishes","1 cup","10205","cup","1","246","246.0000"
"2706384","Swedish meatballs with cream or white sauce","Meat mixed dishes","1 cup","10205","cup","1","246","246.0000"
"2706385","Beef with mushroom sauce","Meat mixed dishes","1 cup","10205","cup","1","256","256.0000"
"2706386","Beef with soy-based sauce","Stir-fry and soy-based sauce mixtures","1 cup","10205","cup","1","244","244.0000"
"2706387","Steak teriyaki","Stir-fry and soy-based sauce mixtures","1 cup","10205","cup","1","244","244.0000"
"2706388","Beef curry","Meat mixed dishes","1 cup","10205","cup","1","240","240.0000"
"2706389","Beef curry with rice","Meat mixed dishes","1 cup","10205","cup","1","200","200.0000"
"2706390","Barbecue beef, with sauce","Meat mixed dishes","1 cup","10205","cup","1","240","240.0000"
"2706390","Barbecue beef, with sauce","Meat mixed dishes","1 slice","61935","slice","1","60","60.0000"
"2706391","Barbecue beef, no sauce","Beef, excludes ground","1 slice","61935","slice","1","60","60.0000"
"2706391","Barbecue beef, no sauce","Beef, excludes ground","1 cup","10205","cup","1","135","135.0000"
"2706392","Beef with sweet and sour sauce","Stir-fry and soy-based sauce mixtures","1 cup","10205","cup","1","252","252.0000"
"2706393","Stewed seasoned ground beef, Mexican style","Meat mixed dishes","1 cup","10205","cup","1","222","222.0000"
"2706394","Steak tartare","Meat mixed dishes","1 cup","10205","cup","1","225","225.0000"
"2706396","Stewed seasoned ground beef, Puerto Rican style","Meat mixed dishes","1 cup","10205","cup","1","200","200.0000"
"2706397","Stewed dried beef, Puerto Rican style","Meat mixed dishes","1 cup","10205","cup","1","200","200.0000"
"2706398","Ham or pork with gravy","Meat mixed dishes","1 cup","10205","cup","1","244","244.0000"
"2706399","Barbecue pork, with sauce","Meat mixed dishes","1 cup","10205","cup","1","240","240.0000"
"2706399","Barbecue pork, with sauce","Meat mixed dishes","1 slice","61935","slice","1","60","60.0000"
"2706400","Barbecue pork, no sauce","Pork","1 slice","61935","slice","1","60","60.0000"
"2706400","Barbecue pork, no sauce","Pork","1 cup","10205","cup","1","135","135.0000"
"2706401","Sweet and sour pork","Stir-fry and soy-based sauce mixtures","1 cup","10205","cup","1","226","226.0000"
"2706402","Ham stroganoff","Meat mixed dishes","1 cup","10205","cup","1","244","244.0000"
"2706403","Ham or pork with mushroom sauce","Meat mixed dishes","1 cup","10205","cup","1","244","244.0000"
"2706404","Ham or pork with tomato-based sauce","Meat mixed dishes","1 cup","10205","cup","1","249","249.0000"
"2706405","Sausage with tomato-based sauce","Meat mixed dishes","1 cup","10205","cup","1","248","248.0000"
"2706406","Sausage gravy","Meat mixed dishes","1 cup","10205","cup","1","240","240.0000"
"2706407","Guisada, pork","Meat mixed dishes","1 cup","10205","cup","1","255","255.0000"
"2706408","Pork or ham with soy-based sauce","Stir-fry and soy-based sauce mixtures","1 cup","10205","cup","1","244","244.0000"
"2706410","Frankfurters or hot dogs with tomato-based sauce","Meat mixed dishes","1 cup","10205","cup","1","244","244.0000"
"2706411","Pork with chili and tomatoes","Meat mixed dishes","1 cup","10205","cup","1","236","236.0000"
"2706412","Stewed pork, Puerto Rican style","Meat mixed dishes","1 cup","10205","cup","1","200","200.0000"
"2706413","Lamb or mutton with gravy","Meat mixed dishes","1 cup","10205","cup","1","244","244.0000"
"2706414","Stewed goat, Puerto Rican style","Meat mixed dishes","1 cup","10205","cup","1","177","177.0000"
"2706415","Veal scallopini","Meat mixed dishes","1 cup","10205","cup","1","140","140.0000"
"2706417","Veal parmigiana","Meat mixed dishes","1 cup","10205","cup","1","209","209.0000"
"2706419","Venison or deer with tomato-based sauce","Meat mixed dishes","1 cup","10205","cup","1","249","249.0000"
"2706420","Venison or deer with gravy","Meat mixed dishes","1 cup","10205","cup","1","244","244.0000"
"2706421","Chicken or turkey cacciatore","Poultry mixed dishes","1 cup","10205","cup","1","244","244.0000"
"2706422","Spaghetti sauce with poultry","Pasta sauces, tomato-based","1 cup","10205","cup","1","260","260.0000"
"2706423","Spaghetti sauce with poultry and added vegetables","Pasta sauces, tomato-based","1 cup","10205","cup","1","260","260.0000"
"2706424","Stewed chicken with tomato-based sauce, Mexican style","Poultry mixed dishes","1 cup","10205","cup","1","244","244.0000"
"2706425","Chili with chicken and beans","Poultry mixed dishes","1 cup","10205","cup","1","255","255.0000"
"2706426","Chili with chicken","Poultry mixed dishes","1 cup","10205","cup","1","255","255.0000"
"2706427","Chili, white","Poultry mixed dishes","1 cup","10205","cup","1","255","255.0000"
"2706428","Chicken with gravy","Poultry mixed dishes","1 cup","10205","cup","1","244","244.0000"
"2706429","Chicken or turkey fricassee","Poultry mixed dishes","1 cup","10205","cup","1","244","244.0000"
"2706430","Turkey with gravy","Poultry mixed dishes","1 cup","10205","cup","1","244","244.0000"
"2706431","Chicken or turkey with cream sauce","Poultry mixed dishes","1 cup","10205","cup","1","241","241.0000"
"2706432","Chicken or turkey with mushroom sauce","Poultry mixed dishes","1 cup","10205","cup","1","256","256.0000"
"2706433","Chicken or turkey with teriyaki","Stir-fry and soy-based sauce mixtures","1 cup","10205","cup","1","244","244.0000"
"2706434","Barbecue chicken","Poultry mixed dishes","1 cup","10205","cup","1","240","240.0000"
"2706435","Sweet and sour chicken or turkey","Stir-fry and soy-based sauce mixtures","1 cup","10205","cup","1","252","252.0000"
"2706436","Sweet and sour chicken or turkey, without vegetables","Stir-fry and soy-based sauce mixtures","1 cup","10205","cup","1","252","252.0000"
"2706437","Chicken curry","Poultry mixed dishes","1 cup","10205","cup","1","240","240.0000"
"2706438","Chicken curry with rice","Poultry mixed dishes","1 cup","10205","cup","1","200","200.0000"
"2706439","Chicken with mole sauce","Poultry mixed dishes","1 cup","10205","cup","1","244","244.0000"
"2706440","Chicken or turkey with cheese sauce","Poultry mixed dishes","1 cup","10205","cup","1","241","241.0000"
"2706441","Chicken or turkey cordon bleu","Poultry mixed dishes","1 cup","10205","cup","1","140","140.0000"
"2706442","Chicken or turkey parmigiana","Poultry mixed dishes","1 cup","10205","cup","1","209","209.0000"
"2706443","Orange chicken","Stir-fry and soy-based sauce mixtures","1 cup","10205","cup","1","252","252.0000"
"2706444","Sesame chicken","Stir-fry and soy-based sauce mixtures","1 cup","10205","cup","1","252","252.0000"
"2706447","Fish with cream or white sauce, not tuna or lobster","Seafood mixed dishes","1 cup","10205","cup","1","249","249.0000"
"2706448","Fish timbale or mousse","Seafood mixed dishes","1 cup","10205","cup","1","175","175.0000"
"2706449","Shrimp cocktail","Shellfish","1 cup","10205","cup","1","250","250.0000"
"2706450","Tuna with cream or white sauce","Seafood mixed dishes","1 cup","10205","cup","1","237","237.0000"
"2706451","Seafood thermidor","Seafood mixed dishes","1 cup","10205","cup","1","250","250.0000"
"2706452","Seafood sauce","Shellfish","1 tablespoon","21000","tbsp","1","16","16.0000"
"2706453","Spaghetti sauce with seafood","Pasta sauces, tomato-based","1 cup","10205","cup","1","260","260.0000"
"2706454","Spaghetti sauce with seafood and added vegetables","Pasta sauces, tomato-based","1 cup","10205","cup","1","260","260.0000"
"2706455","Shrimp with lobster sauce","Seafood mixed dishes","1 cup","10205","cup","1","185","185.0000"
"2706456","Sweet and sour shrimp","Stir-fry and soy-based sauce mixtures","1 cup","10205","cup","1","176","176.0000"
"2706457","Fish sauce","Soy-based condiments","1 tablespoon","21000","tbsp","1","16","16.0000"
"2706458","Shrimp scampi","Shellfish","1 cup","10205","cup","1","250","250.0000"
"2706459","Fish with tomato-based sauce","Seafood mixed dishes","1 cup","10205","cup","1","222","222.0000"
"2706460","Fish curry","Seafood mixed dishes","1 cup","10205","cup","1","240","240.0000"
"2706461","Fish curry with rice","Seafood mixed dishes","1 cup","10205","cup","1","200","200.0000"
"2706462","Shrimp teriyaki","Stir-fry and soy-based sauce mixtures","1 cup","10205","cup","1","201","201.0000"
"2706463","Ceviche","Seafood mixed dishes","1 cup","10205","cup","1","250","250.0000"
"2706464","Crabs in tomato-based sauce, Puerto Rican style","Seafood mixed dishes","1 cup","10205","cup","1","170","170.0000"
"2706465","Shrimp in garlic sauce, Puerto Rican style","Seafood mixed dishes","1 cup","10205","cup","1","212","212.0000"
"2706466","Stew, fish","Seafood mixed dishes","1 cup","10205","cup","1","255","255.0000"
"2706467","Meatballs, NS as to type of meat, with sauce","Meat mixed dishes","1 cup","10205","cup","1","235","235.0000"
"2706469","Meat with tomato-based sauce","Meat mixed dishes","1 cup","10205","cup","1","249","249.0000"
"2706470","Spaghetti sauce with meat","Pasta sauces, tomato-based","1 cup","10205","cup","1","260","260.0000"
"2706471","Spaghetti sauce with meat and added vegetables","Pasta sauces, tomato-based","1 cup","10205","cup","1","260","260.0000"
"2706472","Stewed, seasoned, ground beef and pork, Mexican style","Meat mixed dishes","1 cup","10205","cup","1","222","222.0000"
"2706473","Meat with gravy, NS as to type of meat,","Meat mixed dishes","1 cup","10205","cup","1","244","244.0000"
"2706474","Beef and potatoes, no sauce","Meat mixed dishes","1 cup","10205","cup","1","190","190.0000"
"2706475","Beef and potatoes with cream sauce, white sauce or mushroom sauce","Meat mixed dishes","1 package, prepared","61572","package","1","1341","1341.0000"
"2706475","Beef and potatoes with cream sauce, white sauce or mushroom sauce","Meat mixed dishes","1 cup","10205","cup","1","252","252.0000"
"2706476","Beef, roast, hash","Meat mixed dishes","1 cup","10205","cup","1","190","190.0000"
"2706477","Corned beef hash","Meat mixed dishes","1 cup, NFS","10010","cup","1","220","220.0000"
"2706477","Corned beef hash","Meat mixed dishes","1 cup, canned","10029","cup","1","220","220.0000"
"2706477","Corned beef hash","Meat mixed dishes","1 cup, homemade","10108","cup","1","190","190.0000"
"2706478","Beef and potatoes with cheese sauce","Meat mixed dishes","1 cup","10205","cup","1","249","249.0000"
"2706479","Stewed, seasoned, ground beef with potatoes, Mexican style","Meat mixed dishes","1 cup","10205","cup","1","222","222.0000"
"2706480","Beef and noodles, no sauce","Meat mixed dishes","1 package, prepared","61572","package","1","839","839.0000"
"2706480","Beef and noodles, no sauce","Meat mixed dishes","1 cup","10205","cup","1","156","156.0000"
"2706481","Beef and macaroni with cheese sauce","Meat mixed dishes","1 package, prepared","61572","package","1","1245","1245.0000"
"2706481","Beef and macaroni with cheese sauce","Meat mixed dishes","1 cup","10205","cup","1","246","246.0000"
"2706482","Beef and noodles with tomato-based sauce","Meat mixed dishes","1 package, prepared","61572","package","1","1245","1245.0000"
"2706482","Beef and noodles with tomato-based sauce","Meat mixed dishes","1 cup","10205","cup","1","249","249.0000"
"2706483","Chili with macaroni","Meat mixed dishes","1 cup","10205","cup","1","255","255.0000"
"2706484","Beef and noodles with gravy","Meat mixed dishes","1 cup","10205","cup","1","249","249.0000"
"2706485","Beef and noodles with cream or white sauce","Meat mixed dishes","1 cup","10205","cup","1","249","249.0000"
"2706486","Beef stroganoff with noodles","Meat mixed dishes","1 cup","10205","cup","1","256","256.0000"
"2706486","Beef stroganoff with noodles","Meat mixed dishes","1 package, prepared","61572","package","1","1408","1408.0000"
"2706487","Beef and noodles with mushroom sauce","Meat mixed dishes","1 cup","10205","cup","1","249","249.0000"
"2706488","Beef and noodles with soy-based sauce","Stir-fry and soy-based sauce mixtures","1 cup","10205","cup","1","249","249.0000"
"2706489","Beef and rice, no sauce","Meat mixed dishes","1 cup","10205","cup","1","196","196.0000"
"2706490","Biryani with meat","Rice mixed dishes","1 cup","10205","cup","1","196","196.0000"
"2706491","Beef and rice with tomato-based sauce","Meat mixed dishes","1 cup","10205","cup","1","244","244.0000"
"2706492","Porcupine balls with tomato-based sauce","Meat mixed dishes","1 cup","10205","cup","1","176","176.0000"
"2706493","Beef and rice with gravy","Meat mixed dishes","1 cup","10205","cup","1","222","222.0000"
"2706494","Beef and rice with cream sauce","Meat mixed dishes","1 cup","10205","cup","1","248","248.0000"
"2706495","Beef and rice with mushroom sauce","Meat mixed dishes","1 cup","10205","cup","1","248","248.0000"
"2706496","Porcupine balls with mushroom sauce","Meat mixed dishes","1 cup","10205","cup","1","176","176.0000"
"2706497","Beef and rice with soy-based sauce","Stir-fry and soy-based sauce mixtures","1 cup","10205","cup","1","244","244.0000"
"2706497","Beef and rice with soy-based sauce","Stir-fry and soy-based sauce mixtures","1 package, prepared","61572","package","1","1266","1266.0000"
"2706498","Beef and rice with cheese sauce","Meat mixed dishes","1 package, prepared","61572","package","1","1240","1240.0000"
"2706498","Beef and rice with cheese sauce","Meat mixed dishes","1 cup","10205","cup","1","248","248.0000"
"2706499","Meat loaf made with beef","Meat mixed dishes","1 cup","10205","cup","1","140","140.0000"
"2706499","Meat loaf made with beef","Meat mixed dishes","1 oz, raw (yield after cooking)","40054","oz","1","22","22.0000"
"2706499","Meat loaf made with beef","Meat mixed dishes","1 oz","40000","oz","1","28.35","28.3500"
"2706500","Meat loaf made with beef, with tomato-based sauce","Meat mixed dishes","1 oz, cooked","40040","oz","1","28.35","28.3500"
"2706500","Meat loaf made with beef, with tomato-based sauce","Meat mixed dishes","1 oz, raw (yield after cooking)","40054","oz","1","22","22.0000"
"2706500","Meat loaf made with beef, with tomato-based sauce","Meat mixed dishes","1 cup","10205","cup","1","178","178.0000"
"2706501","Beef wellington","Meat mixed dishes","1 slice","61935","slice","1","116","116.0000"
"2706503","Beef stew with potatoes, Puerto Rican style","Meat mixed dishes","1 cup","10205","cup","1","212","212.0000"
"2706504","Meat loaf made with ham","Meat mixed dishes","1 cup","10205","cup","1","140","140.0000"
"2706505","Ham and noodles with cream or white sauce","Meat mixed dishes","1 cup","10205","cup","1","244","244.0000"
"2706506","Ham and rice with mushroom sauce","Meat mixed dishes","1 cup","10205","cup","1","248","248.0000"
"2706507","Ham or pork with stuffing","Meat mixed dishes","1 cup","10205","cup","1","200","200.0000"
"2706508","Ham croquette","Meat mixed dishes","1 cup","10205","cup","1","140","140.0000"
"2706509","Pork and rice with tomato-based sauce","Meat mixed dishes","1 cup","10205","cup","1","244","244.0000"
"2706510","Sausage and rice with tomato-based sauce","Meat mixed dishes","1 cup","10205","cup","1","244","244.0000"
"2706511","Sausage and rice with mushroom sauce","Meat mixed dishes","1 cup","10205","cup","1","244","244.0000"
"2706512","Sausage and rice with cheese sauce","Meat mixed dishes","1 cup","10205","cup","1","244","244.0000"
"2706513","Sausage and noodles with cream or white sauce","Meat mixed dishes","1 cup","10205","cup","1","244","244.0000"
"2706514","Ham and noodles, no sauce","Meat mixed dishes","1 cup","10205","cup","1","157","157.0000"
"2706515","Ham or pork and rice, no sauce","Meat mixed dishes","1 cup","10205","cup","1","196","196.0000"
"2706516","Ham or pork and potatoes with gravy","Meat mixed dishes","1 cup","10205","cup","1","252","252.0000"
"2706517","Ham or pork and potatoes with cheese sauce","Meat mixed dishes","1 cup","10205","cup","1","249","249.0000"
"2706518","Stewed pig's feet, Puerto Rican style","Meat mixed dishes","1 cup (yield after bone removed)","10221","cup","1","184","184.0000"
"2706519","Stew, pork","Meat mixed dishes","1 cup","10205","cup","1","255","255.0000"
"2706520","Stew, pork, with pasta","Meat mixed dishes","1 cup","10205","cup","1","255","255.0000"
"2706521","Lamb or mutton loaf","Meat mixed dishes","1 cup","10205","cup","1","140","140.0000"
"2706522","Lamb or mutton and potatoes with gravy","Meat mixed dishes","1 cup","10205","cup","1","252","252.0000"
"2706523","Lamb or mutton and potatoes with tomato-based sauce","Meat mixed dishes","1 cup","10205","cup","1","252","252.0000"
"2706524","Lamb or mutton and noodles with gravy","Meat mixed dishes","1 cup","10205","cup","1","249","249.0000"
"2706525","Meat loaf made with venison/deer","Meat mixed dishes","1 cup","10205","cup","1","140","140.0000"
"2706526","Venison or deer and noodles with cream or white sauce","Meat mixed dishes","1 cup","10205","cup","1","249","249.0000"
"2706527","Chicken or turkey hash","Poultry mixed dishes","1 cup","10205","cup","1","190","190.0000"
"2706528","Chicken or turkey and potatoes with gravy","Poultry mixed dishes","1 cup","10205","cup","1","242","242.0000"
"2706529","Chicken or turkey and noodles, no sauce","Poultry mixed dishes","1 cup","10205","cup","1","157","157.0000"
"2706530","Chicken or turkey and noodles with gravy","Poultry mixed dishes","1 cup","10205","cup","1","224","224.0000"
"2706531","Chicken or turkey and noodles with mushroom sauce","Poultry mixed dishes","1 cup","10205","cup","1","224","224.0000"
"2706532","Chicken or turkey and noodles with cream or white sauce","Poultry mixed dishes","1 cup","10205","cup","1","224","224.0000"
"2706533","Chicken or turkey and noodles with cheese sauce","Poultry mixed dishes","1 cup","10205","cup","1","224","224.0000"
"2706534","Chicken or turkey tetrazzini","Poultry mixed dishes","1 cup","10205","cup","1","246","246.0000"
"2706535","Chicken or turkey and noodles with tomato-based sauce","Poultry mixed dishes","1 cup","10205","cup","1","224","224.0000"
"2706536","Chicken or turkey and noodles with soy-based sauce","Stir-fry and soy-based sauce mixtures","1 cup","10205","cup","1","224","224.0000"
"2706537","Chicken or turkey and rice, no sauce","Poultry mixed dishes","1 cup","10205","cup","1","196","196.0000"
"2706538","Biryani with chicken","Rice mixed dishes","1 cup","10205","cup","1","196","196.0000"
"2706539","Chicken or turkey and rice with cream sauce","Poultry mixed dishes","1 cup","10205","cup","1","248","248.0000"
"2706540","Chicken or turkey and rice with mushroom sauce","Poultry mixed dishes","1 cup","10205","cup","1","248","248.0000"
"2706541","Chicken or turkey and rice with tomato-based sauce","Poultry mixed dishes","1 cup","10205","cup","1","244","244.0000"
"2706542","Chicken or turkey and rice with soy-based sauce","Stir-fry and soy-based sauce mixtures","1 cup","10205","cup","1","244","244.0000"
"2706543","Chicken or turkey with dumplings","Poultry mixed dishes","1 cup","10205","cup","1","244","244.0000"
"2706544","Chicken or turkey with stuffing","Poultry mixed dishes","1 cup","10205","cup","1","200","200.0000"
"2706545","Chicken or turkey cake, patty, or croquette","Poultry mixed dishes","1 cup","10205","cup","1","140","140.0000"
"2706546","Chicken or turkey souffle","Poultry mixed dishes","1 cup","10205","cup","1","159","159.0000"
"2706547","Meat loaf made with chicken or turkey","Poultry mixed dishes","1 cup","10205","cup","1","140","140.0000"
"2706548","Meat loaf made with chicken or turkey, with tomato-based sauce","Poultry mixed dishes","1 oz, raw (yield after cooking)","40054","oz","1","22","22.0000"
"2706548","Meat loaf made with chicken or turkey, with tomato-based sauce","Poultry mixed dishes","1 oz, cooked","40040","oz","1","28.35","28.3500"
"2706548","Meat loaf made with chicken or turkey, with tomato-based sauce","Poultry mixed dishes","1 cup","10205","cup","1","178","178.0000"
"2706551","Gefilte fish","Seafood mixed dishes","1 cup","10205","cup","1","250","250.0000"
"2706553","Shrimp and noodles, no sauce","Seafood mixed dishes","1 cup","10205","cup","1","157","157.0000"
"2706554","Shrimp and noodles with gravy","Seafood mixed dishes","1 cup","10205","cup","1","224","224.0000"
"2706555","Shrimp and noodles with mushroom sauce","Seafood mixed dishes","1 cup","10205","cup","1","224","224.0000"
"2706556","Shrimp and noodles with cream or white sauce","Seafood mixed dishes","1 cup","10205","cup","1","224","224.0000"
"2706557","Shrimp and noodles with soy-based sauce","Stir-fry and soy-based sauce mixtures","1 cup","10205","cup","1","224","224.0000"
"2706558","Shrimp and noodles with cheese sauce","Seafood mixed dishes","1 cup","10205","cup","1","224","224.0000"
"2706559","Shrimp and noodles with tomato sauce","Seafood mixed dishes","1 cup","10205","cup","1","224","224.0000"
"2706562","Flounder with crab stuffing","Seafood mixed dishes","1 piece","61667","piece","1","210","210.0000"
"2706566","Shrimp with crab stuffing","Seafood mixed dishes","1 cup","10205","cup","1","140","140.0000"
"2706567","Shrimp toast","Seafood mixed dishes","1/2 slice","63942","slice","0.5","48","96.0000"
"2706568","Imitation crab meat","Fish","1 cup","10205","cup","1","135","135.0000"
"2706569","Seafood souffle","Seafood mixed dishes","1 cup","10205","cup","1","159","159.0000"
"2706570","Tuna noodle casserole with cream or white sauce","Seafood mixed dishes","1 cup","10205","cup","1","224","224.0000"
"2706571","Tuna noodle casserole with mushroom sauce","Seafood mixed dishes","1 cup","10205","cup","1","224","224.0000"
"2706572","Tuna and rice with mushroom sauce","Seafood mixed dishes","1 cup","10205","cup","1","248","248.0000"
"2706573","Fish and rice with tomato-based sauce","Seafood mixed dishes","1 cup","10205","cup","1","248","248.0000"
"2706574","Fish and rice with cream sauce","Seafood mixed dishes","1 cup","10205","cup","1","248","248.0000"
"2706575","Fish and rice with mushroom sauce","Seafood mixed dishes","1 cup","10205","cup","1","248","248.0000"
"2706576","Fish and noodles with mushroom sauce","Seafood mixed dishes","1 cup","10205","cup","1","224","224.0000"
"2706577","Shellfish and noodles with tomato-based sauce","Seafood mixed dishes","1 cup","10205","cup","1","224","224.0000"
"2706578","Stewed salmon, Puerto Rican style","Seafood mixed dishes","1 cup","10205","cup","1","212","212.0000"
"2706579","Meat loaf, NS as to type of meat","Meat mixed dishes","1 cup","10205","cup","1","140","140.0000"
"2706580","Meatballs, with breading, NS as to type of meat, with gravy","Meat mixed dishes","1 cup","10205","cup","1","235","235.0000"
"2706581","Meat loaf made with beef and pork","Meat mixed dishes","1 cup","10205","cup","1","140","140.0000"
"2706581","Meat loaf made with beef and pork","Meat mixed dishes","1 oz, raw (yield after cooking)","40054","oz","1","22","22.0000"
"2706582","Meat loaf made with beef, veal and pork","Meat mixed dishes","1 cup","10205","cup","1","140","140.0000"
"2706582","Meat loaf made with beef, veal and pork","Meat mixed dishes","1 oz, raw (yield after cooking)","40054","oz","1","22","22.0000"
"2706583","Meat loaf made with beef and pork, with tomato-based sauce","Meat mixed dishes","1 cup","10205","cup","1","178","178.0000"
"2706583","Meat loaf made with beef and pork, with tomato-based sauce","Meat mixed dishes","1 oz, cooked","40040","oz","1","28.35","28.3500"
"2706583","Meat loaf made with beef and pork, with tomato-based sauce","Meat mixed dishes","1 oz, raw (yield after cooking)","40054","oz","1","22","22.0000"
"2706584","Hash, NS as to type of meat","Meat mixed dishes","1 cup","10205","cup","1","190","190.0000"
"2706585","Vienna sausages stewed with potatoes, Puerto Rican style","Meat mixed dishes","1 cup","10205","cup","1","175","175.0000"
"2706586","Stewed, seasoned, ground beef and pork with potatoes, Mexican style","Meat mixed dishes","1 cup","10205","cup","1","222","222.0000"
"2706587","Beef, potatoes, and vegetables including carrots, broccoli, and/or dark-green leafy; no sauce","Meat mixed dishes","1 cup","10205","cup","1","162","162.0000"
"2706588","Beef, potatoes, and vegetables, excluding carrots, broccoli, and dark-green leafy; no sauce","Meat mixed dishes","1 cup","10205","cup","1","162","162.0000"
"2706589","Corned beef, potatoes, and vegetables including carrots, broccoli, and/or dark-green leafy; no sauce","Meat mixed dishes","1 cup","10205","cup","1","162","162.0000"
"2706590","Corned beef, potatoes, and vegetables excluding carrots, broccoli, and dark-green leafy; no sauce","Meat mixed dishes","1 cup","10205","cup","1","162","162.0000"
"2706591","Stew, beef, canned","Meat mixed dishes","1 cup","10205","cup","1","255","255.0000"
"2706591","Stew, beef, canned","Meat mixed dishes","1 can","60482","can","1","440","440.0000"
"2706592","Stew, beef","Meat mixed dishes","1 cup","10205","cup","1","255","255.0000"
"2706593","Stew, beef, with pasta","Meat mixed dishes","1 cup","10205","cup","1","255","255.0000"
"2706594","Shepherd's pie","Meat mixed dishes","1 slice, any size","64612","slice","1","210","210.0000"
"2706594","Shepherd's pie","Meat mixed dishes","1 cup","10205","cup","1","200","200.0000"
"2706595","Beef, potatoes, and vegetables including carrots, broccoli, and/or dark-green leafy; gravy","Meat mixed dishes","1 cup","10205","cup","1","252","252.0000"
"2706596","Beef, potatoes, and vegetables excluding carrots, broccoli, and dark-green leafy; gravy","Meat mixed dishes","1 cup","10205","cup","1","252","252.0000"
"2706597","Beef, potatoes, and vegetables including carrots, broccoli, and/or dark-green leafy; cream sauce, white sauce, or mushroom sauce","Meat mixed dishes","1 cup","10205","cup","1","252","252.0000"
"2706598","Beef, potatoes, and vegetables excluding carrots, broccoli, and dark-green leafy; cream sauce, white sauce, or mushroom sauce","Meat mixed dishes","1 cup","10205","cup","1","252","252.0000"
"2706599","Beef, potatoes, and vegetables including carrots, broccoli, and/or dark-green leafy; tomato-based sauce","Meat mixed dishes","1 cup","10205","cup","1","252","252.0000"
"2706600","Beef, potatoes, and vegetables excluding carrots, broccoli, and dark-green leafy; tomato-based sauce","Meat mixed dishes","1 cup","10205","cup","1","252","252.0000"
"2706601","Beef, potatoes, and vegetables including carrots, broccoli, and/or dark-green leafy; cheese sauce","Meat mixed dishes","1 cup","10205","cup","1","252","252.0000"
"2706602","Beef, potatoes, and vegetables excluding carrots, broccoli, and dark-green leafy; cheese sauce","Meat mixed dishes","1 cup","10205","cup","1","252","252.0000"
"2706603","Beef, potatoes, and vegetables including carrots, broccoli, and/or dark-green leafy; soy-based sauce","Stir-fry and soy-based sauce mixtures","1 cup","10205","cup","1","252","252.0000"
"2706604","Beef, potatoes, and vegetables excluding carrots, broccoli, and dark-green leafy; soy-based sauce","Stir-fry and soy-based sauce mixtures","1 cup","10205","cup","1","252","252.0000"
"2706605","Beef, noodles, and vegetables including carrots, broccoli, and/or dark-green leafy; no sauce","Meat mixed dishes","1 cup","10205","cup","1","162","162.0000"
"2706606","Beef, noodles, and vegetables excluding carrots, broccoli, and dark-green leafy; no sauce","Meat mixed dishes","1 cup","10205","cup","1","162","162.0000"
"2706607","Beef chow mein or chop suey with noodles","Fried rice and lo/chow mein","1 cup","10205","cup","1","220","220.0000"
"2706608","Beef, noodles, and vegetables including carrots, broccoli, and/or dark-green leafy; soy-based sauce","Stir-fry and soy-based sauce mixtures","1 cup","10205","cup","1","217","217.0000"
"2706609","Beef, noodles, and vegetables excluding carrots, broccoli, and dark-green leafy; soy-based sauce","Stir-fry and soy-based sauce mixtures","1 cup","10205","cup","1","217","217.0000"
"2706610","Beef, noodles, and vegetables including carrots, broccoli, and/or dark-green leafy; tomato-based sauce","Meat mixed dishes","1 cup","10205","cup","1","249","249.0000"
"2706611","Beef, noodles, and vegetables excluding carrots, broccoli, and dark-green leafy; tomato-based sauce","Meat mixed dishes","1 cup","10205","cup","1","249","249.0000"
"2706612","Beef, noodles, and vegetables including carrots, broccoli, and/or dark-green leafy; mushroom sauce","Meat mixed dishes","1 cup","10205","cup","1","249","249.0000"
"2706613","Beef, noodles, and vegetables excluding carrots, broccoli, and dark-green leafy; mushroom sauce","Meat mixed dishes","1 cup","10205","cup","1","249","249.0000"
"2706614","Beef, noodles, and vegetables including carrots, broccoli, and/or dark-green leafy; gravy","Meat mixed dishes","1 cup","10205","cup","1","249","249.0000"
"2706615","Beef, noodles, and vegetables excluding carrots, broccoli, and dark-green leafy; gravy","Meat mixed dishes","1 cup","10205","cup","1","249","249.0000"
"2706616","Beef, rice, and vegetables including carrots, broccoli, and/or dark-green leafy; no sauce","Meat mixed dishes","1 cup","10205","cup","1","162","162.0000"
"2706617","Beef, rice, and vegetables excluding carrots, broccoli, and dark-green leafy; no sauce","Meat mixed dishes","1 cup","10205","cup","1","162","162.0000"
"2706618","Beef, rice, and vegetables including carrots, broccoli, and/or dark-green leafy; tomato-based sauce","Meat mixed dishes","1 cup","10205","cup","1","249","249.0000"
"2706619","Beef, rice, and vegetables excluding carrots, broccoli, and/or dark-green leafy; tomato-based sauce","Meat mixed dishes","1 cup","10205","cup","1","249","249.0000"
"2706620","Stuffed cabbage rolls with beef and rice","Meat mixed dishes","1 cup","10205","cup","1","162","162.0000"
"2706621","Stuffed grape leaves with beef and rice","Meat mixed dishes","1 cup","10205","cup","1","162","162.0000"
"2706622","Beef, rice, and vegetables including carrots, broccoli, and/or dark-green leafy; mushroom sauce","Meat mixed dishes","1 cup","10205","cup","1","249","249.0000"
"2706623","Beef, rice, and vegetables excluding carrots, broccoli, and dark-green leafy; mushroom sauce","Meat mixed dishes","1 cup","10205","cup","1","249","249.0000"
"2706624","Beef, rice, and vegetables including carrots, broccoli, and/or dark-green leafy; cheese sauce","Meat mixed dishes","1 cup","10205","cup","1","249","249.0000"
"2706625","Beef, rice, and vegetables excluding carrots, broccoli, and dark-green leafy; cheese sauce","Meat mixed dishes","1 cup","10205","cup","1","249","249.0000"
"2706626","Beef, rice, and vegetables including carrots, broccoli, and/or dark-green leafy; gravy","Meat mixed dishes","1 cup","10205","cup","1","249","249.0000"
"2706627","Beef, rice, and vegetables excluding carrots, broccoli, and dark-green leafy; gravy","Meat mixed dishes","1 cup","10205","cup","1","249","249.0000"
"2706628","Beef, rice, and vegetables including carrots, broccoli, and/or dark-green leafy; soy-based sauce","Stir-fry and soy-based sauce mixtures","1 cup","10205","cup","1","217","217.0000"
"2706629","Beef, rice, and vegetables excluding carrots, broccoli, and dark-green leafy; soy-based sauce","Stir-fry and soy-based sauce mixtures","1 cup","10205","cup","1","217","217.0000"
"2706630","Pot pie, beef","Meat mixed dishes","1 cup","10205","cup","1","200","200.0000"
"2706630","Pot pie, beef","Meat mixed dishes","1 slice, any size","64612","slice","1","210","210.0000"
"2706631","Beef, dumplings, and vegetables including carrots, broccoli, and/or dark-green leafy; gravy","Meat mixed dishes","1 cup","10205","cup","1","249","249.0000"
"2706632","Beef, dumplings, and vegetables excluding carrots, broccoli, and dark-green leafy; gravy","Meat mixed dishes","1 cup","10205","cup","1","249","249.0000"
"2706634","Ham or pork, noodles and vegetables excluding carrots, broccoli, and dark-green leafy; no sauce","Meat mixed dishes","1 cup","10205","cup","1","162","162.0000"
"2706635","Ham or pork, noodles, and vegetables including carrots, broccoli, and/or dark-green leafy; no sauce","Meat mixed dishes","1 cup","10205","cup","1","162","162.0000"
"2706636","Ham or pork, noodles and vegetables excluding carrots, broccoli, and dark-green leafy; cheese sauce","Meat mixed dishes","1 cup","10205","cup","1","241","241.0000"
"2706637","Pork, potatoes, and vegetables including carrots, broccoli, and/or dark-green leafy; no sauce","Meat mixed dishes","1 cup","10205","cup","1","162","162.0000"
"2706638","Ham or pork, noodles, and vegetables including carrots, broccoli, and/or dark-green leafy; tomato-based sauce","Meat mixed dishes","1 cup","10205","cup","1","249","249.0000"
"2706639","Sausage, noodles, and vegetables excluding carrots, broccoli, and dark-green leafy; tomato-based sauce","Meat mixed dishes","1 cup","10205","cup","1","249","249.0000"
"2706640","Sausage, noodles, and vegetables including carrots, broccoli, and/or dark-green leafy; tomato-based sauce","Meat mixed dishes","1 cup","10205","cup","1","249","249.0000"
"2706641","Pork, potatoes, and vegetables including carrots, broccoli, and/or dark-green leafy; tomato-based sauce","Meat mixed dishes","1 cup","10205","cup","1","252","252.0000"
"2706642","Pork, potatoes, and vegetables excluding carrots, broccoli, and dark-green leafy; tomato-based sauce","Meat mixed dishes","1 cup","10205","cup","1","252","252.0000"
"2706643","Sausage, potatoes, and vegetables including carrots, broccoli, and/or dark-green leafy; gravy","Meat mixed dishes","1 cup","10205","cup","1","252","252.0000"
"2706644","Sausage, potatoes, and vegetables excluding carrots, broccoli, and dark-green leafy; gravy","Meat mixed dishes","1 cup","10205","cup","1","252","252.0000"
"2706645","Pork, potatoes, and vegetables including carrots, broccoli, and/or dark-green leafy; gravy","Meat mixed dishes","1 cup","10205","cup","1","252","252.0000"
"2706646","Pork, potatoes, and vegetables excluding carrots, broccoli, and dark-green leafy; gravy","Meat mixed dishes","1 cup","10205","cup","1","252","252.0000"
"2706647","Pork, potatoes, and vegetables excluding carrots, broccoli, and dark-green leafy; no sauce","Meat mixed dishes","1 cup","10205","cup","1","162","162.0000"
"2706648","Pork chow mein or chop suey with noodles","Fried rice and lo/chow mein","1 cup","10205","cup","1","220","220.0000"
"2706649","Pork, rice, and vegetables including carrots, broccoli, and/or dark-green leafy; soy-based sauce","Stir-fry and soy-based sauce mixtures","1 cup","10205","cup","1","217","217.0000"
"2706650","Pork, rice, and vegetables excluding carrots, broccoli, and dark-green leafy; soy-based sauce","Stir-fry and soy-based sauce mixtures","1 cup","10205","cup","1","217","217.0000"
"2706651","Pork, rice, and vegetables including carrots, broccoli, and/or dark-green leafy; tomato-based sauce","Meat mixed dishes","1 cup","10205","cup","1","249","249.0000"
"2706652","Pork, rice, and vegetables excluding carrots, broccoli, and dark-green leafy; tomato-based sauce","Meat mixed dishes","1 cup","10205","cup","1","249","249.0000"
"2706653","Ham, potatoes, and vegetables excluding carrots, broccoli, and dark-green leafy; no sauce","Meat mixed dishes","1 cup","10205","cup","1","162","162.0000"
"2706654","Ham, potatoes, and vegetables including carrots, broccoli, and/or dark-green leafy; no sauce","Meat mixed dishes","1 cup","10205","cup","1","162","162.0000"
"2706655","Sweet and sour pork with rice","Stir-fry and soy-based sauce mixtures","1 cup","10205","cup","1","244","244.0000"
"2706656","Lamb or mutton, rice, and vegetables excluding carrots, broccoli, and dark-green leafy; gravy","Meat mixed dishes","1 cup","10205","cup","1","252","252.0000"
"2706657","Lamb or mutton, rice, and vegetables including carrots, broccoli, and/or dark-green leafy; tomato-based sauce","Meat mixed dishes","1 cup","10205","cup","1","252","252.0000"
"2706658","Lamb or mutton, rice, and vegetables  including carrots, broccoli, and/or dark-green leafy; gravy","Meat mixed dishes","1 cup","10205","cup","1","252","252.0000"
"2706659","Stuffed grape leaves with lamb and rice","Meat mixed dishes","1 cup","10205","cup","1","162","162.0000"
"2706660","Stew, lamb","Meat mixed dishes","1 cup","10205","cup","1","255","255.0000"
"2706661","Stewed rabbit, Puerto Rican style,","Meat mixed dishes","1 cup (yield after bone removed)","10221","cup","1","177","177.0000"
"2706661","Stewed rabbit, Puerto Rican style,","Meat mixed dishes","1 cup, NFS","10010","cup","1","219","219.0000"
"2706661","Stewed rabbit, Puerto Rican style,","Meat mixed dishes","1 cup, boneless","10025","cup","1","219","219.0000"
"2706662","Venison or deer, potatoes, and vegetables including carrots, broccoli, and/or dark-green leafy; gravy","Meat mixed dishes","1 cup","10205","cup","1","252","252.0000"
"2706663","Venison or deer, potatoes, and vegetables excluding carrots, broccoli, and dark-green leafy; gravy","Meat mixed dishes","1 cup","10205","cup","1","252","252.0000"
"2706664","Venison or deer, noodles, and vegetables including carrots, broccoli, and/or dark-green leafy; tomato-based sauce","Meat mixed dishes","1 cup","10205","cup","1","249","249.0000"
"2706665","Venison or deer, noodles, and vegetables excluding carrots, broccoli, and dark-green leafy; tomato-based sauce","Meat mixed dishes","1 cup","10205","cup","1","249","249.0000"
"2706667","Chicken or turkey, potatoes, and vegetables including carrots, broccoli, and/or dark-green leafy; no sauce","Poultry mixed dishes","1 cup","10205","cup","1","162","162.0000"
"2706668","Chicken or turkey, potatoes, and vegetables excluding carrots, broccoli, and dark-green leafy; no sauce","Poultry mixed dishes","1 cup","10205","cup","1","162","162.0000"
"2706669","Chicken or turkey, potatoes, and vegetables including carrots, broccoli, and/or dark-green leafy; gravy","Poultry mixed dishes","1 cup","10205","cup","1","252","252.0000"
"2706670","Chicken or turkey, potatoes, and vegetables excluding carrots, broccoli, and dark-green leafy; gravy","Poultry mixed dishes","1 cup","10205","cup","1","252","252.0000"
"2706671","Chicken or turkey, potatoes, and vegetables including carrots, broccoli, and/or dark-green leafy; cream sauce, white sauce, or mushroom sauce","Poultry mixed dishes","1 cup","10205","cup","1","252","252.0000"
"2706672","Chicken or turkey, potatoes, and vegetables excluding carrots, broccoli, and dark-green leafy; cream sauce, white sauce, or mushroom sauce","Poultry mixed dishes","1 cup","10205","cup","1","252","252.0000"
"2706673","Chicken or turkey, potatoes, and vegetables including carrots, broccoli, and/or dark-green leafy; cheese sauce","Poultry mixed dishes","1 cup","10205","cup","1","252","252.0000"
"2706674","Chicken or turkey, potatoes, and vegetables excluding carrots, broccoli, and dark-green leafy; cheese sauce","Poultry mixed dishes","1 cup","10205","cup","1","252","252.0000"
"2706675","Chicken or turkey, potatoes, and vegetables including carrots, broccoli, and/or dark-green leafy; tomato-based sauce","Poultry mixed dishes","1 cup","10205","cup","1","252","252.0000"
"2706676","Chicken or turkey, potatoes, and vegetables excluding carrots, broccoli, and dark-green leafy; tomato-based sauce","Poultry mixed dishes","1 cup","10205","cup","1","252","252.0000"
"2706677","Stew, chicken, with pasta","Poultry mixed dishes","1 cup","10205","cup","1","255","255.0000"
"2706678","Stew, chicken","Poultry mixed dishes","1 cup","10205","cup","1","255","255.0000"
"2706679","Chicken or turkey, noodles, and vegetables including carrots, broccoli, and/or dark-green leafy; no sauce","Poultry mixed dishes","1 cup","10205","cup","1","162","162.0000"
"2706680","Chicken or turkey, noodles, and vegetables excluding carrots, broccoli, and dark-green leafy; no sauce","Poultry mixed dishes","1 cup","10205","cup","1","162","162.0000"
"2706681","Chicken or turkey, noodles, and vegetables including carrots, broccoli, and/or dark-green leafy; gravy","Poultry mixed dishes","1 cup","10205","cup","1","224","224.0000"
"2706682","Chicken or turkey, noodles, and vegetables excluding carrots, broccoli, and dark-green leafy; gravy","Poultry mixed dishes","1 cup","10205","cup","1","224","224.0000"
"2706683","Chicken or turkey, noodles, and vegetables including carrots, broccoli, and/or dark-green leafy; cream sauce, white sauce, or mushroom sauce","Poultry mixed dishes","1 cup","10205","cup","1","224","224.0000"
"2706684","Chicken or turkey, noodles, and vegetables excluding carrots, broccoli, and/or dark-green leafy; cream sauce, white sauce, or mushroom sauce","Poultry mixed dishes","1 cup","10205","cup","1","224","224.0000"
"2706685","Chicken or turkey, noodles, and vegetables including carrots, broccoli, and/or dark-green leafy; tomato-based sauce","Poultry mixed dishes","1 cup","10205","cup","1","224","224.0000"
"2706686","Chicken or turkey, noodles, and vegetables excluding carrots, broccoli, and dark-green leafy; tomato-based sauce","Poultry mixed dishes","1 cup","10205","cup","1","224","224.0000"
"2706687","Chicken or turkey chow mein or chop suey with noodles","Fried rice and lo/chow mein","1 cup","10205","cup","1","220","220.0000"
"2706688","Chicken or turkey, noodles, and vegetables including carrots, broccoli, and/or dark-green leafy; cheese sauce","Poultry mixed dishes","1 cup","10205","cup","1","244","244.0000"
"2706689","Chicken or turkey, noodles, and vegetables excluding carrots, broccoli, and dark-green leafy; cheese sauce","Poultry mixed dishes","1 cup","10205","cup","1","244","244.0000"
"2706690","Chicken or turkey, rice, and vegetables including carrots, broccoli, and/or dark-green leafy; no sauce","Poultry mixed dishes","1 cup","10205","cup","1","162","162.0000"
"2706691","Chicken or turkey, rice, and vegetables excluding carrots, broccoli, and dark-green leafy; no sauce","Poultry mixed dishes","1 cup","10205","cup","1","162","162.0000"
"2706692","Chicken or turkey, rice, and vegetables including carrots, broccoli, and/or dark-green leafy; gravy","Poultry mixed dishes","1 cup","10205","cup","1","252","252.0000"
"2706693","Chicken or turkey, rice, and vegetables excluding carrots, broccoli, and dark-green leafy; gravy","Poultry mixed dishes","1 cup","10205","cup","1","252","252.0000"
"2706695","Chicken or turkey, rice, and vegetables including carrots, broccoli, and/or dark-green leafy; soy-based sauce","Stir-fry and soy-based sauce mixtures","1 cup","10205","cup","1","217","217.0000"
"2706696","Chicken or turkey, rice, and vegetables excluding carrots, broccoli, and dark-green leafy; soy-based sauce","Stir-fry and soy-based sauce mixtures","1 cup","10205","cup","1","217","217.0000"
"2706697","Chicken or turkey, rice, and vegetables including carrots, broccoli, and/or dark-green leafy; cream sauce, white sauce, or mushroom sauce","Poultry mixed dishes","1 cup","10205","cup","1","252","252.0000"
"2706698","Chicken or turkey, rice, and vegetables excluding carrots, broccoli, and dark-green leafy; cream sauce, white sauce, or mushroom sauce","Poultry mixed dishes","1 cup","10205","cup","1","252","252.0000"
"2706699","Chicken or turkey, rice, and vegetables including carrots, broccoli, and/or dark-green leafy; cheese sauce","Poultry mixed dishes","1 cup","10205","cup","1","249","249.0000"
"2706700","Chicken or turkey, rice, and vegetables excluding carrots, broccoli, and dark-green leafy; cheese sauce","Poultry mixed dishes","1 cup","10205","cup","1","249","249.0000"
"2706701","Chicken or turkey, rice, and vegetables including carrots, broccoli, and/or dark-green leafy; tomato-based sauce","Poultry mixed dishes","1 cup","10205","cup","1","249","249.0000"
"2706702","Chicken or turkey, rice, and vegetables excluding carrots, broccoli, and dark-green leafy; tomato-based sauce","Poultry mixed dishes","1 cup","10205","cup","1","249","249.0000"
"2706703","Pot pie, chicken","Poultry mixed dishes","1 slice, any size","64612","slice","1","210","210.0000"
"2706703","Pot pie, chicken","Poultry mixed dishes","1 cup","10205","cup","1","200","200.0000"
"2706704","Chicken or turkey, stuffing, and vegetables including carrots, broccoli, and/or dark-green leafy; no sauce","Poultry mixed dishes","1 cup","10205","cup","1","162","162.0000"
"2706705","Chicken or turkey,stuffing, and vegetables excluding carrots, broccoli, and dark green leafy; no sauce","Poultry mixed dishes","1 cup","10205","cup","1","162","162.0000"
"2706706","Chicken or turkey, stuffing, and vegetables including carrots, broccoli, and/or dark-green leafy; gravy","Poultry mixed dishes","1 cup","10205","cup","1","244","244.0000"
"2706707","Chicken or turkey, stuffing, and vegetables excluding carrots, broccoli, and dark-green leafy; gravy","Poultry mixed dishes","1 cup","10205","cup","1","244","244.0000"
"2706708","Chicken or turkey, dumplings, and vegetables including carrots, broccoli, and/or dark green leafy; gravy","Poultry mixed dishes","1 cup","10205","cup","1","249","249.0000"
"2706709","Chicken or turkey, dumplings, and vegetables excluding carrots, broccoli, and dark green leafy; gravy","Poultry mixed dishes","1 cup","10205","cup","1","249","249.0000"
"2706710","Chicken fricassee, Puerto Rican style","Poultry mixed dishes","1 cup, boneless","10025","cup","1","223","223.0000"
"2706710","Chicken fricassee, Puerto Rican style","Poultry mixed dishes","1 cup (yield after bone removed)","10221","cup","1","196","196.0000"
"2706710","Chicken fricassee, Puerto Rican style","Poultry mixed dishes","1 cup, NFS","10010","cup","1","223","223.0000"
"2706711","Paella with seafood","Rice mixed dishes","1 cup","10205","cup","1","240","240.0000"
"2706712","Shrimp chow mein or chop suey with noodles","Fried rice and lo/chow mein","1 cup","10205","cup","1","220","220.0000"
"2706713","Shrimp creole, with rice","Seafood mixed dishes","1 cup","10205","cup","1","243","243.0000"
"2706714","Tuna noodle casserole with vegetables, cream or white sauce","Seafood mixed dishes","1 cup","10205","cup","1","224","224.0000"
"2706715","Fish, noodles, and vegetables including carrots, broccoli, and/or dark green leafy; cheese sauce","Seafood mixed dishes","1 cup","10205","cup","1","244","244.0000"
"2706716","Fish, noodles, and vegetables excluding carrots, broccoli, and dark-green leafy; cheese sauce","Seafood mixed dishes","1 cup","10205","cup","1","244","244.0000"
"2706717","Soup, bouillabaisse","Seafood mixed dishes","1 cup","10205","cup","1","255","255.0000"
"2706718","Tuna noodle casserole with vegetables and mushroom sauce","Seafood mixed dishes","1 cup","10205","cup","1","224","224.0000"
"2706719","Codfish with starchy vegetables, Puerto Rican style","Seafood mixed dishes","1 cup","10205","cup","1","173","173.0000"
"2706720","Biscayne codfish, Puerto Rican style","Seafood mixed dishes","1 cup","10205","cup","1","175","175.0000"
"2706721","Stew, NFS","Meat mixed dishes","1 cup","10205","cup","1","255","255.0000"
"2706722","Chow mein or chop suey, NS as to type of meat, with noodles","Fried rice and lo/chow mein","1 cup","10205","cup","1","220","220.0000"
"2706723","Paella, NFS","Rice mixed dishes","1 cup","10205","cup","1","240","240.0000"
"2706724","Chow mein or chop suey, various types of meat, with noodles","Fried rice and lo/chow mein","1 cup","10205","cup","1","220","220.0000"
"2706725","Stewed tripe, with potatoes, Puerto Rican style","Meat mixed dishes","1 cup","10205","cup","1","280","280.0000"
"2706726","Gumbo with rice","Seafood mixed dishes","1 cup","10205","cup","1","244","244.0000"
"2706727","Jambalaya with meat and rice","Rice mixed dishes","1 cup","10205","cup","1","244","244.0000"
"2706728","Beef and vegetables including carrots, broccoli, and/or dark-green leafy; no potatoes, no sauce","Meat mixed dishes","1 cup","10205","cup","1","162","162.0000"
"2706729","Beef and vegetables excluding carrots, broccoli, and dark-green leafy; no potatoes, no sauce","Meat mixed dishes","1 cup","10205","cup","1","162","162.0000"
"2706730","Beef shish kabob with vegetables, excluding potatoes","Meat mixed dishes","1 cup","10205","cup","1","154","154.0000"
"2706731","Beef with vegetables including carrots, broccoli, and/or dark-green leafy; no potatoes, tomato-based sauce","Meat mixed dishes","1 cup","10205","cup","1","249","249.0000"
"2706732","Swiss steak","Meat mixed dishes","1 cup","10205","cup","1","249","249.0000"
"2706734","Beef with vegetables excluding carrots, broccoli, and dark-green leafy; no potatoes, tomato-based sauce","Meat mixed dishes","1 cup","10205","cup","1","249","249.0000"
"2706735","Beef with vegetables including carrots, broccoli, and/or dark-green leafy; no potatoes, mushroom sauce","Meat mixed dishes","1 cup","10205","cup","1","252","252.0000"
"2706736","Beef with vegetables excluding carrots, broccoli, and dark-green leafy; no potatoes, mushroom sauce","Meat mixed dishes","1 cup","10205","cup","1","252","252.0000"
"2706737","Beef and vegetables including carrots, broccoli, and/or dark-green leafy; no potatoes, soy-based sauce","Stir-fry and soy-based sauce mixtures","1 cup","10205","cup","1","217","217.0000"
"2706738","Beef and broccoli","Stir-fry and soy-based sauce mixtures","1 cup","10205","cup","1","217","217.0000"
"2706739","Beef, tofu, and vegetables including carrots, broccoli, and/or dark-green leafy; no potatoes, soy-based sauce","Stir-fry and soy-based sauce mixtures","1 cup","10205","cup","1","217","217.0000"
"2706740","Szechuan beef","Stir-fry and soy-based sauce mixtures","1 cup","10205","cup","1","217","217.0000"
"2706741","Hunan beef","Stir-fry and soy-based sauce mixtures","1 cup","10205","cup","1","217","217.0000"
"2706742","Beef chow mein or chop suey, no noodles","Fried rice and lo/chow mein","1 cup","10205","cup","1","220","220.0000"
"2706743","Kung Pao beef","Stir-fry and soy-based sauce mixtures","1 cup","10205","cup","1","162","162.0000"
"2706744","Beef and vegetables excluding carrots, broccoli, and dark-green leafy; no potatoes, soy-based sauce","Stir-fry and soy-based sauce mixtures","1 cup","10205","cup","1","217","217.0000"
"2706745","Beef, tofu, and vegetables excluding carrots, broccoli,  and dark-green leafy; no potatoes, soy-based sauce","Stir-fry and soy-based sauce mixtures","1 cup","10205","cup","1","217","217.0000"
"2706746","Beef and vegetables, Hawaiian style","Meat mixed dishes","1 cup","10205","cup","1","252","252.0000"
"2706747","Pepper steak","Meat mixed dishes","1 cup","10205","cup","1","217","217.0000"
"2706748","Beef, ground, with egg and onion","Meat mixed dishes","1 cup","10205","cup","1","190","190.0000"
"2706748","Beef, ground, with egg and onion","Meat mixed dishes","1 oz, raw (yield after cooking)","40054","oz","1","21","21.0000"
"2706749","Beef salad","Meat mixed dishes","1 cup","10205","cup","1","182","182.0000"
"2706750","Beef taco filling: beef, cheese, tomato, taco sauce","Burritos and tacos","1 cup","10205","cup","1","204","204.0000"
"2706751","Stir fried beef and vegetables in soy sauce","Stir-fry and soy-based sauce mixtures","1 cup","10205","cup","1","162","162.0000"
"2706752","Beef and vegetables including carrots, broccoli, and/or dark-green leafy; no potatoes, gravy","Meat mixed dishes","1 cup","10205","cup","1","252","252.0000"
"2706753","Beef and vegetables excluding carrots, broccoli, and dark-green leafy; no potatoes, gravy","Meat mixed dishes","1 cup","10205","cup","1","252","252.0000"
"2706754","Beef steak with onions, Puerto Rican style","Meat mixed dishes","1 cup","10205","cup","1","179","179.0000"
"2706755","Cabbage with ham hocks","Meat mixed dishes","1 cup","10205","cup","1","200","200.0000"
"2706756","Ham or pork salad","Meat mixed dishes","1 cup","10205","cup","1","182","182.0000"
"2706757","Frankfurters or hot dogs and sauerkraut","Meat mixed dishes","1 cup","10205","cup","1","147","147.0000"
"2706758","Pork and vegetables including carrots, broccoli, and/or dark-green leafy; no potatoes, no sauce","Meat mixed dishes","1 cup","10205","cup","1","162","162.0000"
"2706759","Greens with ham or pork","Other dark green vegetables","1 cup","10205","cup","1","144","144.0000"
"2706760","Pork, tofu, and vegetables including carrots, broccoli, and/or dark-green leafy; no potatoes, soy-base sauce","Stir-fry and soy-based sauce mixtures","1 cup","10205","cup","1","217","217.0000"
"2706761","Pork and vegetables, Hawaiian style","Stir-fry and soy-based sauce mixtures","1 cup","10205","cup","1","252","252.0000"
"2706762","Pork and watercress with soy-based sauce","Stir-fry and soy-based sauce mixtures","1 cup","10205","cup","1","162","162.0000"
"2706763","Kung Pao pork","Stir-fry and soy-based sauce mixtures","1 cup","10205","cup","1","162","162.0000"
"2706764","Moo Shu pork, without Chinese pancake","Stir-fry and soy-based sauce mixtures","1 cup","10205","cup","1","151","151.0000"
"2706765","Pork and onions with soy-based sauce","Stir-fry and soy-based sauce mixtures","1 cup","10205","cup","1","256","256.0000"
"2706766","Pork hash","Meat mixed dishes","1 cup","10205","cup","1","190","190.0000"
"2706767","Ham and vegetables including carrots broccoli, and/or dark- green leafy; no potatoes, no sauce","Meat mixed dishes","1 cup","10205","cup","1","162","162.0000"
"2706768","Ham and vegetables excluding carrots, broccoli, and dark-green leafy; no potatoes, no sauce","Meat mixed dishes","1 cup","10205","cup","1","162","162.0000"
"2706769","Pork and vegetables excluding carrots, broccoli, and dark-green leafy; no potatoes, no sauce","Meat mixed dishes","1 cup","10205","cup","1","162","162.0000"
"2706770","Pork, tofu, and vegetables, excluding carrots, broccoli, and dark-green leafy; no potatoes, soy-based sauce","Stir-fry and soy-based sauce mixtures","1 cup","10205","cup","1","217","217.0000"
"2706771","Pork chow mein or chop suey, no noodles","Fried rice and lo/chow mein","1 cup","10205","cup","1","220","220.0000"
"2706772","Pork and vegetables including carrots, broccoli, and/or dark-green leafy; no potatoes, tomato-based sauce","Meat mixed dishes","1 cup","10205","cup","1","249","249.0000"
"2706773","Pork and vegetables excluding  carrots, broccoli, and dark-green leafy; no potatoes, tomato-based sauce","Meat mixed dishes","1 cup","10205","cup","1","249","249.0000"
"2706774","Sausage and vegetables including  carrots, broccoli, and/or dark-green leafy; no potatoes, tomato-based sauce","Meat mixed dishes","1 cup","10205","cup","1","249","249.0000"
"2706775","Sausage and vegetables, excluding carrots, broccoli, and dark-green leafy; no potatoes, tomato-based sauce","Meat mixed dishes","1 cup","10205","cup","1","249","249.0000"
"2706776","Sausage and peppers, no sauce","Meat mixed dishes","1 cup","10205","cup","1","154","154.0000"
"2706777","Pork and vegetables including carrots, broccoli, and/or dark-green leafy; no potatoes, soy-based sauce","Stir-fry and soy-based sauce mixtures","1 cup","10205","cup","1","217","217.0000"
"2706778","Pork and vegetables excluding carrots, broccoli, and dark- green leafy; no potatoes, soy-based sauce","Stir-fry and soy-based sauce mixtures","1 cup","10205","cup","1","217","217.0000"
"2706779","Pork shish kabob with vegetables, excluding potatoes","Meat mixed dishes","1 cup","10205","cup","1","154","154.0000"
"2706780","Lamb shish kabob with vegetables, excluding potatoes","Meat mixed dishes","1 cup","10205","cup","1","154","154.0000"
"2706781","Chicken or turkey and vegetables including carrots, broccoli, and/or dark-green leafy; no potatoes, no sauce","Poultry mixed dishes","1 cup","10205","cup","1","162","162.0000"
"2706782","Chicken or turkey and vegetables excluding carrots, broccoli, and dark-green leafy; no potatoes, no sauce","Poultry mixed dishes","1 cup","10205","cup","1","162","162.0000"
"2706783","Chicken or turkey shish kabob with vegetables, excluding potatoes","Poultry mixed dishes","1 cup","10205","cup","1","154","154.0000"
"2706784","Chicken or turkey creole, without rice","Poultry mixed dishes","1 cup","10205","cup","1","246","246.0000"
"2706785","Chicken or turkey and vegetables including carrots, broccoli, and/or dark-green leafy; no potatoes, gravy","Poultry mixed dishes","1 cup","10205","cup","1","252","252.0000"
"2706786","Chicken or turkey and vegetables excluding carrots, broccoli, and dark-green leafy; no potatoes, gravy","Poultry mixed dishes","1 cup","10205","cup","1","252","252.0000"
"2706787","Chicken or turkey a la king with vegetables including carrots, broccoli, and/or dark-green leafy; no potatoes, cream, white, or soup-based sauce","Poultry mixed dishes","1 cup","10205","cup","1","241","241.0000"
"2706788","Chicken or turkey a la king with vegetables excluding carrorts, broccoli, and dark-green leafy; no potatoes, cream, white, or soup-based sauce","Poultry mixed dishes","1 cup","10205","cup","1","241","241.0000"
"2706789","Chicken or turkey divan","Poultry mixed dishes","1 cup","10205","cup","1","236","236.0000"
"2706790","Chicken or turkey and vegetables including carrots, broccoli, and/or dark-green leafy; no potatoes, soy-based sauce","Stir-fry and soy-based sauce mixtures","1 cup","10205","cup","1","217","217.0000"
"2706791","Chicken or turkey and vegetables excluding carrots, broccoli, and dark-green leafy; no potatoes, soy-based sauce","Stir-fry and soy-based sauce mixtures","1 cup","10205","cup","1","217","217.0000"
"2706792","Chicken or turkey and vegetables including carrots, broccoli, and/or dark-green leafy; no potatoes, tomato-based sauce","Poultry mixed dishes","1 cup","10205","cup","1","249","249.0000"
"2706793","Chicken or turkey and vegetables excluding carrots, broccoli, and dark-green leafy; no potatoes, tomato-based sauce","Poultry mixed dishes","1 cup","10205","cup","1","249","249.0000"
"2706794","General Tso chicken","Stir-fry and soy-based sauce mixtures","1 cup","10205","cup","1","146","146.0000"
"2706795","Moo Goo Gai Pan","Stir-fry and soy-based sauce mixtures","1 cup","10205","cup","1","216","216.0000"
"2706796","Kung pao chicken","Stir-fry and soy-based sauce mixtures","1 cup","10205","cup","1","162","162.0000"
"2706797","Almond chicken","Stir-fry and soy-based sauce mixtures","1 cup","10205","cup","1","242","242.0000"
"2706798","Chicken or turkey chow mein or chop suey, no noodles","Fried rice and lo/chow mein","1 cup","10205","cup","1","220","220.0000"
"2706799","Chicken or turkey salad, made with mayonnaise","Poultry mixed dishes","1 cup","10205","cup","1","226","226.0000"
"2706800","Chicken or turkey salad with nuts and/or fruits","Poultry mixed dishes","1 cup","10205","cup","1","226","226.0000"
"2706801","Chicken or turkey salad with egg","Poultry mixed dishes","1 cup","10205","cup","1","226","226.0000"
"2706802","Chicken or turkey salad, made with light mayonnaise","Poultry mixed dishes","1 cup","10205","cup","1","226","226.0000"
"2706803","Chicken or turkey salad, made with mayonnaise-type salad dressing","Poultry mixed dishes","1 cup","10205","cup","1","226","226.0000"
"2706804","Chicken or turkey salad, made with light mayonnaise-type salad dressing","Poultry mixed dishes","1 cup","10205","cup","1","226","226.0000"
"2706805","Chicken or turkey salad, made with creamy dressing","Poultry mixed dishes","1 cup","10205","cup","1","226","226.0000"
"2706806","Chicken or turkey salad, made with light creamy dressing","Poultry mixed dishes","1 cup","10205","cup","1","226","226.0000"
"2706807","Chicken or turkey salad, made with Italian dressing","Poultry mixed dishes","1 cup","10205","cup","1","226","226.0000"
"2706808","Chicken or turkey salad, made with light Italian dressing","Poultry mixed dishes","1 cup","10205","cup","1","226","226.0000"
"2706809","Chicken or turkey salad, made with any type of fat free dressing","Poultry mixed dishes","1 cup","10205","cup","1","226","226.0000"
"2706810","Chicken or turkey garden salad, chicken and/or turkey, tomato and/or carrots, other vegetables, no dressing","Poultry mixed dishes","1 cup","10205","cup","1","90","90.0000"
"2706811","Chicken or turkey garden salad, chicken and/or turkey, other vegetables excluding tomato and carrots, no dressing","Poultry mixed dishes","1 cup","10205","cup","1","90","90.0000"
"2706812","Chicken or turkey garden salad with bacon and cheese, chicken and/or turkey, bacon, cheese, lettuce and/or greens, tomato and/or carrots, other vegetables, no dressing","Poultry mixed dishes","1 cup","10205","cup","1","90","90.0000"
"2706813","Chicken or turkey, breaded, fried, garden salad with bacon and cheese, chicken and/or turkey, bacon, cheese, lettuce and/or greens, tomato and/or carrots, other vegetables, no dressing","Poultry mixed dishes","1 cup","10205","cup","1","90","90.0000"
"2706814","Chicken or turkey garden salad with cheese, chicken and/or turkey, cheese, lettuce and/or greens, tomato and/or carrots, other vegetables, no dressing","Poultry mixed dishes","1 cup","10205","cup","1","90","90.0000"
"2706815","Chicken or turkey, breaded, fried, garden salad with cheese, chicken and/or turkey, cheese, lettuce and/or greens, tomato and/or carrots, other vegetables, no dressing","Poultry mixed dishes","1 cup","10205","cup","1","90","90.0000"
"2706816","Asian chicken or turkey garden salad, chicken and/or turkey, lettuce, fruit, nuts, no dressing","Poultry mixed dishes","1 cup","10205","cup","1","90","90.0000"
"2706817","Asian chicken or turkey garden salad with crispy noodles, chicken and/or turkey, lettuce, fruit, nuts, crispy noodles, no dressing","Poultry mixed dishes","1 cup","10205","cup","1","90","90.0000"
"2706818","Chicken or turkey caesar garden salad, chicken and/or turkey, lettuce, tomato, cheese, no dressing","Poultry mixed dishes","1 cup","10205","cup","1","90","90.0000"
"2706820","Chicken or turkey and vegetables including carrots, broccoli, and/or dark-green leafy; no potatoes, cheese sauce","Poultry mixed dishes","1 cup","10205","cup","1","249","249.0000"
"2706821","Chicken or turkey and vegetables excluding carrots, broccoli, and dark-green leafy; no potatoes, cheese sauce","Poultry mixed dishes","1 cup","10205","cup","1","249","249.0000"
"2706822","Chicken or turkey fricassee, with sauce, no potatoes, potatoes reported separately, Puerto Rican style","Poultry mixed dishes","1 cup","10205","cup","1","223","223.0000"
"2706823","Chicken or turkey fricassee, no sauce, no potatoes, Puerto Rican style","Poultry mixed dishes","1 cup","10205","cup","1","223","223.0000"
"2706824","Crab salad","Seafood mixed dishes","1 cup","10205","cup","1","208","208.0000"
"2706825","Lobster salad","Seafood mixed dishes","1 cup","10205","cup","1","182","182.0000"
"2706826","Salmon salad","Seafood mixed dishes","1 cup","10205","cup","1","208","208.0000"
"2706827","Shrimp chow mein or chop suey, no noodles","Fried rice and lo/chow mein","1 cup","10205","cup","1","220","220.0000"
"2706828","Tuna salad, made with mayonnaise","Seafood mixed dishes","1 cup","10205","cup","1","238","238.0000"
"2706829","Tuna salad, made with light mayonnaise","Seafood mixed dishes","1 cup","10205","cup","1","238","238.0000"
"2706830","Tuna salad, made with mayonnaise-type salad dressing","Seafood mixed dishes","1 cup","10205","cup","1","238","238.0000"
"2706831","Tuna salad, made with light mayonnaise-type salad dressing","Seafood mixed dishes","1 cup","10205","cup","1","238","238.0000"
"2706832","Tuna salad, made with creamy dressing","Seafood mixed dishes","1 cup","10205","cup","1","238","238.0000"
"2706833","Tuna salad, made with light creamy dressing","Seafood mixed dishes","1 cup","10205","cup","1","238","238.0000"
"2706834","Tuna salad, made with Italian dressing","Seafood mixed dishes","1 cup","10205","cup","1","238","238.0000"
"2706835","Tuna salad, made with light Italian dressing","Seafood mixed dishes","1 cup","10205","cup","1","238","238.0000"
"2706836","Tuna salad, made with any type of fat free dressing","Seafood mixed dishes","1 cup","10205","cup","1","238","238.0000"
"2706837","Shrimp salad","Seafood mixed dishes","1 cup","10205","cup","1","182","182.0000"
"2706838","Seafood salad","Seafood mixed dishes","1 cup","10205","cup","1","208","208.0000"
"2706839","Tuna salad with cheese","Seafood mixed dishes","1 cup","10205","cup","1","238","238.0000"
"2706840","Tuna salad with egg","Seafood mixed dishes","1 cup","10205","cup","1","238","238.0000"
"2706841","Shrimp garden salad, shrimp, lettuce, eggs, tomato and/or carrots, other vegetables, no dressing","Seafood mixed dishes","1 cup","10205","cup","1","95","95.0000"
"2706842","Shrimp garden salad, shrimp, lettuce, eggs, vegetables excluding tomato and carrots, no dressing","Seafood mixed dishes","1 cup","10205","cup","1","95","95.0000"
"2706843","Crab salad made with imitation crab","Seafood mixed dishes","1 cup","10205","cup","1","208","208.0000"
"2706844","Fish, tofu, and vegetables, tempura","Seafood mixed dishes","1 cup","10205","cup","1","63","63.0000"
"2706845","Seafood garden salad with seafood, lettuce, vegetables excluding tomato and carrots, no dressing","Seafood mixed dishes","1 cup","10205","cup","1","95","95.0000"
"2706846","Seafood garden salad with seafood, lettuce, tomato and/or carrots, other vegetables, no dressing","Seafood mixed dishes","1 cup","10205","cup","1","95","95.0000"
"2706847","Seafood garden salad with seafood, lettuce, eggs, vegetables excluding tomato and carrots, no dressing","Seafood mixed dishes","1 cup","10205","cup","1","95","95.0000"
"2706848","Seafood garden salad with seafood, lettuce, eggs, tomato and/or carrots, other vegetables, no dressing","Seafood mixed dishes","1 cup","10205","cup","1","95","95.0000"
"2706850","Lomi salmon","Seafood mixed dishes","1 cup","10205","cup","1","234","234.0000"
"2706851","Shrimp and vegetables including carrots, broccoli, and/or dark-green leafy; no potatoes, no sauce","Seafood mixed dishes","1 cup","10205","cup","1","162","162.0000"
"2706852","Shrimp and vegetables excluding carrots, broccoli, and dark-green leafy; no potatoes, no sauce","Seafood mixed dishes","1 cup","10205","cup","1","162","162.0000"
"2706853","Shrimp and vegetables including carrots, broccoli, and/or dark-green leafy; no potatoes, soy-based sauce","Stir-fry and soy-based sauce mixtures","1 cup","10205","cup","1","217","217.0000"
"2706854","Shrimp and vegetables excluding carrots, broccoli, and dark-green leafy; no potatoes, soy-based sauce","Stir-fry and soy-based sauce mixtures","1 cup","10205","cup","1","217","217.0000"
"2706855","Shrimp shish kabob with vegetables, excluding potatoes","Seafood mixed dishes","1 cup","10205","cup","1","154","154.0000"
"2706856","Shrimp creole, no rice","Seafood mixed dishes","1 cup","10205","cup","1","246","246.0000"
"2706857","Kung Pao shrimp","Stir-fry and soy-based sauce mixtures","1 cup","10205","cup","1","162","162.0000"
"2706858","Tuna casserole with vegetables and mushroom sauce, no noodles","Seafood mixed dishes","1 cup","10205","cup","1","224","224.0000"
"2706859","Shellfish mixture and vegetables including carrots, broccoli, and/or dark-green leafy; no potatoes, soy-based sauce","Stir-fry and soy-based sauce mixtures","1 cup","10205","cup","1","217","217.0000"
"2706860","Shellfish mixture and vegetables excluding carrots, broccoli, and dark-green leafy; no potatoes, soy-based sauce","Stir-fry and soy-based sauce mixtures","1 cup","10205","cup","1","217","217.0000"
"2706861","Shellfish mixture and vegetables including carrots, broccoli, and/or dark-green leafy; no potatoes, mushroom sauce","Seafood mixed dishes","1 cup","10205","cup","1","224","224.0000"
"2706862","Shellfish mixture and vegetables excluding carrots, broccoli, and dark-green leafy; no potatoes, mushroom sauce","Seafood mixed dishes","1 cup","10205","cup","1","224","224.0000"
"2706863","Fish and vegetables including carrots, broccoli, and/or dark-green leafy; no potatoes, tomato-based sauce","Seafood mixed dishes","1 cup","10205","cup","1","224","224.0000"
"2706864","Fish and vegetables excluding carrots, broccoli, and dark- green leafy; no potatoes, tomato-based sauce","Seafood mixed dishes","1 cup","10205","cup","1","224","224.0000"
"2706865","Fish and vegetables including carrots, broccoli, and/or dark-green leafy; no potatoes, soy-based sauce","Stir-fry and soy-based sauce mixtures","1 cup","10205","cup","1","217","217.0000"
"2706866","Fish and vegetables excluding  carrots, broccoli, and dark-green leafy; no potatoes, soy-based sauce","Stir-fry and soy-based sauce mixtures","1 cup","10205","cup","1","217","217.0000"
"2706867","Fish shish kabob with vegetables, excluding potatoes","Seafood mixed dishes","1 cup","10205","cup","1","154","154.0000"
"2706869","Lobster with sauce, Puerto Rican style","Seafood mixed dishes","1 cup","10205","cup","1","242","242.0000"
"2706870","Octopus salad, Puerto Rican style","Seafood mixed dishes","1 cup","10205","cup","1","180","180.0000"
"2706871","Codfish salad, Puerto Rican style, Serenata","Seafood mixed dishes","1 cup","10205","cup","1","145","145.0000"
"2706872","Chow mein or chop suey, NS as to type of meat, no noodles","Fried rice and lo/chow mein","1 cup","10205","cup","1","220","220.0000"
"2706874","Antipasto with ham, fish, cheese, vegetables","Meat mixed dishes","1 cup","10205","cup","1","115","115.0000"
"2706875","Livers, chicken, chopped, with eggs and onion","Poultry mixed dishes","1 cup","10205","cup","1","208","208.0000"
"2706876","Liver, beef or calves, and onions","Meat mixed dishes","1 cup","10205","cup","1","202","202.0000"
"2706877","Stewed chitterlings, Puerto Rican style","Meat mixed dishes","1 cup","10205","cup","1","240","240.0000"
"2706878","Stewed gizzards, Puerto Rican style","Poultry mixed dishes","1 cup","10205","cup","1","260","260.0000"
"2706879","Gumbo, no rice","Seafood mixed dishes","1 cup","10205","cup","1","244","244.0000"
"2706880","Sandwich, NFS","Deli and cured meat sandwiches","1 regular","62862","regular","1","115","115.0000"
"2706880","Sandwich, NFS","Deli and cured meat sandwiches","1 large","60919","large","1","175","175.0000"
"2706945","Meatball sandwich or sub","Meat and BBQ sandwiches","1 regular","62862","regular","1","180","180.0000"
"2706945","Meatball sandwich or sub","Meat and BBQ sandwiches","1 large","60919","large","1","270","270.0000"
"2706948","Corned beef sandwich on white","Deli and cured meat sandwiches","1 large","60919","large","1","175","175.0000"
"2706948","Corned beef sandwich on white","Deli and cured meat sandwiches","1 regular","62862","regular","1","115","115.0000"
"2706949","Corned beef sandwich on white, with cheese","Deli and cured meat sandwiches","1 regular","62862","regular","1","135","135.0000"
"2706949","Corned beef sandwich on white, with cheese","Deli and cured meat sandwiches","1 large","60919","large","1","205","205.0000"
"2706950","Corned beef sandwich on wheat","Deli and cured meat sandwiches","1 large","60919","large","1","175","175.0000"
"2706950","Corned beef sandwich on wheat","Deli and cured meat sandwiches","1 regular","62862","regular","1","115","115.0000"
"2706951","Corned beef sandwich on wheat, with cheese","Deli and cured meat sandwiches","1 regular","62862","regular","1","135","135.0000"
"2706951","Corned beef sandwich on wheat, with cheese","Deli and cured meat sandwiches","1 large","60919","large","1","205","205.0000"
"2706953","Roast beef sandwich on white","Deli and cured meat sandwiches","1 regular","62862","regular","1","115","115.0000"
"2706953","Roast beef sandwich on white","Deli and cured meat sandwiches","1 large","60919","large","1","175","175.0000"
"2706954","Roast beef sandwich on white, with cheese","Deli and cured meat sandwiches","1 regular","62862","regular","1","135","135.0000"
"2706954","Roast beef sandwich on white, with cheese","Deli and cured meat sandwiches","1 large","60919","large","1","205","205.0000"
"2706955","Roast beef sandwich on wheat","Deli and cured meat sandwiches","1 regular","62862","regular","1","115","115.0000"
"2706955","Roast beef sandwich on wheat","Deli and cured meat sandwiches","1 large","60919","large","1","175","175.0000"
"2706956","Roast beef sandwich on wheat, with cheese","Deli and cured meat sandwiches","1 regular","62862","regular","1","135","135.0000"
"2706956","Roast beef sandwich on wheat, with cheese","Deli and cured meat sandwiches","1 large","60919","large","1","205","205.0000"
"2706958","Steak sandwich or sub on white","Meat and BBQ sandwiches","1 large","60919","large","1","175","175.0000"
"2706958","Steak sandwich or sub on white","Meat and BBQ sandwiches","1 regular","62862","regular","1","115","115.0000"
"2706959","Steak sandwich or sub on wheat","Meat and BBQ sandwiches","1 regular","62862","regular","1","115","115.0000"
"2706959","Steak sandwich or sub on wheat","Meat and BBQ sandwiches","1 large","60919","large","1","175","175.0000"
"2706960","Cheese steak sandwich or sub on white","Meat and BBQ sandwiches","1 large","60919","large","1","220","220.0000"
"2706960","Cheese steak sandwich or sub on white","Meat and BBQ sandwiches","1 regular","62862","regular","1","145","145.0000"
"2706961","Cheese steak sandwich or sub on wheat","Meat and BBQ sandwiches","1 large","60919","large","1","220","220.0000"
"2706961","Cheese steak sandwich or sub on wheat","Meat and BBQ sandwiches","1 regular","62862","regular","1","145","145.0000"
"2706964","Ham sandwich on white","Deli and cured meat sandwiches","1 regular","62862","regular","1","115","115.0000"
"2706964","Ham sandwich on white","Deli and cured meat sandwiches","1 large","60919","large","1","175","175.0000"
"2706965","Ham sandwich on white, with cheese","Deli and cured meat sandwiches","1 large","60919","large","1","205","205.0000"
"2706965","Ham sandwich on white, with cheese","Deli and cured meat sandwiches","1 regular","62862","regular","1","135","135.0000"
"2706966","Ham sandwich on wheat","Deli and cured meat sandwiches","1 regular","62862","regular","1","115","115.0000"
"2706966","Ham sandwich on wheat","Deli and cured meat sandwiches","1 large","60919","large","1","175","175.0000"
"2706967","Ham sandwich on wheat, with cheese","Deli and cured meat sandwiches","1 regular","62862","regular","1","135","135.0000"
"2706967","Ham sandwich on wheat, with cheese","Deli and cured meat sandwiches","1 large","60919","large","1","205","205.0000"
"2706968","Ham sandwich or sub, restaurant","Deli and cured meat sandwiches","1 regular","62862","regular","1","130","130.0000"
"2706968","Ham sandwich or sub, restaurant","Deli and cured meat sandwiches","1 large","60919","large","1","195","195.0000"
"2706969","Ham sandwich or sub, with cheese, restaurant","Deli and cured meat sandwiches","1 regular","62862","regular","1","160","160.0000"
"2706969","Ham sandwich or sub, with cheese, restaurant","Deli and cured meat sandwiches","1 large","60919","large","1","240","240.0000"
"2706981","Turkey sandwich on white","Deli and cured meat sandwiches","1 large","60919","large","1","175","175.0000"
"2706981","Turkey sandwich on white","Deli and cured meat sandwiches","1 regular","62862","regular","1","115","115.0000"
"2706982","Turkey sandwich on white, with cheese","Deli and cured meat sandwiches","1 large","60919","large","1","205","205.0000"
"2706982","Turkey sandwich on white, with cheese","Deli and cured meat sandwiches","1 regular","62862","regular","1","135","135.0000"
"2706983","Turkey sandwich on wheat","Deli and cured meat sandwiches","1 large","60919","large","1","175","175.0000"
"2706983","Turkey sandwich on wheat","Deli and cured meat sandwiches","1 regular","62862","regular","1","115","115.0000"
"2706984","Turkey sandwich on wheat, with cheese","Deli and cured meat sandwiches","1 large","60919","large","1","205","205.0000"
"2706984","Turkey sandwich on wheat, with cheese","Deli and cured meat sandwiches","1 regular","62862","regular","1","135","135.0000"
"2706985","Turkey sandwich or sub, restaurant","Deli and cured meat sandwiches","1 regular","62862","regular","1","130","130.0000"
"2706985","Turkey sandwich or sub, restaurant","Deli and cured meat sandwiches","1 large","60919","large","1","195","195.0000"
"2706986","Turkey sandwich or sub, with cheese, restaurant","Deli and cured meat sandwiches","1 regular","62862","regular","1","160","160.0000"
"2706986","Turkey sandwich or sub, with cheese, restaurant","Deli and cured meat sandwiches","1 large","60919","large","1","240","240.0000"
"2706988","Chicken deli sandwich or sub, restaurant","Deli and cured meat sandwiches","1 regular","62862","regular","1","130","130.0000"
"2706988","Chicken deli sandwich or sub, restaurant","Deli and cured meat sandwiches","1 large","60919","large","1","195","195.0000"
"2706989","Chicken deli sandwich or sub, with cheese, restaurant","Deli and cured meat sandwiches","1 regular","62862","regular","1","160","160.0000"
"2706989","Chicken deli sandwich or sub, with cheese, restaurant","Deli and cured meat sandwiches","1 large","60919","large","1","240","240.0000"
"2706990","Chicken salad sandwich on white","Chicken fillet sandwiches","1 regular","62862","regular","1","180","180.0000"
"2706990","Chicken salad sandwich on white","Chicken fillet sandwiches","1 large","60919","large","1","270","270.0000"
"2706991","Chicken salad sandwich on wheat","Chicken fillet sandwiches","1 large","60919","large","1","270","270.0000"
"2706991","Chicken salad sandwich on wheat","Chicken fillet sandwiches","1 regular","62862","regular","1","180","180.0000"
"2706997","Club sandwich or sub, restaurant","Deli and cured meat sandwiches","1 regular","62862","regular","1","145","145.0000"
"2706997","Club sandwich or sub, restaurant","Deli and cured meat sandwiches","1 large","60919","large","1","290","290.0000"
"2707034","Tuna salad sandwich on white","Seafood sandwiches","1 regular","62862","regular","1","180","180.0000"
"2707034","Tuna salad sandwich on white","Seafood sandwiches","1 large","60919","large","1","270","270.0000"
"2707035","Tuna salad sandwich on white, with cheese","Seafood sandwiches","1 regular","62862","regular","1","200","200.0000"
"2707035","Tuna salad sandwich on white, with cheese","Seafood sandwiches","1 large","60919","large","1","300","300.0000"
"2707036","Tuna salad sandwich on wheat","Seafood sandwiches","1 large","60919","large","1","270","270.0000"
"2707036","Tuna salad sandwich on wheat","Seafood sandwiches","1 regular","62862","regular","1","180","180.0000"
"2707037","Tuna salad sandwich on wheat, with cheese","Seafood sandwiches","1 regular","62862","regular","1","200","200.0000"
"2707037","Tuna salad sandwich on wheat, with cheese","Seafood sandwiches","1 large","60919","large","1","300","300.0000"
"2707040","Bologna sandwich on white","Deli and cured meat sandwiches","1 large","60919","large","1","175","175.0000"
"2707040","Bologna sandwich on white","Deli and cured meat sandwiches","1 regular","62862","regular","1","115","115.0000"
"2707041","Bologna sandwich on white, with cheese","Deli and cured meat sandwiches","1 regular","62862","regular","1","135","135.0000"
"2707041","Bologna sandwich on white, with cheese","Deli and cured meat sandwiches","1 large","60919","large","1","205","205.0000"
"2707042","Bologna sandwich on wheat","Deli and cured meat sandwiches","1 regular","62862","regular","1","115","115.0000"
"2707042","Bologna sandwich on wheat","Deli and cured meat sandwiches","1 large","60919","large","1","175","175.0000"
"2707043","Bologna sandwich on wheat, with cheese","Deli and cured meat sandwiches","1 regular","62862","regular","1","135","135.0000"
"2707043","Bologna sandwich on wheat, with cheese","Deli and cured meat sandwiches","1 large","60919","large","1","205","205.0000"
"2707044","Corn dog","Frankfurter sandwiches","1 regular","62862","regular","1","88","88.0000"
"2707046","Salami sandwich on white","Deli and cured meat sandwiches","1 large","60919","large","1","175","175.0000"
"2707046","Salami sandwich on white","Deli and cured meat sandwiches","1 regular","62862","regular","1","115","115.0000"
"2707047","Salami sandwich on white, with cheese","Deli and cured meat sandwiches","1 regular","62862","regular","1","135","135.0000"
"2707047","Salami sandwich on white, with cheese","Deli and cured meat sandwiches","1 large","60919","large","1","205","205.0000"
"2707048","Salami sandwich on wheat","Deli and cured meat sandwiches","1 large","60919","large","1","175","175.0000"
"2707048","Salami sandwich on wheat","Deli and cured meat sandwiches","1 regular","62862","regular","1","115","115.0000"
"2707049","Salami sandwich on wheat, with cheese","Deli and cured meat sandwiches","1 regular","62862","regular","1","135","135.0000"
"2707049","Salami sandwich on wheat, with cheese","Deli and cured meat sandwiches","1 large","60919","large","1","205","205.0000"
"2707050","Italian sandwich on white","Deli and cured meat sandwiches","1 regular","62862","regular","1","165","165.0000"
"2707050","Italian sandwich on white","Deli and cured meat sandwiches","1 large","60919","large","1","250","250.0000"
"2707051","Italian sandwich on wheat","Deli and cured meat sandwiches","1 regular","62862","regular","1","165","165.0000"
"2707051","Italian sandwich on wheat","Deli and cured meat sandwiches","1 large","60919","large","1","250","250.0000"
"2707052","Italian sandwich or sub, restaurant","Deli and cured meat sandwiches","1 large","60919","large","1","295","295.0000"
"2707052","Italian sandwich or sub, restaurant","Deli and cured meat sandwiches","1 regular","62862","regular","1","195","195.0000"
"2707082","Multiple meat sandwich on white","Deli and cured meat sandwiches","1 regular","62862","regular","1","145","145.0000"
"2707082","Multiple meat sandwich on white","Deli and cured meat sandwiches","1 large","60919","large","1","220","220.0000"
"2707083","Multiple meat sandwich on white, with cheese","Deli and cured meat sandwiches","1 regular","62862","regular","1","165","165.0000"
"2707083","Multiple meat sandwich on white, with cheese","Deli and cured meat sandwiches","1 large","60919","large","1","250","250.0000"
"2707084","Multiple meat sandwich on wheat","Deli and cured meat sandwiches","1 regular","62862","regular","1","145","145.0000"
"2707084","Multiple meat sandwich on wheat","Deli and cured meat sandwiches","1 large","60919","large","1","220","220.0000"
"2707085","Multiple meat sandwich on wheat, with cheese","Deli and cured meat sandwiches","1 regular","62862","regular","1","165","165.0000"
"2707085","Multiple meat sandwich on wheat, with cheese","Deli and cured meat sandwiches","1 large","60919","large","1","250","250.0000"
"2707086","Multiple meat sandwich or sub, restaurant","Deli and cured meat sandwiches","1 regular","62862","regular","1","165","165.0000"
"2707086","Multiple meat sandwich or sub, restaurant","Deli and cured meat sandwiches","1 large","60919","large","1","250","250.0000"
"2707087","Multiple meat sandwich or sub, with cheese, restaurant","Deli and cured meat sandwiches","1 regular","62862","regular","1","190","190.0000"
"2707087","Multiple meat sandwich or sub, with cheese, restaurant","Deli and cured meat sandwiches","1 large","60919","large","1","285","285.0000"
"2707093","Turkey and ham sandwich or sub, restaurant","Deli and cured meat sandwiches","1 regular","62862","regular","1","165","165.0000"
"2707093","Turkey and ham sandwich or sub, restaurant","Deli and cured meat sandwiches","1 large","60919","large","1","250","250.0000"
"2707094","Turkey and ham sandwich or sub, with cheese, restaurant","Deli and cured meat sandwiches","1 regular","62862","regular","1","195","195.0000"
"2707094","Turkey and ham sandwich or sub, with cheese, restaurant","Deli and cured meat sandwiches","1 large","60919","large","1","295","295.0000"
"2707123","Soup, meatball","Soups, broth-based","1 cup","10205","cup","1","245","245.0000"
"2707124","Soup, pho, with meat","Ramen and Asian broth-based soups","1 cup","10205","cup","1","245","245.0000"
"2707125","Soup, pho, no meat","Ramen and Asian broth-based soups","1 cup","10205","cup","1","245","245.0000"
"2707126","Soup, pepperpot","Soups, cream-based","1 cup","10205","cup","1","245","245.0000"
"2707127","Soup, beef, canned","Soups, broth-based","1 cup","10205","cup","1","245","245.0000"
"2707127","Soup, beef, canned","Soups, broth-based","1 can","60482","can","1","525","525.0000"
"2707128","Soup, sopa or caldo de res","Soups, broth-based","1 cup","10205","cup","1","245","245.0000"
"2707129","Soup, pozole","Soups, broth-based","1 cup","10205","cup","1","245","245.0000"
"2707130","Soup, Italian wedding","Soups, broth-based","1 can","60482","can","1","525","525.0000"
"2707130","Soup, Italian wedding","Soups, broth-based","1 cup","10205","cup","1","245","245.0000"
"2707131","Soup, pork or ham","Soups, broth-based","1 can","60482","can","1","525","525.0000"
"2707131","Soup, pork or ham","Soups, broth-based","1 cup","10205","cup","1","245","245.0000"
"2707132","Soup, broth","Soups, broth-based","1 can","60482","can","1","525","525.0000"
"2707132","Soup, broth","Soups, broth-based","1 cup","10205","cup","1","240","240.0000"
"2707133","Soup, chicken, canned","Soups, broth-based","1 can","60482","can","1","525","525.0000"
"2707133","Soup, chicken, canned","Soups, broth-based","1 cup","10205","cup","1","245","245.0000"
"2707134","Soup, chicken","Soups, broth-based","1 cup","10205","cup","1","245","245.0000"
"2707135","Soup, sopa or caldo de pollo","Soups, broth-based","1 cup","10205","cup","1","245","245.0000"
"2707136","Soup, hot and sour","Ramen and Asian broth-based soups","1 cup","10205","cup","1","245","245.0000"
"2707137","Soup, cream of chicken","Soups, cream-based","1 can","60482","can","1","525","525.0000"
"2707137","Soup, cream of chicken","Soups, cream-based","1 cup","10205","cup","1","255","255.0000"
"2707138","Soup, Manhattan clam chowder","Soups, broth-based","1 can","60482","can","1","525","525.0000"
"2707138","Soup, Manhattan clam chowder","Soups, broth-based","1 cup","10205","cup","1","245","245.0000"
"2707139","Soup, New England clam chowder","Soups, cream-based","1 can","60482","can","1","525","525.0000"
"2707139","Soup, New England clam chowder","Soups, cream-based","1 cup","10205","cup","1","255","255.0000"
"2707140","Soup, bisque","Soups, cream-based","1 cup","10205","cup","1","255","255.0000"
"2707141","Lobster gumbo","Seafood mixed dishes","1 cup","10205","cup","1","244","244.0000"
"2707142","Shrimp gumbo","Seafood mixed dishes","1 cup","10205","cup","1","244","244.0000"
"2707143","Soup, fish or shrimp","Soups, broth-based","1 cup","10205","cup","1","245","245.0000"
"2707144","Gravy, poultry","Dips, gravies, other sauces","1 cup","10205","cup","1","240","240.0000"
"2707145","Gravy, beef","Dips, gravies, other sauces","1 cup","10205","cup","1","240","240.0000"
"2707146","Gravy, beef, fat free","Dips, gravies, other sauces","1 cup","10205","cup","1","240","240.0000"
"2707147","Gravy, poultry, fat free","Dips, gravies, other sauces","1 cup","10205","cup","1","240","240.0000"
"2707148","Gravy, made with soy sauce","Dips, gravies, other sauces","1 cup","10205","cup","1","240","240.0000"
"2707149","Gravy, NFS","Dips, gravies, other sauces","1 cup","10205","cup","1","240","240.0000"
"2707150","Oyster sauce","Soy-based condiments","1 tablespoon","21000","tbsp","1","16","16.0000"
"2707151","Mole sauce","Dips, gravies, other sauces","1 tablespoon","21000","tbsp","1","16","16.0000"
"2707152","Egg, whole, raw","Eggs and omelets","1 egg","60710","egg","1","50","50.0000"
"2707152","Egg, whole, raw","Eggs and omelets","1 cup","10205","cup","1","245","245.0000"
"2707153","Egg, whole, cooked, NS as to cooking method","Eggs and omelets","1 egg","60710","egg","1","50","50.0000"
"2707153","Egg, whole, cooked, NS as to cooking method","Eggs and omelets","1 cup","10205","cup","1","135","135.0000"
"2707154","Egg, whole, boiled or poached","Eggs and omelets","1 egg","60710","egg","1","50","50.0000"
"2707154","Egg, whole, boiled or poached","Eggs and omelets","1 slice","61935","slice","1","5","5.0000"
"2707154","Egg, whole, boiled or poached","Eggs and omelets","1 cup","10205","cup","1","135","135.0000"
"2707155","Egg, whole, fried, NS as to fat","Eggs and omelets","1 egg","60710","egg","1","55","55.0000"
"2707155","Egg, whole, fried, NS as to fat","Eggs and omelets","1 cup","10205","cup","1","135","135.0000"
"2707156","Egg, whole, fried no added fat","Eggs and omelets","1 cup","10205","cup","1","135","135.0000"
"2707156","Egg, whole, fried no added fat","Eggs and omelets","1 egg","60710","egg","1","50","50.0000"
"2707157","Egg, whole, fried with margarine","Eggs and omelets","1 cup","10205","cup","1","135","135.0000"
"2707157","Egg, whole, fried with margarine","Eggs and omelets","1 egg","60710","egg","1","55","55.0000"
"2707158","Egg, whole, fried with oil","Eggs and omelets","1 egg","60710","egg","1","55","55.0000"
"2707158","Egg, whole, fried with oil","Eggs and omelets","1 cup","10205","cup","1","135","135.0000"
"2707159","Egg, whole, fried with butter","Eggs and omelets","1 egg","60710","egg","1","55","55.0000"
"2707159","Egg, whole, fried with butter","Eggs and omelets","1 cup","10205","cup","1","135","135.0000"
"2707160","Egg, whole, fried with animal fat or meat drippings","Eggs and omelets","1 cup","10205","cup","1","135","135.0000"
"2707160","Egg, whole, fried with animal fat or meat drippings","Eggs and omelets","1 egg","60710","egg","1","55","55.0000"
"2707161","Egg, whole, fried with cooking spray","Eggs and omelets","1 egg","60710","egg","1","50","50.0000"
"2707161","Egg, whole, fried with cooking spray","Eggs and omelets","1 cup","10205","cup","1","135","135.0000"
"2707162","Egg, whole, fried, NS as to fat type","Eggs and omelets","1 egg","60710","egg","1","55","55.0000"
"2707162","Egg, whole, fried, NS as to fat type","Eggs and omelets","1 cup","10205","cup","1","135","135.0000"
"2707163","Egg, whole, fried, from fast food / restaurant","Eggs and omelets","1 egg","60710","egg","1","55","55.0000"
"2707163","Egg, whole, fried, from fast food / restaurant","Eggs and omelets","1 cup","10205","cup","1","135","135.0000"
"2707164","Egg, whole, baked, NS as to fat","Eggs and omelets","1 egg","60710","egg","1","55","55.0000"
"2707164","Egg, whole, baked, NS as to fat","Eggs and omelets","1 cup","10205","cup","1","135","135.0000"
"2707165","Egg, whole, baked, no added fat","Eggs and omelets","1 egg","60710","egg","1","50","50.0000"
"2707165","Egg, whole, baked, no added fat","Eggs and omelets","1 cup","10205","cup","1","135","135.0000"
"2707166","Egg, whole, baked, fat added","Eggs and omelets","1 egg","60710","egg","1","55","55.0000"
"2707166","Egg, whole, baked, fat added","Eggs and omelets","1 cup","10205","cup","1","135","135.0000"
"2707167","Egg, whole, pickled","Eggs and omelets","1 egg","60710","egg","1","50","50.0000"
"2707168","Egg, white only, raw","Eggs and omelets","1 cup","10205","cup","1","245","245.0000"
"2707169","Egg, white, cooked, NS as to fat","Eggs and omelets","1 cup","10205","cup","1","135","135.0000"
"2707170","Egg, white, cooked, no added fat","Eggs and omelets","1 cup","10205","cup","1","135","135.0000"
"2707171","Egg, white, cooked, fat added","Eggs and omelets","1 cup","10205","cup","1","135","135.0000"
"2707172","Egg, yolk only, raw","Eggs and omelets","1 egg","60710","egg","1","17","17.0000"
"2707172","Egg, yolk only, raw","Eggs and omelets","1 cup","10205","cup","1","245","245.0000"
"2707173","Egg, yolk only, cooked, NS as to fat","Eggs and omelets","1 cup","10205","cup","1","135","135.0000"
"2707173","Egg, yolk only, cooked, NS as to fat","Eggs and omelets","1 egg","60710","egg","1","20","20.0000"
"2707174","Egg, yolk only, cooked, no added fat","Eggs and omelets","1 cup","10205","cup","1","135","135.0000"
"2707174","Egg, yolk only, cooked, no added fat","Eggs and omelets","1 egg","60710","egg","1","17","17.0000"
"2707175","Egg, yolk only, cooked, fat added","Eggs and omelets","1 egg","60710","egg","1","20","20.0000"
"2707175","Egg, yolk only, cooked, fat added","Eggs and omelets","1 cup","10205","cup","1","135","135.0000"
"2707176","Duck egg, cooked","Eggs and omelets","1 egg","60710","egg","1","70","70.0000"
"2707176","Duck egg, cooked","Eggs and omelets","1 cup","10205","cup","1","135","135.0000"
"2707177","Goose egg, cooked","Eggs and omelets","1 egg","60710","egg","1","144","144.0000"
"2707178","Quail egg, canned","Eggs and omelets","1 egg","60710","egg","1","9","9.0000"
"2707179","Egg, creamed","Eggs and omelets","1 egg","60710","egg","1","145","145.0000"
"2707179","Egg, creamed","Eggs and omelets","1 cup","10205","cup","1","135","135.0000"
"2707180","Egg, Benedict","Eggs and omelets","1 egg","60710","egg","1","155","155.0000"
"2707181","Egg, deviled","Eggs and omelets","1 egg","60710","egg","1","30","30.0000"
"2707182","Egg salad, made with mayonnaise","Eggs and omelets","1 egg, NS as to size","60721","egg","1","74","74.0000"
"2707182","Egg salad, made with mayonnaise","Eggs and omelets","1 cup","10205","cup","1","222","222.0000"
"2707183","Egg salad, made with light mayonnaise","Eggs and omelets","1 cup","10205","cup","1","222","222.0000"
"2707183","Egg salad, made with light mayonnaise","Eggs and omelets","1 egg, NS as to size","60721","egg","1","74","74.0000"
"2707184","Egg salad, made with mayonnaise-type salad dressing","Eggs and omelets","1 cup","10205","cup","1","222","222.0000"
"2707184","Egg salad, made with mayonnaise-type salad dressing","Eggs and omelets","1 egg, NS as to size","60721","egg","1","74","74.0000"
"2707185","Egg salad, made with light mayonnaise-type salad dressing","Eggs and omelets","1 cup","10205","cup","1","222","222.0000"
"2707185","Egg salad, made with light mayonnaise-type salad dressing","Eggs and omelets","1 egg, NS as to size","60721","egg","1","74","74.0000"
"2707186","Egg salad, made with creamy dressing","Eggs and omelets","1 egg, NS as to size","60721","egg","1","74","74.0000"
"2707186","Egg salad, made with creamy dressing","Eggs and omelets","1 cup","10205","cup","1","222","222.0000"
"2707187","Egg salad, made with light creamy dressing","Eggs and omelets","1 egg, NS as to size","60721","egg","1","74","74.0000"
"2707187","Egg salad, made with light creamy dressing","Eggs and omelets","1 cup","10205","cup","1","222","222.0000"
"2707188","Egg salad, made with Italian dressing","Eggs and omelets","1 egg, NS as to size","60721","egg","1","74","74.0000"
"2707188","Egg salad, made with Italian dressing","Eggs and omelets","1 cup","10205","cup","1","222","222.0000"
"2707189","Egg salad, made with light Italian dressing","Eggs and omelets","1 egg, NS as to size","60721","egg","1","74","74.0000"
"2707189","Egg salad, made with light Italian dressing","Eggs and omelets","1 cup","10205","cup","1","222","222.0000"
"2707190","Egg Salad, made with any type of fat free dressing","Eggs and omelets","1 egg, NS as to size","60721","egg","1","74","74.0000"
"2707190","Egg Salad, made with any type of fat free dressing","Eggs and omelets","1 cup","10205","cup","1","222","222.0000"
"2707191","Huevos rancheros","Eggs and omelets","1 cup","10205","cup","1","135","135.0000"
"2707191","Huevos rancheros","Eggs and omelets","1 egg","60710","egg","1","118","118.0000"
"2707192","Egg casserole with bread, cheese, milk and meat","Eggs and omelets","1 cup","10205","cup","1","164","164.0000"
"2707193","Egg foo yung, NFS","Stir-fry and soy-based sauce mixtures","1 cup","10205","cup","1","175","175.0000"
"2707194","Chicken egg foo yung","Stir-fry and soy-based sauce mixtures","1 cup","10205","cup","1","175","175.0000"
"2707195","Pork egg foo yung","Stir-fry and soy-based sauce mixtures","1 cup","10205","cup","1","175","175.0000"
"2707196","Shrimp egg foo yung","Stir-fry and soy-based sauce mixtures","1 cup","10205","cup","1","175","175.0000"
"2707197","Beef egg foo yung","Stir-fry and soy-based sauce mixtures","1 cup","10205","cup","1","175","175.0000"
"2707198","Egg omelet or scrambled egg, NS as to fat","Eggs and omelets","1 egg","60710","egg","1","55","55.0000"
"2707198","Egg omelet or scrambled egg, NS as to fat","Eggs and omelets","1 cup","10205","cup","1","135","135.0000"
"2707199","Egg omelet or scrambled egg, made with margarine","Eggs and omelets","1 cup","10205","cup","1","135","135.0000"
"2707199","Egg omelet or scrambled egg, made with margarine","Eggs and omelets","1 egg","60710","egg","1","55","55.0000"
"2707200","Egg omelet or scrambled egg, made with oil","Eggs and omelets","1 egg","60710","egg","1","55","55.0000"
"2707200","Egg omelet or scrambled egg, made with oil","Eggs and omelets","1 cup","10205","cup","1","135","135.0000"
"2707201","Egg omelet or scrambled egg, made with butter","Eggs and omelets","1 egg","60710","egg","1","55","55.0000"
"2707201","Egg omelet or scrambled egg, made with butter","Eggs and omelets","1 cup","10205","cup","1","135","135.0000"
"2707202","Egg omelet or scrambled egg, made with animal fat or meat drippings","Eggs and omelets","1 egg","60710","egg","1","55","55.0000"
"2707202","Egg omelet or scrambled egg, made with animal fat or meat drippings","Eggs and omelets","1 cup","10205","cup","1","135","135.0000"
"2707203","Egg omelet or scrambled egg, made with cooking spray","Eggs and omelets","1 cup","10205","cup","1","135","135.0000"
"2707203","Egg omelet or scrambled egg, made with cooking spray","Eggs and omelets","1 egg","60710","egg","1","50","50.0000"
"2707204","Egg omelet or scrambled egg, NS as to fat type","Eggs and omelets","1 cup","10205","cup","1","135","135.0000"
"2707204","Egg omelet or scrambled egg, NS as to fat type","Eggs and omelets","1 egg","60710","egg","1","55","55.0000"
"2707205","Egg omelet or scrambled egg, no added fat","Eggs and omelets","1 egg","60710","egg","1","50","50.0000"
"2707205","Egg omelet or scrambled egg, no added fat","Eggs and omelets","1 cup","10205","cup","1","135","135.0000"
"2707206","Egg omelet or scrambled egg, from fast food / restaurant","Eggs and omelets","1 cup","10205","cup","1","135","135.0000"
"2707206","Egg omelet or scrambled egg, from fast food / restaurant","Eggs and omelets","1 egg","60710","egg","1","55","55.0000"
"2707207","Egg omelet or scrambled egg, with cheese, made with margarine","Eggs and omelets","1 egg","60710","egg","1","65","65.0000"
"2707207","Egg omelet or scrambled egg, with cheese, made with margarine","Eggs and omelets","1 cup","10205","cup","1","135","135.0000"
"2707208","Egg omelet or scrambled egg, with cheese, made with oil","Eggs and omelets","1 cup","10205","cup","1","135","135.0000"
"2707208","Egg omelet or scrambled egg, with cheese, made with oil","Eggs and omelets","1 egg","60710","egg","1","65","65.0000"
"2707209","Egg omelet or scrambled egg, with cheese, made with butter","Eggs and omelets","1 cup","10205","cup","1","135","135.0000"
"2707209","Egg omelet or scrambled egg, with cheese, made with butter","Eggs and omelets","1 egg","60710","egg","1","65","65.0000"
"2707210","Egg omelet or scrambled egg, with cheese, made with animal fat or meat drippings","Eggs and omelets","1 egg","60710","egg","1","65","65.0000"
"2707210","Egg omelet or scrambled egg, with cheese, made with animal fat or meat drippings","Eggs and omelets","1 cup","10205","cup","1","135","135.0000"
"2707211","Egg omelet or scrambled egg, with cheese, made with cooking spray","Eggs and omelets","1 cup","10205","cup","1","135","135.0000"
"2707211","Egg omelet or scrambled egg, with cheese, made with cooking spray","Eggs and omelets","1 egg","60710","egg","1","60","60.0000"
"2707212","Egg omelet or scrambled egg, with cheese, no added fat","Eggs and omelets","1 egg","60710","egg","1","60","60.0000"
"2707212","Egg omelet or scrambled egg, with cheese, no added fat","Eggs and omelets","1 cup","10205","cup","1","135","135.0000"
"2707213","Egg omelet or scrambled egg, with meat, NS as to fat","Eggs and omelets","1 cup","10205","cup","1","135","135.0000"
"2707213","Egg omelet or scrambled egg, with meat, NS as to fat","Eggs and omelets","1 egg","60710","egg","1","75","75.0000"
"2707214","Egg omelet or scrambled egg, with meat, made with margarine","Eggs and omelets","1 egg","60710","egg","1","75","75.0000"
"2707214","Egg omelet or scrambled egg, with meat, made with margarine","Eggs and omelets","1 cup","10205","cup","1","135","135.0000"
"2707215","Egg omelet or scrambled egg, with meat, made with oil","Eggs and omelets","1 cup","10205","cup","1","135","135.0000"
"2707215","Egg omelet or scrambled egg, with meat, made with oil","Eggs and omelets","1 egg","60710","egg","1","75","75.0000"
"2707216","Egg omelet or scrambled egg, with meat, made with butter","Eggs and omelets","1 egg","60710","egg","1","75","75.0000"
"2707216","Egg omelet or scrambled egg, with meat, made with butter","Eggs and omelets","1 cup","10205","cup","1","135","135.0000"
"2707217","Egg omelet or scrambled egg, with meat, made with animal fat or meat drippings","Eggs and omelets","1 egg","60710","egg","1","75","75.0000"
"2707217","Egg omelet or scrambled egg, with meat, made with animal fat or meat drippings","Eggs and omelets","1 cup","10205","cup","1","135","135.0000"
"2707218","Egg omelet or scrambled egg, with meat, made with cooking spray","Eggs and omelets","1 egg","60710","egg","1","70","70.0000"
"2707218","Egg omelet or scrambled egg, with meat, made with cooking spray","Eggs and omelets","1 cup","10205","cup","1","135","135.0000"
"2707219","Egg omelet or scrambled egg, with meat, NS as to fat type","Eggs and omelets","1 cup","10205","cup","1","135","135.0000"
"2707219","Egg omelet or scrambled egg, with meat, NS as to fat type","Eggs and omelets","1 egg","60710","egg","1","75","75.0000"
"2707220","Egg omelet or scrambled egg, with meat, no added fat","Eggs and omelets","1 egg","60710","egg","1","70","70.0000"
"2707220","Egg omelet or scrambled egg, with meat, no added fat","Eggs and omelets","1 cup","10205","cup","1","135","135.0000"
"2707221","Egg omelet or scrambled egg, with cheese and meat, NS as to fat","Eggs and omelets","1 egg","60710","egg","1","85","85.0000"
"2707221","Egg omelet or scrambled egg, with cheese and meat, NS as to fat","Eggs and omelets","1 cup","10205","cup","1","135","135.0000"
"2707222","Egg omelet or scrambled egg, with cheese and meat, made with margarine","Eggs and omelets","1 egg","60710","egg","1","85","85.0000"
"2707222","Egg omelet or scrambled egg, with cheese and meat, made with margarine","Eggs and omelets","1 cup","10205","cup","1","135","135.0000"
"2707223","Egg omelet or scrambled egg, with cheese and meat, made with oil","Eggs and omelets","1 egg","60710","egg","1","85","85.0000"
"2707223","Egg omelet or scrambled egg, with cheese and meat, made with oil","Eggs and omelets","1 cup","10205","cup","1","135","135.0000"
"2707224","Egg omelet or scrambled egg, with cheese and meat, made with butter","Eggs and omelets","1 cup","10205","cup","1","135","135.0000"
"2707224","Egg omelet or scrambled egg, with cheese and meat, made with butter","Eggs and omelets","1 egg","60710","egg","1","85","85.0000"
"2707225","Egg omelet or scrambled egg, with cheese and meat, made with animal fat or meat drippings","Eggs and omelets","1 cup","10205","cup","1","135","135.0000"
"2707225","Egg omelet or scrambled egg, with cheese and meat, made with animal fat or meat drippings","Eggs and omelets","1 egg","60710","egg","1","85","85.0000"
"2707226","Egg omelet or scrambled egg, with cheese and meat, made with cooking spray","Eggs and omelets","1 cup","10205","cup","1","135","135.0000"
"2707226","Egg omelet or scrambled egg, with cheese and meat, made with cooking spray","Eggs and omelets","1 egg","60710","egg","1","80","80.0000"
"2707227","Egg omelet or scrambled egg, with cheese and meat, NS as to fat type","Eggs and omelets","1 cup","10205","cup","1","135","135.0000"
"2707227","Egg omelet or scrambled egg, with cheese and meat, NS as to fat type","Eggs and omelets","1 egg","60710","egg","1","85","85.0000"
"2707228","Egg omelet or scrambled egg, with cheese and meat, no added fat","Eggs and omelets","1 egg","60710","egg","1","80","80.0000"
"2707228","Egg omelet or scrambled egg, with cheese and meat, no added fat","Eggs and omelets","1 cup","10205","cup","1","135","135.0000"
"2707229","Egg omelet or scrambled egg, with tomatoes, fat added","Eggs and omelets","1 cup","10205","cup","1","135","135.0000"
"2707229","Egg omelet or scrambled egg, with tomatoes, fat added","Eggs and omelets","1 egg","60710","egg","1","75","75.0000"
"2707230","Egg omelet or scrambled egg, with tomatoes, no added fat","Eggs and omelets","1 cup","10205","cup","1","135","135.0000"
"2707230","Egg omelet or scrambled egg, with tomatoes, no added fat","Eggs and omelets","1 egg","60710","egg","1","70","70.0000"
"2707231","Egg omelet or scrambled egg, with tomatoes, NS as to fat","Eggs and omelets","1 cup","10205","cup","1","135","135.0000"
"2707231","Egg omelet or scrambled egg, with tomatoes, NS as to fat","Eggs and omelets","1 egg","60710","egg","1","75","75.0000"
"2707232","Egg omelet or scrambled egg, with dark-green vegetables, fat added","Eggs and omelets","1 cup","10205","cup","1","135","135.0000"
"2707232","Egg omelet or scrambled egg, with dark-green vegetables, fat added","Eggs and omelets","1 egg","60710","egg","1","75","75.0000"
"2707233","Egg omelet or scrambled egg, with dark-green vegetables, no added fat","Eggs and omelets","1 cup","10205","cup","1","135","135.0000"
"2707233","Egg omelet or scrambled egg, with dark-green vegetables, no added fat","Eggs and omelets","1 egg","60710","egg","1","70","70.0000"
"2707234","Egg omelet or scrambled egg, with dark-green vegetables, NS as to fat","Eggs and omelets","1 cup","10205","cup","1","135","135.0000"
"2707234","Egg omelet or scrambled egg, with dark-green vegetables, NS as to fat","Eggs and omelets","1 egg","60710","egg","1","75","75.0000"
"2707235","Egg omelet or scrambled egg, with tomatoes and dark-green vegetables, fat added","Eggs and omelets","1 egg","60710","egg","1","75","75.0000"
"2707235","Egg omelet or scrambled egg, with tomatoes and dark-green vegetables, fat added","Eggs and omelets","1 cup","10205","cup","1","135","135.0000"
"2707236","Egg omelet or scrambled egg, with tomatoes and dark-green vegetables, no fat added","Eggs and omelets","1 cup","10205","cup","1","135","135.0000"
"2707236","Egg omelet or scrambled egg, with tomatoes and dark-green vegetables, no fat added","Eggs and omelets","1 egg","60710","egg","1","70","70.0000"
"2707237","Egg omelet or scrambled egg, with tomatoes and dark-green vegetables, NS as to fat","Eggs and omelets","1 egg","60710","egg","1","75","75.0000"
"2707237","Egg omelet or scrambled egg, with tomatoes and dark-green vegetables, NS as to fat","Eggs and omelets","1 cup","10205","cup","1","135","135.0000"
"2707238","Egg omelet or scrambled egg, with vegetables other than dark green and/or tomatoes, fat added","Eggs and omelets","1 egg","60710","egg","1","75","75.0000"
"2707238","Egg omelet or scrambled egg, with vegetables other than dark green and/or tomatoes, fat added","Eggs and omelets","1 cup","10205","cup","1","135","135.0000"
"2707239","Egg omelet or scrambled egg, with vegetables other than dark green and/or tomatoes, no added fat","Eggs and omelets","1 egg","60710","egg","1","70","70.0000"
"2707239","Egg omelet or scrambled egg, with vegetables other than dark green and/or tomatoes, no added fat","Eggs and omelets","1 cup","10205","cup","1","135","135.0000"
"2707240","Egg omelet or scrambled egg, with vegetables other than dark green and/or tomatoes, NS as to fat","Eggs and omelets","1 egg","60710","egg","1","75","75.0000"
"2707240","Egg omelet or scrambled egg, with vegetables other than dark green and/or tomatoes, NS as to fat","Eggs and omelets","1 cup","10205","cup","1","135","135.0000"
"2707241","Egg omelet or scrambled egg, with cheese and tomatoes, fat added","Eggs and omelets","1 egg","60710","egg","1","85","85.0000"
"2707241","Egg omelet or scrambled egg, with cheese and tomatoes, fat added","Eggs and omelets","1 cup","10205","cup","1","135","135.0000"
"2707242","Egg omelet or scrambled egg, with cheese and tomatoes, no added fat","Eggs and omelets","1 egg","60710","egg","1","80","80.0000"
"2707242","Egg omelet or scrambled egg, with cheese and tomatoes, no added fat","Eggs and omelets","1 cup","10205","cup","1","135","135.0000"
"2707243","Egg omelet or scrambled egg, with cheese and tomatoes, NS as to fat","Eggs and omelets","1 cup","10205","cup","1","135","135.0000"
"2707243","Egg omelet or scrambled egg, with cheese and tomatoes, NS as to fat","Eggs and omelets","1 egg","60710","egg","1","85","85.0000"
"2707244","Egg omelet or scrambled egg, with cheese and dark-green vegetables, fat added","Eggs and omelets","1 cup","10205","cup","1","135","135.0000"
"2707244","Egg omelet or scrambled egg, with cheese and dark-green vegetables, fat added","Eggs and omelets","1 egg","60710","egg","1","85","85.0000"
"2707245","Egg omelet or scrambled egg, with cheese and dark-green vegetables, no added fat","Eggs and omelets","1 egg","60710","egg","1","80","80.0000"
"2707245","Egg omelet or scrambled egg, with cheese and dark-green vegetables, no added fat","Eggs and omelets","1 cup","10205","cup","1","135","135.0000"
"2707246","Egg omelet or scrambled egg, with cheese and dark-green vegetables, NS as to fat","Eggs and omelets","1 egg","60710","egg","1","85","85.0000"
"2707246","Egg omelet or scrambled egg, with cheese and dark-green vegetables, NS as to fat","Eggs and omelets","1 cup","10205","cup","1","135","135.0000"
"2707247","Egg omelet or scrambled egg, with cheese, tomatoes, and dark-green vegetables, fat added","Eggs and omelets","1 egg","60710","egg","1","85","85.0000"
"2707247","Egg omelet or scrambled egg, with cheese, tomatoes, and dark-green vegetables, fat added","Eggs and omelets","1 cup","10205","cup","1","135","135.0000"
"2707248","Egg omelet or scrambled egg, with cheese, tomatoes, and dark-green vegetables, no added fat","Eggs and omelets","1 egg","60710","egg","1","80","80.0000"
"2707248","Egg omelet or scrambled egg, with cheese, tomatoes, and dark-green vegetables, no added fat","Eggs and omelets","1 cup","10205","cup","1","135","135.0000"
"2707249","Egg omelet or scrambled egg, with cheese, tomatoes, and dark-green vegetables, NS as to fat","Eggs and omelets","1 egg","60710","egg","1","85","85.0000"
"2707249","Egg omelet or scrambled egg, with cheese, tomatoes, and dark-green vegetables, NS as to fat","Eggs and omelets","1 cup","10205","cup","1","135","135.0000"
"2707250","Egg omelet or scrambled egg, with cheese and vegetables other than dark green and/or tomatoes, fat added","Eggs and omelets","1 cup","10205","cup","1","135","135.0000"
"2707250","Egg omelet or scrambled egg, with cheese and vegetables other than dark green and/or tomatoes, fat added","Eggs and omelets","1 egg","60710","egg","1","85","85.0000"
"2707251","Egg omelet or scrambled egg, with cheese and vegetables other than dark green and/or tomatoes, no added fat","Eggs and omelets","1 cup","10205","cup","1","135","135.0000"
"2707251","Egg omelet or scrambled egg, with cheese and vegetables other than dark green and/or tomatoes, no added fat","Eggs and omelets","1 egg","60710","egg","1","80","80.0000"
"2707252","Egg omelet or scrambled egg, with cheese and vegetables other than dark green and/or tomatoes, NS as to fat","Eggs and omelets","1 cup","10205","cup","1","135","135.0000"
"2707252","Egg omelet or scrambled egg, with cheese and vegetables other than dark green and/or tomatoes, NS as to fat","Eggs and omelets","1 egg","60710","egg","1","85","85.0000"
"2707253","Egg omelet or scrambled egg, with meat and tomatoes, fat added","Eggs and omelets","1 egg","60710","egg","1","95","95.0000"
"2707253","Egg omelet or scrambled egg, with meat and tomatoes, fat added","Eggs and omelets","1 cup","10205","cup","1","135","135.0000"
"2707254","Egg omelet or scrambled egg, with meat and tomatoes, no added fat","Eggs and omelets","1 cup","10205","cup","1","135","135.0000"
"2707254","Egg omelet or scrambled egg, with meat and tomatoes, no added fat","Eggs and omelets","1 egg","60710","egg","1","90","90.0000"
"2707255","Egg omelet or scrambled egg, with meat and tomatoes, NS as to fat","Eggs and omelets","1 egg","60710","egg","1","95","95.0000"
"2707255","Egg omelet or scrambled egg, with meat and tomatoes, NS as to fat","Eggs and omelets","1 cup","10205","cup","1","135","135.0000"
"2707256","Egg omelet or scrambled egg, with meat and dark-green vegetables, fat added","Eggs and omelets","1 cup","10205","cup","1","135","135.0000"
"2707256","Egg omelet or scrambled egg, with meat and dark-green vegetables, fat added","Eggs and omelets","1 egg","60710","egg","1","95","95.0000"
"2707257","Egg omelet or scrambled egg, with meat and dark-green vegetables, no added fat","Eggs and omelets","1 cup","10205","cup","1","135","135.0000"
"2707257","Egg omelet or scrambled egg, with meat and dark-green vegetables, no added fat","Eggs and omelets","1 egg","60710","egg","1","90","90.0000"
"2707258","Egg omelet or scrambled egg, with meat and dark-green vegetables, NS as to fat","Eggs and omelets","1 egg","60710","egg","1","95","95.0000"
"2707258","Egg omelet or scrambled egg, with meat and dark-green vegetables, NS as to fat","Eggs and omelets","1 cup","10205","cup","1","135","135.0000"
"2707259","Egg omelet or scrambled egg, with meat, tomatoes, and dark-green vegetables, fat added","Eggs and omelets","1 cup","10205","cup","1","135","135.0000"
"2707259","Egg omelet or scrambled egg, with meat, tomatoes, and dark-green vegetables, fat added","Eggs and omelets","1 egg","60710","egg","1","95","95.0000"
"2707260","Egg omelet or scrambled egg, with meat, tomatoes, and dark-green vegetables, no added fat","Eggs and omelets","1 egg","60710","egg","1","90","90.0000"
"2707260","Egg omelet or scrambled egg, with meat, tomatoes, and dark-green vegetables, no added fat","Eggs and omelets","1 cup","10205","cup","1","135","135.0000"
"2707261","Egg omelet or scrambled egg, with meat, tomatoes, and dark-green vegetables, NS as to fat","Eggs and omelets","1 cup","10205","cup","1","135","135.0000"
"2707261","Egg omelet or scrambled egg, with meat, tomatoes, and dark-green vegetables, NS as to fat","Eggs and omelets","1 egg","60710","egg","1","95","95.0000"
"2707262","Egg omelet or scrambled egg, with meat and vegetables other than dark-green and/or tomatoes, fat added","Eggs and omelets","1 cup","10205","cup","1","135","135.0000"
"2707262","Egg omelet or scrambled egg, with meat and vegetables other than dark-green and/or tomatoes, fat added","Eggs and omelets","1 egg","60710","egg","1","95","95.0000"
"2707263","Egg omelet or scrambled egg, with meat and vegetables other than dark-green and/or tomatoes, no added fat","Eggs and omelets","1 cup","10205","cup","1","135","135.0000"
"2707263","Egg omelet or scrambled egg, with meat and vegetables other than dark-green and/or tomatoes, no added fat","Eggs and omelets","1 egg","60710","egg","1","90","90.0000"
"2707264","Egg omelet or scrambled egg, with meat and vegetables other than dark-green and/or tomatoes, NS as to fat","Eggs and omelets","1 cup","10205","cup","1","135","135.0000"
"2707264","Egg omelet or scrambled egg, with meat and vegetables other than dark-green and/or tomatoes, NS as to fat","Eggs and omelets","1 egg","60710","egg","1","95","95.0000"
"2707265","Egg omelet or scrambled egg, with cheese, meat, and tomatoes, fat added","Eggs and omelets","1 egg","60710","egg","1","105","105.0000"
"2707265","Egg omelet or scrambled egg, with cheese, meat, and tomatoes, fat added","Eggs and omelets","1 cup","10205","cup","1","135","135.0000"
"2707266","Egg omelet or scrambled egg, with cheese, meat, and tomatoes, no added fat","Eggs and omelets","1 egg","60710","egg","1","100","100.0000"
"2707266","Egg omelet or scrambled egg, with cheese, meat, and tomatoes, no added fat","Eggs and omelets","1 cup","10205","cup","1","135","135.0000"
"2707267","Egg omelet or scrambled egg, with cheese, meat, and tomatoes, NS as to fat","Eggs and omelets","1 egg","60710","egg","1","105","105.0000"
"2707267","Egg omelet or scrambled egg, with cheese, meat, and tomatoes, NS as to fat","Eggs and omelets","1 cup","10205","cup","1","135","135.0000"
"2707268","Egg omelet or scrambled egg, with cheese, meat, and dark-green vegetables, fat added","Eggs and omelets","1 egg","60710","egg","1","105","105.0000"
"2707268","Egg omelet or scrambled egg, with cheese, meat, and dark-green vegetables, fat added","Eggs and omelets","1 cup","10205","cup","1","135","135.0000"
"2707269","Egg omelet or scrambled egg, with cheese, meat, and dark-green vegetables, no added fat","Eggs and omelets","1 cup","10205","cup","1","135","135.0000"
"2707269","Egg omelet or scrambled egg, with cheese, meat, and dark-green vegetables, no added fat","Eggs and omelets","1 egg","60710","egg","1","100","100.0000"
"2707270","Egg omelet or scrambled egg, with cheese, meat, and dark-green vegetables, NS as to fat","Eggs and omelets","1 egg","60710","egg","1","105","105.0000"
"2707270","Egg omelet or scrambled egg, with cheese, meat, and dark-green vegetables, NS as to fat","Eggs and omelets","1 cup","10205","cup","1","135","135.0000"
"2707271","Egg omelet or scrambled egg, with cheese, meat, tomatoes, and dark-green vegetables, fat added","Eggs and omelets","1 cup","10205","cup","1","135","135.0000"
"2707271","Egg omelet or scrambled egg, with cheese, meat, tomatoes, and dark-green vegetables, fat added","Eggs and omelets","1 egg","60710","egg","1","105","105.0000"
"2707272","Egg omelet or scrambled egg, with cheese, meat, tomatoes, and dark-green vegetables, no added fat","Eggs and omelets","1 egg","60710","egg","1","100","100.0000"
"2707272","Egg omelet or scrambled egg, with cheese, meat, tomatoes, and dark-green vegetables, no added fat","Eggs and omelets","1 cup","10205","cup","1","135","135.0000"
"2707273","Egg omelet or scrambled egg, with cheese, meat, tomatoes, and dark-green vegetables, NS as to fat","Eggs and omelets","1 egg","60710","egg","1","105","105.0000"
"2707273","Egg omelet or scrambled egg, with cheese, meat, tomatoes, and dark-green vegetables, NS as to fat","Eggs and omelets","1 cup","10205","cup","1","135","135.0000"
"2707274","Egg omelet or scrambled egg, with cheese, meat, and vegetables other than dark-green and/or tomatoes, fat added","Eggs and omelets","1 cup","10205","cup","1","135","135.0000"
"2707274","Egg omelet or scrambled egg, with cheese, meat, and vegetables other than dark-green and/or tomatoes, fat added","Eggs and omelets","1 egg","60710","egg","1","105","105.0000"
"2707275","Egg omelet or scrambled egg, with cheese, meat, and vegetables other than dark-green and/or tomatoes, no added fat","Eggs and omelets","1 egg","60710","egg","1","100","100.0000"
"2707275","Egg omelet or scrambled egg, with cheese, meat, and vegetables other than dark-green and/or tomatoes, no added fat","Eggs and omelets","1 cup","10205","cup","1","135","135.0000"
"2707276","Egg omelet or scrambled egg, with cheese, meat, and vegetables other than dark-green and/or tomatoes, NS as to fat","Eggs and omelets","1 egg","60710","egg","1","105","105.0000"
"2707276","Egg omelet or scrambled egg, with cheese, meat, and vegetables other than dark-green and/or tomatoes, NS as to fat","Eggs and omelets","1 cup","10205","cup","1","135","135.0000"
"2707277","Egg omelet or scrambled egg, with potatoes and/or onions, fat added","Eggs and omelets","1 cup","10205","cup","1","135","135.0000"
"2707277","Egg omelet or scrambled egg, with potatoes and/or onions, fat added","Eggs and omelets","1 egg","60710","egg","1","75","75.0000"
"2707278","Egg omelet or scrambled egg, with potatoes and/or onions, no added fat","Eggs and omelets","1 cup","10205","cup","1","135","135.0000"
"2707278","Egg omelet or scrambled egg, with potatoes and/or onions, no added fat","Eggs and omelets","1 egg","60710","egg","1","70","70.0000"
"2707279","Egg omelet or scrambled egg, with potatoes and/or onions, NS as to fat","Eggs and omelets","1 cup","10205","cup","1","135","135.0000"
"2707279","Egg omelet or scrambled egg, with potatoes and/or onions, NS as to fat","Eggs and omelets","1 egg","60710","egg","1","75","75.0000"
"2707280","Egg salad sandwich on white","Egg/breakfast sandwiches","1 regular","62862","regular","1","180","180.0000"
"2707280","Egg salad sandwich on white","Egg/breakfast sandwiches","1 large","60919","large","1","270","270.0000"
"2707281","Egg salad sandwich on wheat","Egg/breakfast sandwiches","1 regular","62862","regular","1","180","180.0000"
"2707281","Egg salad sandwich on wheat","Egg/breakfast sandwiches","1 large","60919","large","1","270","270.0000"
"2707282","Soup, egg drop","Ramen and Asian broth-based soups","1 cup","10205","cup","1","245","245.0000"
"2707283","Egg white omelet, scrambled, or fried, NS as to fat","Eggs and omelets","1 cup","10205","cup","1","135","135.0000"
"2707284","Egg white omelet, scrambled, or fried, made with margarine","Eggs and omelets","1 cup","10205","cup","1","135","135.0000"
"2707285","Egg white omelet, scrambled, or fried, made with oil","Eggs and omelets","1 cup","10205","cup","1","135","135.0000"
"2707286","Egg white omelet, scrambled, or fried, made with butter","Eggs and omelets","1 cup","10205","cup","1","135","135.0000"
"2707287","Egg white omelet, scrambled, or fried, made with cooking spray","Eggs and omelets","1 cup","10205","cup","1","135","135.0000"
"2707288","Egg white omelet, scrambled, or fried, NS as to fat type","Eggs and omelets","1 cup","10205","cup","1","135","135.0000"
"2707289","Egg white omelet, scrambled, or fried, no added fat","Eggs and omelets","1 cup","10205","cup","1","135","135.0000"
"2707290","Egg white, omelet, scrambled, or fried, with cheese","Eggs and omelets","1 cup","10205","cup","1","135","135.0000"
"2707291","Egg white, omelet, scrambled, or fried, with meat","Eggs and omelets","1 cup","10205","cup","1","135","135.0000"
"2707292","Egg white, omelet, scrambled, or fried, with vegetables","Eggs and omelets","1 cup","10205","cup","1","135","135.0000"
"2707293","Egg white, omelet, scrambled, or fried, with cheese and meat","Eggs and omelets","1 cup","10205","cup","1","135","135.0000"
"2707294","Egg white, omelet, scrambled, or fried, with cheese and vegetables","Eggs and omelets","1 cup","10205","cup","1","135","135.0000"
"2707295","Egg white, omelet, scrambled, or fried, with meat and vegetables","Eggs and omelets","1 cup","10205","cup","1","135","135.0000"
"2707296","Egg white, omelet, scrambled, or fried, with cheese, meat, and vegetables","Eggs and omelets","1 cup","10205","cup","1","135","135.0000"
"2707298","Egg substitute, omelet, scrambled, or fried, fat added","Eggs and omelets","1/4 cup, raw (equivalent to 1 large egg) yields","64625","cup","0.25","55","220.0000"
"2707298","Egg substitute, omelet, scrambled, or fried, fat added","Eggs and omelets","1 cup, cooked","10043","cup","1","135","135.0000"
"2707299","Egg substitute, omelet, scrambled, or fried, no added fat","Eggs and omelets","1/4 cup, raw (equivalent to 1 large egg) yields","64625","cup","0.25","55","220.0000"
"2707299","Egg substitute, omelet, scrambled, or fried, no added fat","Eggs and omelets","1 cup, cooked","10043","cup","1","135","135.0000"
"2707300","Egg substitute, omelet, scrambled, or fried, with cheese","Eggs and omelets","1 cup, cooked","10043","cup","1","135","135.0000"
"2707300","Egg substitute, omelet, scrambled, or fried, with cheese","Eggs and omelets","1/4 cup, raw (equivalent to 1 large egg) yields","64625","cup","0.25","55","220.0000"
"2707301","Egg substitute, omelet, scrambled, or fried, with meat","Eggs and omelets","1 cup, cooked","10043","cup","1","135","135.0000"
"2707301","Egg substitute, omelet, scrambled, or fried, with meat","Eggs and omelets","1/4 cup, raw (equivalent to 1 large egg) yields","64625","cup","0.25","55","220.0000"
"2707302","Egg substitute, omelet, scrambled, or fried, with vegetables","Eggs and omelets","1 cup, cooked","10043","cup","1","135","135.0000"
"2707302","Egg substitute, omelet, scrambled, or fried, with vegetables","Eggs and omelets","1/4 cup, raw (equivalent to 1 large egg) yields","64625","cup","0.25","55","220.0000"
"2707303","Egg substitute, omelet, scrambled, or fried, with cheese and meat","Eggs and omelets","1/4 cup, raw (equivalent to 1 large egg) yields","64625","cup","0.25","55","220.0000"
"2707303","Egg substitute, omelet, scrambled, or fried, with cheese and meat","Eggs and omelets","1 cup, cooked","10043","cup","1","135","135.0000"
"2707304","Egg substitute, omelet, scrambled, or fried, with cheese and vegetables","Eggs and omelets","1 cup, cooked","10043","cup","1","135","135.0000"
"2707304","Egg substitute, omelet, scrambled, or fried, with cheese and vegetables","Eggs and omelets","1/4 cup, raw (equivalent to 1 large egg) yields","64625","cup","0.25","55","220.0000"
"2707305","Egg substitute, omelet, scrambled, or fried, with meat and vegetables","Eggs and omelets","1 cup, cooked","10043","cup","1","135","135.0000"
"2707305","Egg substitute, omelet, scrambled, or fried, with meat and vegetables","Eggs and omelets","1/4 cup, raw (equivalent to 1 large egg) yields","64625","cup","0.25","55","220.0000"
"2707306","Egg substitute, omelet, scrambled, or fried, with cheese, meat, and vegetables","Eggs and omelets","1/4 cup, raw (equivalent to 1 large egg) yields","64625","cup","0.25","55","220.0000"
"2707306","Egg substitute, omelet, scrambled, or fried, with cheese, meat, and vegetables","Eggs and omelets","1 cup, cooked","10043","cup","1","135","135.0000"
"2707307","Egg sandwich on white bread","Egg/breakfast sandwiches","1 large","60919","large","1","175","175.0000"
"2707307","Egg sandwich on white bread","Egg/breakfast sandwiches","1 regular","62862","regular","1","115","115.0000"
"2707308","Egg sandwich on white bread, with cheese","Egg/breakfast sandwiches","1 large","60919","large","1","205","205.0000"
"2707308","Egg sandwich on white bread, with cheese","Egg/breakfast sandwiches","1 regular","62862","regular","1","135","135.0000"
"2707309","Egg sandwich on white bread, with meat","Egg/breakfast sandwiches","1 regular","62862","regular","1","155","155.0000"
"2707309","Egg sandwich on white bread, with meat","Egg/breakfast sandwiches","1 large","60919","large","1","235","235.0000"
"2707310","Egg sandwich on white bread, with meat and cheese","Egg/breakfast sandwiches","1 regular","62862","regular","1","180","180.0000"
"2707310","Egg sandwich on white bread, with meat and cheese","Egg/breakfast sandwiches","1 large","60919","large","1","270","270.0000"
"2707311","Egg sandwich on wheat bread","Egg/breakfast sandwiches","1 regular","62862","regular","1","115","115.0000"
"2707311","Egg sandwich on wheat bread","Egg/breakfast sandwiches","1 large","60919","large","1","175","175.0000"
"2707312","Egg sandwich on wheat bread, with cheese","Egg/breakfast sandwiches","1 large","60919","large","1","205","205.0000"
"2707312","Egg sandwich on wheat bread, with cheese","Egg/breakfast sandwiches","1 regular","62862","regular","1","135","135.0000"
"2707313","Egg sandwich on wheat bread, with meat","Egg/breakfast sandwiches","1 large","60919","large","1","235","235.0000"
"2707313","Egg sandwich on wheat bread, with meat","Egg/breakfast sandwiches","1 regular","62862","regular","1","155","155.0000"
"2707314","Egg sandwich on wheat bread, with meat and cheese","Egg/breakfast sandwiches","1 large","60919","large","1","270","270.0000"
"2707314","Egg sandwich on wheat bread, with meat and cheese","Egg/breakfast sandwiches","1 regular","62862","regular","1","180","180.0000"
"2707315","Egg sandwich on English muffin","Egg/breakfast sandwiches","1 large","60919","large","1","205","205.0000"
"2707315","Egg sandwich on English muffin","Egg/breakfast sandwiches","1 regular","62862","regular","1","135","135.0000"
"2707316","Egg sandwich on English muffin, with sausage","Egg/breakfast sandwiches","1 regular","62862","regular","1","180","180.0000"
"2707316","Egg sandwich on English muffin, with sausage","Egg/breakfast sandwiches","1 large","60919","large","1","270","270.0000"
"2707317","Egg sandwich on English muffin, with bacon","Egg/breakfast sandwiches","1 large","60919","large","1","225","225.0000"
"2707317","Egg sandwich on English muffin, with bacon","Egg/breakfast sandwiches","1 regular","62862","regular","1","150","150.0000"
"2707318","Egg sandwich on English muffin, with ham","Egg/breakfast sandwiches","1 regular","62862","regular","1","145","145.0000"
"2707318","Egg sandwich on English muffin, with ham","Egg/breakfast sandwiches","1 large","60919","large","1","220","220.0000"
"2707319","Egg sandwich on croissant","Egg/breakfast sandwiches","1 large","60919","large","1","205","205.0000"
"2707319","Egg sandwich on croissant","Egg/breakfast sandwiches","1 regular","62862","regular","1","135","135.0000"
"2707320","Egg sandwich on croissant, with sausage","Egg/breakfast sandwiches","1 regular","62862","regular","1","180","180.0000"
"2707320","Egg sandwich on croissant, with sausage","Egg/breakfast sandwiches","1 large","60919","large","1","270","270.0000"
"2707321","Egg sandwich on croissant, with bacon","Egg/breakfast sandwiches","1 large","60919","large","1","225","225.0000"
"2707321","Egg sandwich on croissant, with bacon","Egg/breakfast sandwiches","1 regular","62862","regular","1","150","150.0000"
"2707322","Egg sandwich on croissant, with ham","Egg/breakfast sandwiches","1 large","60919","large","1","235","235.0000"
"2707322","Egg sandwich on croissant, with ham","Egg/breakfast sandwiches","1 regular","62862","regular","1","155","155.0000"
"2707323","Egg sandwich on biscuit","Egg/breakfast sandwiches","1 regular","62862","regular","1","145","145.0000"
"2707323","Egg sandwich on biscuit","Egg/breakfast sandwiches","1 large","60919","large","1","220","220.0000"
"2707324","Egg sandwich on biscuit, with sausage","Egg/breakfast sandwiches","1 large","60919","large","1","250","250.0000"
"2707324","Egg sandwich on biscuit, with sausage","Egg/breakfast sandwiches","1 regular","62862","regular","1","165","165.0000"
"2707325","Egg sandwich on biscuit, with sausage and cheese","Egg/breakfast sandwiches","1 regular","62862","regular","1","190","190.0000"
"2707325","Egg sandwich on biscuit, with sausage and cheese","Egg/breakfast sandwiches","1 large","60919","large","1","285","285.0000"
"2707326","Egg sandwich on biscuit, with bacon","Egg/breakfast sandwiches","1 regular","62862","regular","1","140","140.0000"
"2707326","Egg sandwich on biscuit, with bacon","Egg/breakfast sandwiches","1 large","60919","large","1","210","210.0000"
"2707327","Egg sandwich on biscuit, with bacon and cheese","Egg/breakfast sandwiches","1 large","60919","large","1","240","240.0000"
"2707327","Egg sandwich on biscuit, with bacon and cheese","Egg/breakfast sandwiches","1 regular","62862","regular","1","160","160.0000"
"2707328","Egg sandwich on bagel","Egg/breakfast sandwiches","1 regular","62862","regular","1","185","185.0000"
"2707328","Egg sandwich on bagel","Egg/breakfast sandwiches","1 large","60919","large","1","280","280.0000"
"2707329","Egg sandwich on bagel, with sausage","Egg/breakfast sandwiches","1 large","60919","large","1","345","345.0000"
"2707329","Egg sandwich on bagel, with sausage","Egg/breakfast sandwiches","1 regular","62862","regular","1","230","230.0000"
"2707330","Egg sandwich on bagel, with bacon","Egg/breakfast sandwiches","1 regular","62862","regular","1","200","200.0000"
"2707330","Egg sandwich on bagel, with bacon","Egg/breakfast sandwiches","1 large","60919","large","1","300","300.0000"
"2707331","Egg sandwich on bagel, with ham","Egg/breakfast sandwiches","1 regular","62862","regular","1","205","205.0000"
"2707331","Egg sandwich on bagel, with ham","Egg/breakfast sandwiches","1 large","60919","large","1","310","310.0000"
"2707332","Egg sandwich on griddle/pancake","Egg/breakfast sandwiches","1 large","60919","large","1","175","175.0000"
"2707332","Egg sandwich on griddle/pancake","Egg/breakfast sandwiches","1 regular","62862","regular","1","115","115.0000"
"2707333","Egg sandwich on griddle/pancake, with meat","Egg/breakfast sandwiches","1 regular","62862","regular","1","180","180.0000"
"2707333","Egg sandwich on griddle/pancake, with meat","Egg/breakfast sandwiches","1 large","60919","large","1","270","270.0000"
"2707334","Egg white sandwich","Egg/breakfast sandwiches","1 large","60919","large","1","175","175.0000"
"2707334","Egg white sandwich","Egg/breakfast sandwiches","1 regular","62862","regular","1","115","115.0000"
"2707335","Egg white sandwich, with cheese","Egg/breakfast sandwiches","1 regular","62862","regular","1","135","135.0000"
"2707335","Egg white sandwich, with cheese","Egg/breakfast sandwiches","1 large","60919","large","1","205","205.0000"
"2707336","Egg white sandwich, with meat","Egg/breakfast sandwiches","1 large","60919","large","1","255","255.0000"
"2707336","Egg white sandwich, with meat","Egg/breakfast sandwiches","1 regular","62862","regular","1","170","170.0000"
"2707337","Bacon biscuit sandwich","Egg/breakfast sandwiches","1 regular","62862","regular","1","105","105.0000"
"2707337","Bacon biscuit sandwich","Egg/breakfast sandwiches","1 large","60919","large","1","160","160.0000"
"2707338","Ham biscuit sandwich","Egg/breakfast sandwiches","1 regular","62862","regular","1","110","110.0000"
"2707338","Ham biscuit sandwich","Egg/breakfast sandwiches","1 large","60919","large","1","165","165.0000"
"2707339","Sausage biscuit sandwich","Egg/breakfast sandwiches","1 regular","62862","regular","1","110","110.0000"
"2707339","Sausage biscuit sandwich","Egg/breakfast sandwiches","1 large","60919","large","1","165","165.0000"
"2707340","Sausage biscuit sandwich, with cheese","Egg/breakfast sandwiches","1 regular","62862","regular","1","135","135.0000"
"2707340","Sausage biscuit sandwich, with cheese","Egg/breakfast sandwiches","1 large","60919","large","1","205","205.0000"
"2707341","Sausage English muffin sandwich","Egg/breakfast sandwiches","1 regular","62862","regular","1","125","125.0000"
"2707341","Sausage English muffin sandwich","Egg/breakfast sandwiches","1 large","60919","large","1","190","190.0000"
"2707342","Sausage griddle/pancake sandwich","Egg/breakfast sandwiches","1 large","60919","large","1","230","230.0000"
"2707342","Sausage griddle/pancake sandwich","Egg/breakfast sandwiches","1 regular","62862","regular","1","155","155.0000"
"2707347","Beans, NFS","Beans, peas, legumes","1 cup","10205","cup","1","185","185.0000"
"2707348","Beans, from dried, NS as to type, fat added","Beans, peas, legumes","1 cup","10205","cup","1","185","185.0000"
"2707349","Beans, from dried, NS as to type, no added fat","Beans, peas, legumes","1 cup","10205","cup","1","180","180.0000"
"2707350","Beans, from canned, NS as to type, fat added","Beans, peas, legumes","1 cup","10205","cup","1","185","185.0000"
"2707351","Beans, from canned, NS as to type, no added fat","Beans, peas, legumes","1 cup","10205","cup","1","180","180.0000"
"2707352","Beans, from fast food / restaurant, NS as to type","Beans, peas, legumes","1 cup","10205","cup","1","260","260.0000"
"2707353","White beans, NFS","Beans, peas, legumes","1 cup","10205","cup","1","185","185.0000"
"2707354","White beans, from dried, fat added","Beans, peas, legumes","1 cup","10205","cup","1","185","185.0000"
"2707355","White beans, from dried, no added fat","Beans, peas, legumes","1 cup","10205","cup","1","180","180.0000"
"2707356","White beans, from canned, fat added","Beans, peas, legumes","1 cup","10205","cup","1","185","185.0000"
"2707357","White beans, from canned, no added fat","Beans, peas, legumes","1 cup","10205","cup","1","180","180.0000"
"2707358","White beans, from canned, reduced sodium","Beans, peas, legumes","1 cup","10205","cup","1","185","185.0000"
"2707359","Black beans, NFS","Beans, peas, legumes","1 cup","10205","cup","1","185","185.0000"
"2707360","Black beans, from dried, fat added","Beans, peas, legumes","1 cup","10205","cup","1","185","185.0000"
"2707361","Black beans, from dried, no added fat","Beans, peas, legumes","1 cup","10205","cup","1","180","180.0000"
"2707362","Black beans, from canned, fat added","Beans, peas, legumes","1 cup","10205","cup","1","185","185.0000"
"2707363","Black beans, from canned, no added fat","Beans, peas, legumes","1 cup","10205","cup","1","180","180.0000"
"2707364","Black beans, from canned, reduced sodium","Beans, peas, legumes","1 cup","10205","cup","1","185","185.0000"
"2707365","Black beans, from fast food / restaurant","Beans, peas, legumes","1 cup","10205","cup","1","260","260.0000"
"2707366","Black beans with meat","Beans, peas, legumes","1 cup","10205","cup","1","260","260.0000"
"2707367","Fava beans, cooked","Beans, peas, legumes","1 cup","10205","cup","1","185","185.0000"
"2707368","Lima beans, NFS","Beans, peas, legumes","1 cup","10205","cup","1","185","185.0000"
"2707369","Lima beans, from dried","Beans, peas, legumes","1 cup","10205","cup","1","185","185.0000"
"2707370","Pink beans, cooked","Beans, peas, legumes","1 cup","10205","cup","1","185","185.0000"
"2707371","Pinto beans, NFS","Beans, peas, legumes","1 cup","10205","cup","1","185","185.0000"
"2707372","Pinto beans, from dried, fat added","Beans, peas, legumes","1 cup","10205","cup","1","185","185.0000"
"2707373","Pinto beans, from dried, no added fat","Beans, peas, legumes","1 cup","10205","cup","1","180","180.0000"
"2707374","Pinto beans, from canned, fat added","Beans, peas, legumes","1 cup","10205","cup","1","185","185.0000"
"2707375","Pinto beans, from canned, no added fat","Beans, peas, legumes","1 cup","10205","cup","1","180","180.0000"
"2707376","Pinto beans, from canned, reduced sodium","Beans, peas, legumes","1 cup","10205","cup","1","185","185.0000"
"2707377","Pinto beans, from fast food / restaurant","Beans, peas, legumes","1 cup","10205","cup","1","260","260.0000"
"2707378","Pinto beans with meat","Beans, peas, legumes","1 cup","10205","cup","1","260","260.0000"
"2707379","Kidney beans, NFS","Beans, peas, legumes","1 cup","10205","cup","1","185","185.0000"
"2707380","Kidney beans, from dried, fat added","Beans, peas, legumes","1 cup","10205","cup","1","185","185.0000"
"2707381","Kidney beans, from dried, no added fat","Beans, peas, legumes","1 cup","10205","cup","1","180","180.0000"
"2707382","Kidney beans, from canned, fat added","Beans, peas, legumes","1 cup","10205","cup","1","185","185.0000"
"2707383","Kidney beans, from canned, no added fat","Beans, peas, legumes","1 cup","10205","cup","1","180","180.0000"
"2707384","Kidney beans, from canned, reduced sodium","Beans, peas, legumes","1 cup","10205","cup","1","185","185.0000"
"2707385","Kidney beans, from fast food / restaurant","Beans, peas, legumes","1 cup","10205","cup","1","260","260.0000"
"2707386","Kidney beans with meat","Beans, peas, legumes","1 cup","10205","cup","1","260","260.0000"
"2707387","Peruvian beans, from dried","Beans, peas, legumes","1 cup","10205","cup","1","185","185.0000"
"2707388","Soybeans, cooked","Beans, peas, legumes","1 cup","10205","cup","1","185","185.0000"
"2707389","Mung beans, cooked","Beans, peas, legumes","1 cup","10205","cup","1","185","185.0000"
"2707390","Baked beans","Beans, peas, legumes","1 cup","10205","cup","1","260","260.0000"
"2707391","Baked beans, vegetarian","Beans, peas, legumes","1 cup","10205","cup","1","260","260.0000"
"2707392","Baked beans from fast food / restaurant","Beans, peas, legumes","1 cup","10205","cup","1","260","260.0000"
"2707393","Beans and tomatoes, no added fat","Beans, peas, legumes","1 cup","10205","cup","1","255","255.0000"
"2707394","Beans and tomatoes, fat added","Beans, peas, legumes","1 cup","10205","cup","1","260","260.0000"
"2707395","Black bean salad","Bean, pea, legume dishes","1 cup","10205","cup","1","231","231.0000"
"2707396","Refried beans","Beans, peas, legumes","1 cup","10205","cup","1","260","260.0000"
"2707397","Refried beans, from fast food / restaurant","Beans, peas, legumes","1 cup","10205","cup","1","260","260.0000"
"2707398","Refried beans with meat","Beans, peas, legumes","1 cup","10205","cup","1","260","260.0000"
"2707399","Refried beans, from canned, reduced sodium","Beans, peas, legumes","1 cup","10205","cup","1","260","260.0000"
"2707400","Bean dip, made with refried beans","Dips, gravies, other sauces","1 tablespoon","21000","tbsp","1","15","15.0000"
"2707401","Layer dip","Dips, gravies, other sauces","1 tablespoon","21000","tbsp","1","15","15.0000"
"2707402","Hummus, plain","Dips, gravies, other sauces","1 tablespoon","21000","tbsp","1","15","15.0000"
"2707403","Hummus, flavored","Dips, gravies, other sauces","1 tablespoon","21000","tbsp","1","15","15.0000"
"2707404","Black bean sauce","Dips, gravies, other sauces","1 tablespoon","21000","tbsp","1","16","16.0000"
"2707405","Beans and franks","Beans, peas, legumes","1 cup","10205","cup","1","260","260.0000"
"2707406","Pork and beans","Beans, peas, legumes","1 cup","10205","cup","1","260","260.0000"
"2707407","Beans with meat, NS as to type","Beans, peas, legumes","1 cup","10205","cup","1","260","260.0000"
"2707410","Baked beans, reduced sodium","Beans, peas, legumes","1 cup","10205","cup","1","260","260.0000"
"2707411","Chili, vegetarian","Bean, pea, legume dishes","1 cup","10205","cup","1","255","255.0000"
"2707412","Blackeyed peas, NFS","Beans, peas, legumes","1 cup","10205","cup","1","185","185.0000"
"2707413","Blackeyed peas, from dried","Beans, peas, legumes","1 cup","10205","cup","1","185","185.0000"
"2707414","Chickpeas, NFS","Beans, peas, legumes","1 cup","10205","cup","1","185","185.0000"
"2707415","Chickpeas, from dried, fat added","Beans, peas, legumes","1 cup","10205","cup","1","185","185.0000"
"2707416","Chickpeas, from dried, no added fat","Beans, peas, legumes","1 cup","10205","cup","1","180","180.0000"
"2707417","Chickpeas, from canned, fat added","Beans, peas, legumes","1 cup","10205","cup","1","185","185.0000"
"2707418","Chickpeas, from canned, no added fat","Beans, peas, legumes","1 cup","10205","cup","1","180","180.0000"
"2707419","Chickpeas, from canned, reduced sodium","Beans, peas, legumes","1 cup","10205","cup","1","185","185.0000"
"2707420","Split peas, from dried, no added fat","Beans, peas, legumes","1 cup","10205","cup","1","180","180.0000"
"2707421","Split peas, from dried, fat added","Beans, peas, legumes","1 cup","10205","cup","1","185","185.0000"
"2707422","Wasabi peas","Beans, peas, legumes","1 cup","10205","cup","1","120","120.0000"
"2707423","Lentils, NFS","Beans, peas, legumes","1 cup","10205","cup","1","185","185.0000"
"2707424","Lentils, from dried, fat added","Beans, peas, legumes","1 cup","10205","cup","1","185","185.0000"
"2707425","Lentils, from dried, no added fat","Beans, peas, legumes","1 cup","10205","cup","1","180","180.0000"
"2707426","Lentils, from canned","Beans, peas, legumes","1 cup","10205","cup","1","185","185.0000"
"2707427","Dal","Beans, peas, legumes","1 cup","10205","cup","1","240","240.0000"
"2707428","Bean chips","Tortilla, corn, other chips","1 cup","10205","cup","1","30","30.0000"
"2707430","Sambar, vegetable stew","Vegetable dishes","1 cup","10205","cup","1","248","248.0000"
"2707431","Lentil curry","Bean, pea, legume dishes","1 cup","10205","cup","1","240","240.0000"
"2707432","Lentil curry with rice","Bean, pea, legume dishes","1 cup","10205","cup","1","200","200.0000"
"2707433","Soy nuts","Beans, peas, legumes","1 cup","10205","cup","1","95","95.0000"
"2707434","Soy chips","Tortilla, corn, other chips","1 cup","10205","cup","1","30","30.0000"
"2707435","Soybean curd","Soy and meat-alternative products","1 piece (2-1/2"" x 2-3/4"" x 1"")","61718","piece","1","120","120.0000"
"2707435","Soybean curd","Soy and meat-alternative products","1 cup (1/2"" cubes)","10207","cup","1","248","248.0000"
"2707436","Edamame, cooked","Beans, peas, legumes","1 cup","10205","cup","1","160","160.0000"
"2707437","Soybean curd cheese","Soy and meat-alternative products","1 cup","10205","cup","1","225","225.0000"
"2707437","Soybean curd cheese","Soy and meat-alternative products","1 slice","61935","slice","1","18","18.0000"
"2707438","Miso sauce","Soy-based condiments","1 tablespoon","21000","tbsp","1","16","16.0000"
"2707439","Miso","Soy-based condiments","1 cup","10205","cup","1","275","275.0000"
"2707440","Natto","Soy-based condiments","1 cup","10205","cup","1","176","176.0000"
"2707441","Hoisin sauce","Soy-based condiments","1 tablespoon","21000","tbsp","1","16","16.0000"
"2707442","Soy sauce","Soy-based condiments","1 tablespoon","21000","tbsp","1","16","16.0000"
"2707443","Soy sauce, reduced sodium","Soy-based condiments","1 tablespoon","21000","tbsp","1","16","16.0000"
"2707444","Yogurt, soy","Plant-based yogurt","1 cup","10205","cup","1","245","245.0000"
"2707445","Teriyaki sauce","Soy-based condiments","1 tablespoon","21000","tbsp","1","16","16.0000"
"2707446","Teriyaki sauce, reduced sodium","Soy-based condiments","1 tablespoon","21000","tbsp","1","16","16.0000"
"2707447","Worcestershire sauce","Mustard and other condiments","1 tablespoon","21000","tbsp","1","16","16.0000"
"2707448","Soybean curd, deep fried","Soy and meat-alternative products","1 oz","40000","oz","1","28.35","28.3500"
"2707449","Soybean curd, breaded, fried","Soy and meat-alternative products","1 slice (2-3/4"" x 1"" x 1/2"")","61950","slice","1","29","29.0000"
"2707450","Vermicelli, made from soybeans","Soy and meat-alternative products","1 cup","10205","cup","1","140","140.0000"
"2707451","Textured vegetable protein, dry","Soy and meat-alternative products","1 cup, coarse grain","10041","cup","1","68","68.0000"
"2707451","Textured vegetable protein, dry","Soy and meat-alternative products","1 cup, fine grain","10077","cup","1","120","120.0000"
"2707451","Textured vegetable protein, dry","Soy and meat-alternative products","1 cup, NFS","10010","cup","1","68","68.0000"
"2707452","Frozen dessert, non-dairy","Soy and meat-alternative products","1 fl oz","30000","floz","1","21","21.0000"
"2707452","Frozen dessert, non-dairy","Soy and meat-alternative products","1 cup","10205","cup","1","165","165.0000"
"2707453","Soup, bean","Soups, broth-based","1 cup","10205","cup","1","255","255.0000"
"2707454","Soup, bean, canned","Soups, broth-based","1 can","60482","can","1","525","525.0000"
"2707454","Soup, bean, canned","Soups, broth-based","1 cup","10205","cup","1","255","255.0000"
"2707455","Soup, miso or tofu","Ramen and Asian broth-based soups","1 cup","10205","cup","1","245","245.0000"
"2707456","Soup, bean, canned, reduced sodium","Soups, broth-based","1 can","60482","can","1","525","525.0000"
"2707456","Soup, bean, canned, reduced sodium","Soups, broth-based","1 cup","10205","cup","1","255","255.0000"
"2707457","Soup, bean, with meat","Soups, broth-based","1 cup","10205","cup","1","255","255.0000"
"2707458","Soup, split pea, with meat","Soups, broth-based","1 cup","10205","cup","1","255","255.0000"
"2707458","Soup, split pea, with meat","Soups, broth-based","1 can","60482","can","1","525","525.0000"
"2707459","Soup, split pea","Soups, broth-based","1 can","60482","can","1","525","525.0000"
"2707459","Soup, split pea","Soups, broth-based","1 cup","10205","cup","1","255","255.0000"
"2707460","Soup, lentil, canned","Soups, broth-based","1 cup","10205","cup","1","255","255.0000"
"2707460","Soup, lentil, canned","Soups, broth-based","1 can","60482","can","1","525","525.0000"
"2707461","Soup, lentil, canned, reduced sodium","Soups, broth-based","1 can","60482","can","1","525","525.0000"
"2707461","Soup, lentil, canned, reduced sodium","Soups, broth-based","1 cup","10205","cup","1","255","255.0000"
"2707462","Soup, lentil","Soups, broth-based","1 cup","10205","cup","1","255","255.0000"
"2707463","Soup, lentil, with meat","Soups, broth-based","1 cup","10205","cup","1","255","255.0000"
"2707463","Soup, lentil, with meat","Soups, broth-based","1 can","60482","can","1","525","525.0000"
"2707464","Soup, mulligatawany","Soups, broth-based","1 cup","10205","cup","1","245","245.0000"
"2707465","Bacon strip, meatless","Soy and meat-alternative products","1 oz, raw (yield after cooking)","40054","oz","1","16","16.0000"
"2707465","Bacon strip, meatless","Soy and meat-alternative products","1 strip","62252","strip","1","5","5.0000"
"2707466","Bacon bits","Bacon","1 tablespoon","21000","tbsp","1","7","7.0000"
"2707467","Breakfast link, pattie, or slice, meatless","Soy and meat-alternative products","1 slice","61935","slice","1","28","28.0000"
"2707468","Chicken, meatless, NFS","Soy and meat-alternative products","1 cup","10205","cup","1","168","168.0000"
"2707469","Chicken, meatless, breaded, fried","Soy and meat-alternative products","1 piece","61667","piece","1","36","36.0000"
"2707469","Chicken, meatless, breaded, fried","Soy and meat-alternative products","1 cup, NFS","10010","cup","1","130","130.0000"
"2707469","Chicken, meatless, breaded, fried","Soy and meat-alternative products","1 cup, diced","10066","cup","1","130","130.0000"
"2707469","Chicken, meatless, breaded, fried","Soy and meat-alternative products","1 cup, pieces","10129","cup","1","168","168.0000"
"2707470","Hot dog, vegetarian","Soy and meat-alternative products","1 cup, sliced","10161","cup","1","140","140.0000"
"2707472","Meatball, meatless","Soy and meat-alternative products","1 cup","10205","cup","1","144","144.0000"
"2707473","Veggie burger patty, no bun","Soy and meat-alternative products","1 cup","10205","cup","1","125","125.0000"
"2707474","Swiss steak, with gravy, meatless","Bean, pea, legume dishes","1 can (13 oz)","60507","can","1","369","369.0000"
"2707474","Swiss steak, with gravy, meatless","Bean, pea, legume dishes","1 cup, with gravy","10198","cup","1","216","216.0000"
"2707475","Pot pie, no meat","Bean, pea, legume dishes","1 slice, any size","64612","slice","1","210","210.0000"
"2707475","Pot pie, no meat","Bean, pea, legume dishes","1 cup","10205","cup","1","200","200.0000"
"2707476","Tofu and vegetables including carrots, broccoli, and/or dark-green leafy; no potatoes, with soy-based sauce","Stir-fry and soy-based sauce mixtures","1 cup","10205","cup","1","217","217.0000"
"2707477","Tofu and vegetables excluding carrots, broccoli, and dark-green leafy; no potatoes, with soy-based sauce","Stir-fry and soy-based sauce mixtures","1 cup","10205","cup","1","217","217.0000"
"2707479","Vegetarian stew","Vegetable dishes","1 cup","10205","cup","1","247","247.0000"
"2707480","Vegetarian stroganoff","Bean, pea, legume dishes","1 oz, dry, yields","40049","oz","1","134","134.0000"
"2707480","Vegetarian stroganoff","Bean, pea, legume dishes","1 cup, cooked","10043","cup","1","125","125.0000"
"2707484","Nuts, NFS","Nuts and seeds","1 cup","10205","cup","1","142","142.0000"
"2707484","Nuts, NFS","Nuts and seeds","1 package","61528","package","1","50","50.0000"
"2707485","Almonds, NFS","Nuts and seeds","1 package","61528","package","1","50","50.0000"
"2707485","Almonds, NFS","Nuts and seeds","1 oz","40000","oz","1","28.35","28.3500"
"2707485","Almonds, NFS","Nuts and seeds","1 cup","10205","cup","1","141","141.0000"
"2707486","Almonds, unroasted","Nuts and seeds","1 oz","40000","oz","1","28.35","28.3500"
"2707486","Almonds, unroasted","Nuts and seeds","1 cup","10205","cup","1","141","141.0000"
"2707486","Almonds, unroasted","Nuts and seeds","1 package","61528","package","1","50","50.0000"
"2707487","Almonds, salted","Nuts and seeds","1 package","61528","package","1","50","50.0000"
"2707487","Almonds, salted","Nuts and seeds","1 cup","10205","cup","1","141","141.0000"
"2707487","Almonds, salted","Nuts and seeds","1 oz","40000","oz","1","28.35","28.3500"
"2707488","Almonds, lightly salted","Nuts and seeds","1 oz","40000","oz","1","28.35","28.3500"
"2707488","Almonds, lightly salted","Nuts and seeds","1 package","61528","package","1","50","50.0000"
"2707488","Almonds, lightly salted","Nuts and seeds","1 cup","10205","cup","1","141","141.0000"
"2707489","Almonds, unsalted","Nuts and seeds","1 cup","10205","cup","1","141","141.0000"
"2707489","Almonds, unsalted","Nuts and seeds","1 oz","40000","oz","1","28.35","28.3500"
"2707489","Almonds, unsalted","Nuts and seeds","1 package","61528","package","1","50","50.0000"
"2707490","Almonds, flavored","Nuts and seeds","1 oz","40000","oz","1","28.35","28.3500"
"2707490","Almonds, flavored","Nuts and seeds","1 cup","10205","cup","1","141","141.0000"
"2707490","Almonds, flavored","Nuts and seeds","1 package","61528","package","1","50","50.0000"
"2707491","Almonds, honey roasted","Nuts and seeds","1 cup","10205","cup","1","141","141.0000"
"2707491","Almonds, honey roasted","Nuts and seeds","1 oz","40000","oz","1","28.35","28.3500"
"2707491","Almonds, honey roasted","Nuts and seeds","1 package","61528","package","1","50","50.0000"
"2707492","Brazil nuts","Nuts and seeds","1 cup","10205","cup","1","133","133.0000"
"2707493","Cashews, NFS","Nuts and seeds","1 oz","40000","oz","1","28.35","28.3500"
"2707493","Cashews, NFS","Nuts and seeds","1 package","61528","package","1","50","50.0000"
"2707493","Cashews, NFS","Nuts and seeds","1 cup","10205","cup","1","130","130.0000"
"2707494","Cashews, unroasted","Nuts and seeds","1 oz","40000","oz","1","28.35","28.3500"
"2707494","Cashews, unroasted","Nuts and seeds","1 cup","10205","cup","1","130","130.0000"
"2707494","Cashews, unroasted","Nuts and seeds","1 package","61528","package","1","50","50.0000"
"2707495","Cashews, salted","Nuts and seeds","1 oz","40000","oz","1","28.35","28.3500"
"2707495","Cashews, salted","Nuts and seeds","1 cup","10205","cup","1","130","130.0000"
"2707495","Cashews, salted","Nuts and seeds","1 package","61528","package","1","50","50.0000"
"2707496","Cashews, lightly salted","Nuts and seeds","1 cup","10205","cup","1","130","130.0000"
"2707496","Cashews, lightly salted","Nuts and seeds","1 package","61528","package","1","50","50.0000"
"2707496","Cashews, lightly salted","Nuts and seeds","1 oz","40000","oz","1","28.35","28.3500"
"2707497","Cashews, unsalted","Nuts and seeds","1 cup","10205","cup","1","130","130.0000"
"2707497","Cashews, unsalted","Nuts and seeds","1 oz","40000","oz","1","28.35","28.3500"
"2707497","Cashews, unsalted","Nuts and seeds","1 package","61528","package","1","50","50.0000"
"2707498","Cashews, honey roasted","Nuts and seeds","1 cup","10205","cup","1","130","130.0000"
"2707498","Cashews, honey roasted","Nuts and seeds","1 package","61528","package","1","50","50.0000"
"2707498","Cashews, honey roasted","Nuts and seeds","1 oz","40000","oz","1","28.35","28.3500"
"2707499","Chestnuts","Nuts and seeds","1 cup","10205","cup","1","143","143.0000"
"2707499","Chestnuts","Nuts and seeds","1 oz","40000","oz","1","28.35","28.3500"
"2707500","Coconut, fresh","Nuts and seeds","1 cup","10205","cup","1","85","85.0000"
"2707501","Coconut, packaged","Nuts and seeds","1 cup","10205","cup","1","85","85.0000"
"2707502","Hazelnuts","Nuts and seeds","1 cup","10205","cup","1","135","135.0000"
"2707502","Hazelnuts","Nuts and seeds","1 package","61528","package","1","50","50.0000"
"2707503","Macadamia nuts","Nuts and seeds","1 package","61528","package","1","50","50.0000"
"2707503","Macadamia nuts","Nuts and seeds","1 oz","40000","oz","1","28.35","28.3500"
"2707503","Macadamia nuts","Nuts and seeds","1 cup","10205","cup","1","132","132.0000"
"2707504","Mixed nuts, NFS","Nuts and seeds","1 cup","10205","cup","1","142","142.0000"
"2707504","Mixed nuts, NFS","Nuts and seeds","1 package","61528","package","1","50","50.0000"
"2707505","Mixed nuts, unroasted","Nuts and seeds","1 package","61528","package","1","50","50.0000"
"2707505","Mixed nuts, unroasted","Nuts and seeds","1 cup","10205","cup","1","142","142.0000"
"2707506","Mixed nuts, with peanuts, salted","Nuts and seeds","1 cup","10205","cup","1","142","142.0000"
"2707506","Mixed nuts, with peanuts, salted","Nuts and seeds","1 package","61528","package","1","50","50.0000"
"2707507","Mixed nuts, with peanuts, lightly salted","Nuts and seeds","1 cup","10205","cup","1","142","142.0000"
"2707507","Mixed nuts, with peanuts, lightly salted","Nuts and seeds","1 package","61528","package","1","50","50.0000"
"2707508","Mixed nuts, with peanuts, unsalted","Nuts and seeds","1 package","61528","package","1","50","50.0000"
"2707508","Mixed nuts, with peanuts, unsalted","Nuts and seeds","1 cup","10205","cup","1","142","142.0000"
"2707509","Mixed nuts, without peanuts, salted","Nuts and seeds","1 cup","10205","cup","1","142","142.0000"
"2707509","Mixed nuts, without peanuts, salted","Nuts and seeds","1 package","61528","package","1","50","50.0000"
"2707510","Mixed nuts, without peanuts, unsalted","Nuts and seeds","1 package","61528","package","1","50","50.0000"
"2707510","Mixed nuts, without peanuts, unsalted","Nuts and seeds","1 cup","10205","cup","1","142","142.0000"
"2707511","Mixed nuts, honey roasted","Nuts and seeds","1 cup","10205","cup","1","142","142.0000"
"2707511","Mixed nuts, honey roasted","Nuts and seeds","1 package","61528","package","1","50","50.0000"
"2707512","Peanuts, NFS","Nuts and seeds","1 oz, in shell, yields","40051","oz","1","21","21.0000"
"2707512","Peanuts, NFS","Nuts and seeds","1 oz, without shell, NS as to form","40139","oz","1","28.35","28.3500"
"2707512","Peanuts, NFS","Nuts and seeds","1 package","61528","package","1","50","50.0000"
"2707512","Peanuts, NFS","Nuts and seeds","1 cup, in shell, yields","10113","cup","1","51","51.0000"
"2707512","Peanuts, NFS","Nuts and seeds","1 cup, NFS","10010","cup","1","146","146.0000"
"2707512","Peanuts, NFS","Nuts and seeds","1 oz, NFS","40138","oz","1","28.35","28.3500"
"2707512","Peanuts, NFS","Nuts and seeds","1 cup, without shell, NS as to form","10350","cup","1","146","146.0000"
"2707513","Peanuts, boiled","Nuts and seeds","1 cup","10205","cup","1","146","146.0000"
"2707513","Peanuts, boiled","Nuts and seeds","1 package","61528","package","1","50","50.0000"
"2707513","Peanuts, boiled","Nuts and seeds","1 oz","40000","oz","1","28.35","28.3500"
"2707514","Peanuts, unroasted","Nuts and seeds","1 oz, without shell, NS as to form","40139","oz","1","28.35","28.3500"
"2707514","Peanuts, unroasted","Nuts and seeds","1 cup, without shell, NS as to form","10350","cup","1","146","146.0000"
"2707514","Peanuts, unroasted","Nuts and seeds","1 oz, NFS","40138","oz","1","28.35","28.3500"
"2707514","Peanuts, unroasted","Nuts and seeds","1 oz, in shell, yields","40051","oz","1","21","21.0000"
"2707514","Peanuts, unroasted","Nuts and seeds","1 cup, NFS","10010","cup","1","146","146.0000"
"2707514","Peanuts, unroasted","Nuts and seeds","1 package","61528","package","1","50","50.0000"
"2707514","Peanuts, unroasted","Nuts and seeds","1 cup, in shell, yields","10113","cup","1","51","51.0000"
"2707515","Peanuts, roasted, salted","Nuts and seeds","1 oz, NFS","40138","oz","1","28.35","28.3500"
"2707515","Peanuts, roasted, salted","Nuts and seeds","1 cup, without shell, NS as to form","10350","cup","1","146","146.0000"
"2707515","Peanuts, roasted, salted","Nuts and seeds","1 cup, in shell, yields","10113","cup","1","51","51.0000"
"2707515","Peanuts, roasted, salted","Nuts and seeds","1 oz, without shell, NS as to form","40139","oz","1","28.35","28.3500"
"2707515","Peanuts, roasted, salted","Nuts and seeds","1 package","61528","package","1","50","50.0000"
"2707515","Peanuts, roasted, salted","Nuts and seeds","1 cup, NFS","10010","cup","1","146","146.0000"
"2707515","Peanuts, roasted, salted","Nuts and seeds","1 oz, in shell, yields","40051","oz","1","21","21.0000"
"2707516","Peanuts, roasted, unsalted","Nuts and seeds","1 cup, in shell, yields","10113","cup","1","51","51.0000"
"2707516","Peanuts, roasted, unsalted","Nuts and seeds","1 package","61528","package","1","50","50.0000"
"2707516","Peanuts, roasted, unsalted","Nuts and seeds","1 oz, without shell, NS as to form","40139","oz","1","28.35","28.3500"
"2707516","Peanuts, roasted, unsalted","Nuts and seeds","1 oz, in shell, yields","40051","oz","1","21","21.0000"
"2707516","Peanuts, roasted, unsalted","Nuts and seeds","1 cup, without shell, NS as to form","10350","cup","1","146","146.0000"
"2707516","Peanuts, roasted, unsalted","Nuts and seeds","1 cup, NFS","10010","cup","1","146","146.0000"
"2707516","Peanuts, roasted, unsalted","Nuts and seeds","1 oz, NFS","40138","oz","1","28.35","28.3500"
"2707517","Peanuts, dry roasted, salted","Nuts and seeds","1 cup, without shell, NS as to form","10350","cup","1","146","146.0000"
"2707517","Peanuts, dry roasted, salted","Nuts and seeds","1 oz, without shell, NS as to form","40139","oz","1","28.35","28.3500"
"2707517","Peanuts, dry roasted, salted","Nuts and seeds","1 cup, in shell, yields","10113","cup","1","51","51.0000"
"2707517","Peanuts, dry roasted, salted","Nuts and seeds","1 oz, NFS","40138","oz","1","28.35","28.3500"
"2707517","Peanuts, dry roasted, salted","Nuts and seeds","1 package","61528","package","1","50","50.0000"
"2707517","Peanuts, dry roasted, salted","Nuts and seeds","1 cup, NFS","10010","cup","1","146","146.0000"
"2707517","Peanuts, dry roasted, salted","Nuts and seeds","1 oz, in shell, yields","40051","oz","1","21","21.0000"
"2707518","Peanuts, dry roasted, lightly salted","Nuts and seeds","1 cup, without shell, NS as to form","10350","cup","1","146","146.0000"
"2707518","Peanuts, dry roasted, lightly salted","Nuts and seeds","1 package","61528","package","1","50","50.0000"
"2707518","Peanuts, dry roasted, lightly salted","Nuts and seeds","1 cup, in shell, yields","10113","cup","1","51","51.0000"
"2707518","Peanuts, dry roasted, lightly salted","Nuts and seeds","1 oz, in shell, yields","40051","oz","1","21","21.0000"
"2707518","Peanuts, dry roasted, lightly salted","Nuts and seeds","1 oz, without shell, NS as to form","40139","oz","1","28.35","28.3500"
"2707518","Peanuts, dry roasted, lightly salted","Nuts and seeds","1 cup, NFS","10010","cup","1","146","146.0000"
"2707518","Peanuts, dry roasted, lightly salted","Nuts and seeds","1 oz, NFS","40138","oz","1","28.35","28.3500"
"2707519","Peanuts, dry roasted, unsalted","Nuts and seeds","1 oz, NFS","40138","oz","1","28.35","28.3500"
"2707519","Peanuts, dry roasted, unsalted","Nuts and seeds","1 cup, NFS","10010","cup","1","146","146.0000"
"2707519","Peanuts, dry roasted, unsalted","Nuts and seeds","1 cup, in shell, yields","10113","cup","1","51","51.0000"
"2707519","Peanuts, dry roasted, unsalted","Nuts and seeds","1 oz, in shell, yields","40051","oz","1","21","21.0000"
"2707519","Peanuts, dry roasted, unsalted","Nuts and seeds","1 cup, without shell, NS as to form","10350","cup","1","146","146.0000"
"2707519","Peanuts, dry roasted, unsalted","Nuts and seeds","1 package","61528","package","1","50","50.0000"
"2707519","Peanuts, dry roasted, unsalted","Nuts and seeds","1 oz, without shell, NS as to form","40139","oz","1","28.35","28.3500"
"2707520","Peanuts, honey roasted","Nuts and seeds","1 package","61528","package","1","50","50.0000"
"2707520","Peanuts, honey roasted","Nuts and seeds","1 oz","40000","oz","1","28.35","28.3500"
"2707520","Peanuts, honey roasted","Nuts and seeds","1 cup","10205","cup","1","146","146.0000"
"2707521","Pecans, NFS","Nuts and seeds","1 package","61528","package","1","50","50.0000"
"2707521","Pecans, NFS","Nuts and seeds","1 oz","40000","oz","1","28.35","28.3500"
"2707521","Pecans, NFS","Nuts and seeds","1 cup","10205","cup","1","100","100.0000"
"2707522","Pecans, unroasted","Nuts and seeds","1 package","61528","package","1","50","50.0000"
"2707522","Pecans, unroasted","Nuts and seeds","1 cup","10205","cup","1","100","100.0000"
"2707522","Pecans, unroasted","Nuts and seeds","1 oz","40000","oz","1","28.35","28.3500"
"2707523","Pecans, salted","Nuts and seeds","1 cup","10205","cup","1","100","100.0000"
"2707523","Pecans, salted","Nuts and seeds","1 package","61528","package","1","50","50.0000"
"2707523","Pecans, salted","Nuts and seeds","1 oz","40000","oz","1","28.35","28.3500"
"2707524","Pecans, unsalted","Nuts and seeds","1 oz","40000","oz","1","28.35","28.3500"
"2707524","Pecans, unsalted","Nuts and seeds","1 cup","10205","cup","1","100","100.0000"
"2707524","Pecans, unsalted","Nuts and seeds","1 package","61528","package","1","50","50.0000"
"2707525","Pecans, honey roasted","Nuts and seeds","1 package","61528","package","1","50","50.0000"
"2707525","Pecans, honey roasted","Nuts and seeds","1 cup","10205","cup","1","100","100.0000"
"2707525","Pecans, honey roasted","Nuts and seeds","1 oz","40000","oz","1","28.35","28.3500"
"2707526","Pine nuts","Nuts and seeds","1 cup","10205","cup","1","135","135.0000"
"2707527","Pistachio nuts, NFS","Nuts and seeds","1 cup, NFS","10010","cup","1","58","58.0000"
"2707527","Pistachio nuts, NFS","Nuts and seeds","1 oz, NFS","40138","oz","1","28.35","28.3500"
"2707527","Pistachio nuts, NFS","Nuts and seeds","1 cup, without shell","10349","cup","1","128","128.0000"
"2707527","Pistachio nuts, NFS","Nuts and seeds","1 oz, without shell","40093","oz","1","28.35","28.3500"
"2707527","Pistachio nuts, NFS","Nuts and seeds","1 oz, in shell, yields","40051","oz","1","15","15.0000"
"2707527","Pistachio nuts, NFS","Nuts and seeds","1 cup, in shell, yields","10113","cup","1","58","58.0000"
"2707527","Pistachio nuts, NFS","Nuts and seeds","1 package","61528","package","1","50","50.0000"
"2707528","Pistachio nuts, salted","Nuts and seeds","1 cup, without shell","10349","cup","1","128","128.0000"
"2707528","Pistachio nuts, salted","Nuts and seeds","1 cup, NFS","10010","cup","1","58","58.0000"
"2707528","Pistachio nuts, salted","Nuts and seeds","1 cup, in shell, yields","10113","cup","1","58","58.0000"
"2707528","Pistachio nuts, salted","Nuts and seeds","1 oz, NFS","40138","oz","1","28.35","28.3500"
"2707528","Pistachio nuts, salted","Nuts and seeds","1 package","61528","package","1","50","50.0000"
"2707528","Pistachio nuts, salted","Nuts and seeds","1 oz, in shell, yields","40051","oz","1","15","15.0000"
"2707528","Pistachio nuts, salted","Nuts and seeds","1 oz, without shell","40093","oz","1","28.35","28.3500"
"2707529","Pistachio nuts, lightly salted","Nuts and seeds","1 cup, in shell, yields","10113","cup","1","58","58.0000"
"2707529","Pistachio nuts, lightly salted","Nuts and seeds","1 cup, without shell","10349","cup","1","128","128.0000"
"2707529","Pistachio nuts, lightly salted","Nuts and seeds","1 package","61528","package","1","50","50.0000"
"2707529","Pistachio nuts, lightly salted","Nuts and seeds","1 oz, NFS","40138","oz","1","28.35","28.3500"
"2707529","Pistachio nuts, lightly salted","Nuts and seeds","1 oz, without shell","40093","oz","1","28.35","28.3500"
"2707529","Pistachio nuts, lightly salted","Nuts and seeds","1 oz, in shell, yields","40051","oz","1","15","15.0000"
"2707529","Pistachio nuts, lightly salted","Nuts and seeds","1 cup, NFS","10010","cup","1","58","58.0000"
"2707530","Pistachio nuts, unsalted","Nuts and seeds","1 oz, without shell","40093","oz","1","28.35","28.3500"
"2707530","Pistachio nuts, unsalted","Nuts and seeds","1 oz, in shell, yields","40051","oz","1","15","15.0000"
"2707530","Pistachio nuts, unsalted","Nuts and seeds","1 package","61528","package","1","50","50.0000"
"2707530","Pistachio nuts, unsalted","Nuts and seeds","1 cup, without shell","10349","cup","1","128","128.0000"
"2707530","Pistachio nuts, unsalted","Nuts and seeds","1 cup, NFS","10010","cup","1","58","58.0000"
"2707530","Pistachio nuts, unsalted","Nuts and seeds","1 cup, in shell, yields","10113","cup","1","58","58.0000"
"2707530","Pistachio nuts, unsalted","Nuts and seeds","1 oz, NFS","40138","oz","1","28.35","28.3500"
"2707531","Walnuts, excluding honey roasted","Nuts and seeds","1 cup","10205","cup","1","120","120.0000"
"2707531","Walnuts, excluding honey roasted","Nuts and seeds","1 oz","40000","oz","1","28.35","28.3500"
"2707531","Walnuts, excluding honey roasted","Nuts and seeds","1 package","61528","package","1","50","50.0000"
"2707532","Walnuts, honey roasted","Nuts and seeds","1 oz","40000","oz","1","28.35","28.3500"
"2707532","Walnuts, honey roasted","Nuts and seeds","1 package","61528","package","1","50","50.0000"
"2707532","Walnuts, honey roasted","Nuts and seeds","1 cup","10205","cup","1","120","120.0000"
"2707533","Almond butter","Nuts and seeds","1 tablespoon","21000","tbsp","1","16","16.0000"
"2707534","Almond butter, lower sodium","Nuts and seeds","1 tablespoon","21000","tbsp","1","16","16.0000"
"2707535","Almond paste","Nuts and seeds","1 cup, well packed","10191","cup","1","227","227.0000"
"2707536","Cashew butter","Nuts and seeds","1 tablespoon","21000","tbsp","1","16","16.0000"
"2707537","Peanut butter","Nuts and seeds","1 tablespoon","21000","tbsp","1","16","16.0000"
"2707538","Peanut butter, lower sodium","Nuts and seeds","1 tablespoon","21000","tbsp","1","16","16.0000"
"2707539","Peanut butter, lower sodium and lower sugar","Nuts and seeds","1 tablespoon","21000","tbsp","1","16","16.0000"
"2707540","Peanut butter, lower sugar","Nuts and seeds","1 tablespoon","21000","tbsp","1","16","16.0000"
"2707541","Peanut butter, reduced fat","Nuts and seeds","1 tablespoon","21000","tbsp","1","16","16.0000"
"2707542","Peanut butter, vitamin and mineral fortified","Nuts and seeds","1 tablespoon","21000","tbsp","1","16","16.0000"
"2707543","Peanut butter and jelly","Nuts and seeds","1 tablespoon","21000","tbsp","1","16","16.0000"
"2707544","Peanut butter and chocolate spread","Nuts and seeds","1 tablespoon","21000","tbsp","1","16","16.0000"
"2707545","Soy nut butter","Soy and meat-alternative products","1 tablespoon","21000","tbsp","1","16","16.0000"
"2707546","Peanut sauce","Dips, gravies, other sauces","1 tablespoon","21000","tbsp","1","16","16.0000"
"2707547","Soup, peanut","Soups, cream-based","1 cup","10205","cup","1","245","245.0000"
"2707548","Gravy, vegetarian","Dips, gravies, other sauces","1 cup","10205","cup","1","240","240.0000"
"2707568","Coconut milk, used in cooking","Plant-based milk","1 fl oz","30000","floz","1","30","30.0000"
"2707569","Yogurt, coconut milk","Plant-based yogurt","1 cup","10205","cup","1","226","226.0000"
"2707570","Yogurt, almond milk","Plant-based yogurt","1 cup","10205","cup","1","226","226.0000"
"2707571","Coconut cream, canned, sweetened","Plant-based milk","1 fl oz (no ice)","30001","floz","1","30","30.0000"
"2707571","Coconut cream, canned, sweetened","Plant-based milk","1 fl oz (NFS)","30008","floz","1","30","30.0000"
"2707571","Coconut cream, canned, sweetened","Plant-based milk","1 fl oz (with ice)","30009","floz","1","23","23.0000"
"2707572","Coconut water, unsweetened","Fruit drinks","1 fl oz (with ice)","30009","floz","1","23","23.0000"
"2707572","Coconut water, unsweetened","Fruit drinks","1 fl oz (no ice)","30001","floz","1","30","30.0000"
"2707572","Coconut water, unsweetened","Fruit drinks","1 fl oz (NFS)","30008","floz","1","30","30.0000"
"2707573","Coconut water, sweetened","Fruit drinks","1 fl oz (NFS)","30008","floz","1","30","30.0000"
"2707573","Coconut water, sweetened","Fruit drinks","1 can","60482","can","1","360","360.0000"
"2707573","Coconut water, sweetened","Fruit drinks","1 fl oz (no ice)","30001","floz","1","30","30.0000"
"2707573","Coconut water, sweetened","Fruit drinks","1 fl oz (with ice)","30009","floz","1","23","23.0000"
"2707574","Trail mix, NFS","Nuts and seeds","1 package","61528","package","1","50","50.0000"
"2707574","Trail mix, NFS","Nuts and seeds","1 cup","10205","cup","1","140","140.0000"
"2707575","Trail mix with nuts","Nuts and seeds","1 package","61528","package","1","50","50.0000"
"2707575","Trail mix with nuts","Nuts and seeds","1 cup","10205","cup","1","140","140.0000"
"2707576","Trail mix with nuts and fruit","Nuts and seeds","1 package","61528","package","1","50","50.0000"
"2707576","Trail mix with nuts and fruit","Nuts and seeds","1 cup","10205","cup","1","140","140.0000"
"2707577","Trail mix with chocolate","Nuts and seeds","1 package","61528","package","1","50","50.0000"
"2707577","Trail mix with chocolate","Nuts and seeds","1 cup","10205","cup","1","140","140.0000"
"2707578","Trail mix with pretzels, cereal, or granola","Nuts and seeds","1 cup","10205","cup","1","140","140.0000"
"2707578","Trail mix with pretzels, cereal, or granola","Nuts and seeds","1 package","61528","package","1","50","50.0000"
"2707579","Pumpkin seeds, NFS","Nuts and seeds","1 oz, NFS","40138","oz","1","28.35","28.3500"
"2707579","Pumpkin seeds, NFS","Nuts and seeds","1 oz, without shell","40093","oz","1","28.35","28.3500"
"2707579","Pumpkin seeds, NFS","Nuts and seeds","1 package","61528","package","1","50","50.0000"
"2707579","Pumpkin seeds, NFS","Nuts and seeds","1 cup, NFS","10010","cup","1","46","46.0000"
"2707579","Pumpkin seeds, NFS","Nuts and seeds","1 oz, in shell, yields","40051","oz","1","15","15.0000"
"2707579","Pumpkin seeds, NFS","Nuts and seeds","1 cup, in shell, yields","10113","cup","1","46","46.0000"
"2707579","Pumpkin seeds, NFS","Nuts and seeds","1 cup, without shell","10349","cup","1","144","144.0000"
"2707580","Pumpkin seeds, salted","Nuts and seeds","1 package","61528","package","1","50","50.0000"
"2707580","Pumpkin seeds, salted","Nuts and seeds","1 cup, NFS","10010","cup","1","46","46.0000"
"2707580","Pumpkin seeds, salted","Nuts and seeds","1 oz, NFS","40138","oz","1","28.35","28.3500"
"2707580","Pumpkin seeds, salted","Nuts and seeds","1 oz, without shell","40093","oz","1","28.35","28.3500"
"2707580","Pumpkin seeds, salted","Nuts and seeds","1 cup, without shell","10349","cup","1","144","144.0000"
"2707580","Pumpkin seeds, salted","Nuts and seeds","1 oz, in shell, yields","40051","oz","1","15","15.0000"
"2707580","Pumpkin seeds, salted","Nuts and seeds","1 cup, in shell, yields","10113","cup","1","46","46.0000"
"2707581","Pumpkin seeds, unsalted","Nuts and seeds","1 cup, without shell","10349","cup","1","144","144.0000"
"2707581","Pumpkin seeds, unsalted","Nuts and seeds","1 oz, NFS","40138","oz","1","28.35","28.3500"
"2707581","Pumpkin seeds, unsalted","Nuts and seeds","1 cup, in shell, yields","10113","cup","1","46","46.0000"
"2707581","Pumpkin seeds, unsalted","Nuts and seeds","1 package","61528","package","1","50","50.0000"
"2707581","Pumpkin seeds, unsalted","Nuts and seeds","1 oz, without shell","40093","oz","1","28.35","28.3500"
"2707581","Pumpkin seeds, unsalted","Nuts and seeds","1 oz, in shell, yields","40051","oz","1","15","15.0000"
"2707581","Pumpkin seeds, unsalted","Nuts and seeds","1 cup, NFS","10010","cup","1","46","46.0000"
"2707582","Sunflower seeds, plain, unsalted","Nuts and seeds","1 cup, NFS","10010","cup","1","46","46.0000"
"2707582","Sunflower seeds, plain, unsalted","Nuts and seeds","1 oz, without shell","40093","oz","1","28.35","28.3500"
"2707582","Sunflower seeds, plain, unsalted","Nuts and seeds","1 cup, in shell, yields","10113","cup","1","46","46.0000"
"2707582","Sunflower seeds, plain, unsalted","Nuts and seeds","1 package","61528","package","1","50","50.0000"
"2707582","Sunflower seeds, plain, unsalted","Nuts and seeds","1 oz, NFS","40138","oz","1","28.35","28.3500"
"2707582","Sunflower seeds, plain, unsalted","Nuts and seeds","1 oz, in shell, yields","40051","oz","1","15","15.0000"
"2707582","Sunflower seeds, plain, unsalted","Nuts and seeds","1 cup, without shell","10349","cup","1","144","144.0000"
"2707583","Sunflower seeds, plain, salted","Nuts and seeds","1 cup, in shell, yields","10113","cup","1","46","46.0000"
"2707583","Sunflower seeds, plain, salted","Nuts and seeds","1 cup, NFS","10010","cup","1","46","46.0000"
"2707583","Sunflower seeds, plain, salted","Nuts and seeds","1 oz, in shell, yields","40051","oz","1","15","15.0000"
"2707583","Sunflower seeds, plain, salted","Nuts and seeds","1 oz, without shell","40093","oz","1","28.35","28.3500"
"2707583","Sunflower seeds, plain, salted","Nuts and seeds","1 package","61528","package","1","50","50.0000"
"2707583","Sunflower seeds, plain, salted","Nuts and seeds","1 cup, without shell","10349","cup","1","144","144.0000"
"2707583","Sunflower seeds, plain, salted","Nuts and seeds","1 oz, NFS","40138","oz","1","28.35","28.3500"
"2707584","Sunflower seeds, flavored","Nuts and seeds","1 package","61528","package","1","50","50.0000"
"2707584","Sunflower seeds, flavored","Nuts and seeds","1 oz, in shell, yields","40051","oz","1","15","15.0000"
"2707584","Sunflower seeds, flavored","Nuts and seeds","1 oz, NFS","40138","oz","1","28.35","28.3500"
"2707584","Sunflower seeds, flavored","Nuts and seeds","1 oz, without shell","40093","oz","1","28.35","28.3500"
"2707584","Sunflower seeds, flavored","Nuts and seeds","1 cup, NFS","10010","cup","1","46","46.0000"
"2707584","Sunflower seeds, flavored","Nuts and seeds","1 cup, without shell","10349","cup","1","144","144.0000"
"2707584","Sunflower seeds, flavored","Nuts and seeds","1 cup, in shell, yields","10113","cup","1","46","46.0000"
"2707585","Sunflower seeds, NFS","Nuts and seeds","1 cup, NFS","10010","cup","1","46","46.0000"
"2707585","Sunflower seeds, NFS","Nuts and seeds","1 cup, without shell","10349","cup","1","144","144.0000"
"2707585","Sunflower seeds, NFS","Nuts and seeds","1 oz, in shell, yields","40051","oz","1","15","15.0000"
"2707585","Sunflower seeds, NFS","Nuts and seeds","1 oz, NFS","40138","oz","1","28.35","28.3500"
"2707585","Sunflower seeds, NFS","Nuts and seeds","1 oz, without shell","40093","oz","1","28.35","28.3500"
"2707585","Sunflower seeds, NFS","Nuts and seeds","1 cup, in shell, yields","10113","cup","1","46","46.0000"
"2707585","Sunflower seeds, NFS","Nuts and seeds","1 package","61528","package","1","50","50.0000"
"2707586","Sesame seeds","Nuts and seeds","1 cup","10205","cup","1","128","128.0000"
"2707587","Tahini","Nuts and seeds","1 tablespoon","21000","tbsp","1","15","15.0000"
"2707588","Flax seeds","Nuts and seeds","1 cup","10205","cup","1","168","168.0000"
"2707589","Mixed seeds","Nuts and seeds","1 cup","10205","cup","1","145","145.0000"
"2707590","Chia seeds","Nuts and seeds","1 cup","10205","cup","1","168","168.0000"
"2707591","Bread, NS as to major flour","Yeast breads","1 slice, snack-size","62014","slice","1","10","10.0000"
"2707591","Bread, NS as to major flour","Yeast breads","1 slice, crust not eaten","62011","slice","1","13","13.0000"
"2707592","Bread, NS as to major flour, toasted","Yeast breads","1 slice, snack-size","62014","slice","1","9","9.0000"
"2707592","Bread, NS as to major flour, toasted","Yeast breads","1 slice, crust not eaten","62011","slice","1","12","12.0000"
"2707593","Bread, made from home recipe or purchased at a bakery, NS as to major flour","Yeast breads","1 slice, crust not eaten","62011","slice","1","20","20.0000"
"2707594","Bread, made from home recipe or purchased at a bakery, toasted, NS as to major flour","Yeast breads","1 slice, crust not eaten","62011","slice","1","18","18.0000"
"2707598","Bread, white","Yeast breads","1 slice, snack-size","62014","slice","1","10","10.0000"
"2707598","Bread, white","Yeast breads","1 cup","10205","cup","1","40","40.0000"
"2707598","Bread, white","Yeast breads","1 slice, crust not eaten","62011","slice","1","13","13.0000"
"2707599","Bread, white, toasted","Yeast breads","1 cup","10205","cup","1","40","40.0000"
"2707599","Bread, white, toasted","Yeast breads","1 slice, snack-size","62014","slice","1","9","9.0000"
"2707599","Bread, white, toasted","Yeast breads","1 slice, crust not eaten","62011","slice","1","12","12.0000"
"2707600","Bread, white, made from home recipe or purchased at a bakery","Yeast breads","1 slice, crust not eaten","62011","slice","1","20","20.0000"
"2707601","Bread, white, made from home recipe or purchased at a bakery, toasted","Yeast breads","1 slice, crust not eaten","62011","slice","1","18","18.0000"
"2707602","Bread, white with whole wheat swirl","Yeast breads","1 slice, crust not eaten","62011","slice","1","13","13.0000"
"2707602","Bread, white with whole wheat swirl","Yeast breads","1 slice, snack-size","62014","slice","1","10","10.0000"
"2707603","Bread, white with whole wheat swirl, toasted","Yeast breads","1 slice, snack-size","62014","slice","1","9","9.0000"
"2707603","Bread, white with whole wheat swirl, toasted","Yeast breads","1 slice, crust not eaten","62011","slice","1","12","12.0000"
"2707604","Bread, Cuban","Yeast breads","1 slice, crust not eaten","62011","slice","1","9","9.0000"
"2707605","Bread, Cuban, toasted","Yeast breads","1 slice, crust not eaten","62011","slice","1","8","8.0000"
"2707606","Bread, native, water, Puerto Rican style","Yeast breads","1 slice","61935","slice","1","25","25.0000"
"2707607","Bread, native, water, toasted, Puerto Rican style","Yeast breads","1 slice","61935","slice","1","23","23.0000"
"2707608","Bread, lard, Puerto Rican style","Yeast breads","1 slice","61935","slice","1","25","25.0000"
"2707609","Bread, lard, toasted, Puerto Rican style","Yeast breads","1 slice","61935","slice","1","23","23.0000"
"2707610","Bread, French or Vienna","Yeast breads","1 slice, snack-size","62014","slice","1","10","10.0000"
"2707610","Bread, French or Vienna","Yeast breads","1 slice, crust not eaten","62011","slice","1","31","31.0000"
"2707610","Bread, French or Vienna","Yeast breads","1 slice, Vienna bread","64018","slice","1","28","28.0000"
"2707610","Bread, French or Vienna","Yeast breads","1 cup, NFS","10010","cup","1","45","45.0000"
"2707611","Bread, French or Vienna, toasted","Yeast breads","1 slice, snack-size","62014","slice","1","9","9.0000"
"2707611","Bread, French or Vienna, toasted","Yeast breads","1 slice, crust not eaten","62011","slice","1","28","28.0000"
"2707611","Bread, French or Vienna, toasted","Yeast breads","1 slice, Vienna bread","64018","slice","1","26","26.0000"
"2707612","Focaccia, Italian, plain","Yeast breads","1 slice","61935","slice","1","57","57.0000"
"2707613","Bread, naan","Yeast breads","1 piece (1/4 of 10"" dia)","64088","piece","1","44","44.0000"
"2707614","Bread, Italian, Grecian, Armenian","Yeast breads","1 slice, crust not eaten","62011","slice","1","14","14.0000"
"2707614","Bread, Italian, Grecian, Armenian","Yeast breads","1 slice, snack-size","62014","slice","1","10","10.0000"
"2707615","Bread, Italian, Grecian, Armenian, toasted","Yeast breads","1 slice, crust not eaten","62011","slice","1","13","13.0000"
"2707615","Bread, Italian, Grecian, Armenian, toasted","Yeast breads","1 slice, snack-size","62014","slice","1","9","9.0000"
"2707618","Bread, cheese","Yeast breads","1 slice, crust not eaten","62011","slice","1","13","13.0000"
"2707618","Bread, cheese","Yeast breads","1 slice, snack-size","62014","slice","1","10","10.0000"
"2707619","Bread, cheese, toasted","Yeast breads","1 slice, snack-size","62014","slice","1","9","9.0000"
"2707619","Bread, cheese, toasted","Yeast breads","1 slice, crust not eaten","62011","slice","1","12","12.0000"
"2707620","Bread, cinnamon","Yeast breads","1 slice, snack-size","62014","slice","1","10","10.0000"
"2707620","Bread, cinnamon","Yeast breads","1 slice, crust not eaten","62011","slice","1","13","13.0000"
"2707621","Bread, cinnamon, toasted","Yeast breads","1 slice, snack-size","62014","slice","1","9","9.0000"
"2707621","Bread, cinnamon, toasted","Yeast breads","1 slice, crust not eaten","62011","slice","1","12","12.0000"
"2707622","Bread, cornmeal and molasses","Yeast breads","1 slice, snack-size","62014","slice","1","10","10.0000"
"2707622","Bread, cornmeal and molasses","Yeast breads","1 slice, crust not eaten","62011","slice","1","15","15.0000"
"2707623","Bread, cornmeal and molasses, toasted","Yeast breads","1 slice, snack-size","62014","slice","1","9","9.0000"
"2707623","Bread, cornmeal and molasses, toasted","Yeast breads","1 slice, crust not eaten","62011","slice","1","12","12.0000"
"2707624","Bread, egg, Challah","Yeast breads","1 slice, crust not eaten","62011","slice","1","14","14.0000"
"2707625","Bread, egg, Challah, toasted","Yeast breads","1 slice, crust not eaten","62011","slice","1","13","13.0000"
"2707633","Bread, onion","Yeast breads","1 slice, snack-size","62014","slice","1","10","10.0000"
"2707633","Bread, onion","Yeast breads","1 slice, crust not eaten","62011","slice","1","14","14.0000"
"2707634","Bread, onion, toasted","Yeast breads","1 slice, crust not eaten","62011","slice","1","13","13.0000"
"2707634","Bread, onion, toasted","Yeast breads","1 slice, snack-size","62014","slice","1","9","9.0000"
"2707635","Bread, reduced calorie and/or high fiber, white or NFS","Yeast breads","1 slice, crust not eaten","62011","slice","1","13","13.0000"
"2707635","Bread, reduced calorie and/or high fiber, white or NFS","Yeast breads","1 slice, snack-size","62014","slice","1","10","10.0000"
"2707636","Bread, reduced calorie and/or high fiber, white or NFS, toasted","Yeast breads","1 slice, snack-size","62014","slice","1","9","9.0000"
"2707636","Bread, reduced calorie and/or high fiber, white or NFS, toasted","Yeast breads","1 slice, crust not eaten","62011","slice","1","12","12.0000"
"2707637","Bread, reduced calorie and/or high fiber, white or NFS, with fruit and/or nuts","Yeast breads","1 slice, crust not eaten","62011","slice","1","13","13.0000"
"2707637","Bread, reduced calorie and/or high fiber, white or NFS, with fruit and/or nuts","Yeast breads","1 slice, snack-size","62014","slice","1","10","10.0000"
"2707638","Bread, reduced calorie and/or high fiber, white or NFS, with fruit and/or nuts, toasted","Yeast breads","1 slice, crust not eaten","62011","slice","1","12","12.0000"
"2707638","Bread, reduced calorie and/or high fiber, white or NFS, with fruit and/or nuts, toasted","Yeast breads","1 slice, snack-size","62014","slice","1","9","9.0000"
"2707639","Bread, white, special formula, added fiber","Yeast breads","1 slice, snack-size","62014","slice","1","10","10.0000"
"2707639","Bread, white, special formula, added fiber","Yeast breads","1 slice, crust not eaten","62011","slice","1","13","13.0000"
"2707640","Bread, white, special formula, added fiber, toasted","Yeast breads","1 slice, snack-size","62014","slice","1","9","9.0000"
"2707640","Bread, white, special formula, added fiber, toasted","Yeast breads","1 slice, crust not eaten","62011","slice","1","12","12.0000"
"2707641","Bread, high protein, toasted","Yeast breads","1 slice, crust not eaten","62011","slice","1","12","12.0000"
"2707641","Bread, high protein, toasted","Yeast breads","1 slice, snack-size","62014","slice","1","9","9.0000"
"2707642","Bread, potato","Yeast breads","1 slice, crust not eaten","62011","slice","1","16","16.0000"
"2707642","Bread, potato","Yeast breads","1 slice, snack-size","62014","slice","1","10","10.0000"
"2707643","Bread, potato, toasted","Yeast breads","1 slice, snack-size","62014","slice","1","9","9.0000"
"2707643","Bread, potato, toasted","Yeast breads","1 slice, crust not eaten","62011","slice","1","15","15.0000"
"2707644","Bread, raisin","Yeast breads","1 slice, snack-size","62014","slice","1","10","10.0000"
"2707644","Bread, raisin","Yeast breads","1 slice, crust not eaten","62011","slice","1","13","13.0000"
"2707645","Bread, raisin, toasted","Yeast breads","1 slice, snack-size","62014","slice","1","9","9.0000"
"2707645","Bread, raisin, toasted","Yeast breads","1 slice, crust not eaten","62011","slice","1","12","12.0000"
"2707646","Bread, sour dough","Yeast breads","1 slice, snack-size","62014","slice","1","10","10.0000"
"2707646","Bread, sour dough","Yeast breads","1 slice, crust not eaten","62011","slice","1","14","14.0000"
"2707647","Bread, sour dough, toasted","Yeast breads","1 slice, crust not eaten","62011","slice","1","13","13.0000"
"2707647","Bread, sour dough, toasted","Yeast breads","1 slice, snack-size","62014","slice","1","9","9.0000"
"2707648","Bread, sweet potato","Yeast breads","1 slice, crust not eaten","62011","slice","1","13","13.0000"
"2707648","Bread, sweet potato","Yeast breads","1 slice, snack-size","62014","slice","1","10","10.0000"
"2707649","Bread, sweet potato, toasted","Yeast breads","1 slice, snack-size","62014","slice","1","9","9.0000"
"2707649","Bread, sweet potato, toasted","Yeast breads","1 slice, crust not eaten","62011","slice","1","12","12.0000"
"2707650","Bread, vegetable","Yeast breads","1 slice","61935","slice","1","44","44.0000"
"2707651","Bread, vegetable, toasted","Yeast breads","1 slice","61935","slice","1","40","40.0000"
"2707652","Bruschetta","Vegetable sandwiches/burgers","1 slice","61935","slice","1","43","43.0000"
"2707652","Bruschetta","Vegetable sandwiches/burgers","1 slice, snack-size","62014","slice","1","14","14.0000"
"2707653","Bread, dough, fried","Yeast breads","1 piece (7"" dia)","61732","piece","1","104","104.0000"
"2707653","Bread, dough, fried","Yeast breads","1 piece (8"" dia)","61733","piece","1","136","136.0000"
"2707653","Bread, dough, fried","Yeast breads","1 cup","10205","cup","1","140","140.0000"
"2707655","Roll, white, hard","Rolls and buns","1 large (include Kaiser)","60957","large","1","62","62.0000"
"2707661","Roll, French or Vienna","Rolls and buns","1 medium","61238","medium","1","45","45.0000"
"2707661","Roll, French or Vienna","Rolls and buns","1 small (10 per 12 oz package)","62022","small","1","34","34.0000"
"2707661","Roll, French or Vienna","Rolls and buns","1 large (6 per 12 oz package)","60944","large","1","57","57.0000"
"2707663","Roll, white, hoagie, submarine","Rolls and buns","1 large (11-1/2"" long)","60922","large","1","153","153.0000"
"2707663","Roll, white, hoagie, submarine","Rolls and buns","1 medium (8"" long)","61280","medium","1","106","106.0000"
"2707663","Roll, white, hoagie, submarine","Rolls and buns","1 small (5-1/2"" long)","62041","small","1","73","73.0000"
"2707666","Roll, sweet, no frosting","Doughnuts, sweet rolls, pastries","1 slice","61935","slice","1","56","56.0000"
"2707666","Roll, sweet, no frosting","Doughnuts, sweet rolls, pastries","1 large","60919","large","1","153","153.0000"
"2707666","Roll, sweet, no frosting","Doughnuts, sweet rolls, pastries","1 small","62015","small","1","54","54.0000"
"2707666","Roll, sweet, no frosting","Doughnuts, sweet rolls, pastries","1 medium","61238","medium","1","90","90.0000"
"2707667","Roll, sweet, cinnamon bun, no frosting","Doughnuts, sweet rolls, pastries","1 small","62015","small","1","54","54.0000"
"2707667","Roll, sweet, cinnamon bun, no frosting","Doughnuts, sweet rolls, pastries","1 large","60919","large","1","153","153.0000"
"2707667","Roll, sweet, cinnamon bun, no frosting","Doughnuts, sweet rolls, pastries","1 medium","61238","medium","1","90","90.0000"
"2707668","Roll, sweet, cinnamon bun, frosted","Doughnuts, sweet rolls, pastries","1 medium","61238","medium","1","90","90.0000"
"2707668","Roll, sweet, cinnamon bun, frosted","Doughnuts, sweet rolls, pastries","1 large","60919","large","1","153","153.0000"
"2707668","Roll, sweet, cinnamon bun, frosted","Doughnuts, sweet rolls, pastries","1 small","62015","small","1","54","54.0000"
"2707669","Pan dulce, NFS","Doughnuts, sweet rolls, pastries","1 medium","61238","medium","1","93","93.0000"
"2707669","Pan dulce, NFS","Doughnuts, sweet rolls, pastries","1 large","60919","large","1","116","116.0000"
"2707669","Pan dulce, NFS","Doughnuts, sweet rolls, pastries","1 small","62015","small","1","70","70.0000"
"2707670","Pan Dulce, with fruit, no frosting","Doughnuts, sweet rolls, pastries","1 large","60919","large","1","153","153.0000"
"2707670","Pan Dulce, with fruit, no frosting","Doughnuts, sweet rolls, pastries","1 small","62015","small","1","54","54.0000"
"2707670","Pan Dulce, with fruit, no frosting","Doughnuts, sweet rolls, pastries","1 medium","61238","medium","1","90","90.0000"
"2707671","Roll, sweet, with fruit, frosted","Doughnuts, sweet rolls, pastries","1 small","62015","small","1","54","54.0000"
"2707671","Roll, sweet, with fruit, frosted","Doughnuts, sweet rolls, pastries","1 large","60919","large","1","153","153.0000"
"2707671","Roll, sweet, with fruit, frosted","Doughnuts, sweet rolls, pastries","1 medium","61238","medium","1","90","90.0000"
"2707672","Roll, sweet, with fruit, frosted, diet","Doughnuts, sweet rolls, pastries","1 medium","61238","medium","1","90","90.0000"
"2707672","Roll, sweet, with fruit, frosted, diet","Doughnuts, sweet rolls, pastries","1 large","60919","large","1","153","153.0000"
"2707672","Roll, sweet, with fruit, frosted, diet","Doughnuts, sweet rolls, pastries","1 small","62015","small","1","54","54.0000"
"2707673","Roll, sweet, frosted","Doughnuts, sweet rolls, pastries","1 small","62015","small","1","54","54.0000"
"2707673","Roll, sweet, frosted","Doughnuts, sweet rolls, pastries","1 large","60919","large","1","83","83.0000"
"2707673","Roll, sweet, frosted","Doughnuts, sweet rolls, pastries","1 medium","61238","medium","1","90","90.0000"
"2707674","Pan Dulce, no topping","Doughnuts, sweet rolls, pastries","1 small","62015","small","1","56","56.0000"
"2707674","Pan Dulce, no topping","Doughnuts, sweet rolls, pastries","1 large","60919","large","1","96","96.0000"
"2707674","Pan Dulce, no topping","Doughnuts, sweet rolls, pastries","1 medium","61238","medium","1","76","76.0000"
"2707675","Pan Dulce, with sugar topping","Doughnuts, sweet rolls, pastries","1 small","62015","small","1","70","70.0000"
"2707675","Pan Dulce, with sugar topping","Doughnuts, sweet rolls, pastries","1 medium","61238","medium","1","93","93.0000"
"2707675","Pan Dulce, with sugar topping","Doughnuts, sweet rolls, pastries","1 large","60919","large","1","116","116.0000"
"2707677","Coffee cake, yeast type","Doughnuts, sweet rolls, pastries","1 piece","61667","piece","1","57","57.0000"
"2707677","Coffee cake, yeast type","Doughnuts, sweet rolls, pastries","1 slice","61935","slice","1","47","47.0000"
"2707682","Brioche","Doughnuts, sweet rolls, pastries","1 piece","61667","piece","1","77","77.0000"
"2707683","Bread, Spanish coffee","Doughnuts, sweet rolls, pastries","1 piece","61667","piece","1","85","85.0000"
"2707684","Bagel","Bagels and English muffins","1 small","62015","small","1","69","69.0000"
"2707684","Bagel","Bagels and English muffins","1 regular","62862","regular","1","105","105.0000"
"2707684","Bagel","Bagels and English muffins","1 large","60919","large","1","131","131.0000"
"2707685","Bagel, with raisins","Bagels and English muffins","1 small","62015","small","1","69","69.0000"
"2707685","Bagel, with raisins","Bagels and English muffins","1 regular","62862","regular","1","105","105.0000"
"2707685","Bagel, with raisins","Bagels and English muffins","1 large","60919","large","1","131","131.0000"
"2707686","Bagel, with fruit other than raisins","Bagels and English muffins","1 large","60919","large","1","131","131.0000"
"2707686","Bagel, with fruit other than raisins","Bagels and English muffins","1 small","62015","small","1","69","69.0000"
"2707686","Bagel, with fruit other than raisins","Bagels and English muffins","1 regular","62862","regular","1","105","105.0000"
"2707687","Bread stuffing","Turnovers and other grain-based items","1 cup, NFS","10010","cup","1","200","200.0000"
"2707687","Bread stuffing","Turnovers and other grain-based items","1 cup, dry mix, prepared","10071","cup","1","228","228.0000"
"2707688","Bread stuffing made with egg","Turnovers and other grain-based items","1 cup","10205","cup","1","170","170.0000"
"2707690","Breadsticks, hard, NFS","Crackers, excludes saltines","1 cup","10205","cup","1","46","46.0000"
"2707691","Breadsticks, hard, reduced sodium","Crackers, excludes saltines","1 cup","10205","cup","1","46","46.0000"
"2707697","Croutons","Crackers, excludes saltines","1 cup","10205","cup","1","40","40.0000"
"2707702","Melba toast","Crackers, excludes saltines","1 cup, NFS","10010","cup","1","30","30.0000"
"2707703","Anisette toast","Cookies and brownies","1 piece","61667","piece","1","10","10.0000"
"2707704","Pannetone","Doughnuts, sweet rolls, pastries","1 slice","61935","slice","1","27","27.0000"
"2707705","Zwieback toast","Crackers, excludes saltines","1 piece","61667","piece","1","5","5.0000"
"2707706","Bread, whole grain white","Yeast breads","1 slice, snack-size","62014","slice","1","10","10.0000"
"2707706","Bread, whole grain white","Yeast breads","1 slice, crust not eaten","62011","slice","1","16","16.0000"
"2707707","Bread, whole grain white, toasted","Yeast breads","1 slice, crust not eaten","62011","slice","1","15","15.0000"
"2707707","Bread, whole grain white, toasted","Yeast breads","1 slice, snack-size","62014","slice","1","9","9.0000"
"2707708","Bagel, whole grain white","Bagels and English muffins","1 small","62015","small","1","69","69.0000"
"2707708","Bagel, whole grain white","Bagels and English muffins","1 regular","62862","regular","1","105","105.0000"
"2707708","Bagel, whole grain white","Bagels and English muffins","1 large","60919","large","1","131","131.0000"
"2707709","Bread, whole wheat","Yeast breads","1 slice, snack-size","62014","slice","1","10","10.0000"
"2707709","Bread, whole wheat","Yeast breads","1 slice, crust not eaten","62011","slice","1","16","16.0000"
"2707710","Bread, whole wheat, toasted","Yeast breads","1 slice, crust not eaten","62011","slice","1","15","15.0000"
"2707710","Bread, whole wheat, toasted","Yeast breads","1 slice, snack-size","62014","slice","1","9","9.0000"
"2707711","Bread, whole wheat, made from home recipe or purchased at bakery","Yeast breads","1 slice, crust not eaten","62011","slice","1","20","20.0000"
"2707712","Bread, whole wheat, made from home recipe or purchased at bakery, toasted","Yeast breads","1 slice, crust not eaten","62011","slice","1","18","18.0000"
"2707716","Bread, whole wheat, with raisins","Yeast breads","1 slice, crust not eaten","62011","slice","1","16","16.0000"
"2707716","Bread, whole wheat, with raisins","Yeast breads","1 slice, snack-size","62014","slice","1","10","10.0000"
"2707717","Bread, whole wheat, with raisins, toasted","Yeast breads","1 slice, crust not eaten","62011","slice","1","15","15.0000"
"2707717","Bread, whole wheat, with raisins, toasted","Yeast breads","1 slice, snack-size","62014","slice","1","9","9.0000"
"2707718","Bread, sprouted wheat","Yeast breads","1 slice","61935","slice","1","26","26.0000"
"2707719","Bread, sprouted wheat, toasted","Yeast breads","1 slice","61935","slice","1","24","24.0000"
"2707720","Bread, wheat or cracked wheat","Yeast breads","1 slice, crust not eaten","62011","slice","1","13","13.0000"
"2707720","Bread, wheat or cracked wheat","Yeast breads","1 slice, snack-size","62014","slice","1","10","10.0000"
"2707721","Bread, wheat or cracked wheat, toasted","Yeast breads","1 slice, crust not eaten","62011","slice","1","12","12.0000"
"2707721","Bread, wheat or cracked wheat, toasted","Yeast breads","1 slice, snack-size","62014","slice","1","9","9.0000"
"2707722","Bread, wheat or cracked wheat, made from home recipe or purchased at bakery","Yeast breads","1 slice, crust not eaten","62011","slice","1","20","20.0000"
"2707723","Bread, wheat or cracked wheat, made from home recipe or purchased at bakery, toasted","Yeast breads","1 slice, crust not eaten","62011","slice","1","18","18.0000"
"2707724","Bread, wheat or cracked wheat, with raisins","Yeast breads","1 slice, crust not eaten","62011","slice","1","13","13.0000"
"2707724","Bread, wheat or cracked wheat, with raisins","Yeast breads","1 slice, snack-size","62014","slice","1","10","10.0000"
"2707725","Bread, wheat or cracked wheat, with raisins, toasted","Yeast breads","1 slice, crust not eaten","62011","slice","1","12","12.0000"
"2707725","Bread, wheat or cracked wheat, with raisins, toasted","Yeast breads","1 slice, snack-size","62014","slice","1","9","9.0000"
"2707726","Bread, wheat or cracked wheat, reduced calorie and/or high fiber","Yeast breads","1 slice, snack-size","62014","slice","1","10","10.0000"
"2707726","Bread, wheat or cracked wheat, reduced calorie and/or high fiber","Yeast breads","1 slice, crust not eaten","62011","slice","1","13","13.0000"
"2707727","Bread, wheat or cracked wheat, reduced calorie and/or high fiber, toasted","Yeast breads","1 slice, crust not eaten","62011","slice","1","12","12.0000"
"2707727","Bread, wheat or cracked wheat, reduced calorie and/or high fiber, toasted","Yeast breads","1 slice, snack-size","62014","slice","1","9","9.0000"
"2707728","Bread, French or Vienna, whole wheat","Yeast breads","1 slice, snack-size","62014","slice","1","10","10.0000"
"2707728","Bread, French or Vienna, whole wheat","Yeast breads","1 slice, Vienna bread","64018","slice","1","28","28.0000"
"2707728","Bread, French or Vienna, whole wheat","Yeast breads","1 cup, crumbs","10060","cup","1","45","45.0000"
"2707728","Bread, French or Vienna, whole wheat","Yeast breads","1 slice, crust not eaten","62011","slice","1","31","31.0000"
"2707729","Bread, French or Vienna, whole wheat, toasted","Yeast breads","1 slice, Vienna bread","64018","slice","1","26","26.0000"
"2707729","Bread, French or Vienna, whole wheat, toasted","Yeast breads","1 slice, crust not eaten","62011","slice","1","28","28.0000"
"2707729","Bread, French or Vienna, whole wheat, toasted","Yeast breads","1 slice, snack-size","62014","slice","1","9","9.0000"
"2707732","Bagel, wheat","Bagels and English muffins","1 large","60919","large","1","131","131.0000"
"2707732","Bagel, wheat","Bagels and English muffins","1 regular","62862","regular","1","105","105.0000"
"2707732","Bagel, wheat","Bagels and English muffins","1 small","62015","small","1","69","69.0000"
"2707733","Bagel, whole wheat","Bagels and English muffins","1 large","60919","large","1","131","131.0000"
"2707733","Bagel, whole wheat","Bagels and English muffins","1 small","62015","small","1","69","69.0000"
"2707733","Bagel, whole wheat","Bagels and English muffins","1 regular","62862","regular","1","105","105.0000"
"2707734","Bagel, wheat, with raisins","Bagels and English muffins","1 regular","62862","regular","1","105","105.0000"
"2707734","Bagel, wheat, with raisins","Bagels and English muffins","1 large","60919","large","1","131","131.0000"
"2707734","Bagel, wheat, with raisins","Bagels and English muffins","1 small","62015","small","1","69","69.0000"
"2707735","Bagel, whole wheat, with raisins","Bagels and English muffins","1 large","60919","large","1","131","131.0000"
"2707735","Bagel, whole wheat, with raisins","Bagels and English muffins","1 regular","62862","regular","1","105","105.0000"
"2707735","Bagel, whole wheat, with raisins","Bagels and English muffins","1 small","62015","small","1","69","69.0000"
"2707736","Bagel, wheat, with fruit and nuts","Bagels and English muffins","1 small","62015","small","1","69","69.0000"
"2707736","Bagel, wheat, with fruit and nuts","Bagels and English muffins","1 regular","62862","regular","1","105","105.0000"
"2707736","Bagel, wheat, with fruit and nuts","Bagels and English muffins","1 large","60919","large","1","131","131.0000"
"2707737","Bagel, wheat bran","Bagels and English muffins","1 regular","62862","regular","1","105","105.0000"
"2707737","Bagel, wheat bran","Bagels and English muffins","1 small","62015","small","1","69","69.0000"
"2707737","Bagel, wheat bran","Bagels and English muffins","1 large","60919","large","1","131","131.0000"
"2707745","Breadsticks, hard, whole wheat","Crackers, excludes saltines","1 cup","10205","cup","1","46","46.0000"
"2707755","Bread, rye","Yeast breads","1 slice, crust not eaten","62011","slice","1","15","15.0000"
"2707755","Bread, rye","Yeast breads","1 slice, snack-size","62014","slice","1","10","10.0000"
"2707756","Bread, rye, toasted","Yeast breads","1 slice, snack-size","62014","slice","1","9","9.0000"
"2707756","Bread, rye, toasted","Yeast breads","1 slice, crust not eaten","62011","slice","1","13.5","13.5000"
"2707757","Bread, marble rye and pumpernickel","Yeast breads","1 slice, snack-size","62014","slice","1","10","10.0000"
"2707757","Bread, marble rye and pumpernickel","Yeast breads","1 slice, crust not eaten","62011","slice","1","15","15.0000"
"2707758","Bread, marble rye and pumpernickel, toasted","Yeast breads","1 slice, crust not eaten","62011","slice","1","13.5","13.5000"
"2707758","Bread, marble rye and pumpernickel, toasted","Yeast breads","1 slice, snack-size","62014","slice","1","9","9.0000"
"2707760","Bread, pumpernickel","Yeast breads","1 slice, crust not eaten","62011","slice","1","15","15.0000"
"2707760","Bread, pumpernickel","Yeast breads","1 slice, snack-size","62014","slice","1","10","10.0000"
"2707761","Bread, pumpernickel, toasted","Yeast breads","1 slice, snack-size","62014","slice","1","9","9.0000"
"2707761","Bread, pumpernickel, toasted","Yeast breads","1 slice, crust not eaten","62011","slice","1","13","13.0000"
"2707762","Bagel, pumpernickel","Bagels and English muffins","1 large","60919","large","1","131","131.0000"
"2707762","Bagel, pumpernickel","Bagels and English muffins","1 small","62015","small","1","69","69.0000"
"2707762","Bagel, pumpernickel","Bagels and English muffins","1 regular","62862","regular","1","105","105.0000"
"2707764","Bread, black","Yeast breads","1 slice, crust not eaten","62011","slice","1","13","13.0000"
"2707764","Bread, black","Yeast breads","1 slice, snack-size","62014","slice","1","10","10.0000"
"2707765","Bread, black, toasted","Yeast breads","1 slice, snack-size","62014","slice","1","9","9.0000"
"2707765","Bread, black, toasted","Yeast breads","1 slice, crust not eaten","62011","slice","1","12","12.0000"
"2707768","Bread, oatmeal","Yeast breads","1 slice, crust not eaten","62011","slice","1","13","13.0000"
"2707768","Bread, oatmeal","Yeast breads","1 slice, snack-size","62014","slice","1","10","10.0000"
"2707769","Bread, oatmeal, toasted","Yeast breads","1 slice, crust not eaten","62011","slice","1","12","12.0000"
"2707769","Bread, oatmeal, toasted","Yeast breads","1 slice, snack-size","62014","slice","1","9","9.0000"
"2707770","Bread, oat bran","Yeast breads","1 slice, snack-size","62014","slice","1","10","10.0000"
"2707770","Bread, oat bran","Yeast breads","1 slice, crust not eaten","62011","slice","1","13","13.0000"
"2707771","Bread, oat bran, toasted","Yeast breads","1 slice, crust not eaten","62011","slice","1","12","12.0000"
"2707771","Bread, oat bran, toasted","Yeast breads","1 slice, snack-size","62014","slice","1","9","9.0000"
"2707772","Bagel, oat bran","Bagels and English muffins","1 large","60919","large","1","131","131.0000"
"2707772","Bagel, oat bran","Bagels and English muffins","1 regular","62862","regular","1","105","105.0000"
"2707772","Bagel, oat bran","Bagels and English muffins","1 small","62015","small","1","69","69.0000"
"2707776","Bread, multigrain, toasted","Yeast breads","1 slice, crust not eaten","62011","slice","1","15","15.0000"
"2707776","Bread, multigrain, toasted","Yeast breads","1 slice, snack-size","62014","slice","1","9","9.0000"
"2707777","Bread, multigrain","Yeast breads","1 slice, crust not eaten","62011","slice","1","16","16.0000"
"2707777","Bread, multigrain","Yeast breads","1 slice, snack-size","62014","slice","1","10","10.0000"
"2707778","Bread, multigrain, with raisins","Yeast breads","1 slice, crust not eaten","62011","slice","1","16","16.0000"
"2707778","Bread, multigrain, with raisins","Yeast breads","1 slice, snack-size","62014","slice","1","10","10.0000"
"2707779","Bread, multigrain, with raisins, toasted","Yeast breads","1 slice, snack-size","62014","slice","1","9","9.0000"
"2707779","Bread, multigrain, with raisins, toasted","Yeast breads","1 slice, crust not eaten","62011","slice","1","15","15.0000"
"2707780","Bread, multigrain, reduced calorie and/or high fiber","Yeast breads","1 slice, crust not eaten","62011","slice","1","16","16.0000"
"2707780","Bread, multigrain, reduced calorie and/or high fiber","Yeast breads","1 slice, snack-size","62014","slice","1","10","10.0000"
"2707781","Bread, multigrain, reduced calorie and/or high fiber, toasted","Yeast breads","1 slice, snack-size","62014","slice","1","9","9.0000"
"2707781","Bread, multigrain, reduced calorie and/or high fiber, toasted","Yeast breads","1 slice, crust not eaten","62011","slice","1","15","15.0000"
"2707785","Bagel, multigrain","Bagels and English muffins","1 small","62015","small","1","69","69.0000"
"2707785","Bagel, multigrain","Bagels and English muffins","1 regular","62862","regular","1","105","105.0000"
"2707785","Bagel, multigrain","Bagels and English muffins","1 large","60919","large","1","131","131.0000"
"2707786","Bagel, multigrain, with raisins","Bagels and English muffins","1 small","62015","small","1","69","69.0000"
"2707786","Bagel, multigrain, with raisins","Bagels and English muffins","1 regular","62862","regular","1","105","105.0000"
"2707786","Bagel, multigrain, with raisins","Bagels and English muffins","1 large","60919","large","1","131","131.0000"
"2707788","Bread, barley","Yeast breads","1 slice, snack-size","62014","slice","1","10","10.0000"
"2707788","Bread, barley","Yeast breads","1 slice, crust not eaten","62011","slice","1","13","13.0000"
"2707789","Bread, barley, toasted","Yeast breads","1 slice, crust not eaten","62011","slice","1","12","12.0000"
"2707789","Bread, barley, toasted","Yeast breads","1 slice, snack-size","62014","slice","1","9","9.0000"
"2707790","Bread, soy","Yeast breads","1 slice, crust not eaten","62011","slice","1","13","13.0000"
"2707790","Bread, soy","Yeast breads","1 slice, snack-size","62014","slice","1","10","10.0000"
"2707791","Bread, soy, toasted","Yeast breads","1 slice, snack-size","62014","slice","1","9","9.0000"
"2707791","Bread, soy, toasted","Yeast breads","1 slice, crust not eaten","62011","slice","1","12","12.0000"
"2707794","Bread, rice","Yeast breads","1 slice, snack-size","62014","slice","1","10","10.0000"
"2707794","Bread, rice","Yeast breads","1 slice, crust not eaten","62011","slice","1","13","13.0000"
"2707795","Bread, rice, toasted","Yeast breads","1 slice, snack-size","62014","slice","1","9","9.0000"
"2707795","Bread, rice, toasted","Yeast breads","1 slice, crust not eaten","62011","slice","1","12","12.0000"
"2707796","Injera, Ethiopian bread","Yeast breads","1 cup, pieces","10129","cup","1","68","68.0000"
"2707797","Bread, gluten free","Yeast breads","1 cup","10205","cup","1","40","40.0000"
"2707797","Bread, gluten free","Yeast breads","1 slice, snack-size","62014","slice","1","10","10.0000"
"2707797","Bread, gluten free","Yeast breads","1 slice, crust not eaten","62011","slice","1","13","13.0000"
"2707798","Bread, gluten free, toasted","Yeast breads","1 slice, crust not eaten","62011","slice","1","12","12.0000"
"2707798","Bread, gluten free, toasted","Yeast breads","1 slice, snack-size","62014","slice","1","9","9.0000"
"2707798","Bread, gluten free, toasted","Yeast breads","1 cup","10205","cup","1","40","40.0000"
"2707799","Breadsticks, hard, gluten free","Crackers, excludes saltines","1 cup","10205","cup","1","46","46.0000"
"2707808","Scone","Biscuits, muffins, quick breads","1 regular","62862","regular","1","70","70.0000"
"2707809","Scone, with fruit","Biscuits, muffins, quick breads","1 regular","62862","regular","1","70","70.0000"
"2707810","Cornbread, prepared from mix","Biscuits, muffins, quick breads","1 piece","61667","piece","1","60","60.0000"
"2707810","Cornbread, prepared from mix","Biscuits, muffins, quick breads","1 cup, crumbled","10059","cup","1","89","89.0000"
"2707811","Cornbread, made from home recipe","Biscuits, muffins, quick breads","1 cup, crumbled","10059","cup","1","89","89.0000"
"2707811","Cornbread, made from home recipe","Biscuits, muffins, quick breads","1 piece","61667","piece","1","65","65.0000"
"2707812","Cornbread stuffing","Turnovers and other grain-based items","1 cup, NFS","10010","cup","1","200","200.0000"
"2707813","Cornbread muffin, stick, round","Biscuits, muffins, quick breads","1 small","62015","small","1","66","66.0000"
"2707813","Cornbread muffin, stick, round","Biscuits, muffins, quick breads","1 stick","62239","stick","1","39","39.0000"
"2707813","Cornbread muffin, stick, round","Biscuits, muffins, quick breads","1 medium","61238","medium","1","113","113.0000"
"2707813","Cornbread muffin, stick, round","Biscuits, muffins, quick breads","1 large","60919","large","1","154","154.0000"
"2707814","Cornbread muffin, stick, round, made from home recipe","Biscuits, muffins, quick breads","1 stick","62239","stick","1","39","39.0000"
"2707814","Cornbread muffin, stick, round, made from home recipe","Biscuits, muffins, quick breads","1 medium","61238","medium","1","113","113.0000"
"2707814","Cornbread muffin, stick, round, made from home recipe","Biscuits, muffins, quick breads","1 large","60919","large","1","154","154.0000"
"2707814","Cornbread muffin, stick, round, made from home recipe","Biscuits, muffins, quick breads","1 small","62015","small","1","66","66.0000"
"2707816","Corn pone, baked","Biscuits, muffins, quick breads","1 cup, crumbled","10059","cup","1","89","89.0000"
"2707816","Corn pone, baked","Biscuits, muffins, quick breads","1 piece (1/8 of 9"" dia x 3/4"" pone)","61708","piece","1","61","61.0000"
"2707817","Corn pone, fried","Biscuits, muffins, quick breads","1 piece","61667","piece","1","61","61.0000"
"2707818","Gordita/sope shell, plain, no filling","Tortillas","1 cup (pieces)","10220","cup","1","100","100.0000"
"2707819","Hush puppy","Biscuits, muffins, quick breads","1 cup","10205","cup","1","152","152.0000"
"2707820","Johnnycake","Biscuits, muffins, quick breads","1 piece","61667","piece","1","49","49.0000"
"2707821","Spoonbread","Biscuits, muffins, quick breads","1 cup","10205","cup","1","187","187.0000"
"2707822","Tortilla, NFS","Tortillas","1 medium","61238","medium","1","28","28.0000"
"2707822","Tortilla, NFS","Tortillas","1 large","60919","large","1","44","44.0000"
"2707822","Tortilla, NFS","Tortillas","1 small","62015","small","1","18","18.0000"
"2707823","Tortilla, corn","Tortillas","1 large","60919","large","1","44","44.0000"
"2707823","Tortilla, corn","Tortillas","1 small","62015","small","1","18","18.0000"
"2707823","Tortilla, corn","Tortillas","1 medium","61238","medium","1","28","28.0000"
"2707824","Tortilla, flour","Tortillas","1 medium","61238","medium","1","45","45.0000"
"2707824","Tortilla, flour","Tortillas","1 small","62015","small","1","33","33.0000"
"2707824","Tortilla, flour","Tortillas","1 large","60919","large","1","71","71.0000"
"2707825","Tortilla, whole wheat","Tortillas","1 medium","61238","medium","1","45","45.0000"
"2707825","Tortilla, whole wheat","Tortillas","1 large","60919","large","1","71","71.0000"
"2707825","Tortilla, whole wheat","Tortillas","1 small","62015","small","1","33","33.0000"
"2707826","Taco shell, corn","Tortillas","1 medium","61238","medium","1","28","28.0000"
"2707826","Taco shell, corn","Tortillas","1 small","62015","small","1","18","18.0000"
"2707827","Taco shell, flour","Tortillas","1 medium","61238","medium","1","45","45.0000"
"2707827","Taco shell, flour","Tortillas","1 small","62015","small","1","33","33.0000"
"2707827","Taco shell, flour","Tortillas","1 large","60919","large","1","71","71.0000"
"2707828","Arepa Dominicana","Biscuits, muffins, quick breads","1 piece (4"" x 2"" x 1-3/4"")","61724","piece","1","115","115.0000"
"2707829","Muffin, NFS","Biscuits, muffins, quick breads","1 medium","61238","medium","1","130","130.0000"
"2707829","Muffin, NFS","Biscuits, muffins, quick breads","1 small","62015","small","1","70","70.0000"
"2707829","Muffin, NFS","Biscuits, muffins, quick breads","1 large","60919","large","1","180","180.0000"
"2707830","Muffin, fruit","Biscuits, muffins, quick breads","1 large","60919","large","1","180","180.0000"
"2707830","Muffin, fruit","Biscuits, muffins, quick breads","1 small","62015","small","1","70","70.0000"
"2707830","Muffin, fruit","Biscuits, muffins, quick breads","1 medium","61238","medium","1","130","130.0000"
"2707831","Muffin, fruit, low fat","Biscuits, muffins, quick breads","1 large","60919","large","1","180","180.0000"
"2707831","Muffin, fruit, low fat","Biscuits, muffins, quick breads","1 small","62015","small","1","70","70.0000"
"2707831","Muffin, fruit, low fat","Biscuits, muffins, quick breads","1 medium","61238","medium","1","130","130.0000"
"2707832","Muffin, chocolate chip","Biscuits, muffins, quick breads","1 medium","61238","medium","1","130","130.0000"
"2707832","Muffin, chocolate chip","Biscuits, muffins, quick breads","1 small","62015","small","1","70","70.0000"
"2707832","Muffin, chocolate chip","Biscuits, muffins, quick breads","1 large","60919","large","1","180","180.0000"
"2707833","Muffin, chocolate","Biscuits, muffins, quick breads","1 large","60919","large","1","180","180.0000"
"2707833","Muffin, chocolate","Biscuits, muffins, quick breads","1 medium","61238","medium","1","130","130.0000"
"2707833","Muffin, chocolate","Biscuits, muffins, quick breads","1 small","62015","small","1","70","70.0000"
"2707834","Muffin, whole wheat","Biscuits, muffins, quick breads","1 small","62015","small","1","70","70.0000"
"2707834","Muffin, whole wheat","Biscuits, muffins, quick breads","1 large","60919","large","1","180","180.0000"
"2707834","Muffin, whole wheat","Biscuits, muffins, quick breads","1 medium","61238","medium","1","130","130.0000"
"2707835","Muffin, wheat","Biscuits, muffins, quick breads","1 large","60919","large","1","180","180.0000"
"2707835","Muffin, wheat","Biscuits, muffins, quick breads","1 medium","61238","medium","1","130","130.0000"
"2707835","Muffin, wheat","Biscuits, muffins, quick breads","1 small","62015","small","1","70","70.0000"
"2707836","Muffin, whole grain","Biscuits, muffins, quick breads","1 medium","61238","medium","1","130","130.0000"
"2707836","Muffin, whole grain","Biscuits, muffins, quick breads","1 large","60919","large","1","180","180.0000"
"2707836","Muffin, whole grain","Biscuits, muffins, quick breads","1 small","62015","small","1","70","70.0000"
"2707837","Muffin, wheat bran","Biscuits, muffins, quick breads","1 small","62015","small","1","70","70.0000"
"2707837","Muffin, wheat bran","Biscuits, muffins, quick breads","1 large","60919","large","1","180","180.0000"
"2707837","Muffin, wheat bran","Biscuits, muffins, quick breads","1 medium","61238","medium","1","130","130.0000"
"2707839","Muffin, oatmeal","Biscuits, muffins, quick breads","1 large","60919","large","1","180","180.0000"
"2707839","Muffin, oatmeal","Biscuits, muffins, quick breads","1 small","62015","small","1","70","70.0000"
"2707839","Muffin, oatmeal","Biscuits, muffins, quick breads","1 medium","61238","medium","1","130","130.0000"
"2707840","Muffin, oat bran","Biscuits, muffins, quick breads","1 large","60919","large","1","180","180.0000"
"2707840","Muffin, oat bran","Biscuits, muffins, quick breads","1 medium","61238","medium","1","130","130.0000"
"2707840","Muffin, oat bran","Biscuits, muffins, quick breads","1 small","62015","small","1","70","70.0000"
"2707841","Muffin, plain","Biscuits, muffins, quick breads","1 small","62015","small","1","70","70.0000"
"2707841","Muffin, plain","Biscuits, muffins, quick breads","1 medium","61238","medium","1","130","130.0000"
"2707841","Muffin, plain","Biscuits, muffins, quick breads","1 large","60919","large","1","180","180.0000"
"2707842","Muffin, cheese","Biscuits, muffins, quick breads","1 medium","61238","medium","1","130","130.0000"
"2707842","Muffin, cheese","Biscuits, muffins, quick breads","1 small","62015","small","1","70","70.0000"
"2707842","Muffin, cheese","Biscuits, muffins, quick breads","1 large","60919","large","1","180","180.0000"
"2707843","Muffin, pumpkin","Biscuits, muffins, quick breads","1 small","62015","small","1","70","70.0000"
"2707843","Muffin, pumpkin","Biscuits, muffins, quick breads","1 large","60919","large","1","180","180.0000"
"2707843","Muffin, pumpkin","Biscuits, muffins, quick breads","1 medium","61238","medium","1","130","130.0000"
"2707844","Muffin, zucchini","Biscuits, muffins, quick breads","1 large","60919","large","1","180","180.0000"
"2707844","Muffin, zucchini","Biscuits, muffins, quick breads","1 medium","61238","medium","1","130","130.0000"
"2707844","Muffin, zucchini","Biscuits, muffins, quick breads","1 small","62015","small","1","70","70.0000"
"2707845","Muffin, carrot","Biscuits, muffins, quick breads","1 medium","61238","medium","1","130","130.0000"
"2707845","Muffin, carrot","Biscuits, muffins, quick breads","1 small","62015","small","1","70","70.0000"
"2707845","Muffin, carrot","Biscuits, muffins, quick breads","1 large","60919","large","1","180","180.0000"
"2707847","Bread, Boston Brown","Biscuits, muffins, quick breads","1 slice","61935","slice","1","45","45.0000"
"2707848","Bread, nut","Biscuits, muffins, quick breads","1 slice","61935","slice","1","49","49.0000"
"2707849","Bread, pumpkin","Biscuits, muffins, quick breads","1 slice","61935","slice","1","60","60.0000"
"2707850","Bread, fruit","Biscuits, muffins, quick breads","1 slice","61935","slice","1","41","41.0000"
"2707851","Bread, zucchini","Biscuits, muffins, quick breads","1 slice","61935","slice","1","40","40.0000"
"2707852","Bread, Irish soda","Biscuits, muffins, quick breads","1 slice","61935","slice","1","74","74.0000"
"2707853","Cake or cupcake, NFS","Cakes and pies","1 cup","10205","cup","1","100","100.0000"
"2707854","Cake, angel food","Cakes and pies","1 cup","10205","cup","1","50","50.0000"
"2707855","Cake or cupcake, apple","Cakes and pies","1 cup","10205","cup","1","120","120.0000"
"2707856","Cake or cupcake, banana","Cakes and pies","1 cup","10205","cup","1","120","120.0000"
"2707857","Cake or cupcake, Black Forest","Cakes and pies","1 cup","10205","cup","1","120","120.0000"
"2707858","Cake, Boston cream pie","Cakes and pies","1 cup","10205","cup","1","70","70.0000"
"2707859","Cake or cupcake, carrot","Cakes and pies","1 cup","10205","cup","1","120","120.0000"
"2707860","Cake or cupcake, coconut","Cakes and pies","1 cup","10205","cup","1","120","120.0000"
"2707861","Cheesecake, plain","Cakes and pies","1 cup","10205","cup","1","180","180.0000"
"2707862","Cheesecake, fruit","Cakes and pies","1 cup","10205","cup","1","180","180.0000"
"2707863","Cheesecake, chocolate","Cakes and pies","1 cup","10205","cup","1","180","180.0000"
"2707864","Cake or cupcake, chocolate with white icing, bakery","Cakes and pies","1 cup","10205","cup","1","100","100.0000"
"2707865","Cake or cupcake, chocolate with white icing, from mix","Cakes and pies","1 cup","10205","cup","1","100","100.0000"
"2707866","Cake or cupcake, chocolate with chocolate icing, bakery","Cakes and pies","1 cup","10205","cup","1","100","100.0000"
"2707867","Cake or cupcake, chocolate with chocolate icing, from mix","Cakes and pies","1 cup","10205","cup","1","100","100.0000"
"2707868","Cake or cupcake, chocolate, no icing","Cakes and pies","1 cup","10205","cup","1","75","75.0000"
"2707869","Cake or cupcake, German chocolate","Cakes and pies","1 cup","10205","cup","1","120","120.0000"
"2707870","Cake or cupcake, gluten free","Cakes and pies","1 cup","10205","cup","1","100","100.0000"
"2707871","Cake, chocolate, flourless","Cakes and pies","1 cup","10205","cup","1","120","120.0000"
"2707872","Cake, cream","Cakes and pies","1 cup","10205","cup","1","120","120.0000"
"2707875","Cake, fruit cake","Cakes and pies","1 cup","10205","cup","1","120","120.0000"
"2707876","Cake or cupcake, gingerbread","Cakes and pies","1 cup","10205","cup","1","100","100.0000"
"2707877","Ice cream cake","Cakes and pies","1 cup","10205","cup","1","138","138.0000"
"2707877","Ice cream cake","Cakes and pies","1 piece (1/10 of roll)","61683","piece","1","34","34.0000"
"2707878","Cake, jelly roll","Cakes and pies","1 cup","10205","cup","1","100","100.0000"
"2707879","Cake or cupcake, lemon","Cakes and pies","1 cup","10205","cup","1","100","100.0000"
"2707880","Cake or cupcake, marble","Cakes and pies","1 cup","10205","cup","1","100","100.0000"
"2707881","Cake or cupcake, peanut butter","Cakes and pies","1 cup","10205","cup","1","100","100.0000"
"2707882","Cake, pound","Cakes and pies","1 cup","10205","cup","1","100","100.0000"
"2707883","Cake or cupcake, pumpkin","Cakes and pies","1 cup","10205","cup","1","120","120.0000"
"2707884","Cake or cupcake, red velvet","Cakes and pies","1 cup","10205","cup","1","120","120.0000"
"2707885","Cake or cupcake, spice","Cakes and pies","1 cup","10205","cup","1","100","100.0000"
"2707886","Cake, sponge","Cakes and pies","1 cup","10205","cup","1","50","50.0000"
"2707887","Cake or cupcake, strawberry","Cakes and pies","1 cup","10205","cup","1","100","100.0000"
"2707888","Cake, torte","Cakes and pies","1 cup","10205","cup","1","120","120.0000"
"2707889","Cake, tres leche","Cakes and pies","1 cup","10205","cup","1","120","120.0000"
"2707890","Cake, pineapple, upside down","Cakes and pies","1 cup","10205","cup","1","120","120.0000"
"2707891","Cake or cupcake, white with white icing, bakery","Cakes and pies","1 cup","10205","cup","1","100","100.0000"
"2707892","Cake or cupcake, white with white icing, from mix","Cakes and pies","1 cup","10205","cup","1","100","100.0000"
"2707893","Cake or cupcake, white with chocolate icing, bakery","Cakes and pies","1 cup","10205","cup","1","100","100.0000"
"2707894","Cake or cupcake, white with chocolate icing, from mix","Cakes and pies","1 cup","10205","cup","1","100","100.0000"
"2707895","Cake or cupcake, white, no icing","Cakes and pies","1 cup","10205","cup","1","75","75.0000"
"2707896","Cake, strawberry shortcake","Cakes and pies","1 cup","10205","cup","1","150","150.0000"
"2707897","Cake or cupcake, zucchini","Cakes and pies","1 cup","10205","cup","1","120","120.0000"
"2707898","Cookie, batter or dough, raw","Cookies and brownies","1 cup","10205","cup","1","250","250.0000"
"2707899","Cookie, NFS","Cookies and brownies","1 small","62015","small","1","20","20.0000"
"2707899","Cookie, NFS","Cookies and brownies","1 large","60919","large","1","45","45.0000"
"2707899","Cookie, NFS","Cookies and brownies","1 medium","61238","medium","1","30","30.0000"
"2707900","Cookie, almond","Cookies and brownies","1 medium","61238","medium","1","30","30.0000"
"2707900","Cookie, almond","Cookies and brownies","1 large","60919","large","1","45","45.0000"
"2707900","Cookie, almond","Cookies and brownies","1 small","62015","small","1","20","20.0000"
"2707901","Cookie, applesauce","Cookies and brownies","1 small","62015","small","1","20","20.0000"
"2707901","Cookie, applesauce","Cookies and brownies","1 large","60919","large","1","45","45.0000"
"2707901","Cookie, applesauce","Cookies and brownies","1 medium","61238","medium","1","30","30.0000"
"2707903","Cookie, brownie, NS as to icing","Cookies and brownies","1 large","60919","large","1","90","90.0000"
"2707903","Cookie, brownie, NS as to icing","Cookies and brownies","1 medium","61238","medium","1","50","50.0000"
"2707904","Cookie, brownie, without icing","Cookies and brownies","1 medium","61238","medium","1","50","50.0000"
"2707904","Cookie, brownie, without icing","Cookies and brownies","1 large","60919","large","1","90","90.0000"
"2707905","Cookie, brownie, with icing or filling","Cookies and brownies","1 medium","61238","medium","1","65","65.0000"
"2707905","Cookie, brownie, with icing or filling","Cookies and brownies","1 small","62015","small","1","40","40.0000"
"2707905","Cookie, brownie, with icing or filling","Cookies and brownies","1 large","60919","large","1","110","110.0000"
"2707906","Cookie, brownie, reduced fat, NS as to icing","Cookies and brownies","1 large","60919","large","1","90","90.0000"
"2707906","Cookie, brownie, reduced fat, NS as to icing","Cookies and brownies","1 small","62015","small","1","30","30.0000"
"2707906","Cookie, brownie, reduced fat, NS as to icing","Cookies and brownies","1 medium","61238","medium","1","50","50.0000"
"2707907","Cookie, butterscotch, brownie","Cookies and brownies","1 large","60919","large","1","90","90.0000"
"2707907","Cookie, butterscotch, brownie","Cookies and brownies","1 medium","61238","medium","1","50","50.0000"
"2707907","Cookie, butterscotch, brownie","Cookies and brownies","1 small","62015","small","1","30","30.0000"
"2707908","Cookie, bar, with chocolate","Cookies and brownies","1 large","60919","large","1","90","90.0000"
"2707908","Cookie, bar, with chocolate","Cookies and brownies","1 medium","61238","medium","1","50","50.0000"
"2707909","Cookie, chocolate chip","Cookies and brownies","1 cup, bite size","10023","cup","1","81","81.0000"
"2707910","Cookie, chocolate chip, made from home recipe or purchased at a bakery","Cookies and brownies","1 medium","61238","medium","1","30","30.0000"
"2707910","Cookie, chocolate chip, made from home recipe or purchased at a bakery","Cookies and brownies","1 large","60919","large","1","45","45.0000"
"2707910","Cookie, chocolate chip, made from home recipe or purchased at a bakery","Cookies and brownies","1 small","62015","small","1","20","20.0000"
"2707911","Cookie, chocolate chip, reduced fat","Cookies and brownies","1 large","60919","large","1","45","45.0000"
"2707911","Cookie, chocolate chip, reduced fat","Cookies and brownies","1 small","62015","small","1","20","20.0000"
"2707911","Cookie, chocolate chip, reduced fat","Cookies and brownies","1 medium","61238","medium","1","30","30.0000"
"2707914","Cookie, chocolate, made with oatmeal and coconut, no bake","Cookies and brownies","1 small","62015","small","1","20","20.0000"
"2707914","Cookie, chocolate, made with oatmeal and coconut, no bake","Cookies and brownies","1 large","60919","large","1","45","45.0000"
"2707914","Cookie, chocolate, made with oatmeal and coconut, no bake","Cookies and brownies","1 medium","61238","medium","1","30","30.0000"
"2707915","Cookie, chocolate or fudge","Cookies and brownies","1 medium","61238","medium","1","30","30.0000"
"2707915","Cookie, chocolate or fudge","Cookies and brownies","1 small","62015","small","1","20","20.0000"
"2707915","Cookie, chocolate or fudge","Cookies and brownies","1 large","60919","large","1","45","45.0000"
"2707918","Cookie, chocolate, with icing or coating","Cookies and brownies","1 large","60919","large","1","63","63.0000"
"2707918","Cookie, chocolate, with icing or coating","Cookies and brownies","1 small","62015","small","1","28","28.0000"
"2707918","Cookie, chocolate, with icing or coating","Cookies and brownies","1 medium","61238","medium","1","42","42.0000"
"2707924","Cookie, chocolate wafer","Cookies and brownies","1 medium","61238","medium","1","10","10.0000"
"2707927","Cookie, coconut","Cookies and brownies","1 large","60919","large","1","45","45.0000"
"2707927","Cookie, coconut","Cookies and brownies","1 small","62015","small","1","20","20.0000"
"2707927","Cookie, coconut","Cookies and brownies","1 medium","61238","medium","1","30","30.0000"
"2707932","Cookie, gingersnaps","Cookies and brownies","1 small","62015","small","1","20","20.0000"
"2707932","Cookie, gingersnaps","Cookies and brownies","1 large","60919","large","1","45","45.0000"
"2707932","Cookie, gingersnaps","Cookies and brownies","1 medium","61238","medium","1","30","30.0000"
"2707933","Cookie, granola","Cookies and brownies","1 large","60919","large","1","45","45.0000"
"2707933","Cookie, granola","Cookies and brownies","1 medium","61238","medium","1","30","30.0000"
"2707933","Cookie, granola","Cookies and brownies","1 small","62015","small","1","20","20.0000"
"2707942","Cookie, molasses","Cookies and brownies","1 large","60919","large","1","45","45.0000"
"2707942","Cookie, molasses","Cookies and brownies","1 small","62015","small","1","20","20.0000"
"2707942","Cookie, molasses","Cookies and brownies","1 medium","61238","medium","1","30","30.0000"
"2707945","Cookie, oatmeal","Cookies and brownies","1 small","62015","small","1","20","20.0000"
"2707945","Cookie, oatmeal","Cookies and brownies","1 medium","61238","medium","1","30","30.0000"
"2707945","Cookie, oatmeal","Cookies and brownies","1 large","60919","large","1","45","45.0000"
"2707946","Cookie, oatmeal, with raisins","Cookies and brownies","1 small","62015","small","1","20","20.0000"
"2707946","Cookie, oatmeal, with raisins","Cookies and brownies","1 large","60919","large","1","45","45.0000"
"2707946","Cookie, oatmeal, with raisins","Cookies and brownies","1 medium","61238","medium","1","30","30.0000"
"2707947","Cookie, oatmeal, reduced fat, NS as to raisins","Cookies and brownies","1 small","62015","small","1","20","20.0000"
"2707947","Cookie, oatmeal, reduced fat, NS as to raisins","Cookies and brownies","1 large","60919","large","1","45","45.0000"
"2707947","Cookie, oatmeal, reduced fat, NS as to raisins","Cookies and brownies","1 medium","61238","medium","1","30","30.0000"
"2707949","Cookie, oatmeal, with chocolate chips","Cookies and brownies","1 medium","61238","medium","1","30","30.0000"
"2707949","Cookie, oatmeal, with chocolate chips","Cookies and brownies","1 large","60919","large","1","45","45.0000"
"2707949","Cookie, oatmeal, with chocolate chips","Cookies and brownies","1 small","62015","small","1","20","20.0000"
"2707951","Cookie, oatmeal, with chocolate and peanut butter, no bake","Cookies and brownies","1 small","62015","small","1","20","20.0000"
"2707951","Cookie, oatmeal, with chocolate and peanut butter, no bake","Cookies and brownies","1 medium","61238","medium","1","30","30.0000"
"2707951","Cookie, oatmeal, with chocolate and peanut butter, no bake","Cookies and brownies","1 large","60919","large","1","45","45.0000"
"2707952","Cookie, peanut butter","Cookies and brownies","1 large","60919","large","1","45","45.0000"
"2707952","Cookie, peanut butter","Cookies and brownies","1 small","62015","small","1","20","20.0000"
"2707952","Cookie, peanut butter","Cookies and brownies","1 medium","61238","medium","1","30","30.0000"
"2707953","Cookie, peanut butter, with chocolate","Cookies and brownies","1 large","60919","large","1","45","45.0000"
"2707953","Cookie, peanut butter, with chocolate","Cookies and brownies","1 medium","61238","medium","1","30","30.0000"
"2707953","Cookie, peanut butter, with chocolate","Cookies and brownies","1 small","62015","small","1","20","20.0000"
"2707956","Cookie, with peanut butter filling, chocolate-coated","Cookies and brownies","1 small","62015","small","1","28","28.0000"
"2707956","Cookie, with peanut butter filling, chocolate-coated","Cookies and brownies","1 medium","61238","medium","1","42","42.0000"
"2707956","Cookie, with peanut butter filling, chocolate-coated","Cookies and brownies","1 large","60919","large","1","63","63.0000"
"2707960","Cookie, raisin","Cookies and brownies","1 small","62015","small","1","20","20.0000"
"2707960","Cookie, raisin","Cookies and brownies","1 medium","61238","medium","1","30","30.0000"
"2707960","Cookie, raisin","Cookies and brownies","1 large","60919","large","1","45","45.0000"
"2707964","Cookie, shortbread","Cookies and brownies","1 large","60919","large","1","45","45.0000"
"2707964","Cookie, shortbread","Cookies and brownies","1 small","62015","small","1","20","20.0000"
"2707964","Cookie, shortbread","Cookies and brownies","1 medium","61238","medium","1","30","30.0000"
"2707965","Cookie, shortbread, reduced fat","Cookies and brownies","1 small","62015","small","1","20","20.0000"
"2707965","Cookie, shortbread, reduced fat","Cookies and brownies","1 large","60919","large","1","45","45.0000"
"2707965","Cookie, shortbread, reduced fat","Cookies and brownies","1 medium","61238","medium","1","30","30.0000"
"2707966","Cookie, shortbread, with icing or filling","Cookies and brownies","1 large","60919","large","1","63","63.0000"
"2707966","Cookie, shortbread, with icing or filling","Cookies and brownies","1 medium","61238","medium","1","42","42.0000"
"2707966","Cookie, shortbread, with icing or filling","Cookies and brownies","1 small","62015","small","1","28","28.0000"
"2707967","Pocky","Cookies and brownies","1 stick","62239","stick","1","4","4.0000"
"2707968","Cookie, animal","Cookies and brownies","1 cup, crushed","10061","cup","1","105","105.0000"
"2707968","Cookie, animal","Cookies and brownies","1 cup, NFS","10010","cup","1","64","64.0000"
"2707970","Cookie, butter or sugar","Cookies and brownies","1 large","60919","large","1","45","45.0000"
"2707970","Cookie, butter or sugar","Cookies and brownies","1 cup, crushed","10061","cup","1","85","85.0000"
"2707970","Cookie, butter or sugar","Cookies and brownies","1 small","62015","small","1","20","20.0000"
"2707970","Cookie, butter or sugar","Cookies and brownies","1 medium","61238","medium","1","30","30.0000"
"2707972","Cookie, butter or sugar, with fruit and/or nuts","Cookies and brownies","1 small","62015","small","1","20","20.0000"
"2707972","Cookie, butter or sugar, with fruit and/or nuts","Cookies and brownies","1 medium","61238","medium","1","30","30.0000"
"2707972","Cookie, butter or sugar, with fruit and/or nuts","Cookies and brownies","1 large","60919","large","1","45","45.0000"
"2707973","Cookie, sugar wafer","Cookies and brownies","1 small","62015","small","1","4","4.0000"
"2707973","Cookie, sugar wafer","Cookies and brownies","1 medium","61238","medium","1","8","8.0000"
"2707973","Cookie, sugar wafer","Cookies and brownies","1 large","60919","large","1","9","9.0000"
"2707978","Cookie, butter or sugar, with chocolate icing or filling","Cookies and brownies","1 large","60919","large","1","63","63.0000"
"2707978","Cookie, butter or sugar, with chocolate icing or filling","Cookies and brownies","1 small","62015","small","1","28","28.0000"
"2707978","Cookie, butter or sugar, with chocolate icing or filling","Cookies and brownies","1 medium","61238","medium","1","42","42.0000"
"2707979","Cookie, butter or sugar, with icing or filling other than chocolate","Cookies and brownies","1 large","60919","large","1","63","63.0000"
"2707979","Cookie, butter or sugar, with icing or filling other than chocolate","Cookies and brownies","1 medium","61238","medium","1","42","42.0000"
"2707979","Cookie, butter or sugar, with icing or filling other than chocolate","Cookies and brownies","1 small","62015","small","1","28","28.0000"
"2707980","Cookie, tea, Japanese","Cookies and brownies","1 medium","61238","medium","1","5","5.0000"
"2707980","Cookie, tea, Japanese","Cookies and brownies","1 small","62015","small","1","2","2.0000"
"2707980","Cookie, tea, Japanese","Cookies and brownies","1 large","60919","large","1","11","11.0000"
"2707981","Cookie, vanilla wafer","Cookies and brownies","1 medium","61238","medium","1","4","4.0000"
"2707981","Cookie, vanilla wafer","Cookies and brownies","1 large","60919","large","1","6","6.0000"
"2707982","Cookie, vanilla wafer, reduced fat","Cookies and brownies","1 large","60919","large","1","6","6.0000"
"2707982","Cookie, vanilla wafer, reduced fat","Cookies and brownies","1 medium","61238","medium","1","4","4.0000"
"2707985","Cookie, chocolate chip, reduced sugar","Cookies and brownies","1 medium","61238","medium","1","30","30.0000"
"2707985","Cookie, chocolate chip, reduced sugar","Cookies and brownies","1 large","60919","large","1","45","45.0000"
"2707985","Cookie, chocolate chip, reduced sugar","Cookies and brownies","1 small","62015","small","1","20","20.0000"
"2707986","Cookie, oatmeal, reduced sugar","Cookies and brownies","1 large","60919","large","1","45","45.0000"
"2707986","Cookie, oatmeal, reduced sugar","Cookies and brownies","1 medium","61238","medium","1","30","30.0000"
"2707986","Cookie, oatmeal, reduced sugar","Cookies and brownies","1 small","62015","small","1","20","20.0000"
"2707988","Cookie, sugar or plain, sugar free","Cookies and brownies","1 large","60919","large","1","45","45.0000"
"2707988","Cookie, sugar or plain, sugar free","Cookies and brownies","1 medium","61238","medium","1","30","30.0000"
"2707988","Cookie, sugar or plain, sugar free","Cookies and brownies","1 small","62015","small","1","20","20.0000"
"2707989","Cookie, sugar wafer, sugar free","Cookies and brownies","1 small","62015","small","1","4","4.0000"
"2707989","Cookie, sugar wafer, sugar free","Cookies and brownies","1 medium","61238","medium","1","8","8.0000"
"2707989","Cookie, sugar wafer, sugar free","Cookies and brownies","1 large","60919","large","1","9","9.0000"
"2707990","Cookie, peanut butter, sugar free","Cookies and brownies","1 small","62015","small","1","20","20.0000"
"2707990","Cookie, peanut butter, sugar free","Cookies and brownies","1 large","60919","large","1","45","45.0000"
"2707990","Cookie, peanut butter, sugar free","Cookies and brownies","1 medium","61238","medium","1","30","30.0000"
"2707993","Pie, NFS","Cakes and pies","1 cup","10205","cup","1","250","250.0000"
"2707995","Pie, apple","Cakes and pies","1 cup","10205","cup","1","250","250.0000"
"2707997","Pie, berry","Cakes and pies","1 cup","10205","cup","1","250","250.0000"
"2707998","Pie, blueberry","Cakes and pies","1 cup","10205","cup","1","250","250.0000"
"2707999","Pie, cherry","Cakes and pies","1 cup","10205","cup","1","250","250.0000"
"2708000","Pie, lemon","Cakes and pies","1 cup","10205","cup","1","250","250.0000"
"2708000","Pie, lemon","Cakes and pies","1 slice, any size","64612","slice","1","150","150.0000"
"2708001","Pie, key lime","Cakes and pies","1 slice, any size","64612","slice","1","150","150.0000"
"2708001","Pie, key lime","Cakes and pies","1 cup","10205","cup","1","250","250.0000"
"2708002","Pie, peach","Cakes and pies","1 cup","10205","cup","1","250","250.0000"
"2708003","Pie, strawberry","Cakes and pies","1 cup","10205","cup","1","250","250.0000"
"2708003","Pie, strawberry","Cakes and pies","1 slice, any size","64612","slice","1","150","150.0000"
"2708004","Pie, banana cream","Cakes and pies","1 slice, any size","64612","slice","1","150","150.0000"
"2708004","Pie, banana cream","Cakes and pies","1 cup","10205","cup","1","250","250.0000"
"2708005","Pie, chocolate cream","Cakes and pies","1 cup","10205","cup","1","250","250.0000"
"2708005","Pie, chocolate cream","Cakes and pies","1 slice, any size","64612","slice","1","150","150.0000"
"2708006","Pie, coconut cream","Cakes and pies","1 cup","10205","cup","1","250","250.0000"
"2708006","Pie, coconut cream","Cakes and pies","1 slice, any size","64612","slice","1","150","150.0000"
"2708007","Pie, custard","Cakes and pies","1 slice, any size","64612","slice","1","150","150.0000"
"2708007","Pie, custard","Cakes and pies","1 cup","10205","cup","1","250","250.0000"
"2708008","Dessert pizza","Cakes and pies","1 piece","61667","piece","1","108","108.0000"
"2708009","Pie, peanut butter cream","Cakes and pies","1 cup","10205","cup","1","250","250.0000"
"2708009","Pie, peanut butter cream","Cakes and pies","1 slice, any size","64612","slice","1","150","150.0000"
"2708010","Pie, pineapple cream","Cakes and pies","1 slice, any size","64612","slice","1","150","150.0000"
"2708010","Pie, pineapple cream","Cakes and pies","1 cup","10205","cup","1","250","250.0000"
"2708011","Pie, pumpkin","Cakes and pies","1 cup","10205","cup","1","250","250.0000"
"2708012","Pie, sweet potato","Cakes and pies","1 cup","10205","cup","1","250","250.0000"
"2708013","Pie, vanilla cream","Cakes and pies","1 cup","10205","cup","1","250","250.0000"
"2708013","Pie, vanilla cream","Cakes and pies","1 slice, any size","64612","slice","1","150","150.0000"
"2708014","Pie, lemon meringue","Cakes and pies","1 cup","10205","cup","1","250","250.0000"
"2708014","Pie, lemon meringue","Cakes and pies","1 slice, any size","64612","slice","1","150","150.0000"
"2708015","Pie, pecan","Cakes and pies","1 cup","10205","cup","1","250","250.0000"
"2708016","Pie, oatmeal","Cakes and pies","1 cup","10205","cup","1","250","250.0000"
"2708016","Pie, oatmeal","Cakes and pies","1 slice, any size","64612","slice","1","150","150.0000"
"2708019","Cobbler, apple","Cakes and pies","1 cup","10205","cup","1","250","250.0000"
"2708020","Cobbler, berry","Cakes and pies","1 cup","10205","cup","1","250","250.0000"
"2708021","Cobbler, cherry","Cakes and pies","1 cup","10205","cup","1","250","250.0000"
"2708022","Cobbler, peach","Cakes and pies","1 cup","10205","cup","1","250","250.0000"
"2708023","Crisp, apple","Cakes and pies","1 cup","10205","cup","1","250","250.0000"
"2708026","Crisp, berry","Cakes and pies","1 cup","10205","cup","1","250","250.0000"
"2708027","Crisp, cherry","Cakes and pies","1 cup","10205","cup","1","250","250.0000"
"2708028","Crisp, peach","Cakes and pies","1 cup","10205","cup","1","250","250.0000"
"2708039","Strudel, apple","Cakes and pies","1 piece","61667","piece","1","125","125.0000"
"2708040","Strudel, berry","Cakes and pies","1 piece","61667","piece","1","125","125.0000"
"2708041","Strudel, cherry","Cakes and pies","1 piece","61667","piece","1","125","125.0000"
"2708042","Strudel, cheese","Cakes and pies","1 piece","61667","piece","1","125","125.0000"
"2708043","Strudel, peach","Cakes and pies","1 piece","61667","piece","1","125","125.0000"
"2708044","Baklava","Cakes and pies","1 piece","61667","piece","1","80","80.0000"
"2708045","Basbousa","Cakes and pies","1 piece","61667","piece","1","80","80.0000"
"2708050","Pastry, Chinese, made with rice flour","Doughnuts, sweet rolls, pastries","1 oz","40000","oz","1","28.35","28.3500"
"2708055","Cheese pastry puffs","Doughnuts, sweet rolls, pastries","1 cup","10205","cup","1","16","16.0000"
"2708056","Pastry, mainly flour and water, fried","Doughnuts, sweet rolls, pastries","1 cup, chips","10247","cup","1","28","28.0000"
"2708056","Pastry, mainly flour and water, fried","Doughnuts, sweet rolls, pastries","1 ear","62708","ear","1","90","90.0000"
"2708058","Breakfast pastry, NFS","Doughnuts, sweet rolls, pastries","1 medium","61238","medium","1","113","113.0000"
"2708058","Breakfast pastry, NFS","Doughnuts, sweet rolls, pastries","1 small","62015","small","1","56","56.0000"
"2708058","Breakfast pastry, NFS","Doughnuts, sweet rolls, pastries","1 large","60919","large","1","142","142.0000"
"2708059","Danish pastry, plain or spice","Doughnuts, sweet rolls, pastries","1 small","62015","small","1","56","56.0000"
"2708059","Danish pastry, plain or spice","Doughnuts, sweet rolls, pastries","1 medium","61238","medium","1","113","113.0000"
"2708059","Danish pastry, plain or spice","Doughnuts, sweet rolls, pastries","1 large","60919","large","1","142","142.0000"
"2708060","Danish pastry, with fruit","Doughnuts, sweet rolls, pastries","1 small","62015","small","1","56","56.0000"
"2708060","Danish pastry, with fruit","Doughnuts, sweet rolls, pastries","1 medium","61238","medium","1","113","113.0000"
"2708060","Danish pastry, with fruit","Doughnuts, sweet rolls, pastries","1 large","60919","large","1","142","142.0000"
"2708061","Danish pastry, with cheese","Doughnuts, sweet rolls, pastries","1 small","62015","small","1","56","56.0000"
"2708061","Danish pastry, with cheese","Doughnuts, sweet rolls, pastries","1 medium","61238","medium","1","113","113.0000"
"2708061","Danish pastry, with cheese","Doughnuts, sweet rolls, pastries","1 large","60919","large","1","142","142.0000"
"2708062","Doughnut, NFS","Doughnuts, sweet rolls, pastries","1 cup","10205","cup","1","60","60.0000"
"2708070","Churros","Doughnuts, sweet rolls, pastries","1 regular","62862","regular","1","45","45.0000"
"2708077","Breakfast tart","Doughnuts, sweet rolls, pastries","1 package (2 Pop Tarts)","64290","package","1","108","108.0000"
"2708078","Breakfast tart, lowfat","Doughnuts, sweet rolls, pastries","1 package (2 Pop Tarts)","64290","package","1","104","104.0000"
"2708079","Coffee cake, crumb or quick-bread type","Doughnuts, sweet rolls, pastries","1 piece","61667","piece","1","65","65.0000"
"2708079","Coffee cake, crumb or quick-bread type","Doughnuts, sweet rolls, pastries","1 slice","61935","slice","1","58","58.0000"
"2708080","Coffee cake, crumb or quick-bread type, with fruit","Doughnuts, sweet rolls, pastries","1 slice","61935","slice","1","65","65.0000"
"2708080","Coffee cake, crumb or quick-bread type, with fruit","Doughnuts, sweet rolls, pastries","1 piece","61667","piece","1","75","75.0000"
"2708081","Coffee cake, crumb or quick-bread type, cheese-filled","Doughnuts, sweet rolls, pastries","1 slice","61935","slice","1","65","65.0000"
"2708094","Cereal or granola bar (General Mills Nature Valley Crunchy Granola Bar)","Cereal bars","1 package (2 bars)","64330","package","1","42","42.0000"
"2708107","Cereal or granola bar, chocolate coated, NFS","Cereal bars","1 cup","10205","cup","1","117","117.0000"
"2708128","Baby Toddler snack, NFS","Baby food: snacks and sweets","1 piece","61667","piece","1","1","1.0000"
"2708128","Baby Toddler snack, NFS","Baby food: snacks and sweets","1 cup","10205","cup","1","15","15.0000"
"2708130","Baby Toddler cookie","Baby food: snacks and sweets","1 cup","10205","cup","1","60","60.0000"
"2708132","Crackers, NFS","Crackers, excludes saltines","1 cup, NFS","10010","cup","1","50","50.0000"
"2708132","Crackers, NFS","Crackers, excludes saltines","1 cup, bite size","10023","cup","1","60","60.0000"
"2708133","Graham crackers","Cookies and brownies","1 cup, crushed","10061","cup","1","85","85.0000"
"2708133","Graham crackers","Cookies and brownies","1 stick","62239","stick","1","3","3.0000"
"2708134","Graham crackers (Teddy Grahams)","Cookies and brownies","1 cup, NFS","10010","cup","1","70","70.0000"
"2708139","Graham crackers, sandwich, with filling","Cookies and brownies","1 cup, NFS","10010","cup","1","70","70.0000"
"2708141","Crackers, butter, reduced sodium","Crackers, excludes saltines","1 cup, NFS","10010","cup","1","50","50.0000"
"2708141","Crackers, butter, reduced sodium","Crackers, excludes saltines","1 cup, bite size","10023","cup","1","60","60.0000"
"2708143","Crackers, saltine, reduced sodium","Saltine crackers","1 cup, NFS","10010","cup","1","50","50.0000"
"2708144","Crackers, wheat, reduced sodium","Crackers, excludes saltines","1 cup, NFS","10010","cup","1","50","50.0000"
"2708145","Crackers, woven wheat, reduced sodium","Crackers, excludes saltines","1 cup, NFS","10010","cup","1","70","70.0000"
"2708146","Crackers, butter, plain","Crackers, excludes saltines","1 cup, crushed","10061","cup","1","70","70.0000"
"2708146","Crackers, butter, plain","Crackers, excludes saltines","1 cup, bite size","10023","cup","1","60","60.0000"
"2708146","Crackers, butter, plain","Crackers, excludes saltines","1 cup, NFS","10010","cup","1","50","50.0000"
"2708147","Crackers, butter, flavored","Crackers, excludes saltines","1 cup, NFS","10010","cup","1","50","50.0000"
"2708147","Crackers, butter, flavored","Crackers, excludes saltines","1 cup, bite size","10023","cup","1","60","60.0000"
"2708148","Crackers, butter (Ritz)","Crackers, excludes saltines","1 cup, bite size","10023","cup","1","60","60.0000"
"2708148","Crackers, butter (Ritz)","Crackers, excludes saltines","1 cup, crushed","10061","cup","1","70","70.0000"
"2708148","Crackers, butter (Ritz)","Crackers, excludes saltines","1 cup, NFS","10010","cup","1","50","50.0000"
"2708149","Crackers, butter, reduced fat","Crackers, excludes saltines","1 cup, NFS","10010","cup","1","50","50.0000"
"2708149","Crackers, butter, reduced fat","Crackers, excludes saltines","1 cup, bite size","10023","cup","1","60","60.0000"
"2708150","Crackers, cheese","Crackers, excludes saltines","1 cup, NFS","10010","cup","1","50","50.0000"
"2708150","Crackers, cheese","Crackers, excludes saltines","1 cup, bite size","10023","cup","1","60","60.0000"
"2708151","Crackers, cheese (Cheez-It)","Crackers, excludes saltines","1 cup, NFS","10010","cup","1","50","50.0000"
"2708152","Crackers, cheese (Goldfish)","Crackers, excludes saltines","1 cup, NFS","10010","cup","1","50","50.0000"
"2708153","Crackers, cheese, reduced fat","Crackers, excludes saltines","1 cup, bite size","10023","cup","1","60","60.0000"
"2708153","Crackers, cheese, reduced fat","Crackers, excludes saltines","1 cup, NFS","10010","cup","1","50","50.0000"
"2708154","Crackers, cheese, reduced sodium","Crackers, excludes saltines","1 cup","10205","cup","1","50","50.0000"
"2708155","Crackers, cheese, whole grain","Crackers, excludes saltines","1 cup, NFS","10010","cup","1","50","50.0000"
"2708155","Crackers, cheese, whole grain","Crackers, excludes saltines","1 cup, bite size","10023","cup","1","60","60.0000"
"2708160","Crackers, oyster","Saltine crackers","1 cup, NFS","10010","cup","1","50","50.0000"
"2708161","Chips, rice","Tortilla, corn, other chips","1 cup","10205","cup","1","30","30.0000"
"2708162","Rice cake","Crackers, excludes saltines","1 cup, NFS","10010","cup","1","30","30.0000"
"2708163","Crackers, rice","Crackers, excludes saltines","1 cup, NFS","10010","cup","1","40","40.0000"
"2708164","Crackers, rice and nuts","Crackers, excludes saltines","1 cup, NFS","10010","cup","1","50","50.0000"
"2708167","Crackers, saltine","Saltine crackers","1 cup, NFS","10010","cup","1","50","50.0000"
"2708168","Crackers, saltine, reduced fat","Saltine crackers","1 cup, NFS","10010","cup","1","50","50.0000"
"2708169","Crackers, saltine, multigrain","Saltine crackers","1 cup, NFS","10010","cup","1","50","50.0000"
"2708170","Crackers, multigrain","Crackers, excludes saltines","1 cup, NFS","10010","cup","1","50","50.0000"
"2708171","Crackers, sandwich","Crackers, excludes saltines","1 cup, NFS","10010","cup","1","70","70.0000"
"2708172","Crackers, sandwich, peanut butter filled","Crackers, excludes saltines","1 cup, NFS","10010","cup","1","70","70.0000"
"2708173","Crackers, sandwich, peanut butter filled (Ritz)","Crackers, excludes saltines","1 cup, NFS","10010","cup","1","70","70.0000"
"2708174","Crackers, sandwich, reduced fat, peanut butter filled","Crackers, excludes saltines","1 cup, NFS","10010","cup","1","70","70.0000"
"2708175","Crackers, whole grain, sandwich, peanut butter filled","Crackers, excludes saltines","1 cup, NFS","10010","cup","1","70","70.0000"
"2708176","Crackers, sandwich, cheese filled","Crackers, excludes saltines","1 cup, NFS","10010","cup","1","70","70.0000"
"2708177","Crackers, sandwich, cheese filled (Ritz)","Crackers, excludes saltines","1 cup, NFS","10010","cup","1","70","70.0000"
"2708178","Crackers, water","Crackers, excludes saltines","1 cup, NFS","10010","cup","1","60","60.0000"
"2708179","Crackers, wonton","Crackers, excludes saltines","1 cup, NFS","10010","cup","1","50","50.0000"
"2708180","Crackers, woven wheat","Crackers, excludes saltines","1 cup, NFS","10010","cup","1","70","70.0000"
"2708181","Crackers, woven wheat, plain (Triscuit)","Crackers, excludes saltines","1 cup, NFS","10010","cup","1","70","70.0000"
"2708182","Crackers, woven wheat, flavored (Triscuit)","Crackers, excludes saltines","1 cup, NFS","10010","cup","1","70","70.0000"
"2708183","Crackers, woven wheat, reduced fat","Crackers, excludes saltines","1 cup, NFS","10010","cup","1","70","70.0000"
"2708184","Crackers, wheat","Crackers, excludes saltines","1 cup, bite size","10023","cup","1","60","60.0000"
"2708184","Crackers, wheat","Crackers, excludes saltines","1 cup, NFS","10010","cup","1","50","50.0000"
"2708185","Crackers, wheat, plain (Wheat Thins)","Crackers, excludes saltines","1 cup, NFS","10010","cup","1","50","50.0000"
"2708186","Crackers, wheat, flavored (Wheat Thins)","Crackers, excludes saltines","1 cup, NFS","10010","cup","1","50","50.0000"
"2708187","Crackers, wheat, reduced fat","Crackers, excludes saltines","1 cup, NFS","10010","cup","1","50","50.0000"
"2708188","Crackers, gluten free, plain","Crackers, excludes saltines","1 cup, NFS","10010","cup","1","50","50.0000"
"2708189","Crackers, gluten free, flavored","Crackers, excludes saltines","1 cup, NFS","10010","cup","1","50","50.0000"
"2708190","Baby Toddler crackers","Baby food: snacks and sweets","1 cup","10205","cup","1","60","60.0000"
"2708191","Baby Toddler puffs, fruit","Baby food: snacks and sweets","1 cup","10205","cup","1","15","15.0000"
"2708192","Baby Toddler puffs, vegetable","Baby food: snacks and sweets","1 cup","10205","cup","1","15","15.0000"
"2708193","Baby Toddler crunchies","Baby food: snacks and sweets","1 piece","61667","piece","1","0.5","0.5000"
"2708193","Baby Toddler crunchies","Baby food: snacks and sweets","1 cup","10205","cup","1","15","15.0000"
"2708194","Baby Toddler wheels","Baby food: snacks and sweets","1 piece","61667","piece","1","2","2.0000"
"2708194","Baby Toddler wheels","Baby food: snacks and sweets","1 cup","10205","cup","1","15","15.0000"
"2708195","Corn nuts","Tortilla, corn, other chips","1 cup","10205","cup","1","95","95.0000"
"2708196","Corn chips, plain","Tortilla, corn, other chips","1 cup","10205","cup","1","45","45.0000"
"2708197","Corn chips, flavored","Tortilla, corn, other chips","1 cup","10205","cup","1","45","45.0000"
"2708198","Corn chips, plain (Fritos)","Tortilla, corn, other chips","1 cup","10205","cup","1","45","45.0000"
"2708199","Corn chips, flavored (Fritos)","Tortilla, corn, other chips","1 cup","10205","cup","1","45","45.0000"
"2708200","Cheese flavored corn snacks","Tortilla, corn, other chips","1 piece","61667","piece","1","2","2.0000"
"2708200","Cheese flavored corn snacks","Tortilla, corn, other chips","1 cup","10205","cup","1","35","35.0000"
"2708201","Cheese flavored corn snacks, reduced fat","Tortilla, corn, other chips","1 cup","10205","cup","1","35","35.0000"
"2708201","Cheese flavored corn snacks, reduced fat","Tortilla, corn, other chips","1 piece","61667","piece","1","2","2.0000"
"2708202","Tortilla chips, plain","Tortilla, corn, other chips","1 cup","10205","cup","1","30","30.0000"
"2708203","Cheese flavored corn snacks (Cheetos)","Tortilla, corn, other chips","1 cup","10205","cup","1","35","35.0000"
"2708203","Cheese flavored corn snacks (Cheetos)","Tortilla, corn, other chips","1 piece","61667","piece","1","2","2.0000"
"2708204","Tortilla chips, flavored","Tortilla, corn, other chips","1 cup","10205","cup","1","30","30.0000"
"2708205","Corn chips, reduced sodium","Tortilla, corn, other chips","1 cup","10205","cup","1","45","45.0000"
"2708206","Tortilla chips, nacho cheese flavor (Doritos)","Tortilla, corn, other chips","1 cup","10205","cup","1","30","30.0000"
"2708207","Tortilla chips, cool ranch flavor (Doritos)","Tortilla, corn, other chips","1 cup","10205","cup","1","30","30.0000"
"2708208","Tortilla chips, other flavors (Doritos)","Tortilla, corn, other chips","1 cup","10205","cup","1","30","30.0000"
"2708209","Tortilla chips, reduced fat, plain","Tortilla, corn, other chips","1 cup","10205","cup","1","30","30.0000"
"2708210","Tortilla chips, reduced fat, flavored","Tortilla, corn, other chips","1 cup","10205","cup","1","30","30.0000"
"2708211","Tortilla chips, low fat, unsalted","Tortilla, corn, other chips","1 cup","10205","cup","1","30","30.0000"
"2708212","Tortilla chips, reduced sodium","Tortilla, corn, other chips","1 cup","10205","cup","1","30","30.0000"
"2708213","Snack mix","Pretzels/snack mix","1 cup","10205","cup","1","60","60.0000"
"2708214","Potato chips, restructured, multigrain","Potato chips","1 cup","10205","cup","1","25","25.0000"
"2708215","Pita chips","Crackers, excludes saltines","1 cup","10205","cup","1","60","60.0000"
"2708216","Popcorn, NFS","Popcorn","1 cup, unpopped, yields","10189","cup","1","193","193.0000"
"2708216","Popcorn, NFS","Popcorn","1 cup, popped","10134","cup","1","14","14.0000"
"2708217","Popcorn, movie theater, with added butter","Popcorn","1 cup","10205","cup","1","14","14.0000"
"2708218","Popcorn, movie theater, no butter added","Popcorn","1 cup","10205","cup","1","11","11.0000"
"2708219","Popcorn, air-popped, no butter added","Popcorn","1 cup, popped","10134","cup","1","8","8.0000"
"2708219","Popcorn, air-popped, no butter added","Popcorn","1 cup, unpopped, yields","10189","cup","1","135","135.0000"
"2708219","Popcorn, air-popped, no butter added","Popcorn","1 oz, unpopped, yields","40066","oz","1","19","19.0000"
"2708220","Popcorn, air-popped, with added butter","Popcorn","1 cup, popped","10134","cup","1","11","11.0000"
"2708220","Popcorn, air-popped, with added butter","Popcorn","1 oz, unpopped, yields","40066","oz","1","25","25.0000"
"2708220","Popcorn, air-popped, with added butter","Popcorn","1 cup, unpopped, yields","10189","cup","1","211","211.0000"
"2708221","Popcorn, popped in oil, no butter added","Popcorn","1 cup, popped","10134","cup","1","11","11.0000"
"2708221","Popcorn, popped in oil, no butter added","Popcorn","1 oz, unpopped, yields","40066","oz","1","25","25.0000"
"2708221","Popcorn, popped in oil, no butter added","Popcorn","1 cup, unpopped, yields","10189","cup","1","177","177.0000"
"2708222","Popcorn, popped in oil, with added butter","Popcorn","1 cup, popped","10134","cup","1","14","14.0000"
"2708222","Popcorn, popped in oil, with added butter","Popcorn","1 cup, unpopped, yields","10189","cup","1","193","193.0000"
"2708222","Popcorn, popped in oil, with added butter","Popcorn","1 oz, unpopped, yields","40066","oz","1","25","25.0000"
"2708223","Popcorn, microwave, NFS","Popcorn","1 cup, popped","10134","cup","1","14","14.0000"
"2708224","Popcorn, microwave, plain","Popcorn","1 cup, popped","10134","cup","1","11","11.0000"
"2708225","Popcorn, microwave, plain, light","Popcorn","1 cup, popped","10134","cup","1","8","8.0000"
"2708226","Popcorn, microwave, low sodium","Popcorn","1 cup, popped","10134","cup","1","11","11.0000"
"2708227","Popcorn, microwave, butter flavored","Popcorn","1 cup, popped","10134","cup","1","14","14.0000"
"2708228","Popcorn, microwave, flavored, light","Popcorn","1 cup, popped","10134","cup","1","8","8.0000"
"2708229","Popcorn, microwave, cheese flavored","Popcorn","1 cup, popped","10134","cup","1","14","14.0000"
"2708230","Popcorn, microwave, kettle","Popcorn","1 cup, popped","10134","cup","1","14","14.0000"
"2708231","Popcorn, ready-to-eat, NFS","Popcorn","1 cup","10205","cup","1","14","14.0000"
"2708232","Popcorn, ready-to-eat, plain","Popcorn","1 cup","10205","cup","1","11","11.0000"
"2708233","Popcorn, ready-to-eat, plain, light","Popcorn","1 cup","10205","cup","1","8","8.0000"
"2708234","Popcorn, ready-to-eat, low sodium","Popcorn","1 cup","10205","cup","1","11","11.0000"
"2708235","Popcorn, ready-to-eat, butter flavored","Popcorn","1 cup","10205","cup","1","14","14.0000"
"2708236","Popcorn, ready-to-eat, cheese flavored","Popcorn","1 cup","10205","cup","1","14","14.0000"
"2708237","Popcorn, ready-to-eat, flavored, light","Popcorn","1 cup","10205","cup","1","8","8.0000"
"2708238","Popcorn, ready-to-eat, kettle","Popcorn","1 cup","10205","cup","1","14","14.0000"
"2708239","Popcorn, caramel coated","Popcorn","1 cup","10205","cup","1","35","35.0000"
"2708240","Popcorn, caramel coated, with nuts","Popcorn","1 cup","10205","cup","1","42","42.0000"
"2708241","Popcorn, chocolate coated","Popcorn","1 cup","10205","cup","1","35","35.0000"
"2708242","Popcorn chips, plain","Tortilla, corn, other chips","1 cup","10205","cup","1","30","30.0000"
"2708243","Popcorn chips, other flavors","Tortilla, corn, other chips","1 cup","10205","cup","1","30","30.0000"
"2708244","Popcorn chips, sweet flavors","Tortilla, corn, other chips","1 cup","10205","cup","1","30","30.0000"
"2708245","Onion flavored rings","Tortilla, corn, other chips","1 piece","61667","piece","1","2","2.0000"
"2708245","Onion flavored rings","Tortilla, corn, other chips","1 cup","10205","cup","1","15","15.0000"
"2708246","Shrimp chips","Tortilla, corn, other chips","1 cup","10205","cup","1","40","40.0000"
"2708247","Pretzels, NFS","Pretzels/snack mix","1 cup","10205","cup","1","40","40.0000"
"2708248","Pretzels, hard, NFS","Pretzels/snack mix","1 cup","10205","cup","1","40","40.0000"
"2708249","Pretzels, hard, plain, salted","Pretzels/snack mix","1 cup","10205","cup","1","40","40.0000"
"2708250","Pretzels, hard, plain, lightly salted","Pretzels/snack mix","1 cup","10205","cup","1","40","40.0000"
"2708251","Pretzels, hard, plain, unsalted","Pretzels/snack mix","1 cup","10205","cup","1","40","40.0000"
"2708252","Pretzels, hard, flavored","Pretzels/snack mix","1 cup","10205","cup","1","40","40.0000"
"2708253","Pretzels, hard, multigrain","Pretzels/snack mix","1 cup","10205","cup","1","40","40.0000"
"2708254","Pretzels, hard, plain, gluten free","Pretzels/snack mix","1 cup","10205","cup","1","40","40.0000"
"2708255","Pretzels, hard, flavored, gluten free","Pretzels/snack mix","1 cup","10205","cup","1","40","40.0000"
"2708256","Pretzel chips, hard, plain","Pretzels/snack mix","1 cup","10205","cup","1","40","40.0000"
"2708257","Pretzel chips, hard, flavored","Pretzels/snack mix","1 cup","10205","cup","1","40","40.0000"
"2708258","Pretzel chips, hard, gluten free","Pretzels/snack mix","1 cup","10205","cup","1","40","40.0000"
"2708259","Pretzels, hard, coated, NFS","Pretzels/snack mix","1 cup","10205","cup","1","86","86.0000"
"2708260","Pretzels, hard, chocolate coated","Pretzels/snack mix","1 cup","10205","cup","1","86","86.0000"
"2708261","Pretzels, hard, white chocolate coated","Pretzels/snack mix","1 cup","10205","cup","1","86","86.0000"
"2708262","Pretzels, hard, yogurt coated","Pretzels/snack mix","1 cup","10205","cup","1","86","86.0000"
"2708263","Pretzels, hard, coated, gluten free","Pretzels/snack mix","1 cup","10205","cup","1","86","86.0000"
"2708264","Pretzels, hard, filled, NFS","Pretzels/snack mix","1 cup","10205","cup","1","96","96.0000"
"2708265","Pretzels, hard, cheese filled","Pretzels/snack mix","1 cup","10205","cup","1","96","96.0000"
"2708266","Pretzels, hard, peanut butter filled","Pretzels/snack mix","1 cup","10205","cup","1","96","96.0000"
"2708267","Pretzels, soft, NFS","Pretzels/snack mix","1 large","60919","large","1","143","143.0000"
"2708267","Pretzels, soft, NFS","Pretzels/snack mix","1 small","62015","small","1","62","62.0000"
"2708267","Pretzels, soft, NFS","Pretzels/snack mix","1 cup, nuggets","64592","cup","1","147","147.0000"
"2708268","Pretzels, soft, ready-to-eat, NFS","Pretzels/snack mix","1 small","62015","small","1","62","62.0000"
"2708268","Pretzels, soft, ready-to-eat, NFS","Pretzels/snack mix","1 cup, nuggets","64592","cup","1","147","147.0000"
"2708268","Pretzels, soft, ready-to-eat, NFS","Pretzels/snack mix","1 large","60919","large","1","143","143.0000"
"2708269","Pretzels, soft, ready-to-eat, salted, buttered","Pretzels/snack mix","1 small","62015","small","1","62","62.0000"
"2708269","Pretzels, soft, ready-to-eat, salted, buttered","Pretzels/snack mix","1 cup, nuggets","64592","cup","1","147","147.0000"
"2708269","Pretzels, soft, ready-to-eat, salted, buttered","Pretzels/snack mix","1 large","60919","large","1","143","143.0000"
"2708270","Pretzels, soft, ready-to-eat, unsalted, buttered","Pretzels/snack mix","1 small","62015","small","1","62","62.0000"
"2708270","Pretzels, soft, ready-to-eat, unsalted, buttered","Pretzels/snack mix","1 cup, nuggets","64592","cup","1","147","147.0000"
"2708270","Pretzels, soft, ready-to-eat, unsalted, buttered","Pretzels/snack mix","1 large","60919","large","1","143","143.0000"
"2708271","Pretzels, soft, ready-to-eat, salted, no butter","Pretzels/snack mix","1 cup, nuggets","64592","cup","1","147","147.0000"
"2708271","Pretzels, soft, ready-to-eat, salted, no butter","Pretzels/snack mix","1 large","60919","large","1","143","143.0000"
"2708271","Pretzels, soft, ready-to-eat, salted, no butter","Pretzels/snack mix","1 small","62015","small","1","62","62.0000"
"2708272","Pretzels, soft, ready-to-eat, unsalted, no butter","Pretzels/snack mix","1 large","60919","large","1","143","143.0000"
"2708272","Pretzels, soft, ready-to-eat, unsalted, no butter","Pretzels/snack mix","1 small","62015","small","1","62","62.0000"
"2708272","Pretzels, soft, ready-to-eat, unsalted, no butter","Pretzels/snack mix","1 cup, nuggets","64592","cup","1","147","147.0000"
"2708273","Pretzels, soft, ready-to-eat, cinnamon sugar coated","Pretzels/snack mix","1 large","60919","large","1","175","175.0000"
"2708273","Pretzels, soft, ready-to-eat, cinnamon sugar coated","Pretzels/snack mix","1 cup, nuggets","64592","cup","1","168","168.0000"
"2708273","Pretzels, soft, ready-to-eat, cinnamon sugar coated","Pretzels/snack mix","1 small","62015","small","1","74","74.0000"
"2708274","Pretzels, soft, ready-to-eat, coated or flavored","Pretzels/snack mix","1 large","60919","large","1","149","149.0000"
"2708274","Pretzels, soft, ready-to-eat, coated or flavored","Pretzels/snack mix","1 cup, nuggets","64592","cup","1","168","168.0000"
"2708274","Pretzels, soft, ready-to-eat, coated or flavored","Pretzels/snack mix","1 small","62015","small","1","65","65.0000"
"2708275","Pretzels, soft, ready-to-eat, topped with meat","Pretzels/snack mix","1 small","62015","small","1","74","74.0000"
"2708275","Pretzels, soft, ready-to-eat, topped with meat","Pretzels/snack mix","1 large","60919","large","1","175","175.0000"
"2708275","Pretzels, soft, ready-to-eat, topped with meat","Pretzels/snack mix","1 cup, nuggets","64592","cup","1","168","168.0000"
"2708276","Pretzels, soft, ready-to-eat, topped with cheese","Pretzels/snack mix","1 cup, nuggets","64592","cup","1","168","168.0000"
"2708276","Pretzels, soft, ready-to-eat, topped with cheese","Pretzels/snack mix","1 large","60919","large","1","175","175.0000"
"2708276","Pretzels, soft, ready-to-eat, topped with cheese","Pretzels/snack mix","1 small","62015","small","1","74","74.0000"
"2708277","Pretzels, soft, from frozen, NFS","Pretzels/snack mix","1 cup, nuggets","64592","cup","1","147","147.0000"
"2708278","Pretzels, soft, from frozen, salted","Pretzels/snack mix","1 cup, nuggets","64592","cup","1","147","147.0000"
"2708279","Pretzels, soft, from frozen, unsalted","Pretzels/snack mix","1 cup, nuggets","64592","cup","1","147","147.0000"
"2708280","Pretzels, soft, from frozen, cinnamon sugar coated","Pretzels/snack mix","1 cup, nuggets","64592","cup","1","147","147.0000"
"2708281","Pretzels, soft, from frozen, coated or flavored","Pretzels/snack mix","1 cup, nuggets","64592","cup","1","147","147.0000"
"2708282","Pretzels, soft, from frozen, topped with meat","Pretzels/snack mix","1 cup, nuggets","64592","cup","1","147","147.0000"
"2708283","Pretzels, soft, from frozen, topped with cheese","Pretzels/snack mix","1 cup, nuggets","64592","cup","1","147","147.0000"
"2708284","Pretzels, soft, filled with cheese","Pretzels/snack mix","1 cup, nuggets","64592","cup","1","147","147.0000"
"2708285","Pretzels, soft, from school lunch","Pretzels/snack mix","1 cup, nuggets","64592","cup","1","147","147.0000"
"2708286","Pretzels, soft, multigrain","Pretzels/snack mix","1 cup, nuggets","64592","cup","1","147","147.0000"
"2708286","Pretzels, soft, multigrain","Pretzels/snack mix","1 large","60919","large","1","143","143.0000"
"2708286","Pretzels, soft, multigrain","Pretzels/snack mix","1 small","62015","small","1","62","62.0000"
"2708287","Pretzels, soft, gluten free","Pretzels/snack mix","1 cup, nuggets","64592","cup","1","147","147.0000"
"2708288","Pretzels, soft, gluten free, cinnamon sugar coated","Pretzels/snack mix","1 cup, nuggets","64592","cup","1","147","147.0000"
"2708289","Pretzels, soft, gluten free, coated or flavored","Pretzels/snack mix","1 cup, nuggets","64592","cup","1","147","147.0000"
"2708290","Multigrain chips (Sun Chips)","Tortilla, corn, other chips","1 cup","10205","cup","1","30","30.0000"
"2708291","Snack mix, plain (Chex Mix)","Pretzels/snack mix","1 cup","10205","cup","1","60","60.0000"
"2708292","Bagel chips","Crackers, excludes saltines","1 cup, pieces","10129","cup","1","60","60.0000"
"2708293","Cracker chips","Tortilla, corn, other chips","1 cup, NFS","10010","cup","1","30","30.0000"
"2708313","Waffle, plain, frozen","Pancakes, waffles, French toast","1 stick","62239","stick","1","35","35.0000"
"2708314","Waffle, plain, reduced fat","Pancakes, waffles, French toast","1 stick","62239","stick","1","35","35.0000"
"2708315","Waffle, fruit, frozen","Pancakes, waffles, French toast","1 stick","62239","stick","1","35","35.0000"
"2708316","Waffle, chocolate, frozen","Pancakes, waffles, French toast","1 stick","62239","stick","1","35","35.0000"
"2708317","Waffle, whole grain, frozen","Pancakes, waffles, French toast","1 stick","62239","stick","1","35","35.0000"
"2708318","Waffle, whole grain, reduced fat","Pancakes, waffles, French toast","1 stick","62239","stick","1","35","35.0000"
"2708319","Waffle, whole grain, fruit, frozen","Pancakes, waffles, French toast","1 stick","62239","stick","1","35","35.0000"
"2708331","French toast, NFS","Pancakes, waffles, French toast","1 slice, any size","64612","slice","1","65","65.0000"
"2708332","French toast, frozen","Pancakes, waffles, French toast","1 slice, NFS","62008","slice","1","60","60.0000"
"2708333","French toast, fast food / restaurant","Pancakes, waffles, French toast","1 slice, any size","64612","slice","1","85","85.0000"
"2708334","French toast, school","Pancakes, waffles, French toast","1 slice, any size","64612","slice","1","60","60.0000"
"2708335","French toast, plain","Pancakes, waffles, French toast","1 slice, any size","64612","slice","1","65","65.0000"
"2708336","French toast, whole grain","Pancakes, waffles, French toast","1 slice, any size","64612","slice","1","65","65.0000"
"2708337","French toast, gluten free","Pancakes, waffles, French toast","1 slice, any size","64612","slice","1","65","65.0000"
"2708338","French toast sticks","Pancakes, waffles, French toast","1 stick","62239","stick","1","45","45.0000"
"2708339","French toast sticks, fast food / restaurant","Pancakes, waffles, French toast","1 stick","62239","stick","1","25","25.0000"
"2708340","French toast sticks, school","Pancakes, waffles, French toast","1 stick","62239","stick","1","25","25.0000"
"2708344","Dumpling, no meat","Biscuits, muffins, quick breads","1 cup","10205","cup","1","75","75.0000"
"2708345","Cake made with glutinous rice","Rice mixed dishes","1 oz","40000","oz","1","28.35","28.3500"
"2708347","Dosa, plain","Pancakes, waffles, French toast","1 small","62015","small","1","35","35.0000"
"2708347","Dosa, plain","Pancakes, waffles, French toast","1 large","60919","large","1","155","155.0000"
"2708347","Dosa, plain","Pancakes, waffles, French toast","1 medium","61238","medium","1","80","80.0000"
"2708348","Cake made with glutinous rice and dried beans","Rice mixed dishes","1 piece","61667","piece","1","16","16.0000"
"2708351","Pasta, vegetable, cooked","Pasta, noodles, cooked grains","1 oz, dry, yields","40049","oz","1","80","80.0000"
"2708351","Pasta, vegetable, cooked","Pasta, noodles, cooked grains","1 cup, cooked","10043","cup","1","140","140.0000"
"2708352","Noodles, cooked","Pasta, noodles, cooked grains","1 oz, dry, yields","40049","oz","1","75","75.0000"
"2708352","Noodles, cooked","Pasta, noodles, cooked grains","1 cup, cooked","10043","cup","1","160","160.0000"
"2708353","Noodles, whole grain, cooked","Pasta, noodles, cooked grains","1 cup, cooked","10043","cup","1","160","160.0000"
"2708353","Noodles, whole grain, cooked","Pasta, noodles, cooked grains","1 oz, dry, yields","40049","oz","1","75","75.0000"
"2708354","Noodles, chow mein","Crackers, excludes saltines","1 cup","10205","cup","1","56","56.0000"
"2708355","Long rice noodles, made from mung beans, cooked","Pasta, noodles, cooked grains","1 cup, cooked","10043","cup","1","190","190.0000"
"2708356","Rice noodles, cooked","Pasta, noodles, cooked grains","1 oz, dry, yields","40049","oz","1","100","100.0000"
"2708356","Rice noodles, cooked","Pasta, noodles, cooked grains","1 cup, cooked","10043","cup","1","175","175.0000"
"2708357","Pasta, cooked","Pasta, noodles, cooked grains","1 cup, cooked","10043","cup","1","140","140.0000"
"2708357","Pasta, cooked","Pasta, noodles, cooked grains","1 oz, dry, yields","40049","oz","1","80","80.0000"
"2708358","Pasta, whole grain, cooked","Pasta, noodles, cooked grains","1 cup, cooked","10043","cup","1","140","140.0000"
"2708358","Pasta, whole grain, cooked","Pasta, noodles, cooked grains","1 oz, dry, yields","40049","oz","1","80","80.0000"
"2708359","Pasta, gluten free","Pasta, noodles, cooked grains","1 cup, cooked","10043","cup","1","140","140.0000"
"2708359","Pasta, gluten free","Pasta, noodles, cooked grains","1 oz, dry, yields","40049","oz","1","80","80.0000"
"2708360","Cereal, cooked, NFS","Grits and other cooked cereals","1 cup, cooked","10043","cup","1","240","240.0000"
"2708361","Barley","Pasta, noodles, cooked grains","1 cup, cooked","10043","cup","1","170","170.0000"
"2708361","Barley","Pasta, noodles, cooked grains","1 cup, dry, yields","10074","cup","1","740","740.0000"
"2708361","Barley","Pasta, noodles, cooked grains","1 oz, dry, yields","40049","oz","1","110","110.0000"
"2708362","Buckwheat groats","Pasta, noodles, cooked grains","1 oz, dry, yields","40049","oz","1","85","85.0000"
"2708362","Buckwheat groats","Pasta, noodles, cooked grains","1 cup, dry, yields","10074","cup","1","500","500.0000"
"2708362","Buckwheat groats","Pasta, noodles, cooked grains","1 cup, cooked","10043","cup","1","170","170.0000"
"2708363","Grits, NFS","Grits and other cooked cereals","1 cup, cooked","10043","cup","1","240","240.0000"
"2708363","Grits, NFS","Grits and other cooked cereals","1 oz, dry, yields","40049","oz","1","185","185.0000"
"2708363","Grits, NFS","Grits and other cooked cereals","1 cup, dry, yields","10074","cup","1","965","965.0000"
"2708364","Grits, regular or quick, made with water, NS as to fat","Grits and other cooked cereals","1 oz, dry, yields","40049","oz","1","185","185.0000"
"2708364","Grits, regular or quick, made with water, NS as to fat","Grits and other cooked cereals","1 cup, cooked","10043","cup","1","240","240.0000"
"2708364","Grits, regular or quick, made with water, NS as to fat","Grits and other cooked cereals","1 cup, dry, yields","10074","cup","1","965","965.0000"
"2708365","Grits, regular or quick, made with water, no added fat","Grits and other cooked cereals","1 cup, dry, yields","10074","cup","1","965","965.0000"
"2708365","Grits, regular or quick, made with water, no added fat","Grits and other cooked cereals","1 cup, cooked","10043","cup","1","240","240.0000"
"2708365","Grits, regular or quick, made with water, no added fat","Grits and other cooked cereals","1 oz, dry, yields","40049","oz","1","185","185.0000"
"2708366","Grits, regular or quick, made with water, fat added","Grits and other cooked cereals","1 cup, dry, yields","10074","cup","1","965","965.0000"
"2708366","Grits, regular or quick, made with water, fat added","Grits and other cooked cereals","1 oz, dry, yields","40049","oz","1","185","185.0000"
"2708366","Grits, regular or quick, made with water, fat added","Grits and other cooked cereals","1 cup, cooked","10043","cup","1","240","240.0000"
"2708367","Grits, with cheese, NS as to fat","Grits and other cooked cereals","1 oz, dry, yields","40049","oz","1","185","185.0000"
"2708367","Grits, with cheese, NS as to fat","Grits and other cooked cereals","1 cup, cooked","10043","cup","1","240","240.0000"
"2708368","Grits, with cheese, no added fat","Grits and other cooked cereals","1 oz, dry, yields","40049","oz","1","185","185.0000"
"2708368","Grits, with cheese, no added fat","Grits and other cooked cereals","1 cup, cooked","10043","cup","1","240","240.0000"
"2708369","Grits, with cheese, fat added","Grits and other cooked cereals","1 oz, dry, yields","40049","oz","1","185","185.0000"
"2708369","Grits, with cheese, fat added","Grits and other cooked cereals","1 cup, cooked","10043","cup","1","240","240.0000"
"2708370","Grits, instant, made with water, no added fat","Grits and other cooked cereals","1 cup, cooked","10043","cup","1","240","240.0000"
"2708370","Grits, instant, made with water, no added fat","Grits and other cooked cereals","1 oz, dry, yields","40049","oz","1","185","185.0000"
"2708371","Grits, instant, made with water, fat added","Grits and other cooked cereals","1 oz, dry, yields","40049","oz","1","185","185.0000"
"2708371","Grits, instant, made with water, fat added","Grits and other cooked cereals","1 cup, cooked","10043","cup","1","240","240.0000"
"2708372","Grits, instant, made with water, NS as to fat","Grits and other cooked cereals","1 cup, cooked","10043","cup","1","240","240.0000"
"2708372","Grits, instant, made with water, NS as to fat","Grits and other cooked cereals","1 oz, dry, yields","40049","oz","1","185","185.0000"
"2708373","Cornmeal mush, NS as to fat","Grits and other cooked cereals","1 cup, cooked","10043","cup","1","240","240.0000"
"2708373","Cornmeal mush, NS as to fat","Grits and other cooked cereals","1 cup, dry, yields","10074","cup","1","955","955.0000"
"2708373","Cornmeal mush, NS as to fat","Grits and other cooked cereals","1 oz, dry, yields","40049","oz","1","190","190.0000"
"2708374","Cornmeal mush, no added fat","Grits and other cooked cereals","1 cup, dry, yields","10074","cup","1","955","955.0000"
"2708374","Cornmeal mush, no added fat","Grits and other cooked cereals","1 cup, cooked","10043","cup","1","240","240.0000"
"2708374","Cornmeal mush, no added fat","Grits and other cooked cereals","1 oz, dry, yields","40049","oz","1","190","190.0000"
"2708375","Cornmeal mush, fat added","Grits and other cooked cereals","1 oz, dry, yields","40049","oz","1","190","190.0000"
"2708375","Cornmeal mush, fat added","Grits and other cooked cereals","1 cup, dry, yields","10074","cup","1","955","955.0000"
"2708375","Cornmeal mush, fat added","Grits and other cooked cereals","1 cup, cooked","10043","cup","1","240","240.0000"
"2708376","Masa harina, cooked","Grits and other cooked cereals","1 cup, cooked","10043","cup","1","240","240.0000"
"2708377","Millet","Pasta, noodles, cooked grains","1 cup, dry, yields","10074","cup","1","760","760.0000"
"2708377","Millet","Pasta, noodles, cooked grains","1 oz, dry, yields","40049","oz","1","110","110.0000"
"2708377","Millet","Pasta, noodles, cooked grains","1 cup, cooked","10043","cup","1","170","170.0000"
"2708378","Oatmeal, fast food, plain","Oatmeal","1 cup, cooked","10043","cup","1","240","240.0000"
"2708379","Oatmeal, fast food, flavored","Oatmeal","1 cup, cooked","10043","cup","1","240","240.0000"
"2708380","Oatmeal, NFS","Oatmeal","1 cup, cooked","10043","cup","1","240","240.0000"
"2708380","Oatmeal, NFS","Oatmeal","1 cup, dry, yields","10074","cup","1","485","485.0000"
"2708380","Oatmeal, NFS","Oatmeal","1 oz, dry, yields","40049","oz","1","170","170.0000"
"2708381","Oatmeal, regular or quick, made with water, no added fat","Oatmeal","1 oz, dry, yields","40049","oz","1","170","170.0000"
"2708381","Oatmeal, regular or quick, made with water, no added fat","Oatmeal","1 cup, dry, yields","10074","cup","1","485","485.0000"
"2708381","Oatmeal, regular or quick, made with water, no added fat","Oatmeal","1 cup, cooked","10043","cup","1","240","240.0000"
"2708382","Oatmeal, regular or quick, made with water, fat added","Oatmeal","1 oz, dry, yields","40049","oz","1","170","170.0000"
"2708382","Oatmeal, regular or quick, made with water, fat added","Oatmeal","1 cup, dry, yields","10074","cup","1","485","485.0000"
"2708382","Oatmeal, regular or quick, made with water, fat added","Oatmeal","1 cup, cooked","10043","cup","1","240","240.0000"
"2708383","Oatmeal, regular or quick, made with milk, no added fat","Oatmeal","1 cup, dry, yields","10074","cup","1","485","485.0000"
"2708383","Oatmeal, regular or quick, made with milk, no added fat","Oatmeal","1 cup, cooked","10043","cup","1","240","240.0000"
"2708383","Oatmeal, regular or quick, made with milk, no added fat","Oatmeal","1 oz, dry, yields","40049","oz","1","170","170.0000"
"2708384","Oatmeal, regular or quick, made with milk, fat added","Oatmeal","1 oz, dry, yields","40049","oz","1","170","170.0000"
"2708384","Oatmeal, regular or quick, made with milk, fat added","Oatmeal","1 cup, cooked","10043","cup","1","240","240.0000"
"2708384","Oatmeal, regular or quick, made with milk, fat added","Oatmeal","1 cup, dry, yields","10074","cup","1","485","485.0000"
"2708385","Oatmeal, regular or quick, made with non-dairy milk, no added fat","Oatmeal","1 cup, cooked","10043","cup","1","240","240.0000"
"2708385","Oatmeal, regular or quick, made with non-dairy milk, no added fat","Oatmeal","1 cup, dry, yields","10074","cup","1","485","485.0000"
"2708385","Oatmeal, regular or quick, made with non-dairy milk, no added fat","Oatmeal","1 oz, dry, yields","40049","oz","1","170","170.0000"
"2708386","Oatmeal, regular or quick, made with non-dairy milk, fat added","Oatmeal","1 cup, dry, yields","10074","cup","1","485","485.0000"
"2708386","Oatmeal, regular or quick, made with non-dairy milk, fat added","Oatmeal","1 oz, dry, yields","40049","oz","1","170","170.0000"
"2708386","Oatmeal, regular or quick, made with non-dairy milk, fat added","Oatmeal","1 cup, cooked","10043","cup","1","240","240.0000"
"2708387","Oatmeal, instant, plain, made with water, no added fat","Oatmeal","1 oz, dry, yields","40049","oz","1","170","170.0000"
"2708387","Oatmeal, instant, plain, made with water, no added fat","Oatmeal","1 cup, cooked","10043","cup","1","240","240.0000"
"2708387","Oatmeal, instant, plain, made with water, no added fat","Oatmeal","1 oz, cooked","40040","oz","1","28.35","28.3500"
"2708388","Oatmeal, instant, plain, made with water, fat added","Oatmeal","1 cup, cooked","10043","cup","1","240","240.0000"
"2708388","Oatmeal, instant, plain, made with water, fat added","Oatmeal","1 oz, cooked","40040","oz","1","28.35","28.3500"
"2708388","Oatmeal, instant, plain, made with water, fat added","Oatmeal","1 oz, dry, yields","40049","oz","1","170","170.0000"
"2708389","Oatmeal, instant, plain, made with milk, no added fat","Oatmeal","1 cup, cooked","10043","cup","1","240","240.0000"
"2708389","Oatmeal, instant, plain, made with milk, no added fat","Oatmeal","1 oz, dry, yields","40049","oz","1","170","170.0000"
"2708389","Oatmeal, instant, plain, made with milk, no added fat","Oatmeal","1 oz, cooked","40040","oz","1","28.35","28.3500"
"2708390","Oatmeal, instant, plain, made with milk, fat added","Oatmeal","1 oz, cooked","40040","oz","1","28.35","28.3500"
"2708390","Oatmeal, instant, plain, made with milk, fat added","Oatmeal","1 cup, cooked","10043","cup","1","240","240.0000"
"2708390","Oatmeal, instant, plain, made with milk, fat added","Oatmeal","1 oz, dry, yields","40049","oz","1","170","170.0000"
"2708391","Oatmeal, instant, plain, made with non-dairy milk, no added fat","Oatmeal","1 oz, dry, yields","40049","oz","1","170","170.0000"
"2708391","Oatmeal, instant, plain, made with non-dairy milk, no added fat","Oatmeal","1 oz, cooked","40040","oz","1","28.35","28.3500"
"2708391","Oatmeal, instant, plain, made with non-dairy milk, no added fat","Oatmeal","1 cup, cooked","10043","cup","1","240","240.0000"
"2708392","Oatmeal, instant, plain, made with non-dairy milk, fat added","Oatmeal","1 cup, cooked","10043","cup","1","240","240.0000"
"2708392","Oatmeal, instant, plain, made with non-dairy milk, fat added","Oatmeal","1 oz, cooked","40040","oz","1","28.35","28.3500"
"2708392","Oatmeal, instant, plain, made with non-dairy milk, fat added","Oatmeal","1 oz, dry, yields","40049","oz","1","170","170.0000"
"2708393","Oatmeal, instant, maple flavored, no added fat","Oatmeal","1 cup, cooked","10043","cup","1","240","240.0000"
"2708393","Oatmeal, instant, maple flavored, no added fat","Oatmeal","1 oz, cooked","40040","oz","1","28.35","28.3500"
"2708393","Oatmeal, instant, maple flavored, no added fat","Oatmeal","1 oz, dry, yields","40049","oz","1","170","170.0000"
"2708394","Oatmeal, instant, maple flavored, fat added","Oatmeal","1 oz, dry, yields","40049","oz","1","170","170.0000"
"2708394","Oatmeal, instant, maple flavored, fat added","Oatmeal","1 cup, cooked","10043","cup","1","240","240.0000"
"2708394","Oatmeal, instant, maple flavored, fat added","Oatmeal","1 oz, cooked","40040","oz","1","28.35","28.3500"
"2708395","Oatmeal, instant, fruit flavored, no added fat","Oatmeal","1 cup, cooked","10043","cup","1","240","240.0000"
"2708395","Oatmeal, instant, fruit flavored, no added fat","Oatmeal","1 oz, cooked","40040","oz","1","28.35","28.3500"
"2708395","Oatmeal, instant, fruit flavored, no added fat","Oatmeal","1 oz, dry, yields","40049","oz","1","170","170.0000"
"2708396","Oatmeal, instant, fruit flavored, fat added","Oatmeal","1 oz, dry, yields","40049","oz","1","170","170.0000"
"2708396","Oatmeal, instant, fruit flavored, fat added","Oatmeal","1 cup, cooked","10043","cup","1","240","240.0000"
"2708396","Oatmeal, instant, fruit flavored, fat added","Oatmeal","1 oz, cooked","40040","oz","1","28.35","28.3500"
"2708397","Oatmeal, reduced sugar","Oatmeal","1 cup, cooked","10043","cup","1","240","240.0000"
"2708397","Oatmeal, reduced sugar","Oatmeal","1 cup, dry, yields","10074","cup","1","485","485.0000"
"2708397","Oatmeal, reduced sugar","Oatmeal","1 oz, dry, yields","40049","oz","1","170","170.0000"
"2708398","Oatmeal, multigrain","Oatmeal","1 cup, dry, yields","10074","cup","1","485","485.0000"
"2708398","Oatmeal, multigrain","Oatmeal","1 oz, dry, yields","40049","oz","1","170","170.0000"
"2708398","Oatmeal, multigrain","Oatmeal","1 cup, cooked","10043","cup","1","240","240.0000"
"2708399","Quinoa, NS as to fat","Pasta, noodles, cooked grains","1 cup, cooked","10043","cup","1","170","170.0000"
"2708400","Quinoa, no added fat","Pasta, noodles, cooked grains","1 cup, cooked","10043","cup","1","170","170.0000"
"2708401","Quinoa, fat added","Pasta, noodles, cooked grains","1 cup, cooked","10043","cup","1","170","170.0000"
"2708402","Rice, cooked, NFS","Rice","1 cup, cooked","10043","cup","1","158","158.0000"
"2708403","Rice, white, cooked, NS as to fat","Rice","1 cup, cooked","10043","cup","1","163","163.0000"
"2708404","Rice, white, cooked, made with oil","Rice","1 cup, cooked","10043","cup","1","163","163.0000"
"2708405","Rice, white, cooked, made with butter","Rice","1 cup, cooked","10043","cup","1","163","163.0000"
"2708406","Rice, white, cooked, made with margarine","Rice","1 cup, cooked","10043","cup","1","163","163.0000"
"2708407","Rice, white, cooked, fat added, NS as to fat type","Rice","1 cup, cooked","10043","cup","1","163","163.0000"
"2708408","Rice, white, cooked, no added fat","Rice","1 cup, cooked","10043","cup","1","158","158.0000"
"2708409","Rice, brown, cooked, NS as to fat","Rice","1 cup, cooked","10043","cup","1","196","196.0000"
"2708410","Rice, brown, cooked, fat added, made with oil","Rice","1 cup, cooked","10043","cup","1","196","196.0000"
"2708411","Rice, brown, cooked, made with butter","Rice","1 cup, cooked","10043","cup","1","196","196.0000"
"2708412","Rice, brown, cooked, made with margarine","Rice","1 cup, cooked","10043","cup","1","196","196.0000"
"2708413","Rice, brown, cooked, fat added, NS as to fat type","Rice","1 cup, cooked","10043","cup","1","196","196.0000"
"2708414","Rice, brown, cooked, no added fat","Rice","1 cup, cooked","10043","cup","1","195","195.0000"
"2708415","Cream of rice","Grits and other cooked cereals","1 oz, dry, yields","40049","oz","1","155","155.0000"
"2708415","Cream of rice","Grits and other cooked cereals","1 cup, dry, yields","10074","cup","1","815","815.0000"
"2708415","Cream of rice","Grits and other cooked cereals","1 cup, cooked","10043","cup","1","240","240.0000"
"2708416","Rice, cooked, with milk","Rice","1 cup, cooked","10043","cup","1","200","200.0000"
"2708417","Rice, sweet, cooked with honey","Rice","1 cup, cooked","10043","cup","1","175","175.0000"
"2708418","Congee","Rice","1 cup","10205","cup","1","255","255.0000"
"2708419","Yellow rice, cooked, NS as to fat","Rice","1 cup, cooked","10043","cup","1","158","158.0000"
"2708420","Yellow rice, cooked, no added fat","Rice","1 cup, cooked","10043","cup","1","158","158.0000"
"2708421","Yellow rice, cooked, fat added","Rice","1 cup, cooked","10043","cup","1","163","163.0000"
"2708422","Rice, white, cooked, glutinous","Rice","1 cup, cooked","10043","cup","1","174","174.0000"
"2708423","Rice, wild, 100%, cooked, NS as to fat","Rice","1 cup, cooked","10043","cup","1","164","164.0000"
"2708424","Rice, wild, 100%, cooked, no added fat","Rice","1 cup, cooked","10043","cup","1","164","164.0000"
"2708425","Rice, wild, 100%, cooked, fat added","Rice","1 cup, cooked","10043","cup","1","164","164.0000"
"2708426","Rice, white and wild, cooked, no added fat","Rice","1 cup, cooked","10043","cup","1","166","166.0000"
"2708427","Rice, brown and wild, cooked, no added fat","Rice","1 cup, cooked","10043","cup","1","151","151.0000"
"2708428","Rice, white and wild, cooked, fat added","Rice","1 cup, cooked","10043","cup","1","168","168.0000"
"2708429","Rice, white and wild, cooked, NS as to fat","Rice","1 cup, cooked","10043","cup","1","168","168.0000"
"2708430","Rice, brown and wild, cooked, fat added","Rice","1 cup, cooked","10043","cup","1","155","155.0000"
"2708431","Rice, brown and wild, cooked, NS as to fat","Rice","1 cup, cooked","10043","cup","1","150","150.0000"
"2708432","Rice, white, cooked with fat, Puerto Rican style","Rice","1 cup, dry, yields","10074","cup","1","624","624.0000"
"2708432","Rice, white, cooked with fat, Puerto Rican style","Rice","1 oz, dry, yields","40049","oz","1","95","95.0000"
"2708432","Rice, white, cooked with fat, Puerto Rican style","Rice","1 cup, cooked","10043","cup","1","155","155.0000"
"2708433","Cream of wheat, NFS","Grits and other cooked cereals","1 cup, cooked","10043","cup","1","240","240.0000"
"2708433","Cream of wheat, NFS","Grits and other cooked cereals","1 oz, dry, yields","40049","oz","1","205","205.0000"
"2708433","Cream of wheat, NFS","Grits and other cooked cereals","1 cup, dry, yields","10074","cup","1","965","965.0000"
"2708434","Cream of wheat, regular or quick, made with water, no added fat","Grits and other cooked cereals","1 oz, dry, yields","40049","oz","1","205","205.0000"
"2708434","Cream of wheat, regular or quick, made with water, no added fat","Grits and other cooked cereals","1 cup, dry, yields","10074","cup","1","965","965.0000"
"2708434","Cream of wheat, regular or quick, made with water, no added fat","Grits and other cooked cereals","1 cup, cooked","10043","cup","1","240","240.0000"
"2708435","Cream of wheat, regular or quick, made with water, fat added","Grits and other cooked cereals","1 cup, cooked","10043","cup","1","240","240.0000"
"2708435","Cream of wheat, regular or quick, made with water, fat added","Grits and other cooked cereals","1 cup, dry, yields","10074","cup","1","965","965.0000"
"2708435","Cream of wheat, regular or quick, made with water, fat added","Grits and other cooked cereals","1 oz, dry, yields","40049","oz","1","205","205.0000"
"2708436","Cream of wheat, instant, made with water, no added fat","Grits and other cooked cereals","1 cup, dry, yields","10074","cup","1","965","965.0000"
"2708436","Cream of wheat, instant, made with water, no added fat","Grits and other cooked cereals","1 cup, cooked","10043","cup","1","240","240.0000"
"2708437","Cream of wheat, instant, made with water, fat added","Grits and other cooked cereals","1 cup, cooked","10043","cup","1","240","240.0000"
"2708437","Cream of wheat, instant, made with water, fat added","Grits and other cooked cereals","1 cup, dry, yields","10074","cup","1","965","965.0000"
"2708438","Bulgur, no added fat","Pasta, noodles, cooked grains","1 cup, cooked","10043","cup","1","140","140.0000"
"2708438","Bulgur, no added fat","Pasta, noodles, cooked grains","1 cup, dry, yields","10074","cup","1","690","690.0000"
"2708438","Bulgur, no added fat","Pasta, noodles, cooked grains","1 oz, dry, yields","40049","oz","1","115","115.0000"
"2708439","Bulgur, fat added","Pasta, noodles, cooked grains","1 cup, dry, yields","10074","cup","1","690","690.0000"
"2708439","Bulgur, fat added","Pasta, noodles, cooked grains","1 cup, cooked","10043","cup","1","140","140.0000"
"2708439","Bulgur, fat added","Pasta, noodles, cooked grains","1 oz, dry, yields","40049","oz","1","115","115.0000"
"2708440","Bulgur, NS as to fat","Pasta, noodles, cooked grains","1 cup, dry, yields","10074","cup","1","690","690.0000"
"2708440","Bulgur, NS as to fat","Pasta, noodles, cooked grains","1 oz, dry, yields","40049","oz","1","115","115.0000"
"2708440","Bulgur, NS as to fat","Pasta, noodles, cooked grains","1 cup, cooked","10043","cup","1","140","140.0000"
"2708441","Couscous, plain, cooked","Pasta, noodles, cooked grains","1 oz, dry, yields","40049","oz","1","90","90.0000"
"2708441","Couscous, plain, cooked","Pasta, noodles, cooked grains","1 cup, cooked","10043","cup","1","160","160.0000"
"2708442","Whole wheat cereal, cooked","Grits and other cooked cereals","1 oz, dry, yields","40049","oz","1","210","210.0000"
"2708442","Whole wheat cereal, cooked","Grits and other cooked cereals","1 cup, cooked","10043","cup","1","240","240.0000"
"2708442","Whole wheat cereal, cooked","Grits and other cooked cereals","1 cup, dry, yields","10074","cup","1","705","705.0000"
"2708443","Wheat cereal, chocolate flavored, cooked","Grits and other cooked cereals","1 cup, dry, yields","10074","cup","1","705","705.0000"
"2708443","Wheat cereal, chocolate flavored, cooked","Grits and other cooked cereals","1 cup, cooked","10043","cup","1","240","240.0000"
"2708443","Wheat cereal, chocolate flavored, cooked","Grits and other cooked cereals","1 oz, dry, yields","40049","oz","1","210","210.0000"
"2708444","Oat bran cereal, cooked","Grits and other cooked cereals","1 oz, dry, yields","40049","oz","1","150","150.0000"
"2708444","Oat bran cereal, cooked","Grits and other cooked cereals","1 cup, cooked","10043","cup","1","240","240.0000"
"2708444","Oat bran cereal, cooked","Grits and other cooked cereals","1 cup, dry, yields","10074","cup","1","500","500.0000"
"2708445","Cereal, ready-to-eat, NFS","Ready-to-eat cereal, higher sugar (>21.2g/100g)","1 cup","10205","cup","1","35","35.0000"
"2708446","Cereal, O's, flavored","Ready-to-eat cereal, higher sugar (>21.2g/100g)","1 cup","10205","cup","1","40","40.0000"
"2708447","Cereal, crunch","Ready-to-eat cereal, higher sugar (>21.2g/100g)","1 cup","10205","cup","1","35","35.0000"
"2708448","Cereal, O's, plain","Ready-to-eat cereal, lower sugar (=<21.2g/100g)","1 cup","10205","cup","1","30","30.0000"
"2708448","Cereal, O's, plain","Ready-to-eat cereal, lower sugar (=<21.2g/100g)","1 piece","61667","piece","1","0.1","0.1000"
"2708449","Cereal, chocolate puffs","Ready-to-eat cereal, higher sugar (>21.2g/100g)","1 cup","10205","cup","1","35","35.0000"
"2708450","Cereal, cinnamon toast","Ready-to-eat cereal, higher sugar (>21.2g/100g)","1 cup","10205","cup","1","40","40.0000"
"2708451","Cereal, chocolate crispy","Ready-to-eat cereal, higher sugar (>21.2g/100g)","1 cup","10205","cup","1","40","40.0000"
"2708452","Cereal, corn squares","Ready-to-eat cereal, lower sugar (=<21.2g/100g)","1 cup","10205","cup","1","30","30.0000"
"2708453","Cereal, corn flakes, plain","Ready-to-eat cereal, lower sugar (=<21.2g/100g)","1 cup","10205","cup","1","30","30.0000"
"2708454","Cereal, corn puffs","Ready-to-eat cereal, lower sugar (=<21.2g/100g)","1 cup","10205","cup","1","25","25.0000"
"2708455","Cereal, rice crispy, plain","Ready-to-eat cereal, lower sugar (=<21.2g/100g)","1 cup","10205","cup","1","25","25.0000"
"2708456","Cereal, bran flakes, plain","Ready-to-eat cereal, lower sugar (=<21.2g/100g)","1 cup","10205","cup","1","50","50.0000"
"2708457","Cereal, shredded wheat, flavored","Ready-to-eat cereal, lower sugar (=<21.2g/100g)","1 cup","10205","cup","1","50","50.0000"
"2708458","Cereal, rice crispy, flavored","Ready-to-eat cereal, higher sugar (>21.2g/100g)","1 cup","10205","cup","1","40","40.0000"
"2708459","Cereal, fruit rings","Ready-to-eat cereal, higher sugar (>21.2g/100g)","1 cup","10205","cup","1","30","30.0000"
"2708460","Cereal, fruit crispy","Ready-to-eat cereal, higher sugar (>21.2g/100g)","1 cup","10205","cup","1","35","35.0000"
"2708461","Cereal, granola","Ready-to-eat cereal, higher sugar (>21.2g/100g)","1 cup","10205","cup","1","110","110.0000"
"2708462","Cereal, oat bunches","Ready-to-eat cereal, lower sugar (=<21.2g/100g)","1 cup","10205","cup","1","45","45.0000"
"2708463","Cereal, corn squares, flavored","Ready-to-eat cereal, higher sugar (>21.2g/100g)","1 cup","10205","cup","1","40","40.0000"
"2708464","Cereal, O's, honey nut","Ready-to-eat cereal, higher sugar (>21.2g/100g)","1 cup","10205","cup","1","40","40.0000"
"2708465","Cereal, multigrain","Ready-to-eat cereal, lower sugar (=<21.2g/100g)","1 cup","10205","cup","1","50","50.0000"
"2708466","Cereal, oat squares","Ready-to-eat cereal, lower sugar (=<21.2g/100g)","1 cup","10205","cup","1","45","45.0000"
"2708467","Cereal, frosted oats with marshmallows","Ready-to-eat cereal, higher sugar (>21.2g/100g)","1 cup","10205","cup","1","35","35.0000"
"2708468","Cereal, O's, multigrain","Ready-to-eat cereal, lower sugar (=<21.2g/100g)","1 cup","10205","cup","1","30","30.0000"
"2708469","Cereal, bran flakes, flavored","Ready-to-eat cereal, higher sugar (>21.2g/100g)","1 cup","10205","cup","1","60","60.0000"
"2708470","Cereal, rice squares","Ready-to-eat cereal, lower sugar (=<21.2g/100g)","1 cup","10205","cup","1","30","30.0000"
"2708471","Cereal, K's, plain","Ready-to-eat cereal, lower sugar (=<21.2g/100g)","1 cup","10205","cup","1","35","35.0000"
"2708472","Cereal, K's, flavored","Ready-to-eat cereal, higher sugar (>21.2g/100g)","1 cup","10205","cup","1","35","35.0000"
"2708473","Cereal, flavored puffs","Ready-to-eat cereal, higher sugar (>21.2g/100g)","1 cup","10205","cup","1","30","30.0000"
"2708474","Cereal, corn flakes, flavored","Ready-to-eat cereal, higher sugar (>21.2g/100g)","1 cup","10205","cup","1","40","40.0000"
"2708475","Cereal, O's, NFS","Ready-to-eat cereal, lower sugar (=<21.2g/100g)","1 cup","10205","cup","1","35","35.0000"
"2708476","Cereal, wheat squares","Ready-to-eat cereal, lower sugar (=<21.2g/100g)","1 cup","10205","cup","1","60","60.0000"
"2708477","Wheat germ","Not included in a food category","1 cup","10205","cup","1","120","120.0000"
"2708478","Cereal, plain puffs","Ready-to-eat cereal, lower sugar (=<21.2g/100g)","1 cup","10205","cup","1","15","15.0000"
"2708479","Cereal, shredded wheat, plain","Ready-to-eat cereal, lower sugar (=<21.2g/100g)","1 cup","10205","cup","1","45","45.0000"
"2708480","Cereal, wheat flakes","Ready-to-eat cereal, lower sugar (=<21.2g/100g)","1 cup","10205","cup","1","40","40.0000"
"2708481","Cereal, other, NFS","Ready-to-eat cereal, higher sugar (>21.2g/100g)","1 cup","10205","cup","1","35","35.0000"
"2708482","Cereal, other, plain","Ready-to-eat cereal, lower sugar (=<21.2g/100g)","1 cup","10205","cup","1","30","30.0000"
"2708483","Cereal, other, fruit flavored","Ready-to-eat cereal, higher sugar (>21.2g/100g)","1 cup","10205","cup","1","40","40.0000"
"2708484","Cereal, other, chocolate","Ready-to-eat cereal, higher sugar (>21.2g/100g)","1 cup","10205","cup","1","40","40.0000"
"2708485","Cereal, other, peanut butter","Ready-to-eat cereal, higher sugar (>21.2g/100g)","1 cup","10205","cup","1","40","40.0000"
"2708486","Cereal, other, honey","Ready-to-eat cereal, higher sugar (>21.2g/100g)","1 cup","10205","cup","1","40","40.0000"
"2708487","Cereal, reduced sugar","Ready-to-eat cereal, lower sugar (=<21.2g/100g)","1 cup","10205","cup","1","35","35.0000"
"2708488","Wheat bran","Not included in a food category","1 cup","10205","cup","1","60","60.0000"
"2708489","Oats, raw","Not included in a food category","1 cup","10205","cup","1","80","80.0000"
"2708490","Cereal, oat bran, ready-to-eat","Not included in a food category","1 cup","10205","cup","1","80","80.0000"
"2708491","Baby Toddler cereal, barley, dry","Baby food: cereals","1 tablespoon","21000","tbsp","1","3.8","3.8000"
"2708492","Baby Toddler cereal, oatmeal, dry","Baby food: cereals","1 tablespoon","21000","tbsp","1","3.8","3.8000"
"2708493","Baby Toddler cereal, rice, dry","Baby food: cereals","1 tablespoon","21000","tbsp","1","3.8","3.8000"
"2708494","Baby Toddler cereal, rice with fruit, dry","Baby food: cereals","1 tablespoon","21000","tbsp","1","3.8","3.8000"
"2708495","Baby Toddler cereal, multigrain with fruit, dry","Baby food: cereals","1 tablespoon","21000","tbsp","1","3.8","3.8000"
"2708496","Baby Toddler cereal, multigrain, dry","Baby food: cereals","1 tablespoon","21000","tbsp","1","3.8","3.8000"
"2708497","Baby Toddler cereal, oatmeal with fruit, dry","Baby food: cereals","1 tablespoon","21000","tbsp","1","3.8","3.8000"
"2708498","Baby Toddler cereal, NFS","Baby food: cereals","1 tablespoon","21000","tbsp","1","15","15.0000"
"2708499","Baby Toddler cereal, rice, ready-to-eat","Baby food: cereals","1 tablespoon","21000","tbsp","1","15","15.0000"
"2708500","Baby Toddler cereal, oatmeal, ready-to-eat","Baby food: cereals","1 tablespoon","21000","tbsp","1","15","15.0000"
"2708501","Baby Toddler cereal, multigrain, ready-to-eat","Baby food: cereals","1 tablespoon","21000","tbsp","1","15","15.0000"
"2708502","Baby Toddler cereal, multigrain with fruit, ready-to-eat","Baby food: cereals","1 tablespoon","21000","tbsp","1","15","15.0000"
"2708503","Baby Toddler cereal, oatmeal with fruit, ready-to-eat","Baby food: cereals","1 tablespoon","21000","tbsp","1","15","15.0000"
"2708504","Baby Toddler cereal, rice with fruit, ready-to-eat","Baby food: cereals","1 tablespoon","21000","tbsp","1","15","15.0000"
"2708505","Chilaquiles","Other Mexican mixed dishes","1 cup","10205","cup","1","170","170.0000"
"2708506","Frito pie","Other Mexican mixed dishes","1 cup","10205","cup","1","150","150.0000"
"2708507","Mexican pizza","Other Mexican mixed dishes","1 cup","10205","cup","1","120","120.0000"
"2708508","Taco or tostada salad with meat","Burritos and tacos","1 cup","10205","cup","1","122","122.0000"
"2708509","Taco or tostada salad with chicken","Burritos and tacos","1 cup","10205","cup","1","122","122.0000"
"2708510","Taco or tostada salad, meatless","Burritos and tacos","1 cup","10205","cup","1","122","122.0000"
"2708511","Taco or tostada salad with meat and sour cream","Burritos and tacos","1 cup","10205","cup","1","122","122.0000"
"2708512","Taco or tostada salad with chicken and sour cream","Burritos and tacos","1 cup","10205","cup","1","122","122.0000"
"2708513","Taco or tostada salad, meatless with sour cream","Burritos and tacos","1 cup","10205","cup","1","122","122.0000"
"2708514","Taco, NFS","Burritos and tacos","1 large","60919","large","1","160","160.0000"
"2708514","Taco, NFS","Burritos and tacos","1 cup","10205","cup","1","120","120.0000"
"2708515","Taco, corn tortilla, beef, cheese","Burritos and tacos","1 large","60919","large","1","160","160.0000"
"2708515","Taco, corn tortilla, beef, cheese","Burritos and tacos","1 cup","10205","cup","1","120","120.0000"
"2708516","Taco, corn tortilla, beef, with beans, cheese","Burritos and tacos","1 large","60919","large","1","160","160.0000"
"2708516","Taco, corn tortilla, beef, with beans, cheese","Burritos and tacos","1 cup","10205","cup","1","120","120.0000"
"2708517","Taco, corn tortilla, pork, cheese","Burritos and tacos","1 cup","10205","cup","1","120","120.0000"
"2708517","Taco, corn tortilla, pork, cheese","Burritos and tacos","1 large","60919","large","1","160","160.0000"
"2708518","Taco, corn tortilla, pork, with beans, cheese","Burritos and tacos","1 large","60919","large","1","160","160.0000"
"2708518","Taco, corn tortilla, pork, with beans, cheese","Burritos and tacos","1 cup","10205","cup","1","120","120.0000"
"2708519","Taco, corn tortilla, chicken, cheese","Burritos and tacos","1 cup","10205","cup","1","120","120.0000"
"2708519","Taco, corn tortilla, chicken, cheese","Burritos and tacos","1 large","60919","large","1","160","160.0000"
"2708520","Taco, corn tortilla, chicken, with beans, cheese","Burritos and tacos","1 large","60919","large","1","160","160.0000"
"2708520","Taco, corn tortilla, chicken, with beans, cheese","Burritos and tacos","1 cup","10205","cup","1","120","120.0000"
"2708521","Taco, corn tortilla, with beans, cheese","Burritos and tacos","1 cup","10205","cup","1","120","120.0000"
"2708521","Taco, corn tortilla, with beans, cheese","Burritos and tacos","1 large","60919","large","1","160","160.0000"
"2708522","Taco, flour tortilla, beef, cheese","Burritos and tacos","1 large","60919","large","1","160","160.0000"
"2708522","Taco, flour tortilla, beef, cheese","Burritos and tacos","1 cup","10205","cup","1","120","120.0000"
"2708523","Taco, flour tortilla, beef, with beans, cheese","Burritos and tacos","1 cup","10205","cup","1","120","120.0000"
"2708523","Taco, flour tortilla, beef, with beans, cheese","Burritos and tacos","1 large","60919","large","1","160","160.0000"
"2708524","Taco, flour tortilla, pork, cheese","Burritos and tacos","1 large","60919","large","1","160","160.0000"
"2708524","Taco, flour tortilla, pork, cheese","Burritos and tacos","1 cup","10205","cup","1","120","120.0000"
"2708525","Taco, flour tortilla, pork, with beans, cheese","Burritos and tacos","1 cup","10205","cup","1","120","120.0000"
"2708525","Taco, flour tortilla, pork, with beans, cheese","Burritos and tacos","1 large","60919","large","1","160","160.0000"
"2708526","Taco, flour tortilla, chicken, cheese","Burritos and tacos","1 large","60919","large","1","160","160.0000"
"2708526","Taco, flour tortilla, chicken, cheese","Burritos and tacos","1 cup","10205","cup","1","120","120.0000"
"2708527","Taco, flour tortilla, chicken, with beans, cheese","Burritos and tacos","1 cup","10205","cup","1","120","120.0000"
"2708527","Taco, flour tortilla, chicken, with beans, cheese","Burritos and tacos","1 large","60919","large","1","160","160.0000"
"2708528","Taco, flour tortilla, with beans, cheese","Burritos and tacos","1 large","60919","large","1","160","160.0000"
"2708528","Taco, flour tortilla, with beans, cheese","Burritos and tacos","1 cup","10205","cup","1","120","120.0000"
"2708529","Taco, fish","Burritos and tacos","1 cup","10205","cup","1","120","120.0000"
"2708529","Taco, fish","Burritos and tacos","1 large","60919","large","1","150","150.0000"
"2708530","Taco, meat, no cheese","Burritos and tacos","1 large","60919","large","1","150","150.0000"
"2708530","Taco, meat, no cheese","Burritos and tacos","1 cup","10205","cup","1","120","120.0000"
"2708531","Taco, meat, with beans, no cheese","Burritos and tacos","1 cup","10205","cup","1","120","120.0000"
"2708531","Taco, meat, with beans, no cheese","Burritos and tacos","1 large","60919","large","1","150","150.0000"
"2708532","Taco, with beans, no cheese","Burritos and tacos","1 large","60919","large","1","150","150.0000"
"2708532","Taco, with beans, no cheese","Burritos and tacos","1 cup","10205","cup","1","120","120.0000"
"2708533","Taco, cheese only","Burritos and tacos","1 cup","10205","cup","1","120","120.0000"
"2708533","Taco, cheese only","Burritos and tacos","1 large","60919","large","1","140","140.0000"
"2708534","Burrito, NFS","Burritos and tacos","1 cup","10205","cup","1","120","120.0000"
"2708534","Burrito, NFS","Burritos and tacos","1 large","60919","large","1","330","330.0000"
"2708535","Burrito, beef, cheese","Burritos and tacos","1 cup","10205","cup","1","120","120.0000"
"2708535","Burrito, beef, cheese","Burritos and tacos","1 large","60919","large","1","285","285.0000"
"2708536","Burrito, beef, with rice, cheese","Burritos and tacos","1 large","60919","large","1","330","330.0000"
"2708536","Burrito, beef, with rice, cheese","Burritos and tacos","1 cup","10205","cup","1","120","120.0000"
"2708537","Burrito, beef, with beans, cheese","Burritos and tacos","1 cup","10205","cup","1","120","120.0000"
"2708537","Burrito, beef, with beans, cheese","Burritos and tacos","1 large","60919","large","1","330","330.0000"
"2708538","Burrito, beef, with beans and rice, cheese","Burritos and tacos","1 large","60919","large","1","330","330.0000"
"2708538","Burrito, beef, with beans and rice, cheese","Burritos and tacos","1 cup","10205","cup","1","120","120.0000"
"2708539","Burrito, pork, cheese","Burritos and tacos","1 large","60919","large","1","285","285.0000"
"2708539","Burrito, pork, cheese","Burritos and tacos","1 cup","10205","cup","1","120","120.0000"
"2708540","Burrito, pork, with rice, cheese","Burritos and tacos","1 cup","10205","cup","1","120","120.0000"
"2708540","Burrito, pork, with rice, cheese","Burritos and tacos","1 large","60919","large","1","330","330.0000"
"2708541","Burrito, pork, with beans, cheese","Burritos and tacos","1 large","60919","large","1","330","330.0000"
"2708541","Burrito, pork, with beans, cheese","Burritos and tacos","1 cup","10205","cup","1","120","120.0000"
"2708542","Burrito, pork, with beans and rice, cheese","Burritos and tacos","1 cup","10205","cup","1","120","120.0000"
"2708542","Burrito, pork, with beans and rice, cheese","Burritos and tacos","1 large","60919","large","1","330","330.0000"
"2708543","Burrito, chicken, cheese","Burritos and tacos","1 cup","10205","cup","1","120","120.0000"
"2708543","Burrito, chicken, cheese","Burritos and tacos","1 large","60919","large","1","330","330.0000"
"2708544","Burrito, chicken, with rice, cheese","Burritos and tacos","1 cup","10205","cup","1","120","120.0000"
"2708544","Burrito, chicken, with rice, cheese","Burritos and tacos","1 large","60919","large","1","330","330.0000"
"2708545","Burrito, chicken, with beans, cheese","Burritos and tacos","1 cup","10205","cup","1","120","120.0000"
"2708545","Burrito, chicken, with beans, cheese","Burritos and tacos","1 large","60919","large","1","330","330.0000"
"2708546","Burrito, chicken, with beans and rice, cheese","Burritos and tacos","1 large","60919","large","1","330","330.0000"
"2708546","Burrito, chicken, with beans and rice, cheese","Burritos and tacos","1 cup","10205","cup","1","120","120.0000"
"2708547","Burrito, with beans, no cheese","Burritos and tacos","1 large","60919","large","1","330","330.0000"
"2708547","Burrito, with beans, no cheese","Burritos and tacos","1 cup","10205","cup","1","120","120.0000"
"2708548","Burrito, with beans, cheese","Burritos and tacos","1 large","60919","large","1","285","285.0000"
"2708548","Burrito, with beans, cheese","Burritos and tacos","1 cup","10205","cup","1","120","120.0000"
"2708549","Burrito, with beans and rice, cheese","Burritos and tacos","1 large","60919","large","1","330","330.0000"
"2708549","Burrito, with beans and rice, cheese","Burritos and tacos","1 cup","10205","cup","1","120","120.0000"
"2708550","Burrito, meat, no cheese","Burritos and tacos","1 cup","10205","cup","1","120","120.0000"
"2708550","Burrito, meat, no cheese","Burritos and tacos","1 large","60919","large","1","330","330.0000"
"2708551","Burrito, meat, with rice, no cheese","Burritos and tacos","1 cup","10205","cup","1","120","120.0000"
"2708551","Burrito, meat, with rice, no cheese","Burritos and tacos","1 large","60919","large","1","330","330.0000"
"2708552","Burrito, meat, with beans, no cheese","Burritos and tacos","1 cup","10205","cup","1","120","120.0000"
"2708552","Burrito, meat, with beans, no cheese","Burritos and tacos","1 large","60919","large","1","330","330.0000"
"2708553","Burrito, meat, with beans and rice, no cheese","Burritos and tacos","1 cup","10205","cup","1","120","120.0000"
"2708553","Burrito, meat, with beans and rice, no cheese","Burritos and tacos","1 large","60919","large","1","330","330.0000"
"2708554","Burrito, cheese only","Burritos and tacos","1 cup","10205","cup","1","120","120.0000"
"2708554","Burrito, cheese only","Burritos and tacos","1 large","60919","large","1","225","225.0000"
"2708555","Burrito bowl, NFS","Other Mexican mixed dishes","1 cup","10205","cup","1","120","120.0000"
"2708556","Burrito bowl, beef or pork","Other Mexican mixed dishes","1 cup","10205","cup","1","120","120.0000"
"2708557","Burrito bowl, beef or pork, with rice","Other Mexican mixed dishes","1 cup","10205","cup","1","120","120.0000"
"2708558","Burrito bowl, beef or pork, with beans","Other Mexican mixed dishes","1 cup","10205","cup","1","120","120.0000"
"2708559","Burrito bowl, beef or pork, with beans and rice","Other Mexican mixed dishes","1 cup","10205","cup","1","120","120.0000"
"2708560","Burrito bowl, chicken","Other Mexican mixed dishes","1 cup","10205","cup","1","120","120.0000"
"2708561","Burrito bowl, chicken, with rice","Other Mexican mixed dishes","1 cup","10205","cup","1","120","120.0000"
"2708562","Burrito bowl, chicken, with beans","Other Mexican mixed dishes","1 cup","10205","cup","1","120","120.0000"
"2708563","Burrito bowl, chicken, with beans and rice","Other Mexican mixed dishes","1 cup","10205","cup","1","120","120.0000"
"2708564","Burrito bowl, with beans","Other Mexican mixed dishes","1 cup","10205","cup","1","120","120.0000"
"2708565","Enchilada, NFS","Other Mexican mixed dishes","1 cup","10205","cup","1","170","170.0000"
"2708566","Enchilada, beef","Other Mexican mixed dishes","1 cup","10205","cup","1","170","170.0000"
"2708567","Enchilada, pork","Other Mexican mixed dishes","1 cup","10205","cup","1","170","170.0000"
"2708568","Enchilada, chicken","Other Mexican mixed dishes","1 cup","10205","cup","1","170","170.0000"
"2708569","Enchilada, no meat","Other Mexican mixed dishes","1 cup","10205","cup","1","170","170.0000"
"2708570","Tamale, NFS","Other Mexican mixed dishes","1 cup","10205","cup","1","170","170.0000"
"2708571","Tamale, beef","Other Mexican mixed dishes","1 cup","10205","cup","1","170","170.0000"
"2708572","Tamale, pork","Other Mexican mixed dishes","1 cup","10205","cup","1","170","170.0000"
"2708573","Tamale, chicken","Other Mexican mixed dishes","1 cup","10205","cup","1","170","170.0000"
"2708574","Tamale, no meat","Other Mexican mixed dishes","1 cup","10205","cup","1","170","170.0000"
"2708575","Tamale casserole with meat","Other Mexican mixed dishes","1 cup","10205","cup","1","250","250.0000"
"2708576","Nachos, NFS","Nachos","1 cup","10205","cup","1","135","135.0000"
"2708577","Nachos, cheese only","Nachos","1 cup","10205","cup","1","135","135.0000"
"2708578","Nachos, beef or pork","Nachos","1 cup","10205","cup","1","135","135.0000"
"2708579","Nachos, beef or pork, with beans","Nachos","1 cup","10205","cup","1","135","135.0000"
"2708580","Nachos, chicken","Nachos","1 cup","10205","cup","1","135","135.0000"
"2708581","Nachos, chicken, with beans","Nachos","1 cup","10205","cup","1","135","135.0000"
"2708582","Nachos, with beans","Nachos","1 cup","10205","cup","1","135","135.0000"
"2708583","Gordita, cheese only","Other Mexican mixed dishes","1 cup","10205","cup","1","120","120.0000"
"2708584","Gordita, with beans","Other Mexican mixed dishes","1 cup","10205","cup","1","120","120.0000"
"2708585","Gordita, meat","Other Mexican mixed dishes","1 cup","10205","cup","1","120","120.0000"
"2708586","Gordita, meat, with beans","Other Mexican mixed dishes","1 cup","10205","cup","1","120","120.0000"
"2708587","Chimichanga, meat","Other Mexican mixed dishes","1 cup","10205","cup","1","120","120.0000"
"2708588","Chimichanga, with beans","Other Mexican mixed dishes","1 cup","10205","cup","1","120","120.0000"
"2708589","Chimichanga, chicken","Other Mexican mixed dishes","1 cup","10205","cup","1","120","120.0000"
"2708590","Quesadilla, NFS","Other Mexican mixed dishes","1 cup","10205","cup","1","95","95.0000"
"2708591","Quesadilla, cheese only","Other Mexican mixed dishes","1 cup","10205","cup","1","95","95.0000"
"2708592","Quesadilla, beef or pork","Other Mexican mixed dishes","1 cup","10205","cup","1","95","95.0000"
"2708593","Quesadilla, chicken","Other Mexican mixed dishes","1 cup","10205","cup","1","95","95.0000"
"2708594","Quesadilla, with vegetables","Other Mexican mixed dishes","1 cup","10205","cup","1","95","95.0000"
"2708595","Quesadilla, beef or pork, with vegetables","Other Mexican mixed dishes","1 cup","10205","cup","1","95","95.0000"
"2708596","Quesadilla, chicken, with vegetables","Other Mexican mixed dishes","1 cup","10205","cup","1","95","95.0000"
"2708597","Quesadilla, egg","Egg/breakfast sandwiches","1 cup","10205","cup","1","95","95.0000"
"2708598","Quesadilla, egg, with meat","Egg/breakfast sandwiches","1 cup","10205","cup","1","95","95.0000"
"2708599","Taquito, cheese only","Other Mexican mixed dishes","1 cup","10205","cup","1","120","120.0000"
"2708600","Taquito, beef or pork","Other Mexican mixed dishes","1 cup","10205","cup","1","120","120.0000"
"2708601","Taquito, chicken","Other Mexican mixed dishes","1 cup","10205","cup","1","120","120.0000"
"2708602","Taquito, egg","Egg/breakfast sandwiches","1 cup","10205","cup","1","120","120.0000"
"2708603","Fajita, NFS","Other Mexican mixed dishes","1 cup","10205","cup","1","120","120.0000"
"2708604","Fajita, chicken","Other Mexican mixed dishes","1 cup","10205","cup","1","120","120.0000"
"2708605","Fajita, beef or pork","Other Mexican mixed dishes","1 cup","10205","cup","1","120","120.0000"
"2708606","Fajita, shrimp","Other Mexican mixed dishes","1 cup","10205","cup","1","120","120.0000"
"2708607","Fajita, vegetable","Other Mexican mixed dishes","1 cup","10205","cup","1","120","120.0000"
"2708608","Pupusa, cheese only","Other Mexican mixed dishes","1 cup","10205","cup","1","170","170.0000"
"2708609","Pupusa, with beans","Other Mexican mixed dishes","1 cup","10205","cup","1","170","170.0000"
"2708610","Pupusa, meat","Other Mexican mixed dishes","1 cup","10205","cup","1","170","170.0000"
"2708611","Pupusa, meat, with beans","Other Mexican mixed dishes","1 cup","10205","cup","1","170","170.0000"
"2708612","Pizza, cheese, from frozen, thin crust","Pizza","1 piece, NFS","63542","piece","1","97","97.0000"
"2708613","Pizza, cheese, from frozen, thick crust","Pizza","1 piece, NFS","63542","piece","1","133","133.0000"
"2708614","Pizza, cheese, from restaurant or fast food, NS as to type of crust","Pizza","1 piece, large pizza","64370","piece","1","119","119.0000"
"2708614","Pizza, cheese, from restaurant or fast food, NS as to type of crust","Pizza","1 piece, extra-large pizza","64417","piece","1","128","128.0000"
"2708614","Pizza, cheese, from restaurant or fast food, NS as to type of crust","Pizza","1 piece, small pizza","64368","piece","1","80","80.0000"
"2708614","Pizza, cheese, from restaurant or fast food, NS as to type of crust","Pizza","1 piece, NFS","63542","piece","1","119","119.0000"
"2708614","Pizza, cheese, from restaurant or fast food, NS as to type of crust","Pizza","1 piece, medium pizza","64369","piece","1","86","86.0000"
"2708615","Pizza, cheese, from restaurant or fast food, thin crust","Pizza","1 piece, large pizza","64370","piece","1","86","86.0000"
"2708615","Pizza, cheese, from restaurant or fast food, thin crust","Pizza","1 piece, NFS","63542","piece","1","86","86.0000"
"2708615","Pizza, cheese, from restaurant or fast food, thin crust","Pizza","1 piece, small pizza","64368","piece","1","59","59.0000"
"2708615","Pizza, cheese, from restaurant or fast food, thin crust","Pizza","1 piece, medium pizza","64369","piece","1","63","63.0000"
"2708615","Pizza, cheese, from restaurant or fast food, thin crust","Pizza","1 piece, extra-large pizza","64417","piece","1","98","98.0000"
"2708616","Pizza, cheese, from restaurant or fast food, medium crust","Pizza","1 piece, medium pizza","64369","piece","1","86","86.0000"
"2708616","Pizza, cheese, from restaurant or fast food, medium crust","Pizza","1 piece, small pizza","64368","piece","1","80","80.0000"
"2708616","Pizza, cheese, from restaurant or fast food, medium crust","Pizza","1 piece, NFS","63542","piece","1","119","119.0000"
"2708616","Pizza, cheese, from restaurant or fast food, medium crust","Pizza","1 piece, large pizza","64370","piece","1","119","119.0000"
"2708616","Pizza, cheese, from restaurant or fast food, medium crust","Pizza","1 piece, extra-large pizza","64417","piece","1","128","128.0000"
"2708617","Pizza, cheese, from restaurant or fast food, thick crust","Pizza","1 piece, small pizza","64368","piece","1","90","90.0000"
"2708617","Pizza, cheese, from restaurant or fast food, thick crust","Pizza","1 piece, large pizza","64370","piece","1","132","132.0000"
"2708617","Pizza, cheese, from restaurant or fast food, thick crust","Pizza","1 piece, extra-large pizza","64417","piece","1","139","139.0000"
"2708617","Pizza, cheese, from restaurant or fast food, thick crust","Pizza","1 piece, NFS","63542","piece","1","132","132.0000"
"2708617","Pizza, cheese, from restaurant or fast food, thick crust","Pizza","1 piece, medium pizza","64369","piece","1","93","93.0000"
"2708618","Pizza, cheese, stuffed crust","Pizza","1 piece, medium pizza","64369","piece","1","100","100.0000"
"2708618","Pizza, cheese, stuffed crust","Pizza","1 piece, large pizza","64370","piece","1","148","148.0000"
"2708618","Pizza, cheese, stuffed crust","Pizza","1 piece, NFS","63542","piece","1","148","148.0000"
"2708619","Pizza, cheese, from school lunch, medium crust","Pizza","1 piece, NFS","63542","piece","1","147","147.0000"
"2708620","Pizza, cheese, from school lunch, thin crust","Pizza","1 piece, NFS","63542","piece","1","142","142.0000"
"2708621","Pizza, cheese, from school lunch, thick crust","Pizza","1 piece, NFS","63542","piece","1","158","158.0000"
"2708622","Pizza, extra cheese, thin crust","Pizza","1 piece, medium pizza","64369","piece","1","66","66.0000"
"2708622","Pizza, extra cheese, thin crust","Pizza","1 piece, large pizza","64370","piece","1","92","92.0000"
"2708622","Pizza, extra cheese, thin crust","Pizza","1 piece, NFS","63542","piece","1","92","92.0000"
"2708622","Pizza, extra cheese, thin crust","Pizza","1 piece, small pizza","64368","piece","1","63","63.0000"
"2708622","Pizza, extra cheese, thin crust","Pizza","1 piece, extra-large pizza","64417","piece","1","106","106.0000"
"2708623","Pizza, extra cheese, thick crust","Pizza","1 piece, NFS","63542","piece","1","141","141.0000"
"2708623","Pizza, extra cheese, thick crust","Pizza","1 piece, medium pizza","64369","piece","1","99","99.0000"
"2708623","Pizza, extra cheese, thick crust","Pizza","1 piece, large pizza","64370","piece","1","141","141.0000"
"2708623","Pizza, extra cheese, thick crust","Pizza","1 piece, extra-large pizza","64417","piece","1","145","145.0000"
"2708623","Pizza, extra cheese, thick crust","Pizza","1 piece, small pizza","64368","piece","1","94","94.0000"
"2708624","Pizza, cheese, with vegetables, from frozen, thin crust","Pizza","1 piece, NFS","63542","piece","1","109","109.0000"
"2708625","Pizza, cheese with vegetables, from frozen, thick crust","Pizza","1 piece, NFS","63542","piece","1","143","143.0000"
"2708626","Pizza, cheese, with vegetables, from restaurant or fast food, thin crust","Pizza","1 piece, large pizza","64370","piece","1","100","100.0000"
"2708626","Pizza, cheese, with vegetables, from restaurant or fast food, thin crust","Pizza","1 piece, medium pizza","64369","piece","1","73","73.0000"
"2708626","Pizza, cheese, with vegetables, from restaurant or fast food, thin crust","Pizza","1 piece, small pizza","64368","piece","1","68","68.0000"
"2708626","Pizza, cheese, with vegetables, from restaurant or fast food, thin crust","Pizza","1 piece, extra-large pizza","64417","piece","1","112","112.0000"
"2708626","Pizza, cheese, with vegetables, from restaurant or fast food, thin crust","Pizza","1 piece, NFS","63542","piece","1","100","100.0000"
"2708627","Pizza, cheese, with vegetables, from restaurant or fast food, medium crust","Pizza","1 piece, large pizza","64370","piece","1","133","133.0000"
"2708627","Pizza, cheese, with vegetables, from restaurant or fast food, medium crust","Pizza","1 piece, medium pizza","64369","piece","1","97","97.0000"
"2708627","Pizza, cheese, with vegetables, from restaurant or fast food, medium crust","Pizza","1 piece, NFS","63542","piece","1","133","133.0000"
"2708627","Pizza, cheese, with vegetables, from restaurant or fast food, medium crust","Pizza","1 piece, small pizza","64368","piece","1","89","89.0000"
"2708627","Pizza, cheese, with vegetables, from restaurant or fast food, medium crust","Pizza","1 piece, extra-large pizza","64417","piece","1","133","133.0000"
"2708628","Pizza, cheese, with vegetables, from restaurant or fast food, thick crust","Pizza","1 piece, large pizza","64370","piece","1","149","149.0000"
"2708628","Pizza, cheese, with vegetables, from restaurant or fast food, thick crust","Pizza","1 piece, small pizza","64368","piece","1","94","94.0000"
"2708628","Pizza, cheese, with vegetables, from restaurant or fast food, thick crust","Pizza","1 piece, extra-large pizza","64417","piece","1","155","155.0000"
"2708628","Pizza, cheese, with vegetables, from restaurant or fast food, thick crust","Pizza","1 piece, NFS","63542","piece","1","149","149.0000"
"2708628","Pizza, cheese, with vegetables, from restaurant or fast food, thick crust","Pizza","1 piece, medium pizza","64369","piece","1","104","104.0000"
"2708629","Pizza with cheese and extra vegetables, thin crust","Pizza","1 piece, large pizza","64370","piece","1","120","120.0000"
"2708629","Pizza with cheese and extra vegetables, thin crust","Pizza","1 piece, small pizza","64368","piece","1","66","66.0000"
"2708629","Pizza with cheese and extra vegetables, thin crust","Pizza","1 piece, extra-large pizza","64417","piece","1","125","125.0000"
"2708629","Pizza with cheese and extra vegetables, thin crust","Pizza","1 piece, medium pizza","64369","piece","1","86","86.0000"
"2708629","Pizza with cheese and extra vegetables, thin crust","Pizza","1 piece, NFS","63542","piece","1","120","120.0000"
"2708630","Pizza with cheese and extra vegetables, medium crust","Pizza","1 piece, NFS","63542","piece","1","152","152.0000"
"2708630","Pizza with cheese and extra vegetables, medium crust","Pizza","1 piece, large pizza","64370","piece","1","152","152.0000"
"2708630","Pizza with cheese and extra vegetables, medium crust","Pizza","1 piece, medium pizza","64369","piece","1","108","108.0000"
"2708630","Pizza with cheese and extra vegetables, medium crust","Pizza","1 piece, extra-large pizza","64417","piece","1","165","165.0000"
"2708630","Pizza with cheese and extra vegetables, medium crust","Pizza","1 piece, small pizza","64368","piece","1","84","84.0000"
"2708631","Pizza with cheese and extra vegetables, thick crust","Pizza","1 piece, small pizza","64368","piece","1","105","105.0000"
"2708631","Pizza with cheese and extra vegetables, thick crust","Pizza","1 piece, medium pizza","64369","piece","1","110","110.0000"
"2708631","Pizza with cheese and extra vegetables, thick crust","Pizza","1 piece, NFS","63542","piece","1","155","155.0000"
"2708631","Pizza with cheese and extra vegetables, thick crust","Pizza","1 piece, large pizza","64370","piece","1","155","155.0000"
"2708631","Pizza with cheese and extra vegetables, thick crust","Pizza","1 piece, extra-large pizza","64417","piece","1","161","161.0000"
"2708632","Pizza, cheese, with fruit, thin crust","Pizza","1 piece, medium pizza","64369","piece","1","76","76.0000"
"2708632","Pizza, cheese, with fruit, thin crust","Pizza","1 piece, small pizza","64368","piece","1","71","71.0000"
"2708632","Pizza, cheese, with fruit, thin crust","Pizza","1 piece, large pizza","64370","piece","1","104","104.0000"
"2708632","Pizza, cheese, with fruit, thin crust","Pizza","1 piece, NFS","63542","piece","1","104","104.0000"
"2708632","Pizza, cheese, with fruit, thin crust","Pizza","1 piece, extra-large pizza","64417","piece","1","112","112.0000"
"2708633","Pizza, cheese, with fruit, medium crust","Pizza","1 piece, small pizza","64368","piece","1","92","92.0000"
"2708633","Pizza, cheese, with fruit, medium crust","Pizza","1 piece, extra-large pizza","64417","piece","1","137","137.0000"
"2708633","Pizza, cheese, with fruit, medium crust","Pizza","1 piece, NFS","63542","piece","1","137","137.0000"
"2708633","Pizza, cheese, with fruit, medium crust","Pizza","1 piece, large pizza","64370","piece","1","137","137.0000"
"2708633","Pizza, cheese, with fruit, medium crust","Pizza","1 piece, medium pizza","64369","piece","1","100","100.0000"
"2708634","Pizza, cheese, with fruit, thick crust","Pizza","1 piece, medium pizza","64369","piece","1","106","106.0000"
"2708634","Pizza, cheese, with fruit, thick crust","Pizza","1 piece, NFS","63542","piece","1","150","150.0000"
"2708634","Pizza, cheese, with fruit, thick crust","Pizza","1 piece, large pizza","64370","piece","1","150","150.0000"
"2708634","Pizza, cheese, with fruit, thick crust","Pizza","1 piece, extra-large pizza","64417","piece","1","161","161.0000"
"2708634","Pizza, cheese, with fruit, thick crust","Pizza","1 piece, small pizza","64368","piece","1","102","102.0000"
"2708635","Pizza with pepperoni, from frozen, thin crust","Pizza","1 piece, NFS","63542","piece","1","97","97.0000"
"2708636","Pizza with pepperoni, from frozen, medium crust","Pizza","1 piece, NFS","63542","piece","1","102","102.0000"
"2708637","Pizza with pepperoni, from frozen, thick crust","Pizza","1 piece, NFS","63542","piece","1","144","144.0000"
"2708638","Pizza with pepperoni, from restaurant or fast food, NS as to type of crust","Pizza","1 piece, medium pizza","64369","piece","1","88","88.0000"
"2708638","Pizza with pepperoni, from restaurant or fast food, NS as to type of crust","Pizza","1 piece, extra-large pizza","64417","piece","1","134","134.0000"
"2708638","Pizza with pepperoni, from restaurant or fast food, NS as to type of crust","Pizza","1 piece, large pizza","64370","piece","1","124","124.0000"
"2708638","Pizza with pepperoni, from restaurant or fast food, NS as to type of crust","Pizza","1 piece, NFS","63542","piece","1","124","124.0000"
"2708638","Pizza with pepperoni, from restaurant or fast food, NS as to type of crust","Pizza","1 piece, small pizza","64368","piece","1","86","86.0000"
"2708639","Pizza with pepperoni, from restaurant or fast food, thin crust","Pizza","1 piece, small pizza","64368","piece","1","62","62.0000"
"2708639","Pizza with pepperoni, from restaurant or fast food, thin crust","Pizza","1 piece, medium pizza","64369","piece","1","66","66.0000"
"2708639","Pizza with pepperoni, from restaurant or fast food, thin crust","Pizza","1 piece, large pizza","64370","piece","1","91","91.0000"
"2708639","Pizza with pepperoni, from restaurant or fast food, thin crust","Pizza","1 piece, extra-large pizza","64417","piece","1","105","105.0000"
"2708639","Pizza with pepperoni, from restaurant or fast food, thin crust","Pizza","1 piece, NFS","63542","piece","1","91","91.0000"
"2708640","Pizza with pepperoni, from restaurant or fast food,  medium crust","Pizza","1 piece, medium pizza","64369","piece","1","88","88.0000"
"2708640","Pizza with pepperoni, from restaurant or fast food,  medium crust","Pizza","1 piece, large pizza","64370","piece","1","124","124.0000"
"2708640","Pizza with pepperoni, from restaurant or fast food,  medium crust","Pizza","1 piece, small pizza","64368","piece","1","86","86.0000"
"2708640","Pizza with pepperoni, from restaurant or fast food,  medium crust","Pizza","1 piece, NFS","63542","piece","1","124","124.0000"
"2708640","Pizza with pepperoni, from restaurant or fast food,  medium crust","Pizza","1 piece, extra-large pizza","64417","piece","1","134","134.0000"
"2708641","Pizza with pepperoni, from restaurant or fast food, thick crust","Pizza","1 piece, large pizza","64370","piece","1","139","139.0000"
"2708641","Pizza with pepperoni, from restaurant or fast food, thick crust","Pizza","1 piece, small pizza","64368","piece","1","96","96.0000"
"2708641","Pizza with pepperoni, from restaurant or fast food, thick crust","Pizza","1 piece, extra-large pizza","64417","piece","1","147","147.0000"
"2708641","Pizza with pepperoni, from restaurant or fast food, thick crust","Pizza","1 piece, medium pizza","64369","piece","1","112","112.0000"
"2708641","Pizza with pepperoni, from restaurant or fast food, thick crust","Pizza","1 piece, NFS","63542","piece","1","139","139.0000"
"2708642","Pizza with pepperoni, stuffed crust","Pizza","1 piece, medium pizza","64369","piece","1","110","110.0000"
"2708642","Pizza with pepperoni, stuffed crust","Pizza","1 piece, NFS","63542","piece","1","164","164.0000"
"2708642","Pizza with pepperoni, stuffed crust","Pizza","1 piece, large pizza","64370","piece","1","164","164.0000"
"2708643","Pizza with pepperoni, from school lunch, thin crust","Pizza","1 piece, NFS","63542","piece","1","142","142.0000"
"2708644","Pizza, with pepperoni, from school lunch, medium crust","Pizza","1 piece, NFS","63542","piece","1","147","147.0000"
"2708645","Pizza with pepperoni, from school lunch, thick crust","Pizza","1 piece, NFS","63542","piece","1","158","158.0000"
"2708646","Pizza with meat other than pepperoni, from frozen, thin crust","Pizza","1 piece, NFS","63542","piece","1","97","97.0000"
"2708647","Pizza with meat other than pepperoni, from frozen, medium crust","Pizza","1 piece, NFS","63542","piece","1","102","102.0000"
"2708648","Pizza with meat other than pepperoni, from frozen, thick crust","Pizza","1 piece, NFS","63542","piece","1","144","144.0000"
"2708649","Pizza with meat other than pepperoni, from restaurant or fast food, NS as to type of crust","Pizza","1 piece, NFS","63542","piece","1","138","138.0000"
"2708649","Pizza with meat other than pepperoni, from restaurant or fast food, NS as to type of crust","Pizza","1 piece, small pizza","64368","piece","1","92","92.0000"
"2708649","Pizza with meat other than pepperoni, from restaurant or fast food, NS as to type of crust","Pizza","1 piece, large pizza","64370","piece","1","138","138.0000"
"2708649","Pizza with meat other than pepperoni, from restaurant or fast food, NS as to type of crust","Pizza","1 piece, medium pizza","64369","piece","1","98","98.0000"
"2708649","Pizza with meat other than pepperoni, from restaurant or fast food, NS as to type of crust","Pizza","1 piece, extra-large pizza","64417","piece","1","143","143.0000"
"2708650","Pizza with meat other than pepperoni, from restaurant or fast food, thin crust","Pizza","1 piece, extra-large pizza","64417","piece","1","108","108.0000"
"2708650","Pizza with meat other than pepperoni, from restaurant or fast food, thin crust","Pizza","1 piece, small pizza","64368","piece","1","71","71.0000"
"2708650","Pizza with meat other than pepperoni, from restaurant or fast food, thin crust","Pizza","1 piece, medium pizza","64369","piece","1","80","80.0000"
"2708650","Pizza with meat other than pepperoni, from restaurant or fast food, thin crust","Pizza","1 piece, large pizza","64370","piece","1","104","104.0000"
"2708650","Pizza with meat other than pepperoni, from restaurant or fast food, thin crust","Pizza","1 piece, NFS","63542","piece","1","104","104.0000"
"2708651","Pizza with meat other than pepperoni, from restaurant or fast food, medium crust","Pizza","1 piece, NFS","63542","piece","1","138","138.0000"
"2708651","Pizza with meat other than pepperoni, from restaurant or fast food, medium crust","Pizza","1 piece, extra-large pizza","64417","piece","1","143","143.0000"
"2708651","Pizza with meat other than pepperoni, from restaurant or fast food, medium crust","Pizza","1 piece, large pizza","64370","piece","1","138","138.0000"
"2708651","Pizza with meat other than pepperoni, from restaurant or fast food, medium crust","Pizza","1 piece, medium pizza","64369","piece","1","98","98.0000"
"2708651","Pizza with meat other than pepperoni, from restaurant or fast food, medium crust","Pizza","1 piece, small pizza","64368","piece","1","92","92.0000"
"2708652","Pizza with meat other than pepperoni, from restaurant or fast food, thick crust","Pizza","1 piece, medium pizza","64369","piece","1","121","121.0000"
"2708652","Pizza with meat other than pepperoni, from restaurant or fast food, thick crust","Pizza","1 piece, extra-large pizza","64417","piece","1","161","161.0000"
"2708652","Pizza with meat other than pepperoni, from restaurant or fast food, thick crust","Pizza","1 piece, large pizza","64370","piece","1","151","151.0000"
"2708652","Pizza with meat other than pepperoni, from restaurant or fast food, thick crust","Pizza","1 piece, NFS","63542","piece","1","151","151.0000"
"2708652","Pizza with meat other than pepperoni, from restaurant or fast food, thick crust","Pizza","1 piece, small pizza","64368","piece","1","105","105.0000"
"2708653","Pizza, with meat other than pepperoni, stuffed crust","Pizza","1 piece, medium pizza","64369","piece","1","110","110.0000"
"2708653","Pizza, with meat other than pepperoni, stuffed crust","Pizza","1 piece, large pizza","64370","piece","1","164","164.0000"
"2708653","Pizza, with meat other than pepperoni, stuffed crust","Pizza","1 piece, NFS","63542","piece","1","164","164.0000"
"2708654","Pizza, with meat other than pepperoni, from school lunch, medium crust","Pizza","1 piece, NFS","63542","piece","1","147","147.0000"
"2708655","Pizza, with meat other than pepperoni, from school lunch, thin crust","Pizza","1 piece, NFS","63542","piece","1","142","142.0000"
"2708656","Pizza, with meat other than pepperoni, from school lunch, thick crust","Pizza","1 piece, NFS","63542","piece","1","158","158.0000"
"2708657","Pizza with extra meat, thin crust","Pizza","1 piece, small pizza","64368","piece","1","81","81.0000"
"2708657","Pizza with extra meat, thin crust","Pizza","1 piece, NFS","63542","piece","1","120","120.0000"
"2708657","Pizza with extra meat, thin crust","Pizza","1 piece, medium pizza","64369","piece","1","90","90.0000"
"2708657","Pizza with extra meat, thin crust","Pizza","1 piece, extra-large pizza","64417","piece","1","125","125.0000"
"2708657","Pizza with extra meat, thin crust","Pizza","1 piece, large pizza","64370","piece","1","120","120.0000"
"2708658","Pizza with extra meat, medium crust","Pizza","1 piece, large pizza","64370","piece","1","150","150.0000"
"2708658","Pizza with extra meat, medium crust","Pizza","1 piece, medium pizza","64369","piece","1","109","109.0000"
"2708658","Pizza with extra meat, medium crust","Pizza","1 piece, NFS","63542","piece","1","150","150.0000"
"2708658","Pizza with extra meat, medium crust","Pizza","1 piece, extra-large pizza","64417","piece","1","157","157.0000"
"2708658","Pizza with extra meat, medium crust","Pizza","1 piece, small pizza","64368","piece","1","101","101.0000"
"2708659","Pizza with extra meat, thick crust","Pizza","1 piece, extra-large pizza","64417","piece","1","177","177.0000"
"2708659","Pizza with extra meat, thick crust","Pizza","1 piece, NFS","63542","piece","1","166","166.0000"
"2708659","Pizza with extra meat, thick crust","Pizza","1 piece, small pizza","64368","piece","1","112","112.0000"
"2708659","Pizza with extra meat, thick crust","Pizza","1 piece, medium pizza","64369","piece","1","131","131.0000"
"2708659","Pizza with extra meat, thick crust","Pizza","1 piece, large pizza","64370","piece","1","166","166.0000"
"2708660","Pizza with meat and vegetables, from frozen, thin crust","Pizza","1 piece, NFS","63542","piece","1","103","103.0000"
"2708661","Pizza with meat and vegetables, from frozen, medium crust","Pizza","1 piece, NFS","63542","piece","1","108","108.0000"
"2708662","Pizza with meat and vegetables, from frozen, thick crust","Pizza","1 piece, NFS","63542","piece","1","155","155.0000"
"2708663","Pizza with meat and vegetables, from restaurant or fast food, thin crust","Pizza","1 piece, extra-large pizza","64417","piece","1","119","119.0000"
"2708663","Pizza with meat and vegetables, from restaurant or fast food, thin crust","Pizza","1 piece, large pizza","64370","piece","1","113","113.0000"
"2708663","Pizza with meat and vegetables, from restaurant or fast food, thin crust","Pizza","1 piece, NFS","63542","piece","1","113","113.0000"
"2708663","Pizza with meat and vegetables, from restaurant or fast food, thin crust","Pizza","1 piece, small pizza","64368","piece","1","77","77.0000"
"2708663","Pizza with meat and vegetables, from restaurant or fast food, thin crust","Pizza","1 piece, medium pizza","64369","piece","1","82","82.0000"
"2708664","Pizza with meat and vegetables, from restaurant or fast food, medium crust","Pizza","1 piece, small pizza","64368","piece","1","79","79.0000"
"2708664","Pizza with meat and vegetables, from restaurant or fast food, medium crust","Pizza","1 piece, extra-large pizza","64417","piece","1","151","151.0000"
"2708664","Pizza with meat and vegetables, from restaurant or fast food, medium crust","Pizza","1 piece, medium pizza","64369","piece","1","102","102.0000"
"2708664","Pizza with meat and vegetables, from restaurant or fast food, medium crust","Pizza","1 piece, NFS","63542","piece","1","144","144.0000"
"2708664","Pizza with meat and vegetables, from restaurant or fast food, medium crust","Pizza","1 piece, large pizza","64370","piece","1","144","144.0000"
"2708665","Pizza with meat and vegetables, from restaurant or fast food, thick crust","Pizza","1 piece, extra-large pizza","64417","piece","1","155","155.0000"
"2708665","Pizza with meat and vegetables, from restaurant or fast food, thick crust","Pizza","1 piece, small pizza","64368","piece","1","101","101.0000"
"2708665","Pizza with meat and vegetables, from restaurant or fast food, thick crust","Pizza","1 piece, NFS","63542","piece","1","149","149.0000"
"2708665","Pizza with meat and vegetables, from restaurant or fast food, thick crust","Pizza","1 piece, medium pizza","64369","piece","1","118","118.0000"
"2708665","Pizza with meat and vegetables, from restaurant or fast food, thick crust","Pizza","1 piece, large pizza","64370","piece","1","149","149.0000"
"2708666","Pizza with extra meat and extra vegetables, thin crust","Pizza","1 piece, small pizza","64368","piece","1","88","88.0000"
"2708666","Pizza with extra meat and extra vegetables, thin crust","Pizza","1 piece, medium pizza","64369","piece","1","100","100.0000"
"2708666","Pizza with extra meat and extra vegetables, thin crust","Pizza","1 piece, NFS","63542","piece","1","129","129.0000"
"2708666","Pizza with extra meat and extra vegetables, thin crust","Pizza","1 piece, extra-large pizza","64417","piece","1","135","135.0000"
"2708666","Pizza with extra meat and extra vegetables, thin crust","Pizza","1 piece, large pizza","64370","piece","1","129","129.0000"
"2708667","Pizza with extra meat and extra vegetables, thick crust","Pizza","1 piece, large pizza","64370","piece","1","173","173.0000"
"2708667","Pizza with extra meat and extra vegetables, thick crust","Pizza","1 piece, extra-large pizza","64417","piece","1","181","181.0000"
"2708667","Pizza with extra meat and extra vegetables, thick crust","Pizza","1 piece, small pizza","64368","piece","1","118","118.0000"
"2708667","Pizza with extra meat and extra vegetables, thick crust","Pizza","1 piece, medium pizza","64369","piece","1","139","139.0000"
"2708667","Pizza with extra meat and extra vegetables, thick crust","Pizza","1 piece, NFS","63542","piece","1","173","173.0000"
"2708668","Pizza with extra meat and extra vegetables, medium crust","Pizza","1 piece, medium pizza","64369","piece","1","117","117.0000"
"2708668","Pizza with extra meat and extra vegetables, medium crust","Pizza","1 piece, NFS","63542","piece","1","159","159.0000"
"2708668","Pizza with extra meat and extra vegetables, medium crust","Pizza","1 piece, large pizza","64370","piece","1","159","159.0000"
"2708668","Pizza with extra meat and extra vegetables, medium crust","Pizza","1 piece, extra-large pizza","64417","piece","1","169","169.0000"
"2708668","Pizza with extra meat and extra vegetables, medium crust","Pizza","1 piece, small pizza","64368","piece","1","107","107.0000"
"2708669","Pizza with meat and fruit, thin crust","Pizza","1 piece, medium pizza","64369","piece","1","80","80.0000"
"2708669","Pizza with meat and fruit, thin crust","Pizza","1 piece, small pizza","64368","piece","1","78","78.0000"
"2708669","Pizza with meat and fruit, thin crust","Pizza","1 piece, extra-large pizza","64417","piece","1","121","121.0000"
"2708669","Pizza with meat and fruit, thin crust","Pizza","1 piece, large pizza","64370","piece","1","115","115.0000"
"2708669","Pizza with meat and fruit, thin crust","Pizza","1 piece, NFS","63542","piece","1","115","115.0000"
"2708670","Pizza with meat and fruit, medium crust","Pizza","1 piece, large pizza","64370","piece","1","150","150.0000"
"2708670","Pizza with meat and fruit, medium crust","Pizza","1 piece, extra-large pizza","64417","piece","1","165","165.0000"
"2708670","Pizza with meat and fruit, medium crust","Pizza","1 piece, NFS","63542","piece","1","150","150.0000"
"2708670","Pizza with meat and fruit, medium crust","Pizza","1 piece, small pizza","64368","piece","1","106","106.0000"
"2708670","Pizza with meat and fruit, medium crust","Pizza","1 piece, medium pizza","64369","piece","1","106","106.0000"
"2708671","Pizza with meat and fruit, thick crust","Pizza","1 piece, large pizza","64370","piece","1","157","157.0000"
"2708671","Pizza with meat and fruit, thick crust","Pizza","1 piece, medium pizza","64369","piece","1","127","127.0000"
"2708671","Pizza with meat and fruit, thick crust","Pizza","1 piece, extra-large pizza","64417","piece","1","181","181.0000"
"2708671","Pizza with meat and fruit, thick crust","Pizza","1 piece, small pizza","64368","piece","1","118","118.0000"
"2708671","Pizza with meat and fruit, thick crust","Pizza","1 piece, NFS","63542","piece","1","157","157.0000"
"2708672","Pizza with beans and vegetables, thin crust","Pizza","1 piece, small pizza","64368","piece","1","88","88.0000"
"2708672","Pizza with beans and vegetables, thin crust","Pizza","1 piece, large pizza","64370","piece","1","129","129.0000"
"2708672","Pizza with beans and vegetables, thin crust","Pizza","1 piece, medium pizza","64369","piece","1","100","100.0000"
"2708672","Pizza with beans and vegetables, thin crust","Pizza","1 piece, extra-large pizza","64417","piece","1","135","135.0000"
"2708672","Pizza with beans and vegetables, thin crust","Pizza","1 piece, NFS","63542","piece","1","129","129.0000"
"2708673","Pizza with beans and vegetables, thick crust","Pizza","1 piece, NFS","63542","piece","1","173","173.0000"
"2708673","Pizza with beans and vegetables, thick crust","Pizza","1 piece, extra-large pizza","64417","piece","1","181","181.0000"
"2708673","Pizza with beans and vegetables, thick crust","Pizza","1 piece, large pizza","64370","piece","1","173","173.0000"
"2708673","Pizza with beans and vegetables, thick crust","Pizza","1 piece, medium pizza","64369","piece","1","139","139.0000"
"2708673","Pizza with beans and vegetables, thick crust","Pizza","1 piece, small pizza","64368","piece","1","118","118.0000"
"2708674","Pizza, no cheese, thin crust","Pizza","1 piece, NFS","63542","piece","1","75","75.0000"
"2708674","Pizza, no cheese, thin crust","Pizza","1 piece, extra-large pizza","64417","piece","1","81","81.0000"
"2708674","Pizza, no cheese, thin crust","Pizza","1 piece, small pizza","64368","piece","1","51","51.0000"
"2708674","Pizza, no cheese, thin crust","Pizza","1 piece, large pizza","64370","piece","1","75","75.0000"
"2708674","Pizza, no cheese, thin crust","Pizza","1 piece, medium pizza","64369","piece","1","54","54.0000"
"2708675","Pizza, no cheese, thick crust","Pizza","1 piece, NFS","63542","piece","1","124","124.0000"
"2708675","Pizza, no cheese, thick crust","Pizza","1 piece, medium pizza","64369","piece","1","84","84.0000"
"2708675","Pizza, no cheese, thick crust","Pizza","1 piece, large pizza","64370","piece","1","124","124.0000"
"2708675","Pizza, no cheese, thick crust","Pizza","1 piece, small pizza","64368","piece","1","82","82.0000"
"2708675","Pizza, no cheese, thick crust","Pizza","1 piece, extra-large pizza","64417","piece","1","129","129.0000"
"2708676","White pizza, cheese, thin crust","Pizza","1 piece, extra-large pizza","64417","piece","1","106","106.0000"
"2708676","White pizza, cheese, thin crust","Pizza","1 piece, large pizza","64370","piece","1","92","92.0000"
"2708676","White pizza, cheese, thin crust","Pizza","1 piece, NFS","63542","piece","1","92","92.0000"
"2708676","White pizza, cheese, thin crust","Pizza","1 piece, medium pizza","64369","piece","1","66","66.0000"
"2708676","White pizza, cheese, thin crust","Pizza","1 piece, small pizza","64368","piece","1","63","63.0000"
"2708677","White pizza, cheese, thick crust","Pizza","1 piece, extra-large pizza","64417","piece","1","145","145.0000"
"2708677","White pizza, cheese, thick crust","Pizza","1 piece, small pizza","64368","piece","1","94","94.0000"
"2708677","White pizza, cheese, thick crust","Pizza","1 piece, medium pizza","64369","piece","1","99","99.0000"
"2708677","White pizza, cheese, thick crust","Pizza","1 piece, NFS","63542","piece","1","141","141.0000"
"2708677","White pizza, cheese, thick crust","Pizza","1 piece, large pizza","64370","piece","1","139","139.0000"
"2708678","White pizza, cheese, with vegetables, thin crust","Pizza","1 piece, large pizza","64370","piece","1","106","106.0000"
"2708678","White pizza, cheese, with vegetables, thin crust","Pizza","1 piece, extra-large pizza","64417","piece","1","122","122.0000"
"2708678","White pizza, cheese, with vegetables, thin crust","Pizza","1 piece, small pizza","64368","piece","1","72","72.0000"
"2708678","White pizza, cheese, with vegetables, thin crust","Pizza","1 piece, medium pizza","64369","piece","1","76","76.0000"
"2708678","White pizza, cheese, with vegetables, thin crust","Pizza","1 piece, NFS","63542","piece","1","106","106.0000"
"2708679","White pizza, cheese, with vegetables, thick crust","Pizza","1 piece, NFS","63542","piece","1","155","155.0000"
"2708679","White pizza, cheese, with vegetables, thick crust","Pizza","1 piece, small pizza","64368","piece","1","105","105.0000"
"2708679","White pizza, cheese, with vegetables, thick crust","Pizza","1 piece, medium pizza","64369","piece","1","111","111.0000"
"2708679","White pizza, cheese, with vegetables, thick crust","Pizza","1 piece, extra-large pizza","64417","piece","1","162","162.0000"
"2708679","White pizza, cheese, with vegetables, thick crust","Pizza","1 piece, large pizza","64370","piece","1","155","155.0000"
"2708680","White pizza, cheese, with meat, thin crust","Pizza","1 piece, small pizza","64368","piece","1","68","68.0000"
"2708680","White pizza, cheese, with meat, thin crust","Pizza","1 piece, large pizza","64370","piece","1","100","100.0000"
"2708680","White pizza, cheese, with meat, thin crust","Pizza","1 piece, NFS","63542","piece","1","100","100.0000"
"2708680","White pizza, cheese, with meat, thin crust","Pizza","1 piece, medium pizza","64369","piece","1","71","71.0000"
"2708680","White pizza, cheese, with meat, thin crust","Pizza","1 piece, extra-large pizza","64417","piece","1","114","114.0000"
"2708681","White pizza, cheese, with meat, thick crust","Pizza","1 piece, extra-large pizza","64417","piece","1","160","160.0000"
"2708681","White pizza, cheese, with meat, thick crust","Pizza","1 piece, large pizza","64370","piece","1","154","154.0000"
"2708681","White pizza, cheese, with meat, thick crust","Pizza","1 piece, NFS","63542","piece","1","154","154.0000"
"2708681","White pizza, cheese, with meat, thick crust","Pizza","1 piece, medium pizza","64369","piece","1","110","110.0000"
"2708681","White pizza, cheese, with meat, thick crust","Pizza","1 piece, small pizza","64368","piece","1","104","104.0000"
"2708682","White pizza, cheese, with meat and vegetables, thin crust","Pizza","1 piece, medium pizza","64369","piece","1","85","85.0000"
"2708682","White pizza, cheese, with meat and vegetables, thin crust","Pizza","1 piece, extra-large pizza","64417","piece","1","136","136.0000"
"2708682","White pizza, cheese, with meat and vegetables, thin crust","Pizza","1 piece, large pizza","64370","piece","1","118","118.0000"
"2708682","White pizza, cheese, with meat and vegetables, thin crust","Pizza","1 piece, NFS","63542","piece","1","118","118.0000"
"2708682","White pizza, cheese, with meat and vegetables, thin crust","Pizza","1 piece, small pizza","64368","piece","1","81","81.0000"
"2708683","White pizza, cheese, with meat and vegetables, thick crust","Pizza","1 piece, medium pizza","64369","piece","1","110","110.0000"
"2708683","White pizza, cheese, with meat and vegetables, thick crust","Pizza","1 piece, NFS","63542","piece","1","155","155.0000"
"2708683","White pizza, cheese, with meat and vegetables, thick crust","Pizza","1 piece, extra-large pizza","64417","piece","1","161","161.0000"
"2708683","White pizza, cheese, with meat and vegetables, thick crust","Pizza","1 piece, small pizza","64368","piece","1","105","105.0000"
"2708683","White pizza, cheese, with meat and vegetables, thick crust","Pizza","1 piece, large pizza","64370","piece","1","155","155.0000"
"2708686","Pizza rolls","Pizza","1 cup","10205","cup","1","119","119.0000"
"2708687","Pizza, cheese, whole wheat thin crust","Pizza","1 piece, small pizza","64368","piece","1","80","80.0000"
"2708687","Pizza, cheese, whole wheat thin crust","Pizza","1 piece, extra-large pizza","64417","piece","1","128","128.0000"
"2708687","Pizza, cheese, whole wheat thin crust","Pizza","1 piece, large pizza","64370","piece","1","119","119.0000"
"2708687","Pizza, cheese, whole wheat thin crust","Pizza","1 piece, NFS","63542","piece","1","119","119.0000"
"2708687","Pizza, cheese, whole wheat thin crust","Pizza","1 piece, medium pizza","64369","piece","1","86","86.0000"
"2708688","Pizza, cheese, whole wheat thick crust","Pizza","1 piece, small pizza","64368","piece","1","90","90.0000"
"2708688","Pizza, cheese, whole wheat thick crust","Pizza","1 piece, large pizza","64370","piece","1","132","132.0000"
"2708688","Pizza, cheese, whole wheat thick crust","Pizza","1 piece, extra-large pizza","64417","piece","1","139","139.0000"
"2708688","Pizza, cheese, whole wheat thick crust","Pizza","1 piece, medium pizza","64369","piece","1","93","93.0000"
"2708688","Pizza, cheese, whole wheat thick crust","Pizza","1 piece, NFS","63542","piece","1","132","132.0000"
"2708689","Pizza, with meat, whole wheat thin crust","Pizza","1 piece, small pizza","64368","piece","1","86","86.0000"
"2708689","Pizza, with meat, whole wheat thin crust","Pizza","1 piece, NFS","63542","piece","1","124","124.0000"
"2708689","Pizza, with meat, whole wheat thin crust","Pizza","1 piece, large pizza","64370","piece","1","124","124.0000"
"2708689","Pizza, with meat, whole wheat thin crust","Pizza","1 piece, extra-large pizza","64417","piece","1","134","134.0000"
"2708689","Pizza, with meat, whole wheat thin crust","Pizza","1 piece, medium pizza","64369","piece","1","88","88.0000"
"2708690","Pizza, with meat, whole wheat thick crust","Pizza","1 piece, medium pizza","64369","piece","1","112","112.0000"
"2708690","Pizza, with meat, whole wheat thick crust","Pizza","1 piece, small pizza","64368","piece","1","96","96.0000"
"2708690","Pizza, with meat, whole wheat thick crust","Pizza","1 piece, large pizza","64370","piece","1","139","139.0000"
"2708690","Pizza, with meat, whole wheat thick crust","Pizza","1 piece, extra-large pizza","64417","piece","1","147","147.0000"
"2708690","Pizza, with meat, whole wheat thick crust","Pizza","1 piece, NFS","63542","piece","1","139","139.0000"
"2708691","Pizza, cheese and vegetables, whole wheat thin crust","Pizza","1 piece, small pizza","64368","piece","1","89","89.0000"
"2708691","Pizza, cheese and vegetables, whole wheat thin crust","Pizza","1 piece, NFS","63542","piece","1","133","133.0000"
"2708691","Pizza, cheese and vegetables, whole wheat thin crust","Pizza","1 piece, large pizza","64370","piece","1","133","133.0000"
"2708691","Pizza, cheese and vegetables, whole wheat thin crust","Pizza","1 piece, medium pizza","64369","piece","1","97","97.0000"
"2708691","Pizza, cheese and vegetables, whole wheat thin crust","Pizza","1 piece, extra-large pizza","64417","piece","1","133","133.0000"
"2708692","Pizza, cheese and vegetables, whole wheat thick crust","Pizza","1 piece, large pizza","64370","piece","1","149","149.0000"
"2708692","Pizza, cheese and vegetables, whole wheat thick crust","Pizza","1 piece, NFS","63542","piece","1","149","149.0000"
"2708692","Pizza, cheese and vegetables, whole wheat thick crust","Pizza","1 piece, medium pizza","64369","piece","1","104","104.0000"
"2708692","Pizza, cheese and vegetables, whole wheat thick crust","Pizza","1 piece, extra-large pizza","64417","piece","1","155","155.0000"
"2708692","Pizza, cheese and vegetables, whole wheat thick crust","Pizza","1 piece, small pizza","64368","piece","1","94","94.0000"
"2708693","Pizza, cheese, gluten-free thin crust","Pizza","1 piece, large pizza","64370","piece","1","119","119.0000"
"2708693","Pizza, cheese, gluten-free thin crust","Pizza","1 piece, small pizza","64368","piece","1","80","80.0000"
"2708693","Pizza, cheese, gluten-free thin crust","Pizza","1 piece, NFS","63542","piece","1","119","119.0000"
"2708693","Pizza, cheese, gluten-free thin crust","Pizza","1 piece, medium pizza","64369","piece","1","86","86.0000"
"2708693","Pizza, cheese, gluten-free thin crust","Pizza","1 piece, extra-large pizza","64417","piece","1","128","128.0000"
"2708694","Pizza, cheese, gluten-free thick crust","Pizza","1 piece, medium pizza","64369","piece","1","93","93.0000"
"2708694","Pizza, cheese, gluten-free thick crust","Pizza","1 piece, large pizza","64370","piece","1","132","132.0000"
"2708694","Pizza, cheese, gluten-free thick crust","Pizza","1 piece, extra-large pizza","64417","piece","1","139","139.0000"
"2708694","Pizza, cheese, gluten-free thick crust","Pizza","1 piece, NFS","63542","piece","1","132","132.0000"
"2708694","Pizza, cheese, gluten-free thick crust","Pizza","1 piece, small pizza","64368","piece","1","90","90.0000"
"2708695","Pizza, with meat, gluten-free thin crust","Pizza","1 piece, NFS","63542","piece","1","124","124.0000"
"2708695","Pizza, with meat, gluten-free thin crust","Pizza","1 piece, medium pizza","64369","piece","1","88","88.0000"
"2708695","Pizza, with meat, gluten-free thin crust","Pizza","1 piece, large pizza","64370","piece","1","124","124.0000"
"2708695","Pizza, with meat, gluten-free thin crust","Pizza","1 piece, extra-large pizza","64417","piece","1","134","134.0000"
"2708695","Pizza, with meat, gluten-free thin crust","Pizza","1 piece, small pizza","64368","piece","1","86","86.0000"
"2708696","Pizza, with meat, gluten-free thick crust","Pizza","1 piece, NFS","63542","piece","1","139","139.0000"
"2708696","Pizza, with meat, gluten-free thick crust","Pizza","1 piece, extra-large pizza","64417","piece","1","147","147.0000"
"2708696","Pizza, with meat, gluten-free thick crust","Pizza","1 piece, medium pizza","64369","piece","1","112","112.0000"
"2708696","Pizza, with meat, gluten-free thick crust","Pizza","1 piece, small pizza","64368","piece","1","96","96.0000"
"2708696","Pizza, with meat, gluten-free thick crust","Pizza","1 piece, large pizza","64370","piece","1","139","139.0000"
"2708697","Pizza, cheese and vegetables, gluten-free thin crust","Pizza","1 piece, small pizza","64368","piece","1","89","89.0000"
"2708697","Pizza, cheese and vegetables, gluten-free thin crust","Pizza","1 piece, extra-large pizza","64417","piece","1","133","133.0000"
"2708697","Pizza, cheese and vegetables, gluten-free thin crust","Pizza","1 piece, medium pizza","64369","piece","1","97","97.0000"
"2708697","Pizza, cheese and vegetables, gluten-free thin crust","Pizza","1 piece, NFS","63542","piece","1","133","133.0000"
"2708697","Pizza, cheese and vegetables, gluten-free thin crust","Pizza","1 piece, large pizza","64370","piece","1","133","133.0000"
"2708698","Pizza, cheese and vegetables, gluten-free thick crust","Pizza","1 piece, extra-large pizza","64417","piece","1","155","155.0000"
"2708698","Pizza, cheese and vegetables, gluten-free thick crust","Pizza","1 piece, large pizza","64370","piece","1","149","149.0000"
"2708698","Pizza, cheese and vegetables, gluten-free thick crust","Pizza","1 piece, medium pizza","64369","piece","1","104","104.0000"
"2708698","Pizza, cheese and vegetables, gluten-free thick crust","Pizza","1 piece, small pizza","64368","piece","1","94","94.0000"
"2708698","Pizza, cheese and vegetables, gluten-free thick crust","Pizza","1 piece, NFS","63542","piece","1","149","149.0000"
"2708699","Breakfast pizza with egg","Egg/breakfast sandwiches","1 piece, NFS","63542","piece","1","144","144.0000"
"2708699","Breakfast pizza with egg","Egg/breakfast sandwiches","1 piece, extra-large pizza","64417","piece","1","151","151.0000"
"2708699","Breakfast pizza with egg","Egg/breakfast sandwiches","1 piece, small pizza","64368","piece","1","79","79.0000"
"2708699","Breakfast pizza with egg","Egg/breakfast sandwiches","1 piece, medium pizza","64369","piece","1","102","102.0000"
"2708699","Breakfast pizza with egg","Egg/breakfast sandwiches","1 piece, large pizza","64370","piece","1","144","144.0000"
"2708701","Egg roll, with shrimp","Egg rolls, dumplings, sushi","1 cup","10205","cup","1","125","125.0000"
"2708702","Egg roll, with beef and/or pork","Egg rolls, dumplings, sushi","1 cup","10205","cup","1","125","125.0000"
"2708703","Egg roll, with chicken or turkey","Egg rolls, dumplings, sushi","1 cup","10205","cup","1","125","125.0000"
"2708704","Roll with meat and/or shrimp, vegetables and rice paper, not fried","Egg rolls, dumplings, sushi","1 cup","10205","cup","1","83","83.0000"
"2708705","Wonton, dumpling or pot sticker, fried","Egg rolls, dumplings, sushi","1 cup","10205","cup","1","75","75.0000"
"2708706","Wonton, dumpling or pot sticker, fried, no meat","Egg rolls, dumplings, sushi","1 cup","10205","cup","1","75","75.0000"
"2708707","Puffs, fried, crab meat and cream cheese filled","Egg rolls, dumplings, sushi","1 cup","10205","cup","1","77","77.0000"
"2708708","Wonton, dumpling or pot sticker, steamed","Egg rolls, dumplings, sushi","1 cup","10205","cup","1","75","75.0000"
"2708715","Cornmeal stick, Puerto Rican style","Biscuits, muffins, quick breads","1 stick (3"" x 3/4"")","62244","stick","1","20","20.0000"
"2708720","Pierogi","Turnovers and other grain-based items","1 cup","10205","cup","1","80","80.0000"
"2708721","Gnocchi, cheese","Pasta mixed dishes, excludes macaroni and cheese","1 cup","10205","cup","1","70","70.0000"
"2708722","Gnocchi, potato","Pasta mixed dishes, excludes macaroni and cheese","1 piece","61667","piece","1","26","26.0000"
"2708722","Gnocchi, potato","Pasta mixed dishes, excludes macaroni and cheese","1 cup","10205","cup","1","188","188.0000"
"2708729","Spanakopita","Turnovers and other grain-based items","1 cup","10205","cup","1","120","120.0000"
"2708731","Quiche with meat, poultry or fish","Turnovers and other grain-based items","1 piece (1/8 of 9"" dia)","61709","piece","1","192","192.0000"
"2708731","Quiche with meat, poultry or fish","Turnovers and other grain-based items","1 cup","10205","cup","1","160","160.0000"
"2708732","Spinach quiche, meatless","Turnovers and other grain-based items","1 cup","10205","cup","1","160","160.0000"
"2708732","Spinach quiche, meatless","Turnovers and other grain-based items","1 piece (1/8 of 9"" dia)","61709","piece","1","143","143.0000"
"2708733","Cheese quiche, meatless","Turnovers and other grain-based items","1 piece (1/8 of 9"" dia)","61709","piece","1","192","192.0000"
"2708733","Cheese quiche, meatless","Turnovers and other grain-based items","1 cup","10205","cup","1","160","160.0000"
"2708745","Chicken cornbread","Poultry mixed dishes","1 cup","10205","cup","1","92","92.0000"
"2708745","Chicken cornbread","Poultry mixed dishes","1 piece (2-1/2"" x 2-1/2"" x 1-1/2"")","61717","piece","1","67","67.0000"
"2708746","Cornmeal dressing with chicken or turkey and vegetables","Turnovers and other grain-based items","1 cup","10205","cup","1","161","161.0000"
"2708747","Dressing with oysters","Turnovers and other grain-based items","1 cup","10205","cup","1","161","161.0000"
"2708748","Dressing with chicken or turkey and vegetables","Turnovers and other grain-based items","1 cup","10205","cup","1","161","161.0000"
"2708749","Dressing with meat and vegetables","Turnovers and other grain-based items","1 cup","10205","cup","1","161","161.0000"
"2708750","Lasagna with meat","Pasta mixed dishes, excludes macaroni and cheese","1 cup","10205","cup","1","250","250.0000"
"2708750","Lasagna with meat","Pasta mixed dishes, excludes macaroni and cheese","1 piece (1/6 of 8"" square, approx 2-1/2"" x 4"")","61700","piece","1","206","206.0000"
"2708750","Lasagna with meat","Pasta mixed dishes, excludes macaroni and cheese","1 piece (1/8 of 7"" x 12"", approx 3-1/2"" x 3"")","61706","piece","1","232","232.0000"
"2708751","Lasagna with meat, canned","Pasta mixed dishes, excludes macaroni and cheese","1 can (15 oz)","63669","can","1","425","425.0000"
"2708751","Lasagna with meat, canned","Pasta mixed dishes, excludes macaroni and cheese","1 cup","10205","cup","1","250","250.0000"
"2708752","Lasagna with meat, from restaurant","Pasta mixed dishes, excludes macaroni and cheese","1 piece (1/6 of 8"" square, approx 2-1/2"" x 4"")","61700","piece","1","206","206.0000"
"2708752","Lasagna with meat, from restaurant","Pasta mixed dishes, excludes macaroni and cheese","1 cup","10205","cup","1","250","250.0000"
"2708752","Lasagna with meat, from restaurant","Pasta mixed dishes, excludes macaroni and cheese","1 piece (1/8 of 7"" x 12"", approx 3-1/2"" x 3"")","61706","piece","1","232","232.0000"
"2708753","Lasagna with meat, home recipe","Pasta mixed dishes, excludes macaroni and cheese","1 piece (1/8 of 7"" x 12"", approx 3-1/2"" x 3"")","61706","piece","1","232","232.0000"
"2708753","Lasagna with meat, home recipe","Pasta mixed dishes, excludes macaroni and cheese","1 piece (1/6 of 8"" square, approx 2-1/2"" x 4"")","61700","piece","1","206","206.0000"
"2708753","Lasagna with meat, home recipe","Pasta mixed dishes, excludes macaroni and cheese","1 cup","10205","cup","1","250","250.0000"
"2708754","Lasagna with meat, frozen","Pasta mixed dishes, excludes macaroni and cheese","1 piece (1/6 of 8"" square, approx 2-1/2"" x 4"")","61700","piece","1","206","206.0000"
"2708754","Lasagna with meat, frozen","Pasta mixed dishes, excludes macaroni and cheese","1 cup","10205","cup","1","250","250.0000"
"2708754","Lasagna with meat, frozen","Pasta mixed dishes, excludes macaroni and cheese","1 piece (1/8 of 7"" x 12"", approx 3-1/2"" x 3"")","61706","piece","1","232","232.0000"
"2708755","Lasagna with meat and spinach","Pasta mixed dishes, excludes macaroni and cheese","1 piece (1/6 of 8"" square, approx 2-1/2"" x 4"")","61700","piece","1","206","206.0000"
"2708755","Lasagna with meat and spinach","Pasta mixed dishes, excludes macaroni and cheese","1 cup","10205","cup","1","250","250.0000"
"2708755","Lasagna with meat and spinach","Pasta mixed dishes, excludes macaroni and cheese","1 piece (1/8 of 7"" x 12"", approx 3-1/2"" x 3"")","61706","piece","1","232","232.0000"
"2708756","Lasagna with chicken or turkey","Pasta mixed dishes, excludes macaroni and cheese","1 cup","10205","cup","1","250","250.0000"
"2708756","Lasagna with chicken or turkey","Pasta mixed dishes, excludes macaroni and cheese","1 piece (1/8 of 7"" x 12"", approx 3-1/2"" x 3"")","61706","piece","1","232","232.0000"
"2708756","Lasagna with chicken or turkey","Pasta mixed dishes, excludes macaroni and cheese","1 piece (1/6 of 8"" square, approx 2-1/2"" x 4"")","61700","piece","1","206","206.0000"
"2708757","Lasagna, with chicken or turkey, and spinach","Pasta mixed dishes, excludes macaroni and cheese","1 cup","10205","cup","1","250","250.0000"
"2708757","Lasagna, with chicken or turkey, and spinach","Pasta mixed dishes, excludes macaroni and cheese","1 piece (1/6 of 8"" square, approx 2-1/2"" x 4"")","61700","piece","1","206","206.0000"
"2708757","Lasagna, with chicken or turkey, and spinach","Pasta mixed dishes, excludes macaroni and cheese","1 piece (1/8 of 7"" x 12"", approx 3-1/2"" x 3"")","61706","piece","1","232","232.0000"
"2708758","Lasagna, meatless","Pasta mixed dishes, excludes macaroni and cheese","1 piece (1/8 of 7"" x 12"", approx 3-1/2"" x 3"")","61706","piece","1","256","256.0000"
"2708758","Lasagna, meatless","Pasta mixed dishes, excludes macaroni and cheese","1 piece (1/6 of 8"" square, approx 2-1/2"" x 4"")","61700","piece","1","227","227.0000"
"2708758","Lasagna, meatless","Pasta mixed dishes, excludes macaroni and cheese","1 cup","10205","cup","1","250","250.0000"
"2708759","Lasagna, meatless, with vegetables","Pasta mixed dishes, excludes macaroni and cheese","1 piece (1/8 of 7"" x 12"", approx 3-1/2"" x 3"")","61706","piece","1","256","256.0000"
"2708759","Lasagna, meatless, with vegetables","Pasta mixed dishes, excludes macaroni and cheese","1 cup","10205","cup","1","250","250.0000"
"2708759","Lasagna, meatless, with vegetables","Pasta mixed dishes, excludes macaroni and cheese","1 piece (1/6 of 8"" square, approx 2-1/2"" x 4"")","61700","piece","1","227","227.0000"
"2708760","Ravioli, NS as to filling, no sauce","Pasta mixed dishes, excludes macaroni and cheese","1 cup","10205","cup","1","160","160.0000"
"2708760","Ravioli, NS as to filling, no sauce","Pasta mixed dishes, excludes macaroni and cheese","1 piece","61667","piece","1","15","15.0000"
"2708761","Ravioli, NS as to filling, with tomato sauce","Pasta mixed dishes, excludes macaroni and cheese","1 cup","10205","cup","1","250","250.0000"
"2708761","Ravioli, NS as to filling, with tomato sauce","Pasta mixed dishes, excludes macaroni and cheese","1 piece","61667","piece","1","38","38.0000"
"2708762","Ravioli, NS as to filling, with cream sauce","Pasta mixed dishes, excludes macaroni and cheese","1 cup","10205","cup","1","250","250.0000"
"2708762","Ravioli, NS as to filling, with cream sauce","Pasta mixed dishes, excludes macaroni and cheese","1 piece","61667","piece","1","38","38.0000"
"2708763","Ravioli, meat-filled, no sauce","Pasta mixed dishes, excludes macaroni and cheese","1 piece","61667","piece","1","15","15.0000"
"2708763","Ravioli, meat-filled, no sauce","Pasta mixed dishes, excludes macaroni and cheese","1 cup","10205","cup","1","160","160.0000"
"2708764","Ravioli, meat-filled, with tomato sauce or meat sauce","Pasta mixed dishes, excludes macaroni and cheese","1 cup","10205","cup","1","250","250.0000"
"2708764","Ravioli, meat-filled, with tomato sauce or meat sauce","Pasta mixed dishes, excludes macaroni and cheese","1 piece","61667","piece","1","35","35.0000"
"2708765","Ravioli, meat-filled, with tomato sauce or meat sauce, canned","Pasta mixed dishes, excludes macaroni and cheese","1 can (15 oz)","63669","can","1","425","425.0000"
"2708765","Ravioli, meat-filled, with tomato sauce or meat sauce, canned","Pasta mixed dishes, excludes macaroni and cheese","1 piece","61667","piece","1","33","33.0000"
"2708765","Ravioli, meat-filled, with tomato sauce or meat sauce, canned","Pasta mixed dishes, excludes macaroni and cheese","1 cup","10205","cup","1","251","251.0000"
"2708766","Ravioli, meat-filled, with cream sauce","Pasta mixed dishes, excludes macaroni and cheese","1 cup","10205","cup","1","250","250.0000"
"2708766","Ravioli, meat-filled, with cream sauce","Pasta mixed dishes, excludes macaroni and cheese","1 piece","61667","piece","1","35","35.0000"
"2708767","Ravioli, cheese-filled, no sauce","Pasta mixed dishes, excludes macaroni and cheese","1 cup","10205","cup","1","160","160.0000"
"2708767","Ravioli, cheese-filled, no sauce","Pasta mixed dishes, excludes macaroni and cheese","1 piece","61667","piece","1","15","15.0000"
"2708768","Ravioli, cheese-filled, with tomato sauce","Pasta mixed dishes, excludes macaroni and cheese","1 cup","10205","cup","1","250","250.0000"
"2708768","Ravioli, cheese-filled, with tomato sauce","Pasta mixed dishes, excludes macaroni and cheese","1 piece","61667","piece","1","38","38.0000"
"2708769","Ravioli, cheese-filled, with tomato sauce, canned","Pasta mixed dishes, excludes macaroni and cheese","1 piece","61667","piece","1","25","25.0000"
"2708769","Ravioli, cheese-filled, with tomato sauce, canned","Pasta mixed dishes, excludes macaroni and cheese","1 can (15 oz)","63669","can","1","425","425.0000"
"2708769","Ravioli, cheese-filled, with tomato sauce, canned","Pasta mixed dishes, excludes macaroni and cheese","1 cup","10205","cup","1","246","246.0000"
"2708770","Ravioli, cheese-filled, with meat sauce","Pasta mixed dishes, excludes macaroni and cheese","1 cup","10205","cup","1","250","250.0000"
"2708770","Ravioli, cheese-filled, with meat sauce","Pasta mixed dishes, excludes macaroni and cheese","1 piece","61667","piece","1","35","35.0000"
"2708771","Ravioli, cheese-filled, with cream sauce","Pasta mixed dishes, excludes macaroni and cheese","1 cup","10205","cup","1","250","250.0000"
"2708771","Ravioli, cheese-filled, with cream sauce","Pasta mixed dishes, excludes macaroni and cheese","1 piece","61667","piece","1","38","38.0000"
"2708772","Ravioli, cheese and spinach-filled, no sauce","Pasta mixed dishes, excludes macaroni and cheese","1 cup","10205","cup","1","160","160.0000"
"2708772","Ravioli, cheese and spinach-filled, no sauce","Pasta mixed dishes, excludes macaroni and cheese","1 piece","61667","piece","1","15","15.0000"
"2708773","Ravioli, cheese and spinach-filled, with cream sauce","Pasta mixed dishes, excludes macaroni and cheese","1 piece","61667","piece","1","38","38.0000"
"2708773","Ravioli, cheese and spinach-filled, with cream sauce","Pasta mixed dishes, excludes macaroni and cheese","1 cup","10205","cup","1","250","250.0000"
"2708774","Ravioli, cheese and spinach filled, with tomato sauce","Pasta mixed dishes, excludes macaroni and cheese","1 cup","10205","cup","1","250","250.0000"
"2708774","Ravioli, cheese and spinach filled, with tomato sauce","Pasta mixed dishes, excludes macaroni and cheese","1 piece","61667","piece","1","38","38.0000"
"2708776","Manicotti, cheese-filled, with tomato sauce, meatless","Pasta mixed dishes, excludes macaroni and cheese","1 cup","10205","cup","1","235","235.0000"
"2708779","Stuffed shells, cheese-filled, no sauce","Pasta mixed dishes, excludes macaroni and cheese","1 cup","10205","cup","1","152","152.0000"
"2708782","Stuffed shells, cheese- and spinach- filled, no sauce","Pasta mixed dishes, excludes macaroni and cheese","1 cup","10205","cup","1","152","152.0000"
"2708785","Tortellini, meat-filled, with tomato sauce","Pasta mixed dishes, excludes macaroni and cheese","1 cup","10205","cup","1","210","210.0000"
"2708786","Tortellini, meat-filled, with tomato sauce, canned","Pasta mixed dishes, excludes macaroni and cheese","1 cup","10205","cup","1","233","233.0000"
"2708786","Tortellini, meat-filled, with tomato sauce, canned","Pasta mixed dishes, excludes macaroni and cheese","1 can (15 oz)","63669","can","1","425","425.0000"
"2708787","Tortellini, cheese-filled, meatless, with tomato sauce","Pasta mixed dishes, excludes macaroni and cheese","1 cup","10205","cup","1","250","250.0000"
"2708788","Tortellini, cheese-filled, meatless, with tomato sauce, canned","Pasta mixed dishes, excludes macaroni and cheese","1 cup","10205","cup","1","247","247.0000"
"2708788","Tortellini, cheese-filled, meatless, with tomato sauce, canned","Pasta mixed dishes, excludes macaroni and cheese","1 can (15 oz)","63669","can","1","425","425.0000"
"2708789","Tortellini, cheese-filled, meatless, with vinaigrette dressing","Pasta mixed dishes, excludes macaroni and cheese","1 cup","10205","cup","1","169","169.0000"
"2708790","Tortellini, meat-filled, no sauce","Pasta mixed dishes, excludes macaroni and cheese","1 cup","10205","cup","1","190","190.0000"
"2708791","Tortellini, cheese-filled, with cream sauce","Pasta mixed dishes, excludes macaroni and cheese","1 cup","10205","cup","1","250","250.0000"
"2708792","Tortellini, cheese-filled, no sauce","Pasta mixed dishes, excludes macaroni and cheese","1 cup","10205","cup","1","150","150.0000"
"2708792","Tortellini, cheese-filled, no sauce","Pasta mixed dishes, excludes macaroni and cheese","1 piece","61667","piece","1","4.8","4.8000"
"2708793","Tortellini, spinach-filled, with tomato sauce","Pasta mixed dishes, excludes macaroni and cheese","1 cup","10205","cup","1","200","200.0000"
"2708794","Tortellini, spinach-filled, no sauce","Pasta mixed dishes, excludes macaroni and cheese","1 cup","10205","cup","1","122","122.0000"
"2708795","Cannelloni, cheese- and spinach-filled, no sauce","Pasta mixed dishes, excludes macaroni and cheese","1 cup","10205","cup","1","208","208.0000"
"2708796","Chow fun noodles with meat and vegetables","Fried rice and lo/chow mein","1 cup","10205","cup","1","152","152.0000"
"2708797","Chow fun noodles with vegetables, meatless","Fried rice and lo/chow mein","1 cup","10205","cup","1","152","152.0000"
"2708798","Lo mein, NFS","Fried rice and lo/chow mein","1 cup","10205","cup","1","200","200.0000"
"2708799","Lo mein, meatless","Fried rice and lo/chow mein","1 cup","10205","cup","1","200","200.0000"
"2708800","Lo mein, with shrimp","Fried rice and lo/chow mein","1 cup","10205","cup","1","200","200.0000"
"2708801","Lo mein, with pork","Fried rice and lo/chow mein","1 cup","10205","cup","1","200","200.0000"
"2708802","Lo mein, with beef","Fried rice and lo/chow mein","1 cup","10205","cup","1","200","200.0000"
"2708803","Lo mein, with chicken","Fried rice and lo/chow mein","1 cup","10205","cup","1","200","200.0000"
"2708804","Pad Thai, NFS","Fried rice and lo/chow mein","1 cup","10205","cup","1","200","200.0000"
"2708805","Pad Thai, meatless","Fried rice and lo/chow mein","1 cup","10205","cup","1","200","200.0000"
"2708806","Pad Thai with chicken","Fried rice and lo/chow mein","1 cup","10205","cup","1","200","200.0000"
"2708807","Pad Thai with seafood","Fried rice and lo/chow mein","1 cup","10205","cup","1","200","200.0000"
"2708808","Pad Thai with meat","Fried rice and lo/chow mein","1 cup","10205","cup","1","200","200.0000"
"2708809","Adobo, with noodles","Poultry mixed dishes","1 cup","10205","cup","1","224","224.0000"
"2708810","Macaroni with tuna, Puerto Rican style","Pasta mixed dishes, excludes macaroni and cheese","1 cup","10205","cup","1","225","225.0000"
"2708811","Macaroni or noodles with cheese","Macaroni and cheese","1 cup","10205","cup","1","230","230.0000"
"2708812","Macaroni or noodles with cheese, from restaurant","Macaroni and cheese","1 cup","10205","cup","1","230","230.0000"
"2708813","Macaroni or noodles with cheese, made from packaged mix","Macaroni and cheese","1 cup","10205","cup","1","230","230.0000"
"2708814","Macaroni or noodles with cheese, canned","Macaroni and cheese","1 cup","10205","cup","1","230","230.0000"
"2708815","Macaroni or noodles with cheese, Easy Mac type","Macaroni and cheese","1 cup","10205","cup","1","230","230.0000"
"2708816","Macaroni or noodles with cheese, made from reduced fat packaged mix","Macaroni and cheese","1 cup","10205","cup","1","230","230.0000"
"2708817","Macaroni or noodles with cheese and tuna","Macaroni and cheese","1 cup","10205","cup","1","230","230.0000"
"2708818","Macaroni or noodles with cheese and meat","Macaroni and cheese","1 cup","10205","cup","1","230","230.0000"
"2708819","Macaroni or noodles with cheese and meat, prepared from Hamburger Helper mix","Macaroni and cheese","1 cup","10205","cup","1","230","230.0000"
"2708820","Macaroni or noodles with cheese and tomato","Macaroni and cheese","1 cup","10205","cup","1","230","230.0000"
"2708821","Macaroni or noodles with cheese and frankfurters or hot dogs","Macaroni and cheese","1 cup","10205","cup","1","230","230.0000"
"2708822","Macaroni or noodles with cheese and egg","Macaroni and cheese","1 cup","10205","cup","1","230","230.0000"
"2708823","Macaroni or noodles with cheese and chicken or turkey","Macaroni and cheese","1 cup","10205","cup","1","230","230.0000"
"2708824","Macaroni or noodles with cheese, whole grain","Macaroni and cheese","1 cup","10205","cup","1","230","230.0000"
"2708825","Pasta with tomato-based sauce, cheese and meat","Pasta mixed dishes, excludes macaroni and cheese","1 cup","10205","cup","1","250","250.0000"
"2708826","Pasta with tomato-based sauce and cheese","Pasta mixed dishes, excludes macaroni and cheese","1 cup","10205","cup","1","250","250.0000"
"2708827","Pasta with vegetables, no sauce or dressing","Pasta mixed dishes, excludes macaroni and cheese","1 cup","10205","cup","1","150","150.0000"
"2708828","Pasta with sauce, NFS","Pasta mixed dishes, excludes macaroni and cheese","1 cup","10205","cup","1","250","250.0000"
"2708829","Pasta with sauce, meatless, school lunch","Pasta mixed dishes, excludes macaroni and cheese","1 cup","10205","cup","1","250","250.0000"
"2708830","Pasta with tomato-based sauce, restaurant","Pasta mixed dishes, excludes macaroni and cheese","1 cup","10205","cup","1","250","250.0000"
"2708831","Pasta with tomato-based sauce, home recipe","Pasta mixed dishes, excludes macaroni and cheese","1 cup","10205","cup","1","250","250.0000"
"2708832","Pasta with tomato-based sauce, ready-to-heat","Pasta mixed dishes, excludes macaroni and cheese","1 can","60482","can","1","425","425.0000"
"2708832","Pasta with tomato-based sauce, ready-to-heat","Pasta mixed dishes, excludes macaroni and cheese","1 cup","10205","cup","1","250","250.0000"
"2708833","Pasta with tomato-based sauce, and added vegetables, restaurant","Pasta mixed dishes, excludes macaroni and cheese","1 cup","10205","cup","1","250","250.0000"
"2708834","Pasta with tomato-based sauce, and added vegetables, home recipe","Pasta mixed dishes, excludes macaroni and cheese","1 cup","10205","cup","1","250","250.0000"
"2708835","Pasta with tomato-based sauce, and added vegetables, ready-to-heat","Pasta mixed dishes, excludes macaroni and cheese","1 can","60482","can","1","425","425.0000"
"2708835","Pasta with tomato-based sauce, and added vegetables, ready-to-heat","Pasta mixed dishes, excludes macaroni and cheese","1 cup","10205","cup","1","250","250.0000"
"2708836","Pasta with sauce and meat, from school lunch","Pasta mixed dishes, excludes macaroni and cheese","1 cup","10205","cup","1","250","250.0000"
"2708837","Pasta with tomato-based sauce and meat, restaurant","Pasta mixed dishes, excludes macaroni and cheese","1 cup","10205","cup","1","250","250.0000"
"2708838","Pasta with tomato-based sauce and meat, home recipe","Pasta mixed dishes, excludes macaroni and cheese","1 cup","10205","cup","1","250","250.0000"
"2708839","Pasta with tomato-based sauce and meat, ready-to-heat","Pasta mixed dishes, excludes macaroni and cheese","1 can","60482","can","1","425","425.0000"
"2708839","Pasta with tomato-based sauce and meat, ready-to-heat","Pasta mixed dishes, excludes macaroni and cheese","1 cup","10205","cup","1","250","250.0000"
"2708840","Pasta with tomato-based sauce, meat, and added vegetables, restaurant","Pasta mixed dishes, excludes macaroni and cheese","1 cup","10205","cup","1","250","250.0000"
"2708841","Pasta with tomato-based sauce, meat, and added vegetables, home recipe","Pasta mixed dishes, excludes macaroni and cheese","1 cup","10205","cup","1","250","250.0000"
"2708842","Pasta with tomato-based sauce, meat, and added vegetables, ready-to-heat","Pasta mixed dishes, excludes macaroni and cheese","1 can","60482","can","1","425","425.0000"
"2708842","Pasta with tomato-based sauce, meat, and added vegetables, ready-to-heat","Pasta mixed dishes, excludes macaroni and cheese","1 cup","10205","cup","1","250","250.0000"
"2708843","Pasta with tomato-based sauce and poultry, restaurant","Pasta mixed dishes, excludes macaroni and cheese","1 cup","10205","cup","1","250","250.0000"
"2708844","Pasta with tomato-based sauce and poultry, home recipe","Pasta mixed dishes, excludes macaroni and cheese","1 cup","10205","cup","1","250","250.0000"
"2708845","Pasta with tomato-based sauce and poultry, ready-to-heat","Pasta mixed dishes, excludes macaroni and cheese","1 cup","10205","cup","1","250","250.0000"
"2708845","Pasta with tomato-based sauce and poultry, ready-to-heat","Pasta mixed dishes, excludes macaroni and cheese","1 can","60482","can","1","425","425.0000"
"2708846","Pasta with tomato-based sauce, poultry, and added vegetables, restaurant","Pasta mixed dishes, excludes macaroni and cheese","1 cup","10205","cup","1","250","250.0000"
"2708847","Pasta with tomato-based sauce, poultry, and added vegetables, home recipe","Pasta mixed dishes, excludes macaroni and cheese","1 cup","10205","cup","1","250","250.0000"
"2708848","Pasta with tomato-based sauce, poultry, and added vegetables, ready-to-heat","Pasta mixed dishes, excludes macaroni and cheese","1 can","60482","can","1","425","425.0000"
"2708848","Pasta with tomato-based sauce, poultry, and added vegetables, ready-to-heat","Pasta mixed dishes, excludes macaroni and cheese","1 cup","10205","cup","1","250","250.0000"
"2708849","Pasta with tomato-based sauce and seafood, restaurant","Pasta mixed dishes, excludes macaroni and cheese","1 cup","10205","cup","1","250","250.0000"
"2708850","Pasta with tomato-based sauce and seafood, home recipe","Pasta mixed dishes, excludes macaroni and cheese","1 cup","10205","cup","1","250","250.0000"
"2708851","Pasta with tomato-based sauce and seafood, ready-to-heat","Pasta mixed dishes, excludes macaroni and cheese","1 cup","10205","cup","1","250","250.0000"
"2708851","Pasta with tomato-based sauce and seafood, ready-to-heat","Pasta mixed dishes, excludes macaroni and cheese","1 can","60482","can","1","425","425.0000"
"2708852","Pasta with tomato-based sauce, seafood, and added vegetables, restaurant","Pasta mixed dishes, excludes macaroni and cheese","1 cup","10205","cup","1","250","250.0000"
"2708853","Pasta with tomato-based sauce, seafood, and added vegetables, home recipe","Pasta mixed dishes, excludes macaroni and cheese","1 cup","10205","cup","1","250","250.0000"
"2708854","Pasta with tomato-based sauce, seafood, and added vegetables, ready-to-heat","Pasta mixed dishes, excludes macaroni and cheese","1 can","60482","can","1","425","425.0000"
"2708854","Pasta with tomato-based sauce, seafood, and added vegetables, ready-to-heat","Pasta mixed dishes, excludes macaroni and cheese","1 cup","10205","cup","1","250","250.0000"
"2708855","Pasta with cream sauce, restaurant","Pasta mixed dishes, excludes macaroni and cheese","1 cup","10205","cup","1","250","250.0000"
"2708856","Pasta with cream sauce, home recipe","Pasta mixed dishes, excludes macaroni and cheese","1 cup","10205","cup","1","250","250.0000"
"2708857","Pasta with cream sauce, ready-to-heat","Pasta mixed dishes, excludes macaroni and cheese","1 cup","10205","cup","1","250","250.0000"
"2708857","Pasta with cream sauce, ready-to-heat","Pasta mixed dishes, excludes macaroni and cheese","1 can","60482","can","1","425","425.0000"
"2708858","Pasta with cream sauce and added vegetables, restaurant","Pasta mixed dishes, excludes macaroni and cheese","1 cup","10205","cup","1","250","250.0000"
"2708859","Pasta with cream sauce and added vegetables, from home recipe","Pasta mixed dishes, excludes macaroni and cheese","1 cup","10205","cup","1","250","250.0000"
"2708860","Pasta with cream sauce and added vegetables, ready-to-heat","Pasta mixed dishes, excludes macaroni and cheese","1 can","60482","can","1","425","425.0000"
"2708860","Pasta with cream sauce and added vegetables, ready-to-heat","Pasta mixed dishes, excludes macaroni and cheese","1 cup","10205","cup","1","250","250.0000"
"2708861","Pasta with cream sauce and meat, restaurant","Pasta mixed dishes, excludes macaroni and cheese","1 cup","10205","cup","1","250","250.0000"
"2708862","Pasta with cream sauce and meat, home recipe","Pasta mixed dishes, excludes macaroni and cheese","1 cup","10205","cup","1","250","250.0000"
"2708863","Pasta with cream sauce and meat, ready-to-heat","Pasta mixed dishes, excludes macaroni and cheese","1 can","60482","can","1","425","425.0000"
"2708863","Pasta with cream sauce and meat, ready-to-heat","Pasta mixed dishes, excludes macaroni and cheese","1 cup","10205","cup","1","250","250.0000"
"2708864","Pasta with cream sauce, meat, and added vegetables, restaurant","Pasta mixed dishes, excludes macaroni and cheese","1 cup","10205","cup","1","250","250.0000"
"2708865","Pasta with cream sauce, meat, and added vegetables, home recipe","Pasta mixed dishes, excludes macaroni and cheese","1 cup","10205","cup","1","250","250.0000"
"2708866","Pasta with cream sauce, meat, and added vegetables, ready-to-heat","Pasta mixed dishes, excludes macaroni and cheese","1 can","60482","can","1","425","425.0000"
"2708866","Pasta with cream sauce, meat, and added vegetables, ready-to-heat","Pasta mixed dishes, excludes macaroni and cheese","1 cup","10205","cup","1","250","250.0000"
"2708867","Pasta with cream sauce and poultry, restaurant","Pasta mixed dishes, excludes macaroni and cheese","1 cup","10205","cup","1","250","250.0000"
"2708868","Pasta with cream sauce and poultry, home recipe","Pasta mixed dishes, excludes macaroni and cheese","1 cup","10205","cup","1","250","250.0000"
"2708869","Pasta with cream sauce and poultry, ready-to-heat","Pasta mixed dishes, excludes macaroni and cheese","1 can","60482","can","1","425","425.0000"
"2708869","Pasta with cream sauce and poultry, ready-to-heat","Pasta mixed dishes, excludes macaroni and cheese","1 cup","10205","cup","1","250","250.0000"
"2708870","Pasta with cream sauce, poultry, and added vegetables, restaurant","Pasta mixed dishes, excludes macaroni and cheese","1 cup","10205","cup","1","250","250.0000"
"2708871","Pasta with cream sauce, poultry, and added vegetables, home recipe","Pasta mixed dishes, excludes macaroni and cheese","1 cup","10205","cup","1","250","250.0000"
"2708872","Pasta with cream sauce, poultry, and added vegetables, ready-to-heat","Pasta mixed dishes, excludes macaroni and cheese","1 can","60482","can","1","425","425.0000"
"2708872","Pasta with cream sauce, poultry, and added vegetables, ready-to-heat","Pasta mixed dishes, excludes macaroni and cheese","1 cup","10205","cup","1","250","250.0000"
"2708873","Pasta with cream sauce and seafood, restaurant","Pasta mixed dishes, excludes macaroni and cheese","1 cup","10205","cup","1","250","250.0000"
"2708874","Pasta with cream sauce and seafood, home recipe","Pasta mixed dishes, excludes macaroni and cheese","1 cup","10205","cup","1","250","250.0000"
"2708875","Pasta with cream sauce and seafood, ready-to-heat","Pasta mixed dishes, excludes macaroni and cheese","1 can","60482","can","1","425","425.0000"
"2708875","Pasta with cream sauce and seafood, ready-to-heat","Pasta mixed dishes, excludes macaroni and cheese","1 cup","10205","cup","1","250","250.0000"
"2708876","Pasta with cream sauce, seafood, and added vegetables, restaurant","Pasta mixed dishes, excludes macaroni and cheese","1 cup","10205","cup","1","250","250.0000"
"2708877","Pasta with cream sauce, seafood, and added vegetables, home recipe","Pasta mixed dishes, excludes macaroni and cheese","1 cup","10205","cup","1","250","250.0000"
"2708878","Pasta with cream sauce, seafood, and added vegetables, ready-to-heat","Pasta mixed dishes, excludes macaroni and cheese","1 can","60482","can","1","425","425.0000"
"2708878","Pasta with cream sauce, seafood, and added vegetables, ready-to-heat","Pasta mixed dishes, excludes macaroni and cheese","1 cup","10205","cup","1","250","250.0000"
"2708879","Pasta, whole grain, with tomato-based sauce, restaurant","Pasta mixed dishes, excludes macaroni and cheese","1 cup","10205","cup","1","250","250.0000"
"2708880","Pasta, whole grain, with tomato-based sauce, home recipe","Pasta mixed dishes, excludes macaroni and cheese","1 cup","10205","cup","1","250","250.0000"
"2708881","Pasta, whole grain, with tomato-based sauce, ready-to-heat","Pasta mixed dishes, excludes macaroni and cheese","1 cup","10205","cup","1","250","250.0000"
"2708881","Pasta, whole grain, with tomato-based sauce, ready-to-heat","Pasta mixed dishes, excludes macaroni and cheese","1 can","60482","can","1","425","425.0000"
"2708882","Pasta, whole grain, with tomato-based sauce and added vegetables, restaurant","Pasta mixed dishes, excludes macaroni and cheese","1 cup","10205","cup","1","250","250.0000"
"2708883","Pasta, whole grain, with tomato-based sauce and added vegetables, home recipe","Pasta mixed dishes, excludes macaroni and cheese","1 cup","10205","cup","1","250","250.0000"
"2708884","Pasta, whole grain, with tomato-based sauce and added vegetables, ready-to-heat","Pasta mixed dishes, excludes macaroni and cheese","1 can","60482","can","1","425","425.0000"
"2708884","Pasta, whole grain, with tomato-based sauce and added vegetables, ready-to-heat","Pasta mixed dishes, excludes macaroni and cheese","1 cup","10205","cup","1","250","250.0000"
"2708885","Pasta, whole grain, with tomato-based sauce and meat, restaurant","Pasta mixed dishes, excludes macaroni and cheese","1 cup","10205","cup","1","250","250.0000"
"2708886","Pasta, whole grain, with tomato-based sauce and meat, home recipe","Pasta mixed dishes, excludes macaroni and cheese","1 cup","10205","cup","1","250","250.0000"
"2708887","Pasta, whole grain, with tomato-based sauce and meat, ready-to-heat","Pasta mixed dishes, excludes macaroni and cheese","1 cup","10205","cup","1","250","250.0000"
"2708887","Pasta, whole grain, with tomato-based sauce and meat, ready-to-heat","Pasta mixed dishes, excludes macaroni and cheese","1 can","60482","can","1","425","425.0000"
"2708888","Pasta, whole grain, with tomato-based sauce, meat, and added vegetables, restaurant","Pasta mixed dishes, excludes macaroni and cheese","1 cup","10205","cup","1","250","250.0000"
"2708889","Pasta, whole grain, with tomato-based sauce, meat, and added vegetables, home recipe","Pasta mixed dishes, excludes macaroni and cheese","1 cup","10205","cup","1","250","250.0000"
"2708890","Pasta, whole grain, with tomato-based sauce, meat, and added vegetables, ready-to-heat","Pasta mixed dishes, excludes macaroni and cheese","1 cup","10205","cup","1","250","250.0000"
"2708890","Pasta, whole grain, with tomato-based sauce, meat, and added vegetables, ready-to-heat","Pasta mixed dishes, excludes macaroni and cheese","1 can","60482","can","1","425","425.0000"
"2708891","Pasta, whole grain, with tomato-based sauce and poultry, restaurant","Pasta mixed dishes, excludes macaroni and cheese","1 cup","10205","cup","1","250","250.0000"
"2708892","Pasta, whole grain, with tomato-based sauce and poultry, home recipe","Pasta mixed dishes, excludes macaroni and cheese","1 cup","10205","cup","1","250","250.0000"
"2708893","Pasta, whole grain, with tomato-based sauce and poultry, ready-to-heat","Pasta mixed dishes, excludes macaroni and cheese","1 cup","10205","cup","1","250","250.0000"
"2708893","Pasta, whole grain, with tomato-based sauce and poultry, ready-to-heat","Pasta mixed dishes, excludes macaroni and cheese","1 can","60482","can","1","425","425.0000"
"2708894","Pasta, whole grain, with tomato-based sauce, poultry, and added vegetables, restaurant","Pasta mixed dishes, excludes macaroni and cheese","1 cup","10205","cup","1","250","250.0000"
"2708895","Pasta, whole grain, with tomato-based sauce, poultry, and added vegetables, home recipe","Pasta mixed dishes, excludes macaroni and cheese","1 cup","10205","cup","1","250","250.0000"
"2708896","Pasta, whole grain, with tomato-based sauce, poultry, and added vegetables, ready-to-heat","Pasta mixed dishes, excludes macaroni and cheese","1 can","60482","can","1","425","425.0000"
"2708896","Pasta, whole grain, with tomato-based sauce, poultry, and added vegetables, ready-to-heat","Pasta mixed dishes, excludes macaroni and cheese","1 cup","10205","cup","1","250","250.0000"
"2708897","Pasta, whole grain, with tomato-based sauce and seafood, restaurant","Pasta mixed dishes, excludes macaroni and cheese","1 cup","10205","cup","1","250","250.0000"
"2708898","Pasta, whole grain, with tomato-based sauce and seafood, home recipe","Pasta mixed dishes, excludes macaroni and cheese","1 cup","10205","cup","1","250","250.0000"
"2708899","Pasta, whole grain, with tomato-based sauce and seafood, ready-to-heat","Pasta mixed dishes, excludes macaroni and cheese","1 can","60482","can","1","425","425.0000"
"2708899","Pasta, whole grain, with tomato-based sauce and seafood, ready-to-heat","Pasta mixed dishes, excludes macaroni and cheese","1 cup","10205","cup","1","250","250.0000"
"2708900","Pasta, whole grain, with tomato-based sauce, seafood, and added vegetables, restaurant","Pasta mixed dishes, excludes macaroni and cheese","1 cup","10205","cup","1","250","250.0000"
"2708901","Pasta, whole grain, with tomato-based sauce, seafood, and added vegetables, home recipe","Pasta mixed dishes, excludes macaroni and cheese","1 cup","10205","cup","1","250","250.0000"
"2708902","Pasta, whole grain, with tomato-based sauce, seafood, and added vegetables, ready-to-heat","Pasta mixed dishes, excludes macaroni and cheese","1 cup","10205","cup","1","250","250.0000"
"2708902","Pasta, whole grain, with tomato-based sauce, seafood, and added vegetables, ready-to-heat","Pasta mixed dishes, excludes macaroni and cheese","1 can","60482","can","1","425","425.0000"
"2708903","Pasta, whole grain, with cream sauce, restaurant","Pasta mixed dishes, excludes macaroni and cheese","1 cup","10205","cup","1","250","250.0000"
"2708904","Pasta, whole grain, with cream sauce, home recipe","Pasta mixed dishes, excludes macaroni and cheese","1 cup","10205","cup","1","250","250.0000"
"2708905","Pasta, whole grain, with cream sauce, ready-to-heat","Pasta mixed dishes, excludes macaroni and cheese","1 cup","10205","cup","1","250","250.0000"
"2708905","Pasta, whole grain, with cream sauce, ready-to-heat","Pasta mixed dishes, excludes macaroni and cheese","1 can","60482","can","1","425","425.0000"
"2708906","Pasta, whole grain, with cream sauce, and added vegetables, restaurant","Pasta mixed dishes, excludes macaroni and cheese","1 cup","10205","cup","1","250","250.0000"
"2708907","Pasta, whole grain, with cream sauce, and added vegetables, home recipe","Pasta mixed dishes, excludes macaroni and cheese","1 cup","10205","cup","1","250","250.0000"
"2708908","Pasta, whole grain, with cream sauce, and added vegetables, ready-to-heat","Pasta mixed dishes, excludes macaroni and cheese","1 cup","10205","cup","1","250","250.0000"
"2708908","Pasta, whole grain, with cream sauce, and added vegetables, ready-to-heat","Pasta mixed dishes, excludes macaroni and cheese","1 can","60482","can","1","425","425.0000"
"2708909","Pasta, whole grain, with cream sauce and meat, restaurant","Pasta mixed dishes, excludes macaroni and cheese","1 cup","10205","cup","1","250","250.0000"
"2708910","Pasta, whole grain, with cream sauce and meat, home recipe","Pasta mixed dishes, excludes macaroni and cheese","1 cup","10205","cup","1","250","250.0000"
"2708911","Pasta, whole grain, with cream sauce and meat, ready-to-heat","Pasta mixed dishes, excludes macaroni and cheese","1 can","60482","can","1","425","425.0000"
"2708911","Pasta, whole grain, with cream sauce and meat, ready-to-heat","Pasta mixed dishes, excludes macaroni and cheese","1 cup","10205","cup","1","250","250.0000"
"2708912","Pasta, whole grain, with cream sauce, meat, and added vegetables, restaurant","Pasta mixed dishes, excludes macaroni and cheese","1 cup","10205","cup","1","250","250.0000"
"2708913","Pasta, whole grain, with cream sauce, meat, and added vegetables, home recipe","Pasta mixed dishes, excludes macaroni and cheese","1 cup","10205","cup","1","250","250.0000"
"2708914","Pasta, whole grain, with cream sauce, meat, and added vegetables, ready-to-heat","Pasta mixed dishes, excludes macaroni and cheese","1 cup","10205","cup","1","250","250.0000"
"2708914","Pasta, whole grain, with cream sauce, meat, and added vegetables, ready-to-heat","Pasta mixed dishes, excludes macaroni and cheese","1 can","60482","can","1","425","425.0000"
"2708915","Pasta, whole grain, with cream sauce and poultry, restaurant","Pasta mixed dishes, excludes macaroni and cheese","1 cup","10205","cup","1","250","250.0000"
"2708916","Pasta, whole grain, with cream sauce and poultry, home recipe","Pasta mixed dishes, excludes macaroni and cheese","1 cup","10205","cup","1","250","250.0000"
"2708917","Pasta, whole grain, with cream sauce and poultry, ready-to-heat","Pasta mixed dishes, excludes macaroni and cheese","1 cup","10205","cup","1","250","250.0000"
"2708917","Pasta, whole grain, with cream sauce and poultry, ready-to-heat","Pasta mixed dishes, excludes macaroni and cheese","1 can","60482","can","1","425","425.0000"
"2708918","Pasta, whole grain, with cream sauce, poultry, and added vegetables, restaurant","Pasta mixed dishes, excludes macaroni and cheese","1 cup","10205","cup","1","250","250.0000"
"2708919","Pasta, whole grain, with cream sauce, poultry, and added vegetables, home recipe","Pasta mixed dishes, excludes macaroni and cheese","1 cup","10205","cup","1","250","250.0000"
"2708920","Pasta, whole grain, with cream sauce, poultry, and added vegetables, ready-to-heat","Pasta mixed dishes, excludes macaroni and cheese","1 can","60482","can","1","425","425.0000"
"2708920","Pasta, whole grain, with cream sauce, poultry, and added vegetables, ready-to-heat","Pasta mixed dishes, excludes macaroni and cheese","1 cup","10205","cup","1","250","250.0000"
"2708921","Pasta, whole grain, with cream sauce and seafood, restaurant","Pasta mixed dishes, excludes macaroni and cheese","1 cup","10205","cup","1","250","250.0000"
"2708922","Pasta, whole grain, with cream sauce and seafood, home recipe","Pasta mixed dishes, excludes macaroni and cheese","1 cup","10205","cup","1","250","250.0000"
"2708923","Pasta, whole grain, with cream sauce and seafood, ready-to-heat","Pasta mixed dishes, excludes macaroni and cheese","1 can","60482","can","1","425","425.0000"
"2708923","Pasta, whole grain, with cream sauce and seafood, ready-to-heat","Pasta mixed dishes, excludes macaroni and cheese","1 cup","10205","cup","1","250","250.0000"
"2708924","Pasta, whole grain, with cream sauce, seafood, and added vegetables, restaurant","Pasta mixed dishes, excludes macaroni and cheese","1 cup","10205","cup","1","250","250.0000"
"2708925","Pasta, whole grain, with cream sauce, seafood, and added vegetables, home recipe","Pasta mixed dishes, excludes macaroni and cheese","1 cup","10205","cup","1","250","250.0000"
"2708926","Pasta, whole grain, with cream sauce, seafood, and added vegetables, ready-to-heat","Pasta mixed dishes, excludes macaroni and cheese","1 can","60482","can","1","425","425.0000"
"2708926","Pasta, whole grain, with cream sauce, seafood, and added vegetables, ready-to-heat","Pasta mixed dishes, excludes macaroni and cheese","1 cup","10205","cup","1","250","250.0000"
"2708927","Pasta with tomato-based sauce and beans or lentils","Pasta mixed dishes, excludes macaroni and cheese","1 cup","10205","cup","1","227","227.0000"
"2708928","Macaroni or noodles, creamed, with cheese","Macaroni and cheese","1 cup","10205","cup","1","230","230.0000"
"2708929","Macaroni or noodles, creamed, with cheese and tuna","Macaroni and cheese","1 cup","10205","cup","1","230","230.0000"
"2708930","Flavored pasta","Pasta mixed dishes, excludes macaroni and cheese","1 oz, dry, yields","40049","oz","1","115","115.0000"
"2708930","Flavored pasta","Pasta mixed dishes, excludes macaroni and cheese","1 cup","10205","cup","1","185","185.0000"
"2708931","Yat Ga Mein with meat, fish, or poultry","Fried rice and lo/chow mein","1 cup","10205","cup","1","205","205.0000"
"2708932","Macaroni or pasta salad, made with mayonnaise","Pasta mixed dishes, excludes macaroni and cheese","1 cup","10205","cup","1","204","204.0000"
"2708933","Macaroni or pasta salad, made with light mayonnaise","Pasta mixed dishes, excludes macaroni and cheese","1 cup","10205","cup","1","204","204.0000"
"2708934","Macaroni or pasta salad, made with mayonnaise-type salad dressing","Pasta mixed dishes, excludes macaroni and cheese","1 cup","10205","cup","1","204","204.0000"
"2708935","Macaroni or pasta salad, made with light mayonnaise-type salad dressing","Pasta mixed dishes, excludes macaroni and cheese","1 cup","10205","cup","1","204","204.0000"
"2708936","Macaroni or pasta salad, made with Italian dressing","Pasta mixed dishes, excludes macaroni and cheese","1 cup","10205","cup","1","204","204.0000"
"2708937","Macaroni or pasta salad, made with light Italian dressing","Pasta mixed dishes, excludes macaroni and cheese","1 cup","10205","cup","1","204","204.0000"
"2708938","Macaroni or pasta salad, made with creamy dressing","Pasta mixed dishes, excludes macaroni and cheese","1 cup","10205","cup","1","204","204.0000"
"2708939","Macaroni or pasta salad, made with light creamy dressing","Pasta mixed dishes, excludes macaroni and cheese","1 cup","10205","cup","1","204","204.0000"
"2708940","Macaroni or pasta salad, made with any type of fat free dressing","Pasta mixed dishes, excludes macaroni and cheese","1 cup","10205","cup","1","204","204.0000"
"2708941","Macaroni or pasta salad with egg","Pasta mixed dishes, excludes macaroni and cheese","1 cup","10205","cup","1","204","204.0000"
"2708942","Macaroni or pasta salad with tuna","Pasta mixed dishes, excludes macaroni and cheese","1 cup","10205","cup","1","204","204.0000"
"2708943","Macaroni or pasta salad with crab meat","Pasta mixed dishes, excludes macaroni and cheese","1 cup","10205","cup","1","204","204.0000"
"2708944","Macaroni or pasta salad with shrimp","Pasta mixed dishes, excludes macaroni and cheese","1 cup","10205","cup","1","204","204.0000"
"2708945","Macaroni or pasta salad with tuna and egg","Pasta mixed dishes, excludes macaroni and cheese","1 cup","10205","cup","1","204","204.0000"
"2708946","Macaroni or pasta salad with chicken","Pasta mixed dishes, excludes macaroni and cheese","1 cup","10205","cup","1","204","204.0000"
"2708947","Macaroni or pasta salad with cheese","Pasta mixed dishes, excludes macaroni and cheese","1 cup","10205","cup","1","204","204.0000"
"2708948","Macaroni or pasta salad with meat","Pasta mixed dishes, excludes macaroni and cheese","1 cup","10205","cup","1","204","204.0000"
"2708949","Noodle pudding","Pasta mixed dishes, excludes macaroni and cheese","1 cup","10205","cup","1","200","200.0000"
"2708950","Bibimbap, Korean","Rice mixed dishes","1 cup","10205","cup","1","162","162.0000"
"2708951","Rice, fried, meatless","Fried rice and lo/chow mein","1 cup","10205","cup","1","166","166.0000"
"2708952","Rice, fried, NFS","Fried rice and lo/chow mein","1 cup","10205","cup","1","198","198.0000"
"2708953","Rice, fried, with chicken","Fried rice and lo/chow mein","1 cup","10205","cup","1","198","198.0000"
"2708954","Rice, fried, with pork","Fried rice and lo/chow mein","1 cup","10205","cup","1","198","198.0000"
"2708955","Rice, fried, with beef","Fried rice and lo/chow mein","1 cup","10205","cup","1","198","198.0000"
"2708956","Rice, fried, with shrimp","Fried rice and lo/chow mein","1 cup","10205","cup","1","198","198.0000"
"2708957","Dukboki or Tteokbokki, Korean","Rice mixed dishes","1 cup","10205","cup","1","250","250.0000"
"2708958","Adobo, with rice","Poultry mixed dishes","1 cup","10205","cup","1","244","244.0000"
"2708959","Sushi, NFS","Egg rolls, dumplings, sushi","1 piece","61667","piece","1","30","30.0000"
"2708959","Sushi, NFS","Egg rolls, dumplings, sushi","1 cup","10205","cup","1","150","150.0000"
"2708960","Sushi roll, avocado","Egg rolls, dumplings, sushi","1 cup","10205","cup","1","150","150.0000"
"2708960","Sushi roll, avocado","Egg rolls, dumplings, sushi","1 piece","61667","piece","1","30","30.0000"
"2708961","Sushi roll, California","Egg rolls, dumplings, sushi","1 cup","10205","cup","1","150","150.0000"
"2708961","Sushi roll, California","Egg rolls, dumplings, sushi","1 piece","61667","piece","1","30","30.0000"
"2708962","Sushi roll, eel","Egg rolls, dumplings, sushi","1 cup","10205","cup","1","150","150.0000"
"2708962","Sushi roll, eel","Egg rolls, dumplings, sushi","1 piece","61667","piece","1","30","30.0000"
"2708963","Sushi roll, salmon","Egg rolls, dumplings, sushi","1 piece","61667","piece","1","30","30.0000"
"2708963","Sushi roll, salmon","Egg rolls, dumplings, sushi","1 cup","10205","cup","1","150","150.0000"
"2708964","Sushi roll, shrimp","Egg rolls, dumplings, sushi","1 cup","10205","cup","1","150","150.0000"
"2708964","Sushi roll, shrimp","Egg rolls, dumplings, sushi","1 piece","61667","piece","1","30","30.0000"
"2708965","Sushi roll tuna","Egg rolls, dumplings, sushi","1 piece","61667","piece","1","30","30.0000"
"2708965","Sushi roll tuna","Egg rolls, dumplings, sushi","1 cup","10205","cup","1","150","150.0000"
"2708966","Sushi roll, vegetable","Egg rolls, dumplings, sushi","1 cup","10205","cup","1","132","132.0000"
"2708966","Sushi roll, vegetable","Egg rolls, dumplings, sushi","1 piece","61667","piece","1","22","22.0000"
"2708967","Sushi, topped with crab","Egg rolls, dumplings, sushi","1 cup","10205","cup","1","140","140.0000"
"2708967","Sushi, topped with crab","Egg rolls, dumplings, sushi","1 piece","61667","piece","1","35","35.0000"
"2708968","Sushi, topped with eel","Egg rolls, dumplings, sushi","1 piece","61667","piece","1","35","35.0000"
"2708968","Sushi, topped with eel","Egg rolls, dumplings, sushi","1 cup","10205","cup","1","140","140.0000"
"2708969","Sushi, topped with salmon","Egg rolls, dumplings, sushi","1 cup","10205","cup","1","140","140.0000"
"2708969","Sushi, topped with salmon","Egg rolls, dumplings, sushi","1 piece","61667","piece","1","35","35.0000"
"2708970","Sushi, topped with shrimp","Egg rolls, dumplings, sushi","1 cup","10205","cup","1","140","140.0000"
"2708970","Sushi, topped with shrimp","Egg rolls, dumplings, sushi","1 piece","61667","piece","1","35","35.0000"
"2708971","Sushi, topped with tuna","Egg rolls, dumplings, sushi","1 piece","61667","piece","1","35","35.0000"
"2708971","Sushi, topped with tuna","Egg rolls, dumplings, sushi","1 cup","10205","cup","1","140","140.0000"
"2708972","Sushi, topped with egg","Egg rolls, dumplings, sushi","1 piece","61667","piece","1","50","50.0000"
"2708972","Sushi, topped with egg","Egg rolls, dumplings, sushi","1 cup","10205","cup","1","150","150.0000"
"2708973","Seafood paella, Puerto Rican style","Rice mixed dishes","1 cup","10205","cup","1","230","230.0000"
"2708974","Soupy rice with chicken, Puerto Rican style","Soups, broth-based","1 cup, NFS","10010","cup","1","263","263.0000"
"2708974","Soupy rice with chicken, Puerto Rican style","Soups, broth-based","1 cup, with bone (yield after bone removed)","10196","cup","1","215","215.0000"
"2708974","Soupy rice with chicken, Puerto Rican style","Soups, broth-based","1 cup, boneless","10025","cup","1","263","263.0000"
"2708975","Soupy rice mixture with chicken and potatoes, Puerto Rican style","Soups, broth-based","1 cup","10205","cup","1","240","240.0000"
"2708976","Stewed rice, Puerto Rican style","Rice mixed dishes","1 cup","10205","cup","1","170","170.0000"
"2708977","Rice with squid, Puerto Rican style","Rice mixed dishes","1 cup","10205","cup","1","160","160.0000"
"2708978","Rice with vienna sausage, Puerto Rican style","Rice mixed dishes","1 cup","10205","cup","1","180","180.0000"
"2708979","Rice with Spanish sausage, Puerto Rican style","Rice mixed dishes","1 cup","10205","cup","1","180","180.0000"
"2708980","Rice with stewed beans, Puerto Rican style","Rice mixed dishes","1 cup","10205","cup","1","188","188.0000"
"2708981","Congee, with meat, poultry, and/or seafood","Rice mixed dishes","1 cup","10205","cup","1","255","255.0000"
"2708982","Congee, with meat, poultry, and/or seafood, and vegetables","Rice mixed dishes","1 cup","10205","cup","1","255","255.0000"
"2708983","Congee, with vegetables","Rice mixed dishes","1 cup","10205","cup","1","255","255.0000"
"2708984","Congee, with egg","Rice mixed dishes","1 cup","10205","cup","1","255","255.0000"
"2708985","Biryani with vegetables","Rice mixed dishes","1 cup","10205","cup","1","172","172.0000"
"2708986","Beans and rice, from fast food / restaurant","Bean, pea, legume dishes","1 cup","10205","cup","1","170","170.0000"
"2708987","Kidney beans and rice, from fast food / restaurant","Bean, pea, legume dishes","1 cup","10205","cup","1","170","170.0000"
"2708988","Black beans and rice, from fast food / restaurant","Bean, pea, legume dishes","1 cup","10205","cup","1","170","170.0000"
"2708989","Pinto beans and rice, from fast food / restaurant","Bean, pea, legume dishes","1 cup","10205","cup","1","170","170.0000"
"2708990","Beans and white rice","Bean, pea, legume dishes","1 cup","10205","cup","1","170","170.0000"
"2708991","Beans and rice, with tomatoes","Bean, pea, legume dishes","1 cup","10205","cup","1","170","170.0000"
"2708992","Beans and rice, with meat","Bean, pea, legume dishes","1 cup","10205","cup","1","170","170.0000"
"2708993","Kidney beans and white rice","Bean, pea, legume dishes","1 cup","10205","cup","1","170","170.0000"
"2708994","Black beans and white rice","Bean, pea, legume dishes","1 cup","10205","cup","1","170","170.0000"
"2708995","Pinto beans and white rice","Bean, pea, legume dishes","1 cup","10205","cup","1","170","170.0000"
"2708996","Rice, white, with corn, NS as to fat","Rice mixed dishes","1 cup","10205","cup","1","161","161.0000"
"2708997","Rice, white, with corn, no added fat","Rice mixed dishes","1 cup","10205","cup","1","161","161.0000"
"2708998","Rice, white, with corn, fat added","Rice mixed dishes","1 cup","10205","cup","1","161","161.0000"
"2708999","Rice, white, with peas, NS as to fat","Rice mixed dishes","1 cup","10205","cup","1","160","160.0000"
"2709000","Rice, white, with peas, no added fat","Rice mixed dishes","1 cup","10205","cup","1","160","160.0000"
"2709001","Rice, white, with peas, fat added","Rice mixed dishes","1 cup","10205","cup","1","160","160.0000"
"2709002","Rice, white, with carrots, NS as to fat","Rice mixed dishes","1 cup","10205","cup","1","160","160.0000"
"2709003","Rice, white, with carrots, no added fat","Rice mixed dishes","1 cup","10205","cup","1","160","160.0000"
"2709004","Rice, white, with carrots, fat added","Rice mixed dishes","1 cup","10205","cup","1","160","160.0000"
"2709005","Rice, white, with peas and carrots, NS as to fat","Rice mixed dishes","1 cup","10205","cup","1","160","160.0000"
"2709006","Rice, white, with peas and carrots, no added fat","Rice mixed dishes","1 cup","10205","cup","1","160","160.0000"
"2709007","Rice, white, with peas and carrots, fat added","Rice mixed dishes","1 cup","10205","cup","1","160","160.0000"
"2709008","Rice, white, with tomatoes and/or tomato-based sauce, NS as to fat","Rice mixed dishes","1 cup","10205","cup","1","209","209.0000"
"2709009","Rice, white, with tomatoes and/or tomato-based sauce, no added fat","Rice mixed dishes","1 cup","10205","cup","1","206","206.0000"
"2709010","Rice, white, with tomatoes and/or tomato-based sauce, fat added","Rice mixed dishes","1 cup","10205","cup","1","209","209.0000"
"2709011","Rice, white, with dark green vegetables, NS as to fat","Rice mixed dishes","1 cup","10205","cup","1","172","172.0000"
"2709012","Rice, white, with dark green vegetables, no added fat","Rice mixed dishes","1 cup","10205","cup","1","172","172.0000"
"2709013","Rice, white, with dark green vegetables, fat added","Rice mixed dishes","1 cup","10205","cup","1","172","172.0000"
"2709014","Rice, white, with carrots and tomatoes and/or tomato-based sauce, NS as to fat","Rice mixed dishes","1 cup","10205","cup","1","172","172.0000"
"2709015","Rice, white, with carrots and tomatoes and/or tomato-based sauce, no added fat","Rice mixed dishes","1 cup","10205","cup","1","172","172.0000"
"2709016","Rice, white, with carrots and tomatoes and/or tomato-based sauce, fat added","Rice mixed dishes","1 cup","10205","cup","1","172","172.0000"
"2709017","Rice, white, with dark green vegetables and tomatoes and/or tomato-based sauce, NS as to fat","Rice mixed dishes","1 cup","10205","cup","1","172","172.0000"
"2709018","Rice, white, with dark green vegetables and tomatoes and/or tomato-based sauce, no added fat","Rice mixed dishes","1 cup","10205","cup","1","172","172.0000"
"2709019","Rice, white, with dark green vegetables and tomatoes and/or tomato-based sauce, fat added","Rice mixed dishes","1 cup","10205","cup","1","172","172.0000"
"2709020","Rice, white, with carrots and dark green vegetables, NS as to fat","Rice mixed dishes","1 cup","10205","cup","1","172","172.0000"
"2709021","Rice, white, with carrots and dark green vegetables, no added fat","Rice mixed dishes","1 cup","10205","cup","1","172","172.0000"
"2709022","Rice, white, with carrots and dark green vegetables, fat added","Rice mixed dishes","1 cup","10205","cup","1","172","172.0000"
"2709023","Rice, white, with carrots, dark green vegetables, and tomatoes and/or tomato-based sauce, NS as to fat","Rice mixed dishes","1 cup","10205","cup","1","172","172.0000"
"2709024","Rice, white, with carrots, dark green vegetables, and tomatoes and/or tomato-based sauce, no added fat","Rice mixed dishes","1 cup","10205","cup","1","172","172.0000"
"2709025","Rice, white, with carrots, dark green vegetables, and tomatoes and/or tomato-based sauce, fat added","Rice mixed dishes","1 cup","10205","cup","1","172","172.0000"
"2709026","Rice, white, with other vegetables, NS as to fat","Rice mixed dishes","1 cup","10205","cup","1","172","172.0000"
"2709027","Rice, white, with other vegetables, no added fat","Rice mixed dishes","1 cup","10205","cup","1","172","172.0000"
"2709028","Rice, white, with other vegetables, fat added","Rice mixed dishes","1 cup","10205","cup","1","172","172.0000"
"2709029","Rice, white, with lentils, NS as to fat","Rice mixed dishes","1 cup","10205","cup","1","207","207.0000"
"2709030","Rice, white, with lentils, fat added","Rice mixed dishes","1 cup","10205","cup","1","207","207.0000"
"2709031","Rice, white, with lentils, no added fat","Rice mixed dishes","1 cup","10205","cup","1","198","198.0000"
"2709032","Rice, cooked with coconut milk","Rice mixed dishes","1 cup","10205","cup","1","200","200.0000"
"2709033","Beans and brown rice","Bean, pea, legume dishes","1 cup","10205","cup","1","170","170.0000"
"2709034","Kidney beans and brown rice","Bean, pea, legume dishes","1 cup","10205","cup","1","170","170.0000"
"2709035","Black beans and brown rice","Bean, pea, legume dishes","1 cup","10205","cup","1","170","170.0000"
"2709036","Pinto beans and brown rice","Bean, pea, legume dishes","1 cup","10205","cup","1","170","170.0000"
"2709037","Rice, brown, with corn, NS as to fat","Rice mixed dishes","1 cup","10205","cup","1","191","191.0000"
"2709038","Rice, brown, with corn, no added fat","Rice mixed dishes","1 cup","10205","cup","1","188","188.0000"
"2709039","Rice, brown, with corn, fat added","Rice mixed dishes","1 cup","10205","cup","1","191","191.0000"
"2709040","Rice, brown, with peas, NS as to fat","Rice mixed dishes","1 cup","10205","cup","1","190","190.0000"
"2709041","Rice, brown, with peas, no added fat","Rice mixed dishes","1 cup","10205","cup","1","187","187.0000"
"2709042","Rice, brown, with peas, fat added","Rice mixed dishes","1 cup","10205","cup","1","190","190.0000"
"2709043","Rice, brown, with carrots, NS as to fat","Rice mixed dishes","1 cup","10205","cup","1","189","189.0000"
"2709044","Rice, brown, with carrots, no added fat","Rice mixed dishes","1 cup","10205","cup","1","186","186.0000"
"2709045","Rice, brown, with carrots, fat added","Rice mixed dishes","1 cup","10205","cup","1","189","189.0000"
"2709046","Rice, brown, with peas and carrots, NS as to fat","Rice mixed dishes","1 cup","10205","cup","1","190","190.0000"
"2709047","Rice, brown, with peas and carrots, no added fat","Rice mixed dishes","1 cup","10205","cup","1","187","187.0000"
"2709048","Rice, brown, with peas and carrots, fat added","Rice mixed dishes","1 cup","10205","cup","1","190","190.0000"
"2709049","Rice, brown, with tomatoes and/or tomato based sauce, NS as to fat","Rice mixed dishes","1 cup","10205","cup","1","243","243.0000"
"2709050","Rice, brown, with tomatoes and/or tomato based sauce, no added fat","Rice mixed dishes","1 cup","10205","cup","1","243","243.0000"
"2709051","Rice, brown, with tomatoes and/or tomato based sauce, fat added","Rice mixed dishes","1 cup","10205","cup","1","243","243.0000"
"2709052","Rice, brown, with dark green vegetables, NS as to fat","Rice mixed dishes","1 cup","10205","cup","1","189","189.0000"
"2709053","Rice, brown, with dark green vegetables, no added fat","Rice mixed dishes","1 cup","10205","cup","1","186","186.0000"
"2709054","Rice, brown, with dark green vegetables, fat added","Rice mixed dishes","1 cup","10205","cup","1","189","189.0000"
"2709055","Rice, brown, with carrots and tomatoes and/or tomato-based sauce, NS as to fat","Rice mixed dishes","1 cup","10205","cup","1","229","229.0000"
"2709056","Rice, brown, with carrots and tomatoes and/or tomato-based sauce, no added fat","Rice mixed dishes","1 cup","10205","cup","1","225","225.0000"
"2709057","Rice, brown, with carrots and tomatoes and/or tomato-based sauce, fat added","Rice mixed dishes","1 cup","10205","cup","1","229","229.0000"
"2709058","Rice, brown, with dark green vegetables and tomatoes and/or tomato-based sauce, NS as to fat","Rice mixed dishes","1 cup","10205","cup","1","229","229.0000"
"2709059","Rice, brown, with dark green vegetables and tomatoes and/or tomato-based sauce, no added fat","Rice mixed dishes","1 cup","10205","cup","1","229","229.0000"
"2709060","Rice, brown, with dark green vegetables and tomatoes and/or tomato-based sauce, fat added","Rice mixed dishes","1 cup","10205","cup","1","229","229.0000"
"2709061","Rice, brown, with carrots and dark green vegetables, NS as to fat","Rice mixed dishes","1 cup","10205","cup","1","189","189.0000"
"2709062","Rice, brown, with carrots and dark green vegetables, no added fat","Rice mixed dishes","1 cup","10205","cup","1","186","186.0000"
"2709063","Rice, brown, with carrots and dark green vegetables, fat added","Rice mixed dishes","1 cup","10205","cup","1","189","189.0000"
"2709065","Rice, brown, with carrots, dark green vegetables, and tomatoes and/or tomato-based sauce, NS as to fat","Rice mixed dishes","1 cup","10205","cup","1","224","224.0000"
"2709066","Rice, brown, with carrots, dark green vegetables, and tomatoes and/or tomato-based sauce, no added fat","Rice mixed dishes","1 cup","10205","cup","1","220","220.0000"
"2709067","Rice, brown, with carrots, dark green vegetables, and tomatoes and/or tomato-based sauce, fat added","Rice mixed dishes","1 cup","10205","cup","1","186","186.0000"
"2709068","Rice, brown, with other vegetables, NS as to fat","Rice mixed dishes","1 cup","10205","cup","1","190","190.0000"
"2709069","Rice, brown, with other vegetables, no added fat","Rice mixed dishes","1 cup","10205","cup","1","186","186.0000"
"2709070","Rice, brown, with other vegetables, fat added","Rice mixed dishes","1 cup","10205","cup","1","190","190.0000"
"2709072","Stuffed pepper, with meat","Vegetable dishes","1 cup","10205","cup","1","198","198.0000"
"2709073","Stuffed pepper, with rice and meat","Vegetable dishes","1 cup","10205","cup","1","198","198.0000"
"2709074","Stuffed pepper, with rice, meatless","Vegetable dishes","1 cup","10205","cup","1","198","198.0000"
"2709075","Stuffed tomato, with rice and meat","Vegetable dishes","1 cup","10205","cup","1","198","198.0000"
"2709076","Stuffed tomato, with rice, meatless","Vegetable dishes","1 cup","10205","cup","1","198","198.0000"
"2709077","Rice pilaf","Rice mixed dishes","1 cup","10205","cup","1","206","206.0000"
"2709078","Dirty rice","Rice mixed dishes","1 cup","10205","cup","1","198","198.0000"
"2709079","Flavored rice mixture","Rice mixed dishes","1 package (6 oz) yields","61564","package","1","486","486.0000"
"2709079","Flavored rice mixture","Rice mixed dishes","1 cup","10205","cup","1","218","218.0000"
"2709080","Flavored rice mixture with cheese","Rice mixed dishes","1 cup","10205","cup","1","230","230.0000"
"2709080","Flavored rice mixture with cheese","Rice mixed dishes","1 package (5.1 oz) yields","61562","package","1","434","434.0000"
"2709081","Flavored rice, brown and wild","Rice mixed dishes","1 cup","10205","cup","1","217","217.0000"
"2709082","Flavored rice and pasta mixture","Rice mixed dishes","1 cup, beef flavor","10022","cup","1","184","184.0000"
"2709082","Flavored rice and pasta mixture","Rice mixed dishes","1 cup, NFS","10010","cup","1","196","196.0000"
"2709082","Flavored rice and pasta mixture","Rice mixed dishes","1 cup, chicken flavor","10032","cup","1","208","208.0000"
"2709083","Flavored rice and pasta mixture, reduced sodium","Rice mixed dishes","1 cup","10205","cup","1","196","196.0000"
"2709084","Spanish rice, from restaurant","Rice mixed dishes","1 cup","10205","cup","1","243","243.0000"
"2709085","Spanish rice, fat added","Rice mixed dishes","1 cup","10205","cup","1","243","243.0000"
"2709086","Spanish rice, no added fat","Rice mixed dishes","1 cup","10205","cup","1","243","243.0000"
"2709087","Spanish rice, NS as to fat","Rice mixed dishes","1 cup","10205","cup","1","243","243.0000"
"2709088","Spanish rice with ground beef","Rice mixed dishes","1 cup","10205","cup","1","230","230.0000"
"2709089","Rice dressing","Rice mixed dishes","1 cup","10205","cup","1","167","167.0000"
"2709090","Rice with raisins","Rice mixed dishes","1 cup","10205","cup","1","185","185.0000"
"2709091","Rice dessert or salad with fruit","Rice mixed dishes","1 cup","10205","cup","1","155","155.0000"
"2709092","Rice, white, with cheese and/or cream based sauce, NS as to fat","Rice mixed dishes","1 cup","10205","cup","1","204","204.0000"
"2709093","Rice, white, with cheese and/or cream based sauce, no added fat","Rice mixed dishes","1 cup","10205","cup","1","204","204.0000"
"2709094","Rice, white, with cheese and/or cream based sauce, fat added","Rice mixed dishes","1 cup","10205","cup","1","204","204.0000"
"2709095","Rice, white, with gravy, NS as to fat","Rice mixed dishes","1 cup","10205","cup","1","237","237.0000"
"2709096","Rice, white, with gravy, no added fat","Rice mixed dishes","1 cup","10205","cup","1","237","237.0000"
"2709097","Rice, white, with gravy, fat added","Rice mixed dishes","1 cup","10205","cup","1","237","237.0000"
"2709098","Rice, white, with soy-based sauce, NS as to fat","Fried rice and lo/chow mein","1 cup","10205","cup","1","237","237.0000"
"2709099","Rice, white, with soy-based sauce, no added fat","Fried rice and lo/chow mein","1 cup","10205","cup","1","237","237.0000"
"2709100","Rice, white, with soy-based sauce, fat added","Fried rice and lo/chow mein","1 cup","10205","cup","1","237","237.0000"
"2709101","Rice, brown, with cheese and/or cream based sauce, NS as to fat","Rice mixed dishes","1 cup","10205","cup","1","282","282.0000"
"2709102","Rice, brown, with cheese and/or cream based sauce, no added fat","Rice mixed dishes","1 cup","10205","cup","1","277","277.0000"
"2709103","Rice, brown, with cheese and/or cream based sauce, fat added","Rice mixed dishes","1 cup","10205","cup","1","282","282.0000"
"2709104","Rice, brown, with gravy, NS as to fat","Rice mixed dishes","1 cup","10205","cup","1","237","237.0000"
"2709105","Rice, brown, with gravy, no added fat","Rice mixed dishes","1 cup","10205","cup","1","237","237.0000"
"2709106","Rice, brown, with gravy, fat added","Rice mixed dishes","1 cup","10205","cup","1","237","237.0000"
"2709107","Rice, brown, with soy-based sauce, NS as to fat","Fried rice and lo/chow mein","1 cup","10205","cup","1","237","237.0000"
"2709108","Rice, brown, with soy-based sauce, no added fat","Fried rice and lo/chow mein","1 cup","10205","cup","1","237","237.0000"
"2709109","Rice, brown, with soy-based sauce, fat added","Fried rice and lo/chow mein","1 cup","10205","cup","1","237","237.0000"
"2709110","Rice, white, with vegetables, cheese and/or cream based sauce, NS as to fat","Rice mixed dishes","1 cup","10205","cup","1","261","261.0000"
"2709111","Rice, white, with vegetables, cheese and/or cream based sauce, no added fat","Rice mixed dishes","1 cup","10205","cup","1","258","258.0000"
"2709112","Rice, white, with vegetables, cheese and/or cream based sauce, fat added","Rice mixed dishes","1 cup","10205","cup","1","262","262.0000"
"2709113","Rice, white, with vegetables and gravy, NS as to fat","Rice mixed dishes","1 cup","10205","cup","1","260","260.0000"
"2709114","Rice, white, with vegetables and gravy, no added fat","Rice mixed dishes","1 cup","10205","cup","1","256","256.0000"
"2709115","Rice, white, with vegetables and gravy, fat added","Rice mixed dishes","1 cup","10205","cup","1","260","260.0000"
"2709116","Rice, white, with vegetables, soy-based sauce, NS as to fat","Fried rice and lo/chow mein","1 cup","10205","cup","1","258","258.0000"
"2709117","Rice, white, with vegetables, soy-based sauce, no added fat","Fried rice and lo/chow mein","1 cup","10205","cup","1","255","255.0000"
"2709118","Rice, white, with vegetables, soy-based sauce, fat added","Fried rice and lo/chow mein","1 cup","10205","cup","1","258","258.0000"
"2709119","Rice, brown, with vegetables, cheese and/or cream based sauce, NS as to fat","Rice mixed dishes","1 cup","10205","cup","1","293","293.0000"
"2709120","Rice, brown, with vegetables, cheese and/or cream based sauce, no added fat","Rice mixed dishes","1 cup","10205","cup","1","289","289.0000"
"2709121","Rice, brown, with vegetables, cheese and/or cream based sauce, fat added","Rice mixed dishes","1 cup","10205","cup","1","293","293.0000"
"2709122","Rice, brown, with vegetables and gravy, NS as to fat","Rice mixed dishes","1 cup","10205","cup","1","292","292.0000"
"2709123","Rice, brown, with vegetables and gravy, no added fat","Rice mixed dishes","1 cup","10205","cup","1","288","288.0000"
"2709124","Rice, brown, with vegetables and gravy, fat added","Rice mixed dishes","1 cup","10205","cup","1","292","292.0000"
"2709125","Rice, brown, with vegetables, soy-based sauce, NS as to fat","Fried rice and lo/chow mein","1 cup","10205","cup","1","290","290.0000"
"2709126","Rice, brown, with vegetables, soy-based sauce, no added fat","Fried rice and lo/chow mein","1 cup","10205","cup","1","286","286.0000"
"2709127","Rice, brown, with vegetables, soy-based sauce, fat added","Fried rice and lo/chow mein","1 cup","10205","cup","1","290","290.0000"
"2709128","Upma","Grits and other cooked cereals","1 cup, cooked","10043","cup","1","170","170.0000"
"2709129","Dosa, with filling","Pancakes, waffles, French toast","1 large","60919","large","1","523","523.0000"
"2709129","Dosa, with filling","Pancakes, waffles, French toast","1 medium","61238","medium","1","267","267.0000"
"2709129","Dosa, with filling","Pancakes, waffles, French toast","1 small","62015","small","1","113","113.0000"
"2709131","Tabbouleh","Turnovers and other grain-based items","1 cup","10205","cup","1","160","160.0000"
"2709132","Vegetable sandwich on white","Vegetable sandwiches/burgers","1 regular","62862","regular","1","165","165.0000"
"2709132","Vegetable sandwich on white","Vegetable sandwiches/burgers","1 large","60919","large","1","250","250.0000"
"2709133","Vegetable sandwich on white, with cheese","Vegetable sandwiches/burgers","1 regular","62862","regular","1","185","185.0000"
"2709133","Vegetable sandwich on white, with cheese","Vegetable sandwiches/burgers","1 large","60919","large","1","280","280.0000"
"2709134","Vegetable sandwich on wheat","Vegetable sandwiches/burgers","1 large","60919","large","1","250","250.0000"
"2709134","Vegetable sandwich on wheat","Vegetable sandwiches/burgers","1 regular","62862","regular","1","165","165.0000"
"2709135","Vegetable sandwich on wheat, with cheese","Vegetable sandwiches/burgers","1 regular","62862","regular","1","185","185.0000"
"2709135","Vegetable sandwich on wheat, with cheese","Vegetable sandwiches/burgers","1 large","60919","large","1","280","280.0000"
"2709144","Soup, NFS","Soups, broth-based","1 cup","10205","cup","1","245","245.0000"
"2709145","Soup, noodle, NFS","Soups, broth-based","1 cup","10205","cup","1","245","245.0000"
"2709146","Soup, rice","Soups, broth-based","1 cup","10205","cup","1","245","245.0000"
"2709147","Soup, barley","Soups, broth-based","1 cup","10205","cup","1","245","245.0000"
"2709147","Soup, barley","Soups, broth-based","1 can","60482","can","1","525","525.0000"
"2709148","Soup, chicken noodle, canned","Soups, broth-based","1 cup","10205","cup","1","245","245.0000"
"2709148","Soup, chicken noodle, canned","Soups, broth-based","1 can","60482","can","1","525","525.0000"
"2709149","Soup, chicken noodle","Soups, broth-based","1 cup","10205","cup","1","245","245.0000"
"2709150","Soup, chicken, canned, reduced sodium","Soups, broth-based","1 can","60482","can","1","525","525.0000"
"2709150","Soup, chicken, canned, reduced sodium","Soups, broth-based","1 cup","10205","cup","1","245","245.0000"
"2709151","Soup, Matzo ball","Soups, broth-based","1 cup","10205","cup","1","245","245.0000"
"2709152","Soup, ramen noodles, water added","Ramen and Asian broth-based soups","1 cup","10205","cup","1","245","245.0000"
"2709152","Soup, ramen noodles, water added","Ramen and Asian broth-based soups","1 oz, dry, yields","40049","oz","1","165","165.0000"
"2709153","Ramen bowl, NFS","Ramen and Asian broth-based soups","1 cup","10205","cup","1","245","245.0000"
"2709154","Ramen bowl with beef","Ramen and Asian broth-based soups","1 cup","10205","cup","1","245","245.0000"
"2709155","Ramen bowl with chicken","Ramen and Asian broth-based soups","1 cup","10205","cup","1","245","245.0000"
"2709156","Ramen bowl with fish","Ramen and Asian broth-based soups","1 cup","10205","cup","1","245","245.0000"
"2709157","Ramen bowl, vegetarian","Ramen and Asian broth-based soups","1 cup","10205","cup","1","245","245.0000"
"2709158","Ramen bowl with meat and egg","Ramen and Asian broth-based soups","1 cup","10205","cup","1","245","245.0000"
"2709159","Ramen bowl, vegetarian with egg","Ramen and Asian broth-based soups","1 cup","10205","cup","1","245","245.0000"
"2709160","Soup, wonton","Ramen and Asian broth-based soups","1 cup","10205","cup","1","245","245.0000"
"2709161","Soup, sopa de fideo aguada","Soups, broth-based","1 cup","10205","cup","1","245","245.0000"
"2709162","Soup, tortilla","Soups, broth-based","1 can","60482","can","1","525","525.0000"
"2709162","Soup, tortilla","Soups, broth-based","1 cup","10205","cup","1","245","245.0000"
"2709163","Meat substitute, cereal- and vegetable protein-based, fried","Soy and meat-alternative products","1 piece (3"" x 1"" x 3/8"")","61719","piece","1","19","19.0000"
"2709163","Meat substitute, cereal- and vegetable protein-based, fried","Soy and meat-alternative products","1 cup, cubes","10063","cup","1","146","146.0000"
"2709164","Clementine, raw","Citrus fruits","1 cup","10205","cup","1","200","200.0000"
"2709165","Grapefruit, raw","Citrus fruits","1 cup","10205","cup","1","180","180.0000"
"2709166","Grapefruit, canned","Citrus fruits","1 cup","10205","cup","1","250","250.0000"
"2709167","Kumquat, raw","Citrus fruits","1 cup","10205","cup","1","185","185.0000"
"2709168","Lemon, raw","Citrus fruits","1 cup","10205","cup","1","200","200.0000"
"2709169","Lemon pie filling","Jams, syrups, toppings","1 cup","10205","cup","1","260","260.0000"
"2709170","Lime, raw","Citrus fruits","1 cup","10205","cup","1","200","200.0000"
"2709171","Orange, raw","Citrus fruits","1 cup","10205","cup","1","180","180.0000"
"2709172","Orange, canned, NFS","Citrus fruits","1 cup","10205","cup","1","250","250.0000"
"2709173","Orange, canned, juice pack","Citrus fruits","1 cup","10205","cup","1","245","245.0000"
"2709174","Orange, canned, in syrup","Citrus fruits","1 cup","10205","cup","1","250","250.0000"
"2709175","Tangerine, raw","Citrus fruits","1 cup","10205","cup","1","195","195.0000"
"2709176","Grapefruit juice, 100%, freshly squeezed","Citrus juice","1 fl oz (no ice)","30001","floz","1","31","31.0000"
"2709176","Grapefruit juice, 100%, freshly squeezed","Citrus juice","1 fl oz (NFS)","30008","floz","1","31","31.0000"
"2709176","Grapefruit juice, 100%, freshly squeezed","Citrus juice","1 fl oz (with ice)","30009","floz","1","23","23.0000"
"2709177","Grapefruit juice, 100%, NS as to form","Citrus juice","1 fl oz (no ice)","30001","floz","1","31","31.0000"
"2709177","Grapefruit juice, 100%, NS as to form","Citrus juice","1 fl oz (NFS)","30008","floz","1","31","31.0000"
"2709177","Grapefruit juice, 100%, NS as to form","Citrus juice","1 fl oz (with ice)","30009","floz","1","23","23.0000"
"2709178","Grapefruit juice, 100%, canned, bottled or in a carton","Citrus juice","1 fl oz (NFS)","30008","floz","1","31","31.0000"
"2709178","Grapefruit juice, 100%, canned, bottled or in a carton","Citrus juice","1 fl oz (with ice)","30009","floz","1","23","23.0000"
"2709178","Grapefruit juice, 100%, canned, bottled or in a carton","Citrus juice","1 fl oz (no ice)","30001","floz","1","31","31.0000"
"2709179","Grapefruit juice, 100%, with calcium added","Citrus juice","1 fl oz (with ice)","30009","floz","1","23","23.0000"
"2709179","Grapefruit juice, 100%, with calcium added","Citrus juice","1 fl oz (NFS)","30008","floz","1","31","31.0000"
"2709179","Grapefruit juice, 100%, with calcium added","Citrus juice","1 fl oz (no ice)","30001","floz","1","31","31.0000"
"2709180","Lemon juice, 100%, NS as to form","Mustard and other condiments","1 fl oz (with ice)","30009","floz","1","23","23.0000"
"2709180","Lemon juice, 100%, NS as to form","Mustard and other condiments","1 fl oz (NFS)","30008","floz","1","31","31.0000"
"2709180","Lemon juice, 100%, NS as to form","Mustard and other condiments","1 fl oz (no ice)","30001","floz","1","31","31.0000"
"2709181","Lemon juice, 100%, freshly squeezed","Mustard and other condiments","1 fl oz (with ice)","30009","floz","1","23","23.0000"
"2709181","Lemon juice, 100%, freshly squeezed","Mustard and other condiments","1 fl oz (NFS)","30008","floz","1","31","31.0000"
"2709181","Lemon juice, 100%, freshly squeezed","Mustard and other condiments","1 fl oz (no ice)","30001","floz","1","31","31.0000"
"2709182","Lemon juice, 100%, canned or bottled","Mustard and other condiments","1 fl oz (NFS)","30008","floz","1","31","31.0000"
"2709182","Lemon juice, 100%, canned or bottled","Mustard and other condiments","1 fl oz (with ice)","30009","floz","1","23","23.0000"
"2709182","Lemon juice, 100%, canned or bottled","Mustard and other condiments","1 fl oz (no ice)","30001","floz","1","31","31.0000"
"2709183","Lime juice, 100%, NS as to form","Mustard and other condiments","1 fl oz (no ice)","30001","floz","1","31","31.0000"
"2709183","Lime juice, 100%, NS as to form","Mustard and other condiments","1 fl oz (NFS)","30008","floz","1","31","31.0000"
"2709183","Lime juice, 100%, NS as to form","Mustard and other condiments","1 fl oz (with ice)","30009","floz","1","23","23.0000"
"2709184","Lime juice, 100%, freshly squeezed","Mustard and other condiments","1 fl oz (with ice)","30009","floz","1","23","23.0000"
"2709184","Lime juice, 100%, freshly squeezed","Mustard and other condiments","1 fl oz (NFS)","30008","floz","1","31","31.0000"
"2709184","Lime juice, 100%, freshly squeezed","Mustard and other condiments","1 fl oz (no ice)","30001","floz","1","31","31.0000"
"2709185","Lime juice, 100%, canned or bottled","Mustard and other condiments","1 fl oz (with ice)","30009","floz","1","23","23.0000"
"2709185","Lime juice, 100%, canned or bottled","Mustard and other condiments","1 fl oz (NFS)","30008","floz","1","31","31.0000"
"2709185","Lime juice, 100%, canned or bottled","Mustard and other condiments","1 fl oz (no ice)","30001","floz","1","31","31.0000"
"2709186","Orange juice, 100%, NFS","Citrus juice","1 fl oz (NFS)","30008","floz","1","31","31.0000"
"2709186","Orange juice, 100%, NFS","Citrus juice","1 fl oz (with ice)","30009","floz","1","23","23.0000"
"2709186","Orange juice, 100%, NFS","Citrus juice","1 fl oz (no ice)","30001","floz","1","31","31.0000"
"2709187","Orange juice, 100%,  freshly squeezed","Citrus juice","1 fl oz (with ice)","30009","floz","1","23","23.0000"
"2709187","Orange juice, 100%,  freshly squeezed","Citrus juice","1 fl oz (NFS)","30008","floz","1","31","31.0000"
"2709187","Orange juice, 100%,  freshly squeezed","Citrus juice","1 fl oz (no ice)","30001","floz","1","31","31.0000"
"2709188","Orange juice, 100%, canned, bottled or in a carton","Citrus juice","1 fl oz (with ice)","30009","floz","1","23","23.0000"
"2709188","Orange juice, 100%, canned, bottled or in a carton","Citrus juice","1 fl oz (NFS)","30008","floz","1","31","31.0000"
"2709188","Orange juice, 100%, canned, bottled or in a carton","Citrus juice","1 fl oz (no ice)","30001","floz","1","31","31.0000"
"2709189","Orange juice, 100%, with calcium added, canned, bottled or in a carton","Citrus juice","1 fl oz (NFS)","30008","floz","1","31","31.0000"
"2709189","Orange juice, 100%, with calcium added, canned, bottled or in a carton","Citrus juice","1 fl oz (no ice)","30001","floz","1","31","31.0000"
"2709189","Orange juice, 100%, with calcium added, canned, bottled or in a carton","Citrus juice","1 fl oz (with ice)","30009","floz","1","23","23.0000"
"2709190","Orange juice, 100%, frozen, reconstituted","Citrus juice","1 fl oz (with ice)","30009","floz","1","23","23.0000"
"2709190","Orange juice, 100%, frozen, reconstituted","Citrus juice","1 fl oz (NFS)","30008","floz","1","31","31.0000"
"2709190","Orange juice, 100%, frozen, reconstituted","Citrus juice","1 fl oz (no ice)","30001","floz","1","31","31.0000"
"2709191","Orange juice, 100%, frozen, not reconstituted","Citrus juice","1 fl oz","30000","floz","1","36","36.0000"
"2709191","Orange juice, 100%, frozen, not reconstituted","Citrus juice","1 cup","10205","cup","1","284","284.0000"
"2709192","Orange juice, 100%, with calcium added, frozen, reconstituted","Citrus juice","1 fl oz (no ice)","30001","floz","1","31","31.0000"
"2709192","Orange juice, 100%, with calcium added, frozen, reconstituted","Citrus juice","1 fl oz (with ice)","30009","floz","1","23","23.0000"
"2709192","Orange juice, 100%, with calcium added, frozen, reconstituted","Citrus juice","1 fl oz (NFS)","30008","floz","1","31","31.0000"
"2709193","Tangerine juice, 100%","Citrus juice","1 fl oz (with ice)","30009","floz","1","23","23.0000"
"2709193","Tangerine juice, 100%","Citrus juice","1 fl oz (no ice)","30001","floz","1","31","31.0000"
"2709193","Tangerine juice, 100%","Citrus juice","1 fl oz (NFS)","30008","floz","1","31","31.0000"
"2709194","Fruit juice blend, citrus, 100% juice","Other fruit juice","1 fl oz (NFS)","30008","floz","1","31","31.0000"
"2709194","Fruit juice blend, citrus, 100% juice","Other fruit juice","1 fl oz (with ice)","30009","floz","1","23","23.0000"
"2709194","Fruit juice blend, citrus, 100% juice","Other fruit juice","1 can (12 fl oz)","60501","can","1","372","372.0000"
"2709194","Fruit juice blend, citrus, 100% juice","Other fruit juice","1 fl oz (no ice)","30001","floz","1","31","31.0000"
"2709195","Dried, fruit, NFS","Dried fruits","1 cup","10205","cup","1","160","160.0000"
"2709196","Apple, dried","Dried fruits","1 cup","10205","cup","1","90","90.0000"
"2709197","Apricot, dried","Dried fruits","1 cup","10205","cup","1","160","160.0000"
"2709198","Blueberries, dried","Dried fruits","1 cup","10205","cup","1","160","160.0000"
"2709199","Cherries, dried","Dried fruits","1 cup","10205","cup","1","160","160.0000"
"2709200","Banana chips","Dried fruits","1 slice","61935","slice","1","2","2.0000"
"2709200","Banana chips","Dried fruits","1 cup","10205","cup","1","72","72.0000"
"2709201","Currants, dried","Dried fruits","1 cup","10205","cup","1","160","160.0000"
"2709202","Cranberries, dried","Dried fruits","1 cup","10205","cup","1","160","160.0000"
"2709203","Date","Dried fruits","1 cup","10205","cup","1","160","160.0000"
"2709204","Fig, dried","Dried fruits","1 cup","10205","cup","1","160","160.0000"
"2709205","Mango, dried","Dried fruits","1 cup","10205","cup","1","160","160.0000"
"2709206","Papaya, dried","Dried fruits","1 cup","10205","cup","1","160","160.0000"
"2709207","Peach, dried","Dried fruits","1 cup","10205","cup","1","160","160.0000"
"2709208","Pear, dried","Dried fruits","1 cup","10205","cup","1","160","160.0000"
"2709209","Persimmon, dried","Dried fruits","1 cup","10205","cup","1","160","160.0000"
"2709210","Pineapple, dried","Dried fruits","1 cup","10205","cup","1","160","160.0000"
"2709211","Prune, dried","Dried fruits","1 cup","10205","cup","1","160","160.0000"
"2709212","Raisins","Dried fruits","1 cup","10205","cup","1","160","160.0000"
"2709213","Fruit, NFS","Other fruits and fruit salads","1 cup","10205","cup","1","150","150.0000"
"2709214","Fruit, pickled","Other fruits and fruit salads","1 cup","10205","cup","1","240","240.0000"
"2709215","Apple, raw","Apples","1 small","62015","small","1","165","165.0000"
"2709215","Apple, raw","Apples","1 slice","61935","slice","1","25","25.0000"
"2709215","Apple, raw","Apples","1 medium","61238","medium","1","200","200.0000"
"2709215","Apple, raw","Apples","1 large","60919","large","1","242","242.0000"
"2709215","Apple, raw","Apples","1 cup","10205","cup","1","125","125.0000"
"2709216","Applesauce, regular","Apples","1 cup","10205","cup","1","250","250.0000"
"2709217","Applesauce, unsweetened","Apples","1 cup","10205","cup","1","245","245.0000"
"2709218","Applesauce, flavored","Apples","1 cup","10205","cup","1","250","250.0000"
"2709219","Apple pie filling","Apples","1 cup","10205","cup","1","260","260.0000"
"2709220","Apple, baked","Apples","1 cup","10205","cup","1","190","190.0000"
"2709221","Apricot, raw","Other fruits and fruit salads","1 cup","10205","cup","1","155","155.0000"
"2709222","Apricot, canned","Other fruits and fruit salads","1 cup","10205","cup","1","250","250.0000"
"2709223","Avocado, raw","Other vegetables and combinations","1 cup, mashed or pureed","10119","cup","1","230","230.0000"
"2709223","Avocado, raw","Other vegetables and combinations","1 slice","61935","slice","1","15","15.0000"
"2709223","Avocado, raw","Other vegetables and combinations","1 cup","10205","cup","1","150","150.0000"
"2709224","Banana, raw","Bananas","1 cup, mashed","10118","cup","1","225","225.0000"
"2709224","Banana, raw","Bananas","1 cup","10205","cup","1","150","150.0000"
"2709224","Banana, raw","Bananas","1 slice","61935","slice","1","6","6.0000"
"2709225","Banana, baked","Bananas","1 cup","10205","cup","1","140","140.0000"
"2709226","Cantaloupe, raw","Melons","1 cup","10205","cup","1","155","155.0000"
"2709227","Melon, frozen","Melons","1 cup","10205","cup","1","150","150.0000"
"2709228","Starfruit, raw","Other fruits and fruit salads","1 slice","61935","slice","1","8","8.0000"
"2709228","Starfruit, raw","Other fruits and fruit salads","1 cup","10205","cup","1","100","100.0000"
"2709229","Cherries, maraschino","Other fruits and fruit salads","1 cup","10205","cup","1","160","160.0000"
"2709230","Cherry pie filling","Jams, syrups, toppings","1 cup","10205","cup","1","260","260.0000"
"2709231","Cherries, raw","Other fruits and fruit salads","1 cup","10205","cup","1","150","150.0000"
"2709232","Cherries, canned","Other fruits and fruit salads","1 cup","10205","cup","1","250","250.0000"
"2709233","Cherries, frozen","Other fruits and fruit salads","1 cup","10205","cup","1","150","150.0000"
"2709234","Dragon fruit","Other fruits and fruit salads","1 slice","61935","slice","1","7","7.0000"
"2709234","Dragon fruit","Other fruits and fruit salads","1 cup","10205","cup","1","180","180.0000"
"2709236","Fig, canned","Other fruits and fruit salads","1 cup","10205","cup","1","250","250.0000"
"2709237","Grapes, raw","Grapes","1 cup","10205","cup","1","150","150.0000"
"2709238","Guava, raw","Other fruits and fruit salads","1 slice","61935","slice","1","15","15.0000"
"2709238","Guava, raw","Other fruits and fruit salads","1 cup","10205","cup","1","165","165.0000"
"2709239","Kiwi fruit, raw","Other fruits and fruit salads","1 cup","10205","cup","1","180","180.0000"
"2709239","Kiwi fruit, raw","Other fruits and fruit salads","1 slice","61935","slice","1","7","7.0000"
"2709240","Lychee","Other fruits and fruit salads","1 cup","10205","cup","1","190","190.0000"
"2709241","Honeydew melon, raw","Melons","1 cup","10205","cup","1","155","155.0000"
"2709242","Mango, raw","Mango and papaya","1 cup","10205","cup","1","165","165.0000"
"2709243","Mango, canned","Mango and papaya","1 cup","10205","cup","1","250","250.0000"
"2709244","Mango, frozen","Mango and papaya","1 cup","10205","cup","1","150","150.0000"
"2709245","Nectarine, raw","Peaches and nectarines","1 cup","10205","cup","1","155","155.0000"
"2709246","Papaya, raw","Mango and papaya","1 cup, mashed","10118","cup","1","230","230.0000"
"2709246","Papaya, raw","Mango and papaya","1 cup","10205","cup","1","165","165.0000"
"2709247","Papaya, canned","Mango and papaya","1 cup","10205","cup","1","250","250.0000"
"2709248","Passion fruit, raw","Other fruits and fruit salads","1 cup","10205","cup","1","236","236.0000"
"2709249","Peach, raw","Peaches and nectarines","1 cup","10205","cup","1","155","155.0000"
"2709250","Peach, canned, NFS","Peaches and nectarines","1 cup","10205","cup","1","250","250.0000"
"2709251","Peach, canned, in syrup","Peaches and nectarines","1 cup","10205","cup","1","250","250.0000"
"2709252","Peach, canned, juice pack","Peaches and nectarines","1 cup","10205","cup","1","245","245.0000"
"2709253","Peach, frozen","Peaches and nectarines","1 cup","10205","cup","1","150","150.0000"
"2709254","Pear, raw","Pears","1 cup","10205","cup","1","125","125.0000"
"2709255","Pear, Asian, raw","Pears","1 cup","10205","cup","1","125","125.0000"
"2709256","Pear, canned, NFS","Pears","1 cup","10205","cup","1","250","250.0000"
"2709257","Pear, canned, in syrup","Pears","1 cup","10205","cup","1","250","250.0000"
"2709258","Pear, canned, juice pack","Pears","1 cup","10205","cup","1","245","245.0000"
"2709259","Persimmon, raw","Other fruits and fruit salads","1 slice","61935","slice","1","20","20.0000"
"2709260","Pineapple, raw","Pineapple","1 cup","10205","cup","1","165","165.0000"
"2709260","Pineapple, raw","Pineapple","1 slice","61935","slice","1","56","56.0000"
"2709261","Pineapple, canned, NFS","Pineapple","1 cup","10205","cup","1","250","250.0000"
"2709262","Pineapple, canned, in syrup","Pineapple","1 cup","10205","cup","1","250","250.0000"
"2709263","Pineapple, canned, juice pack","Pineapple","1 cup","10205","cup","1","245","245.0000"
"2709264","Pineapple, frozen","Pineapple","1 cup","10205","cup","1","150","150.0000"
"2709265","Plum, raw","Other fruits and fruit salads","1 cup","10205","cup","1","155","155.0000"
"2709266","Plum, canned","Other fruits and fruit salads","1 cup","10205","cup","1","250","250.0000"
"2709267","Pomegranate, raw","Other fruits and fruit salads","1 cup","10205","cup","1","175","175.0000"
"2709268","Rhubarb","Other fruits and fruit salads","1 cup","10205","cup","1","240","240.0000"
"2709270","Watermelon, raw","Melons","1 cup","10205","cup","1","155","155.0000"
"2709271","Berries, NFS","Blueberries and other berries","1 cup","10205","cup","1","150","150.0000"
"2709272","Berries, frozen","Blueberries and other berries","1 cup","10205","cup","1","150","150.0000"
"2709273","Blackberries, raw","Blueberries and other berries","1 cup","10205","cup","1","150","150.0000"
"2709274","Blackberries, frozen","Blueberries and other berries","1 cup","10205","cup","1","150","150.0000"
"2709275","Blueberries, raw","Blueberries and other berries","1 cup","10205","cup","1","150","150.0000"
"2709276","Bluberries, canned","Blueberries and other berries","1 cup","10205","cup","1","250","250.0000"
"2709277","Blueberries, frozen","Blueberries and other berries","1 cup","10205","cup","1","150","150.0000"
"2709278","Blueberry pie filling","Jams, syrups, toppings","1 cup","10205","cup","1","260","260.0000"
"2709279","Cranberries, raw","Blueberries and other berries","1 cup","10205","cup","1","100","100.0000"
"2709280","Cranberry sauce","Blueberries and other berries","1 cup","10205","cup","1","280","280.0000"
"2709280","Cranberry sauce","Blueberries and other berries","1 slice","61935","slice","1","50","50.0000"
"2709281","Raspberries, raw","Blueberries and other berries","1 cup","10205","cup","1","150","150.0000"
"2709282","Raspberries, frozen","Blueberries and other berries","1 cup","10205","cup","1","150","150.0000"
"2709283","Strawberries, raw","Strawberries","1 cup","10205","cup","1","150","150.0000"
"2709284","Strawberries, canned","Strawberries","1 cup","10205","cup","1","250","250.0000"
"2709285","Strawberries, frozen","Strawberries","1 cup","10205","cup","1","150","150.0000"
"2709286","Ambrosia","Other fruits and fruit salads","1 cup","10205","cup","1","193","193.0000"
"2709287","Fruit salad, fresh or raw, excluding citrus fruits, no dressing","Other fruits and fruit salads","1 cup","10205","cup","1","150","150.0000"
"2709288","Fruit salad, fresh or raw, including citrus fruits, no dressing","Other fruits and fruit salads","1 cup","10205","cup","1","150","150.0000"
"2709289","Fruit cocktail, canned, NFS","Other fruits and fruit salads","1 cup","10205","cup","1","250","250.0000"
"2709290","Fruit cocktail, canned, in syrup","Other fruits and fruit salads","1 cup","10205","cup","1","250","250.0000"
"2709291","Fruit cocktail, canned, juice pack","Other fruits and fruit salads","1 cup","10205","cup","1","245","245.0000"
"2709292","Fruit mixture, frozen","Other fruits and fruit salads","1 cup","10205","cup","1","150","150.0000"
"2709293","Apple salad with dressing","Other fruits and fruit salads","1 cup","10205","cup","1","137","137.0000"
"2709296","Fruit salad, excluding citrus fruits, with salad dressing or mayonnaise","Other fruits and fruit salads","1 cup","10205","cup","1","188","188.0000"
"2709297","Fruit salad, excluding citrus fruits, with whipped cream","Other fruits and fruit salads","1 cup","10205","cup","1","182","182.0000"
"2709298","Fruit salad, excluding citrus fruits, with nondairy whipped topping","Other fruits and fruit salads","1 cup","10205","cup","1","175","175.0000"
"2709299","Fruit salad, excluding citrus fruits, with marshmallows","Other fruits and fruit salads","1 cup","10205","cup","1","171","171.0000"
"2709300","Fruit salad, including citrus fruits, with pudding","Other fruits and fruit salads","1 cup","10205","cup","1","182","182.0000"
"2709301","Fruit salad, excluding citrus fruits, with pudding","Other fruits and fruit salads","1 cup","10205","cup","1","182","182.0000"
"2709302","Fruit salad, including citrus fruits, with salad dressing or mayonnaise","Other fruits and fruit salads","1 cup","10205","cup","1","188","188.0000"
"2709303","Fruit salad, including citrus fruit, with whipped cream","Other fruits and fruit salads","1 cup","10205","cup","1","182","182.0000"
"2709304","Fruit salad, including citrus fruits, with nondairy whipped topping","Other fruits and fruit salads","1 cup","10205","cup","1","175","175.0000"
"2709305","Fruit salad, including citrus fruits, with marshmallows","Other fruits and fruit salads","1 cup","10205","cup","1","171","171.0000"
"2709306","Lime souffle","Pudding","1 cup","10205","cup","1","120","120.0000"
"2709307","Guacamole, NFS","Dips, gravies, other sauces","1 tablespoon","21000","tbsp","1","15","15.0000"
"2709308","Guacamole with tomatoes","Dips, gravies, other sauces","1 tablespoon","21000","tbsp","1","15","15.0000"
"2709309","Chutney","Mustard and other condiments","1 tablespoon","21000","tbsp","1","16","16.0000"
"2709311","Soup, fruit","Soups, broth-based","1 cup","10205","cup","1","245","245.0000"
"2709312","Frozen fruit juice bar","Gelatins, ices, sorbets","1 fl oz","30000","floz","1","30","30.0000"
"2709313","Frozen fruit juice bar, no sugar added","Gelatins, ices, sorbets","1 fl oz","30000","floz","1","30","30.0000"
"2709314","Sorbet","Gelatins, ices, sorbets","1 cup","10205","cup","1","200","200.0000"
"2709315","Fruit juice, NFS","Other fruit juice","1 fl oz (with ice)","30009","floz","1","23","23.0000"
"2709315","Fruit juice, NFS","Other fruit juice","1 fl oz (NFS)","30008","floz","1","31","31.0000"
"2709315","Fruit juice, NFS","Other fruit juice","1 fl oz (no ice)","30001","floz","1","31","31.0000"
"2709316","Fruit juice blend, 100% juice","Other fruit juice","1 fl oz (NFS)","30008","floz","1","31","31.0000"
"2709316","Fruit juice blend, 100% juice","Other fruit juice","1 fl oz (no ice)","30001","floz","1","31","31.0000"
"2709316","Fruit juice blend, 100% juice","Other fruit juice","1 fl oz (with ice)","30009","floz","1","23","23.0000"
"2709317","Cranberry juice blend, 100% juice","Other fruit juice","1 fl oz (NFS)","30008","floz","1","31","31.0000"
"2709317","Cranberry juice blend, 100% juice","Other fruit juice","1 fl oz (no ice)","30001","floz","1","31","31.0000"
"2709317","Cranberry juice blend, 100% juice","Other fruit juice","1 fl oz (with ice)","30009","floz","1","23","23.0000"
"2709318","Cranberry juice blend, 100% juice, with calcium added","Other fruit juice","1 fl oz (NFS)","30008","floz","1","31","31.0000"
"2709318","Cranberry juice blend, 100% juice, with calcium added","Other fruit juice","1 fl oz (no ice)","30001","floz","1","31","31.0000"
"2709318","Cranberry juice blend, 100% juice, with calcium added","Other fruit juice","1 fl oz (with ice)","30009","floz","1","23","23.0000"
"2709319","Apple cider","Apple juice","1 fl oz (no ice)","30001","floz","1","31","31.0000"
"2709319","Apple cider","Apple juice","1 fl oz (NFS)","30008","floz","1","31","31.0000"
"2709319","Apple cider","Apple juice","1 fl oz (with ice)","30009","floz","1","23","23.0000"
"2709320","Apple juice, 100%","Apple juice","1 fl oz (with ice)","30009","floz","1","23","23.0000"
"2709320","Apple juice, 100%","Apple juice","1 fl oz (no ice)","30001","floz","1","31","31.0000"
"2709320","Apple juice, 100%","Apple juice","1 fl oz (NFS)","30008","floz","1","31","31.0000"
"2709321","Apple juice, 100%, with calcium added","Apple juice","1 fl oz (NFS)","30008","floz","1","31","31.0000"
"2709321","Apple juice, 100%, with calcium added","Apple juice","1 fl oz (with ice)","30009","floz","1","23","23.0000"
"2709321","Apple juice, 100%, with calcium added","Apple juice","1 fl oz (no ice)","30001","floz","1","31","31.0000"
"2709322","Blackberry juice, 100%","Other fruit juice","1 fl oz (no ice)","30001","floz","1","31","31.0000"
"2709322","Blackberry juice, 100%","Other fruit juice","1 fl oz (NFS)","30008","floz","1","31","31.0000"
"2709322","Blackberry juice, 100%","Other fruit juice","1 fl oz (with ice)","30009","floz","1","23","23.0000"
"2709323","Blueberry juice","Other fruit juice","1 fl oz (with ice)","30009","floz","1","23","23.0000"
"2709323","Blueberry juice","Other fruit juice","1 fl oz (NFS)","30008","floz","1","31","31.0000"
"2709323","Blueberry juice","Other fruit juice","1 fl oz (no ice)","30001","floz","1","31","31.0000"
"2709324","Cranberry juice, 100%, not a blend","Other fruit juice","1 fl oz (with ice)","30009","floz","1","23","23.0000"
"2709324","Cranberry juice, 100%, not a blend","Other fruit juice","1 fl oz (no ice)","30001","floz","1","31","31.0000"
"2709324","Cranberry juice, 100%, not a blend","Other fruit juice","1 fl oz (NFS)","30008","floz","1","31","31.0000"
"2709325","Grape juice, 100%","Other fruit juice","1 fl oz (no ice)","30001","floz","1","31","31.0000"
"2709325","Grape juice, 100%","Other fruit juice","1 fl oz (NFS)","30008","floz","1","31","31.0000"
"2709325","Grape juice, 100%","Other fruit juice","1 fl oz (with ice)","30009","floz","1","23","23.0000"
"2709326","Grape juice, 100%, with calcium added","Other fruit juice","1 fl oz (NFS)","30008","floz","1","31","31.0000"
"2709326","Grape juice, 100%, with calcium added","Other fruit juice","1 fl oz (with ice)","30009","floz","1","23","23.0000"
"2709326","Grape juice, 100%, with calcium added","Other fruit juice","1 fl oz (no ice)","30001","floz","1","31","31.0000"
"2709327","Papaya juice, 100%","Other fruit juice","1 fl oz (NFS)","30008","floz","1","31","31.0000"
"2709327","Papaya juice, 100%","Other fruit juice","1 fl oz (no ice)","30001","floz","1","31","31.0000"
"2709327","Papaya juice, 100%","Other fruit juice","1 fl oz (with ice)","30009","floz","1","23","23.0000"
"2709328","Passion fruit juice, 100%","Other fruit juice","1 fl oz (with ice)","30009","floz","1","23","23.0000"
"2709328","Passion fruit juice, 100%","Other fruit juice","1 fl oz (NFS)","30008","floz","1","31","31.0000"
"2709328","Passion fruit juice, 100%","Other fruit juice","1 fl oz (no ice)","30001","floz","1","31","31.0000"
"2709329","Pineapple juice, 100%","Other fruit juice","1 fl oz (no ice)","30001","floz","1","31","31.0000"
"2709329","Pineapple juice, 100%","Other fruit juice","1 fl oz (with ice)","30009","floz","1","23","23.0000"
"2709329","Pineapple juice, 100%","Other fruit juice","1 fl oz (NFS)","30008","floz","1","31","31.0000"
"2709330","Pomegranate juice, 100%","Other fruit juice","1 fl oz (NFS)","30008","floz","1","31","31.0000"
"2709330","Pomegranate juice, 100%","Other fruit juice","1 fl oz (no ice)","30001","floz","1","31","31.0000"
"2709330","Pomegranate juice, 100%","Other fruit juice","1 fl oz (with ice)","30009","floz","1","23","23.0000"
"2709331","Prune juice, 100%","Other fruit juice","1 fl oz (NFS)","30008","floz","1","31","31.0000"
"2709331","Prune juice, 100%","Other fruit juice","1 fl oz (with ice)","30009","floz","1","23","23.0000"
"2709331","Prune juice, 100%","Other fruit juice","1 fl oz (no ice)","30001","floz","1","31","31.0000"
"2709332","Strawberry juice, 100%","Other fruit juice","1 fl oz (NFS)","30008","floz","1","30","30.0000"
"2709332","Strawberry juice, 100%","Other fruit juice","1 fl oz (no ice)","30001","floz","1","30","30.0000"
"2709332","Strawberry juice, 100%","Other fruit juice","1 fl oz (with ice)","30009","floz","1","23","23.0000"
"2709333","Watermelon juice, 100%","Other fruit juice","1 fl oz (with ice)","30009","floz","1","23","23.0000"
"2709333","Watermelon juice, 100%","Other fruit juice","1 fl oz (NFS)","30008","floz","1","30","30.0000"
"2709333","Watermelon juice, 100%","Other fruit juice","1 fl oz (no ice)","30001","floz","1","30","30.0000"
"2709334","Fruit smoothie, with whole fruit, no dairy","Smoothies and grain drinks","1 fl oz","30000","floz","1","27","27.0000"
"2709334","Fruit smoothie, with whole fruit, no dairy","Smoothies and grain drinks","1 large","60919","large","1","1080","1080.0000"
"2709334","Fruit smoothie, with whole fruit, no dairy","Smoothies and grain drinks","1 small","62015","small","1","540","540.0000"
"2709334","Fruit smoothie, with whole fruit, no dairy","Smoothies and grain drinks","1 cup","10205","cup","1","216","216.0000"
"2709334","Fruit smoothie, with whole fruit, no dairy","Smoothies and grain drinks","1 medium","61238","medium","1","864","864.0000"
"2709335","Fruit smoothie, with whole fruit, no dairy, added protein","Smoothies and grain drinks","1 large","60919","large","1","1080","1080.0000"
"2709335","Fruit smoothie, with whole fruit, no dairy, added protein","Smoothies and grain drinks","1 medium","61238","medium","1","864","864.0000"
"2709335","Fruit smoothie, with whole fruit, no dairy, added protein","Smoothies and grain drinks","1 small","62015","small","1","540","540.0000"
"2709335","Fruit smoothie, with whole fruit, no dairy, added protein","Smoothies and grain drinks","1 cup","10205","cup","1","216","216.0000"
"2709335","Fruit smoothie, with whole fruit, no dairy, added protein","Smoothies and grain drinks","1 fl oz","30000","floz","1","27","27.0000"
"2709336","Fruit smoothie, with whole fruit, non-dairy","Smoothies and grain drinks","1 large","60919","large","1","1080","1080.0000"
"2709336","Fruit smoothie, with whole fruit, non-dairy","Smoothies and grain drinks","1 small","62015","small","1","540","540.0000"
"2709336","Fruit smoothie, with whole fruit, non-dairy","Smoothies and grain drinks","1 cup","10205","cup","1","216","216.0000"
"2709336","Fruit smoothie, with whole fruit, non-dairy","Smoothies and grain drinks","1 fl oz","30000","floz","1","27","27.0000"
"2709336","Fruit smoothie, with whole fruit, non-dairy","Smoothies and grain drinks","1 medium","61238","medium","1","864","864.0000"
"2709337","Fruit smoothie juice drink, no dairy","Smoothies and grain drinks","1 fl oz","30000","floz","1","27","27.0000"
"2709337","Fruit smoothie juice drink, no dairy","Smoothies and grain drinks","1 cup","10205","cup","1","216","216.0000"
"2709337","Fruit smoothie juice drink, no dairy","Smoothies and grain drinks","1 large","60919","large","1","1080","1080.0000"
"2709337","Fruit smoothie juice drink, no dairy","Smoothies and grain drinks","1 small","62015","small","1","540","540.0000"
"2709337","Fruit smoothie juice drink, no dairy","Smoothies and grain drinks","1 medium","61238","medium","1","864","864.0000"
"2709338","Fruit smoothie, light","Smoothies and grain drinks","1 large","60919","large","1","1080","1080.0000"
"2709338","Fruit smoothie, light","Smoothies and grain drinks","1 medium","61238","medium","1","864","864.0000"
"2709338","Fruit smoothie, light","Smoothies and grain drinks","1 fl oz","30000","floz","1","27","27.0000"
"2709338","Fruit smoothie, light","Smoothies and grain drinks","1 small","62015","small","1","540","540.0000"
"2709338","Fruit smoothie, light","Smoothies and grain drinks","1 cup","10205","cup","1","216","216.0000"
"2709339","Fruit smoothie, bottled","Smoothies and grain drinks","1 fl oz","30000","floz","1","31","31.0000"
"2709339","Fruit smoothie, bottled","Smoothies and grain drinks","1 cup","10205","cup","1","248","248.0000"
"2709340","Fruit nectar, NFS","Fruit drinks","1 fl oz (no ice)","30001","floz","1","31","31.0000"
"2709340","Fruit nectar, NFS","Fruit drinks","1 fl oz (with ice)","30009","floz","1","23","23.0000"
"2709340","Fruit nectar, NFS","Fruit drinks","1 fl oz (NFS)","30008","floz","1","31","31.0000"
"2709341","Apricot nectar","Fruit drinks","1 fl oz (NFS)","30008","floz","1","31","31.0000"
"2709341","Apricot nectar","Fruit drinks","1 fl oz (no ice)","30001","floz","1","31","31.0000"
"2709341","Apricot nectar","Fruit drinks","1 fl oz (with ice)","30009","floz","1","23","23.0000"
"2709342","Banana nectar","Fruit drinks","1 fl oz (NFS)","30008","floz","1","31","31.0000"
"2709342","Banana nectar","Fruit drinks","1 fl oz (no ice)","30001","floz","1","31","31.0000"
"2709342","Banana nectar","Fruit drinks","1 fl oz (with ice)","30009","floz","1","23","23.0000"
"2709343","Cantaloupe nectar","Fruit drinks","1 fl oz (NFS)","30008","floz","1","31","31.0000"
"2709343","Cantaloupe nectar","Fruit drinks","1 fl oz (with ice)","30009","floz","1","23","23.0000"
"2709343","Cantaloupe nectar","Fruit drinks","1 fl oz (no ice)","30001","floz","1","31","31.0000"
"2709344","Guava nectar","Fruit drinks","1 fl oz (with ice)","30009","floz","1","23","23.0000"
"2709344","Guava nectar","Fruit drinks","1 fl oz (NFS)","30008","floz","1","31","31.0000"
"2709344","Guava nectar","Fruit drinks","1 fl oz (no ice)","30001","floz","1","31","31.0000"
"2709345","Mango nectar","Fruit drinks","1 fl oz (no ice)","30001","floz","1","31","31.0000"
"2709345","Mango nectar","Fruit drinks","1 fl oz (NFS)","30008","floz","1","31","31.0000"
"2709345","Mango nectar","Fruit drinks","1 fl oz (with ice)","30009","floz","1","23","23.0000"
"2709346","Peach nectar","Fruit drinks","1 fl oz (NFS)","30008","floz","1","31","31.0000"
"2709346","Peach nectar","Fruit drinks","1 fl oz (with ice)","30009","floz","1","23","23.0000"
"2709346","Peach nectar","Fruit drinks","1 fl oz (no ice)","30001","floz","1","31","31.0000"
"2709347","Papaya nectar","Fruit drinks","1 fl oz (with ice)","30009","floz","1","23","23.0000"
"2709347","Papaya nectar","Fruit drinks","1 fl oz (no ice)","30001","floz","1","31","31.0000"
"2709347","Papaya nectar","Fruit drinks","1 fl oz (NFS)","30008","floz","1","31","31.0000"
"2709348","Passion fruit nectar","Fruit drinks","1 fl oz (no ice)","30001","floz","1","31","31.0000"
"2709348","Passion fruit nectar","Fruit drinks","1 fl oz (NFS)","30008","floz","1","31","31.0000"
"2709348","Passion fruit nectar","Fruit drinks","1 fl oz (with ice)","30009","floz","1","23","23.0000"
"2709349","Pear nectar","Fruit drinks","1 fl oz (no ice)","30001","floz","1","31","31.0000"
"2709349","Pear nectar","Fruit drinks","1 fl oz (with ice)","30009","floz","1","23","23.0000"
"2709349","Pear nectar","Fruit drinks","1 fl oz (NFS)","30008","floz","1","31","31.0000"
"2709350","Soursop, nectar","Fruit drinks","1 fl oz (with ice)","30009","floz","1","23","23.0000"
"2709350","Soursop, nectar","Fruit drinks","1 fl oz (NFS)","30008","floz","1","31","31.0000"
"2709350","Soursop, nectar","Fruit drinks","1 fl oz (no ice)","30001","floz","1","31","31.0000"
"2709351","Vinegar","Mustard and other condiments","1 tablespoon","21000","tbsp","1","15","15.0000"
"2709352","Baby Toddler fruit, NFS","Baby food: fruit","1 tablespoon","21000","tbsp","1","15","15.0000"
"2709353","Baby Toddler multiple fruit, Stage 2","Baby food: fruit","1 tablespoon","21000","tbsp","1","15","15.0000"
"2709354","Baby Toddler multiple fruit, Stage 3","Baby food: fruit","1 tablespoon","21000","tbsp","1","15","15.0000"
"2709355","Baby Toddler fruit, with grain","Baby food: mixtures","1 tablespoon","21000","tbsp","1","15","15.0000"
"2709356","Baby Toddler fruit, with yogurt","Baby food: mixtures","1 tablespoon","21000","tbsp","1","15","15.0000"
"2709357","Baby Toddler fruit and vegetables, Stage 2","Baby food: mixtures","1 tablespoon","21000","tbsp","1","15","15.0000"
"2709358","Baby Toddler fruit and vegetables, Stage 3","Baby food: mixtures","1 tablespoon","21000","tbsp","1","15","15.0000"
"2709359","Baby Toddler fruit and vegetables, with grain","Baby food: mixtures","1 tablespoon","21000","tbsp","1","15","15.0000"
"2709360","Baby Toddler fruit and vegetables, with yogurt","Baby food: mixtures","1 tablespoon","21000","tbsp","1","15","15.0000"
"2709361","Baby Toddler fruit, vegetables, and meat","Baby food: mixtures","1 tablespoon","21000","tbsp","1","15","15.0000"
"2709362","Baby Toddler fruit and meat","Baby food: mixtures","1 tablespoon","21000","tbsp","1","15","15.0000"
"2709363","Baby Toddler apples, Stage 1","Baby food: fruit","1 tablespoon","21000","tbsp","1","15","15.0000"
"2709364","Baby Toddler apples, Stage 2","Baby food: fruit","1 tablespoon","21000","tbsp","1","15","15.0000"
"2709365","Baby Toddler bananas, Stage 1","Baby food: fruit","1 tablespoon","21000","tbsp","1","15","15.0000"
"2709366","Baby Toddler bananas, Stage 2","Baby food: fruit","1 tablespoon","21000","tbsp","1","15","15.0000"
"2709367","Baby Toddler peaches, Stage 1","Baby food: fruit","1 tablespoon","21000","tbsp","1","15","15.0000"
"2709368","Baby Toddler peaches, Stage 2","Baby food: fruit","1 tablespoon","21000","tbsp","1","15","15.0000"
"2709369","Baby Toddler pears, Stage 1","Baby food: fruit","1 tablespoon","21000","tbsp","1","15","15.0000"
"2709370","Baby Toddler pears, Stage 2","Baby food: fruit","1 tablespoon","21000","tbsp","1","15","15.0000"
"2709371","Baby Toddler prunes","Baby food: fruit","1 tablespoon","21000","tbsp","1","15","15.0000"
"2709372","Baby Toddler mangoes","Baby food: fruit","1 tablespoon","21000","tbsp","1","15","15.0000"
"2709373","Baby Toddler juice, NFS","Baby juice","1 fl oz","30000","floz","1","31","31.0000"
"2709374","Baby Toddler juice, apple","Baby juice","1 fl oz","30000","floz","1","31","31.0000"
"2709375","Baby Toddler juice, grape","Baby juice","1 fl oz","30000","floz","1","31","31.0000"
"2709376","Baby Toddler juice, mixed fruit","Baby juice","1 fl oz","30000","floz","1","31","31.0000"
"2709377","Baby Toddler juice, pear","Baby juice","1 fl oz","30000","floz","1","31","31.0000"
"2709378","Baby Toddler juice, fruit and vegetable","Baby juice","1 fl oz","30000","floz","1","31","31.0000"
"2709379","Baby Toddler juice, fruit and yogurt blend","Baby food: mixtures","1 fl oz","30000","floz","1","31","31.0000"
"2709380","Baby Toddler pudding","Baby food: snacks and sweets","1 tablespoon","21000","tbsp","1","15","15.0000"
"2709381","Baby Toddler yogurt melts","Baby food: snacks and sweets","1 cup","10205","cup","1","28","28.0000"
"2709381","Baby Toddler yogurt melts","Baby food: snacks and sweets","1 piece","61667","piece","1","0.5","0.5000"
"2709382","Potato, NFS","White potatoes, baked or boiled","1 cup","10205","cup","1","160","160.0000"
"2709383","Potato, baked, NFS","White potatoes, baked or boiled","1 small","62015","small","1","230","230.0000"
"2709383","Potato, baked, NFS","White potatoes, baked or boiled","1 large","60919","large","1","400","400.0000"
"2709383","Potato, baked, NFS","White potatoes, baked or boiled","1 medium","61238","medium","1","285","285.0000"
"2709383","Potato, baked, NFS","White potatoes, baked or boiled","1 cup","10205","cup","1","130","130.0000"
"2709384","Potato, baked, peel not eaten","White potatoes, baked or boiled","1 cup","10205","cup","1","130","130.0000"
"2709384","Potato, baked, peel not eaten","White potatoes, baked or boiled","1 small","62015","small","1","230","230.0000"
"2709384","Potato, baked, peel not eaten","White potatoes, baked or boiled","1 medium","61238","medium","1","285","285.0000"
"2709384","Potato, baked, peel not eaten","White potatoes, baked or boiled","1 large","60919","large","1","400","400.0000"
"2709385","Potato, boiled, NFS","White potatoes, baked or boiled","1 small","62015","small","1","130","130.0000"
"2709385","Potato, boiled, NFS","White potatoes, baked or boiled","1 medium","61238","medium","1","170","170.0000"
"2709385","Potato, boiled, NFS","White potatoes, baked or boiled","1 large","60919","large","1","300","300.0000"
"2709385","Potato, boiled, NFS","White potatoes, baked or boiled","1 cup","10205","cup","1","160","160.0000"
"2709386","Potato, boiled, ready-to-heat","White potatoes, baked or boiled","1 cup","10205","cup","1","160","160.0000"
"2709386","Potato, boiled, ready-to-heat","White potatoes, baked or boiled","1 medium","61238","medium","1","170","170.0000"
"2709386","Potato, boiled, ready-to-heat","White potatoes, baked or boiled","1 large","60919","large","1","300","300.0000"
"2709386","Potato, boiled, ready-to-heat","White potatoes, baked or boiled","1 small","62015","small","1","130","130.0000"
"2709387","Potato, boiled, from fresh, peel not eaten, NS as to fat","White potatoes, baked or boiled","1 small","62015","small","1","130","130.0000"
"2709387","Potato, boiled, from fresh, peel not eaten, NS as to fat","White potatoes, baked or boiled","1 cup","10205","cup","1","160","160.0000"
"2709387","Potato, boiled, from fresh, peel not eaten, NS as to fat","White potatoes, baked or boiled","1 medium","61238","medium","1","170","170.0000"
"2709387","Potato, boiled, from fresh, peel not eaten, NS as to fat","White potatoes, baked or boiled","1 large","60919","large","1","300","300.0000"
"2709388","Potato, boiled, from fresh, peel not eaten, no added fat","White potatoes, baked or boiled","1 small","62015","small","1","130","130.0000"
"2709388","Potato, boiled, from fresh, peel not eaten, no added fat","White potatoes, baked or boiled","1 cup","10205","cup","1","160","160.0000"
"2709388","Potato, boiled, from fresh, peel not eaten, no added fat","White potatoes, baked or boiled","1 large","60919","large","1","300","300.0000"
"2709388","Potato, boiled, from fresh, peel not eaten, no added fat","White potatoes, baked or boiled","1 medium","61238","medium","1","170","170.0000"
"2709389","Potato, boiled, from fresh, peel not eaten, fat added, NS as to fat type","White potatoes, baked or boiled","1 small","62015","small","1","130","130.0000"
"2709389","Potato, boiled, from fresh, peel not eaten, fat added, NS as to fat type","White potatoes, baked or boiled","1 cup","10205","cup","1","160","160.0000"
"2709389","Potato, boiled, from fresh, peel not eaten, fat added, NS as to fat type","White potatoes, baked or boiled","1 medium","61238","medium","1","170","170.0000"
"2709389","Potato, boiled, from fresh, peel not eaten, fat added, NS as to fat type","White potatoes, baked or boiled","1 large","60919","large","1","300","300.0000"
"2709390","Potato, boiled, from fresh, peel not eaten, made with oil","White potatoes, baked or boiled","1 small","62015","small","1","130","130.0000"
"2709390","Potato, boiled, from fresh, peel not eaten, made with oil","White potatoes, baked or boiled","1 cup","10205","cup","1","160","160.0000"
"2709390","Potato, boiled, from fresh, peel not eaten, made with oil","White potatoes, baked or boiled","1 medium","61238","medium","1","170","170.0000"
"2709390","Potato, boiled, from fresh, peel not eaten, made with oil","White potatoes, baked or boiled","1 large","60919","large","1","300","300.0000"
"2709391","Potato, boiled, from fresh, peel not eaten, made with butter","White potatoes, baked or boiled","1 large","60919","large","1","300","300.0000"
"2709391","Potato, boiled, from fresh, peel not eaten, made with butter","White potatoes, baked or boiled","1 cup","10205","cup","1","160","160.0000"
"2709391","Potato, boiled, from fresh, peel not eaten, made with butter","White potatoes, baked or boiled","1 medium","61238","medium","1","170","170.0000"
"2709391","Potato, boiled, from fresh, peel not eaten, made with butter","White potatoes, baked or boiled","1 small","62015","small","1","130","130.0000"
"2709392","Potato, boiled, from fresh, peel not eaten, made with margarine","White potatoes, baked or boiled","1 large","60919","large","1","300","300.0000"
"2709392","Potato, boiled, from fresh, peel not eaten, made with margarine","White potatoes, baked or boiled","1 small","62015","small","1","130","130.0000"
"2709392","Potato, boiled, from fresh, peel not eaten, made with margarine","White potatoes, baked or boiled","1 medium","61238","medium","1","170","170.0000"
"2709392","Potato, boiled, from fresh, peel not eaten, made with margarine","White potatoes, baked or boiled","1 cup","10205","cup","1","160","160.0000"
"2709393","Potato, boiled, from fresh, peel eaten, NS as to fat","White potatoes, baked or boiled","1 cup","10205","cup","1","160","160.0000"
"2709393","Potato, boiled, from fresh, peel eaten, NS as to fat","White potatoes, baked or boiled","1 medium","61238","medium","1","170","170.0000"
"2709393","Potato, boiled, from fresh, peel eaten, NS as to fat","White potatoes, baked or boiled","1 small","62015","small","1","130","130.0000"
"2709393","Potato, boiled, from fresh, peel eaten, NS as to fat","White potatoes, baked or boiled","1 large","60919","large","1","300","300.0000"
"2709394","Potato, boiled, from fresh, peel eaten, fat added, NS as to fat type","White potatoes, baked or boiled","1 large","60919","large","1","300","300.0000"
"2709394","Potato, boiled, from fresh, peel eaten, fat added, NS as to fat type","White potatoes, baked or boiled","1 medium","61238","medium","1","170","170.0000"
"2709394","Potato, boiled, from fresh, peel eaten, fat added, NS as to fat type","White potatoes, baked or boiled","1 cup","10205","cup","1","160","160.0000"
"2709394","Potato, boiled, from fresh, peel eaten, fat added, NS as to fat type","White potatoes, baked or boiled","1 small","62015","small","1","130","130.0000"
"2709395","Potato, boiled, from fresh,  peel eaten, no added fat","White potatoes, baked or boiled","1 large","60919","large","1","300","300.0000"
"2709395","Potato, boiled, from fresh,  peel eaten, no added fat","White potatoes, baked or boiled","1 medium","61238","medium","1","170","170.0000"
"2709395","Potato, boiled, from fresh,  peel eaten, no added fat","White potatoes, baked or boiled","1 small","62015","small","1","130","130.0000"
"2709395","Potato, boiled, from fresh,  peel eaten, no added fat","White potatoes, baked or boiled","1 cup","10205","cup","1","160","160.0000"
"2709396","Potato, boiled, from fresh, peel eaten, made with oil","White potatoes, baked or boiled","1 small","62015","small","1","130","130.0000"
"2709396","Potato, boiled, from fresh, peel eaten, made with oil","White potatoes, baked or boiled","1 cup","10205","cup","1","160","160.0000"
"2709396","Potato, boiled, from fresh, peel eaten, made with oil","White potatoes, baked or boiled","1 large","60919","large","1","300","300.0000"
"2709396","Potato, boiled, from fresh, peel eaten, made with oil","White potatoes, baked or boiled","1 medium","61238","medium","1","170","170.0000"
"2709397","Potato, boiled, from fresh, peel eaten, made with butter","White potatoes, baked or boiled","1 small","62015","small","1","130","130.0000"
"2709397","Potato, boiled, from fresh, peel eaten, made with butter","White potatoes, baked or boiled","1 large","60919","large","1","300","300.0000"
"2709397","Potato, boiled, from fresh, peel eaten, made with butter","White potatoes, baked or boiled","1 medium","61238","medium","1","170","170.0000"
"2709397","Potato, boiled, from fresh, peel eaten, made with butter","White potatoes, baked or boiled","1 cup","10205","cup","1","160","160.0000"
"2709398","Potato, boiled, from fresh, peel eaten, made with margarine","White potatoes, baked or boiled","1 small","62015","small","1","130","130.0000"
"2709398","Potato, boiled, from fresh, peel eaten, made with margarine","White potatoes, baked or boiled","1 cup","10205","cup","1","160","160.0000"
"2709398","Potato, boiled, from fresh, peel eaten, made with margarine","White potatoes, baked or boiled","1 medium","61238","medium","1","170","170.0000"
"2709398","Potato, boiled, from fresh, peel eaten, made with margarine","White potatoes, baked or boiled","1 large","60919","large","1","300","300.0000"
"2709399","Potato, canned, NS as to fat","White potatoes, baked or boiled","1 cup","10205","cup","1","185","185.0000"
"2709400","Potato, canned, fat added, NS as to fat type","White potatoes, baked or boiled","1 cup","10205","cup","1","185","185.0000"
"2709401","Potato, canned, no added fat","White potatoes, baked or boiled","1 cup","10205","cup","1","185","185.0000"
"2709402","Potato, roasted, NFS","White potatoes, baked or boiled","1 cup","10205","cup","1","160","160.0000"
"2709402","Potato, roasted, NFS","White potatoes, baked or boiled","1 large","60919","large","1","300","300.0000"
"2709402","Potato, roasted, NFS","White potatoes, baked or boiled","1 small","62015","small","1","130","130.0000"
"2709402","Potato, roasted, NFS","White potatoes, baked or boiled","1 medium","61238","medium","1","170","170.0000"
"2709403","Potato, roasted, from fresh, peel eaten, NS as to fat","White potatoes, baked or boiled","1 cup","10205","cup","1","160","160.0000"
"2709403","Potato, roasted, from fresh, peel eaten, NS as to fat","White potatoes, baked or boiled","1 medium","61238","medium","1","170","170.0000"
"2709403","Potato, roasted, from fresh, peel eaten, NS as to fat","White potatoes, baked or boiled","1 large","60919","large","1","300","300.0000"
"2709403","Potato, roasted, from fresh, peel eaten, NS as to fat","White potatoes, baked or boiled","1 small","62015","small","1","130","130.0000"
"2709404","Potato, roasted, from fresh, peel eaten, no added fat","White potatoes, baked or boiled","1 cup","10205","cup","1","160","160.0000"
"2709404","Potato, roasted, from fresh, peel eaten, no added fat","White potatoes, baked or boiled","1 large","60919","large","1","300","300.0000"
"2709404","Potato, roasted, from fresh, peel eaten, no added fat","White potatoes, baked or boiled","1 medium","61238","medium","1","170","170.0000"
"2709404","Potato, roasted, from fresh, peel eaten, no added fat","White potatoes, baked or boiled","1 small","62015","small","1","130","130.0000"
"2709405","Potato, roasted, from fresh, peel eaten, fat added, NS as to fat type","White potatoes, baked or boiled","1 cup","10205","cup","1","160","160.0000"
"2709405","Potato, roasted, from fresh, peel eaten, fat added, NS as to fat type","White potatoes, baked or boiled","1 small","62015","small","1","130","130.0000"
"2709405","Potato, roasted, from fresh, peel eaten, fat added, NS as to fat type","White potatoes, baked or boiled","1 large","60919","large","1","300","300.0000"
"2709405","Potato, roasted, from fresh, peel eaten, fat added, NS as to fat type","White potatoes, baked or boiled","1 medium","61238","medium","1","170","170.0000"
"2709406","Potato, roasted, from fresh, peel eaten, made with oil","White potatoes, baked or boiled","1 cup","10205","cup","1","160","160.0000"
"2709406","Potato, roasted, from fresh, peel eaten, made with oil","White potatoes, baked or boiled","1 small","62015","small","1","130","130.0000"
"2709406","Potato, roasted, from fresh, peel eaten, made with oil","White potatoes, baked or boiled","1 medium","61238","medium","1","170","170.0000"
"2709406","Potato, roasted, from fresh, peel eaten, made with oil","White potatoes, baked or boiled","1 large","60919","large","1","300","300.0000"
"2709407","Potato, roasted, from fresh, peel eaten, made with butter","White potatoes, baked or boiled","1 cup","10205","cup","1","160","160.0000"
"2709407","Potato, roasted, from fresh, peel eaten, made with butter","White potatoes, baked or boiled","1 small","62015","small","1","130","130.0000"
"2709407","Potato, roasted, from fresh, peel eaten, made with butter","White potatoes, baked or boiled","1 large","60919","large","1","300","300.0000"
"2709407","Potato, roasted, from fresh, peel eaten, made with butter","White potatoes, baked or boiled","1 medium","61238","medium","1","170","170.0000"
"2709408","Potato, roasted, from fresh, peel eaten, made with margarine","White potatoes, baked or boiled","1 large","60919","large","1","300","300.0000"
"2709408","Potato, roasted, from fresh, peel eaten, made with margarine","White potatoes, baked or boiled","1 small","62015","small","1","130","130.0000"
"2709408","Potato, roasted, from fresh, peel eaten, made with margarine","White potatoes, baked or boiled","1 cup","10205","cup","1","160","160.0000"
"2709408","Potato, roasted, from fresh, peel eaten, made with margarine","White potatoes, baked or boiled","1 medium","61238","medium","1","170","170.0000"
"2709409","Potato, roasted, from fresh, peel not eaten, NS as to fat","White potatoes, baked or boiled","1 large","60919","large","1","300","300.0000"
"2709409","Potato, roasted, from fresh, peel not eaten, NS as to fat","White potatoes, baked or boiled","1 small","62015","small","1","130","130.0000"
"2709409","Potato, roasted, from fresh, peel not eaten, NS as to fat","White potatoes, baked or boiled","1 cup","10205","cup","1","160","160.0000"
"2709409","Potato, roasted, from fresh, peel not eaten, NS as to fat","White potatoes, baked or boiled","1 medium","61238","medium","1","170","170.0000"
"2709410","Potato, roasted, from fresh, peel not eaten, fat added, NS as to fat type","White potatoes, baked or boiled","1 large","60919","large","1","300","300.0000"
"2709410","Potato, roasted, from fresh, peel not eaten, fat added, NS as to fat type","White potatoes, baked or boiled","1 cup","10205","cup","1","160","160.0000"
"2709410","Potato, roasted, from fresh, peel not eaten, fat added, NS as to fat type","White potatoes, baked or boiled","1 small","62015","small","1","130","130.0000"
"2709410","Potato, roasted, from fresh, peel not eaten, fat added, NS as to fat type","White potatoes, baked or boiled","1 medium","61238","medium","1","170","170.0000"
"2709411","Potato, roasted, from fresh, peel not eaten, no added fat","White potatoes, baked or boiled","1 large","60919","large","1","300","300.0000"
"2709411","Potato, roasted, from fresh, peel not eaten, no added fat","White potatoes, baked or boiled","1 medium","61238","medium","1","170","170.0000"
"2709411","Potato, roasted, from fresh, peel not eaten, no added fat","White potatoes, baked or boiled","1 cup","10205","cup","1","160","160.0000"
"2709411","Potato, roasted, from fresh, peel not eaten, no added fat","White potatoes, baked or boiled","1 small","62015","small","1","130","130.0000"
"2709412","Potato, roasted, from fresh, peel not eaten, made with oil","White potatoes, baked or boiled","1 cup","10205","cup","1","160","160.0000"
"2709412","Potato, roasted, from fresh, peel not eaten, made with oil","White potatoes, baked or boiled","1 medium","61238","medium","1","170","170.0000"
"2709412","Potato, roasted, from fresh, peel not eaten, made with oil","White potatoes, baked or boiled","1 large","60919","large","1","300","300.0000"
"2709412","Potato, roasted, from fresh, peel not eaten, made with oil","White potatoes, baked or boiled","1 small","62015","small","1","130","130.0000"
"2709413","Potato, roasted, from fresh, peel not eaten, made with butter","White potatoes, baked or boiled","1 cup","10205","cup","1","160","160.0000"
"2709413","Potato, roasted, from fresh, peel not eaten, made with butter","White potatoes, baked or boiled","1 small","62015","small","1","130","130.0000"
"2709413","Potato, roasted, from fresh, peel not eaten, made with butter","White potatoes, baked or boiled","1 large","60919","large","1","300","300.0000"
"2709413","Potato, roasted, from fresh, peel not eaten, made with butter","White potatoes, baked or boiled","1 medium","61238","medium","1","170","170.0000"
"2709414","Potato, roasted, from fresh, peel not eaten, made with margarine","White potatoes, baked or boiled","1 medium","61238","medium","1","170","170.0000"
"2709414","Potato, roasted, from fresh, peel not eaten, made with margarine","White potatoes, baked or boiled","1 large","60919","large","1","300","300.0000"
"2709414","Potato, roasted, from fresh, peel not eaten, made with margarine","White potatoes, baked or boiled","1 small","62015","small","1","130","130.0000"
"2709414","Potato, roasted, from fresh, peel not eaten, made with margarine","White potatoes, baked or boiled","1 cup","10205","cup","1","160","160.0000"
"2709415","Potato, roasted, ready-to-heat","White potatoes, baked or boiled","1 large","60919","large","1","300","300.0000"
"2709415","Potato, roasted, ready-to-heat","White potatoes, baked or boiled","1 cup","10205","cup","1","160","160.0000"
"2709415","Potato, roasted, ready-to-heat","White potatoes, baked or boiled","1 medium","61238","medium","1","170","170.0000"
"2709415","Potato, roasted, ready-to-heat","White potatoes, baked or boiled","1 small","62015","small","1","130","130.0000"
"2709416","Stewed potatoes, Puerto Rican style","Mashed potatoes and white potato mixtures","1 small","62015","small","1","123","123.0000"
"2709416","Stewed potatoes, Puerto Rican style","Mashed potatoes and white potato mixtures","1 large","60919","large","1","247","247.0000"
"2709416","Stewed potatoes, Puerto Rican style","Mashed potatoes and white potato mixtures","1 cup","10205","cup","1","240","240.0000"
"2709416","Stewed potatoes, Puerto Rican style","Mashed potatoes and white potato mixtures","1 medium","61238","medium","1","163","163.0000"
"2709417","Potato only from Puerto Rican mixed dishes, gravy and other components reported separately","White potatoes, baked or boiled","1 small","62015","small","1","97","97.0000"
"2709417","Potato only from Puerto Rican mixed dishes, gravy and other components reported separately","White potatoes, baked or boiled","1 medium","61238","medium","1","127","127.0000"
"2709417","Potato only from Puerto Rican mixed dishes, gravy and other components reported separately","White potatoes, baked or boiled","1 large","60919","large","1","189","189.0000"
"2709417","Potato only from Puerto Rican mixed dishes, gravy and other components reported separately","White potatoes, baked or boiled","1 cup","10205","cup","1","184","184.0000"
"2709418","Potato from Puerto Rican style stuffed pot roast, with gravy","Mashed potatoes and white potato mixtures","1 medium","61238","medium","1","137","137.0000"
"2709418","Potato from Puerto Rican style stuffed pot roast, with gravy","Mashed potatoes and white potato mixtures","1 cup","10205","cup","1","200","200.0000"
"2709418","Potato from Puerto Rican style stuffed pot roast, with gravy","Mashed potatoes and white potato mixtures","1 large","60919","large","1","206","206.0000"
"2709418","Potato from Puerto Rican style stuffed pot roast, with gravy","Mashed potatoes and white potato mixtures","1 small","62015","small","1","103","103.0000"
"2709419","Potato from Puerto Rican beef stew, with gravy","Mashed potatoes and white potato mixtures","1 small","62015","small","1","122","122.0000"
"2709419","Potato from Puerto Rican beef stew, with gravy","Mashed potatoes and white potato mixtures","1 medium","61238","medium","1","160","160.0000"
"2709419","Potato from Puerto Rican beef stew, with gravy","Mashed potatoes and white potato mixtures","1 cup","10205","cup","1","232","232.0000"
"2709419","Potato from Puerto Rican beef stew, with gravy","Mashed potatoes and white potato mixtures","1 large","60919","large","1","238","238.0000"
"2709420","Potato from Puerto Rican chicken fricassee, with sauce","Mashed potatoes and white potato mixtures","1 cup","10205","cup","1","240","240.0000"
"2709420","Potato from Puerto Rican chicken fricassee, with sauce","Mashed potatoes and white potato mixtures","1 large","60919","large","1","247","247.0000"
"2709420","Potato from Puerto Rican chicken fricassee, with sauce","Mashed potatoes and white potato mixtures","1 small","62015","small","1","123","123.0000"
"2709420","Potato from Puerto Rican chicken fricassee, with sauce","Mashed potatoes and white potato mixtures","1 medium","61238","medium","1","163","163.0000"
"2709421","Potato chips, NFS","Potato chips","1 cup","10205","cup","1","25","25.0000"
"2709422","Potato chips, plain","Potato chips","1 cup","10205","cup","1","25","25.0000"
"2709423","Potato chips, barbecue flavored","Potato chips","1 cup","10205","cup","1","25","25.0000"
"2709424","Potato chips, sour cream and onion flavored","Potato chips","1 cup","10205","cup","1","25","25.0000"
"2709425","Potato chips, cheese flavored","Potato chips","1 cup","10205","cup","1","25","25.0000"
"2709426","Potato chips, other flavored","Potato chips","1 cup","10205","cup","1","25","25.0000"
"2709427","Potato chips, ruffled, plain","Potato chips","1 cup","10205","cup","1","32","32.0000"
"2709428","Potato chips, ruffled, barbecue flavored","Potato chips","1 cup","10205","cup","1","32","32.0000"
"2709429","Potato chips, ruffled, sour cream and onion flavored","Potato chips","1 cup","10205","cup","1","32","32.0000"
"2709430","Potato chips, ruffled, cheese flavored","Potato chips","1 cup","10205","cup","1","32","32.0000"
"2709431","Potato chips, ruffled, other flavored","Potato chips","1 cup","10205","cup","1","32","32.0000"
"2709432","Potato chips, restructured, plain","Potato chips","1 cup","10205","cup","1","25","25.0000"
"2709433","Potato chips, restructured, flavored","Potato chips","1 cup","10205","cup","1","25","25.0000"
"2709434","Potato chips, baked, plain","Potato chips","1 cup","10205","cup","1","25","25.0000"
"2709435","Potato chips, baked, flavored","Potato chips","1 cup","10205","cup","1","25","25.0000"
"2709436","Potato chips, reduced fat","Potato chips","1 cup","10205","cup","1","25","25.0000"
"2709437","Potato chips, restructured, reduced fat, lightly salted","Potato chips","1 cup","10205","cup","1","25","25.0000"
"2709438","Potato chips, unsalted","Potato chips","1 cup","10205","cup","1","25","25.0000"
"2709439","Potato chips, lightly salted","Potato chips","1 cup","10205","cup","1","25","25.0000"
"2709440","Potato chips, restructured, lightly salted","Potato chips","1 cup","10205","cup","1","25","25.0000"
"2709441","Potato chips, popped, plain","Potato chips","1 cup","10205","cup","1","20","20.0000"
"2709442","Potato chips, popped, flavored","Potato chips","1 cup","10205","cup","1","20","20.0000"
"2709443","Potato chips, popped, NFS","Potato chips","1 cup","10205","cup","1","20","20.0000"
"2709444","Potato sticks, plain","Potato chips","1 cup","10205","cup","1","38","38.0000"
"2709444","Potato sticks, plain","Potato chips","10 sticks","62483","stick","10","3","0.3000"
"2709445","Potato sticks, flavored","Potato chips","10 sticks","62483","stick","10","3","0.3000"
"2709445","Potato sticks, flavored","Potato chips","1 cup","10205","cup","1","38","38.0000"
"2709446","Potato sticks, fry shaped","Potato chips","1 cup","10205","cup","1","38","38.0000"
"2709446","Potato sticks, fry shaped","Potato chips","10 sticks","62483","stick","10","3","0.3000"
"2709447","Vegetable chips","Tortilla, corn, other chips","1 cup","10205","cup","1","30","30.0000"
"2709448","Potato, scalloped, NFS","Mashed potatoes and white potato mixtures","1 cup","10205","cup","1","250","250.0000"
"2709449","Potato, scalloped, from fast food or restaurant","Mashed potatoes and white potato mixtures","1 cup","10205","cup","1","250","250.0000"
"2709450","Potato, scalloped, from fresh","Mashed potatoes and white potato mixtures","1 cup","10205","cup","1","250","250.0000"
"2709451","Potato, scalloped, from fresh, with meat","Mashed potatoes and white potato mixtures","1 cup","10205","cup","1","250","250.0000"
"2709452","Potato, scalloped, from dry mix","Mashed potatoes and white potato mixtures","1 cup","10205","cup","1","250","250.0000"
"2709453","Potato, scalloped, from dry mix, with meat","Mashed potatoes and white potato mixtures","1 cup","10205","cup","1","250","250.0000"
"2709454","Potato, scalloped, ready-to-heat","Mashed potatoes and white potato mixtures","1 cup","10205","cup","1","250","250.0000"
"2709455","Potato, scalloped, ready-to-heat, with meat","Mashed potatoes and white potato mixtures","1 cup","10205","cup","1","250","250.0000"
"2709456","Potato, french fries, NFS","French fries and other fried white potatoes","1 cup","10205","cup","1","60","60.0000"
"2709457","Potato, french fries, NS as to fresh or frozen","French fries and other fried white potatoes","1 oz, raw, yields","40061","oz","1","15","15.0000"
"2709457","Potato, french fries, NS as to fresh or frozen","French fries and other fried white potatoes","1 cup","10205","cup","1","60","60.0000"
"2709458","Potato, french fries, from fresh, fried","French fries and other fried white potatoes","1 oz, raw, yields","40061","oz","1","15","15.0000"
"2709458","Potato, french fries, from fresh, fried","French fries and other fried white potatoes","1 medium, raw, yields","64636","medium","1","70","70.0000"
"2709458","Potato, french fries, from fresh, fried","French fries and other fried white potatoes","1 cup","10205","cup","1","60","60.0000"
"2709458","Potato, french fries, from fresh, fried","French fries and other fried white potatoes","1 small, raw, yields","64635","small","1","50","50.0000"
"2709458","Potato, french fries, from fresh, fried","French fries and other fried white potatoes","1 large, raw, yields","64637","large","1","100","100.0000"
"2709459","Potato, french fries, from fresh, baked","French fries and other fried white potatoes","1 oz, raw, yields","40061","oz","1","15","15.0000"
"2709459","Potato, french fries, from fresh, baked","French fries and other fried white potatoes","1 small, raw, yields","64635","small","1","50","50.0000"
"2709459","Potato, french fries, from fresh, baked","French fries and other fried white potatoes","1 large, raw, yields","64637","large","1","100","100.0000"
"2709459","Potato, french fries, from fresh, baked","French fries and other fried white potatoes","1 cup","10205","cup","1","60","60.0000"
"2709459","Potato, french fries, from fresh, baked","French fries and other fried white potatoes","1 medium, raw, yields","64636","medium","1","70","70.0000"
"2709460","Potato, french fries, from frozen, baked","French fries and other fried white potatoes","1 cup","10205","cup","1","60","60.0000"
"2709461","Potato, french fries, fast food","French fries and other fried white potatoes","1 cup","10205","cup","1","60","60.0000"
"2709462","Potato, french fries, restaurant","French fries and other fried white potatoes","1 cup","10205","cup","1","60","60.0000"
"2709463","Potato, french fries, from frozen, fried","French fries and other fried white potatoes","1 cup","10205","cup","1","60","60.0000"
"2709464","Potato, french fries, school","French fries and other fried white potatoes","1 cup","10205","cup","1","60","60.0000"
"2709465","Potato, french fries, with cheese, fast food / restaurant","French fries and other fried white potatoes","1 cup","10205","cup","1","92","92.0000"
"2709466","Potato, french fries, with cheese, school","French fries and other fried white potatoes","1 cup","10205","cup","1","135","135.0000"
"2709467","Potato, french fries, with chili, fast food / restaurant","French fries and other fried white potatoes","1 cup","10205","cup","1","92","92.0000"
"2709468","Potato, french fries, with chili and cheese, fast food / restaurant","French fries and other fried white potatoes","1 cup","10205","cup","1","124","124.0000"
"2709469","Potato, french fries, with cheese","French fries and other fried white potatoes","1 cup","10205","cup","1","92","92.0000"
"2709470","Potato, french fries, with chili and cheese","French fries and other fried white potatoes","1 cup","10205","cup","1","124","124.0000"
"2709471","Potato, french fries, with chili","French fries and other fried white potatoes","1 cup","10205","cup","1","92","92.0000"
"2709472","Potato, home fries, NFS","French fries and other fried white potatoes","1 cup","10205","cup","1","200","200.0000"
"2709473","Potato, home fries, from restaurant / fast food","French fries and other fried white potatoes","1 cup","10205","cup","1","200","200.0000"
"2709474","Potato, home fries, from fresh","French fries and other fried white potatoes","1 cup","10205","cup","1","200","200.0000"
"2709475","Potato, home fries, ready-to-heat","French fries and other fried white potatoes","1 cup","10205","cup","1","200","200.0000"
"2709476","Potato, home fries, with vegetables","French fries and other fried white potatoes","1 cup","10205","cup","1","200","200.0000"
"2709477","Potato, hash brown, NFS","French fries and other fried white potatoes","1 cup","10205","cup","1","160","160.0000"
"2709478","Potato, hash brown, from fast food","French fries and other fried white potatoes","1 cup","10205","cup","1","160","160.0000"
"2709479","Potato, hash brown, from fast food, with cheese","French fries and other fried white potatoes","1 cup","10205","cup","1","160","160.0000"
"2709480","Potato, hash brown, from restaurant","French fries and other fried white potatoes","1 cup","10205","cup","1","160","160.0000"
"2709481","Potato, hash brown, from restaurant, with cheese","French fries and other fried white potatoes","1 cup","10205","cup","1","160","160.0000"
"2709482","Potato, hash brown, from school lunch","French fries and other fried white potatoes","1 cup","10205","cup","1","160","160.0000"
"2709483","Potato, hash brown, from fresh","French fries and other fried white potatoes","1 cup","10205","cup","1","160","160.0000"
"2709484","Potato, hash brown, from fresh, with cheese","French fries and other fried white potatoes","1 cup","10205","cup","1","160","160.0000"
"2709485","Potato, hash brown, from dry mix","French fries and other fried white potatoes","1 cup","10205","cup","1","160","160.0000"
"2709486","Potato, hash brown, ready-to-heat","French fries and other fried white potatoes","1 cup","10205","cup","1","160","160.0000"
"2709487","Potato, hash brown, ready-to-heat, with cheese","French fries and other fried white potatoes","1 cup","10205","cup","1","160","160.0000"
"2709492","Potato, mashed, NFS","Mashed potatoes and white potato mixtures","1 cup","10205","cup","1","250","250.0000"
"2709493","Potato, mashed, from fast food","Mashed potatoes and white potato mixtures","1 cup","10205","cup","1","250","250.0000"
"2709494","Potato, mashed, from fast food, with gravy","Mashed potatoes and white potato mixtures","1 cup","10205","cup","1","250","250.0000"
"2709495","Potato, mashed, ready-to-heat","Mashed potatoes and white potato mixtures","1 cup","10205","cup","1","250","250.0000"
"2709496","Potato, mashed, from fresh, made with milk","Mashed potatoes and white potato mixtures","1 cup","10205","cup","1","250","250.0000"
"2709497","Potato, mashed, from fresh, made with milk, with cheese","Mashed potatoes and white potato mixtures","1 cup","10205","cup","1","250","250.0000"
"2709498","Potato, mashed, from fresh, made with milk, with gravy","Mashed potatoes and white potato mixtures","1 cup","10205","cup","1","250","250.0000"
"2709499","Potato, mashed, from fresh, NFS","Mashed potatoes and white potato mixtures","1 cup","10205","cup","1","250","250.0000"
"2709500","Potato, mashed, from restaurant","Mashed potatoes and white potato mixtures","1 cup","10205","cup","1","250","250.0000"
"2709501","Potato, mashed, from restaurant, with gravy","Mashed potatoes and white potato mixtures","1 cup","10205","cup","1","250","250.0000"
"2709502","Potato, mashed, from school lunch","Mashed potatoes and white potato mixtures","1 cup","10205","cup","1","250","250.0000"
"2709503","Potato, mashed, from dry mix, NFS","Mashed potatoes and white potato mixtures","1 cup","10205","cup","1","250","250.0000"
"2709504","Potato, mashed, from dry mix, made with milk","Mashed potatoes and white potato mixtures","1 cup","10205","cup","1","250","250.0000"
"2709505","Potato, mashed, from dry mix, made with milk, with cheese","Mashed potatoes and white potato mixtures","1 cup","10205","cup","1","250","250.0000"
"2709506","Potato, mashed, from dry mix, made with milk, with gravy","Mashed potatoes and white potato mixtures","1 cup","10205","cup","1","250","250.0000"
"2709507","Potato, mashed, ready-to-heat, NFS","Mashed potatoes and white potato mixtures","1 cup","10205","cup","1","250","250.0000"
"2709508","Potato, mashed, ready-to-heat, with cheese","Mashed potatoes and white potato mixtures","1 cup","10205","cup","1","250","250.0000"
"2709509","Potato, mashed, ready-to-heat, with gravy","Mashed potatoes and white potato mixtures","1 cup","10205","cup","1","250","250.0000"
"2709510","Potato patty","French fries and other fried white potatoes","1 cup","10205","cup","1","160","160.0000"
"2709511","Potato tots, NFS","French fries and other fried white potatoes","1 cup","10205","cup","1","130","130.0000"
"2709511","Potato tots, NFS","French fries and other fried white potatoes","1 piece","61667","piece","1","8","8.0000"
"2709512","Potato tots, fast food / restaurant","French fries and other fried white potatoes","1 piece","61667","piece","1","8","8.0000"
"2709512","Potato tots, fast food / restaurant","French fries and other fried white potatoes","1 cup","10205","cup","1","130","130.0000"
"2709513","Potato tots, school","French fries and other fried white potatoes","1 cup","10205","cup","1","130","130.0000"
"2709513","Potato tots, school","French fries and other fried white potatoes","1 piece","61667","piece","1","8","8.0000"
"2709514","Potato tots, from fresh, fried or baked","French fries and other fried white potatoes","1 piece","61667","piece","1","8","8.0000"
"2709514","Potato tots, from fresh, fried or baked","French fries and other fried white potatoes","1 cup","10205","cup","1","130","130.0000"
"2709515","Potato tots, frozen, baked","French fries and other fried white potatoes","1 piece","61667","piece","1","8","8.0000"
"2709515","Potato tots, frozen, baked","French fries and other fried white potatoes","1 cup","10205","cup","1","130","130.0000"
"2709516","Potato tots, frozen, fried","French fries and other fried white potatoes","1 piece","61667","piece","1","8","8.0000"
"2709516","Potato tots, frozen, fried","French fries and other fried white potatoes","1 cup","10205","cup","1","130","130.0000"
"2709517","Potato tots, frozen, NS as to fried or baked","French fries and other fried white potatoes","1 cup","10205","cup","1","130","130.0000"
"2709517","Potato tots, frozen, NS as to fried or baked","French fries and other fried white potatoes","1 piece","61667","piece","1","8","8.0000"
"2709518","Potato, baked, peel not eaten, with butter","White potatoes, baked or boiled","1 small","62015","small","1","260","260.0000"
"2709518","Potato, baked, peel not eaten, with butter","White potatoes, baked or boiled","1 large","60919","large","1","445","445.0000"
"2709518","Potato, baked, peel not eaten, with butter","White potatoes, baked or boiled","1 medium","61238","medium","1","315","315.0000"
"2709518","Potato, baked, peel not eaten, with butter","White potatoes, baked or boiled","1 cup","10205","cup","1","160","160.0000"
"2709519","Potato, baked, peel not eaten, with sour cream","White potatoes, baked or boiled","1 large","60919","large","1","445","445.0000"
"2709519","Potato, baked, peel not eaten, with sour cream","White potatoes, baked or boiled","1 small","62015","small","1","260","260.0000"
"2709519","Potato, baked, peel not eaten, with sour cream","White potatoes, baked or boiled","1 cup","10205","cup","1","160","160.0000"
"2709519","Potato, baked, peel not eaten, with sour cream","White potatoes, baked or boiled","1 medium","61238","medium","1","315","315.0000"
"2709520","Potato, baked, peel not eaten, with cheese","White potatoes, baked or boiled","1 cup","10205","cup","1","160","160.0000"
"2709520","Potato, baked, peel not eaten, with cheese","White potatoes, baked or boiled","1 large","60919","large","1","445","445.0000"
"2709520","Potato, baked, peel not eaten, with cheese","White potatoes, baked or boiled","1 small","62015","small","1","260","260.0000"
"2709520","Potato, baked, peel not eaten, with cheese","White potatoes, baked or boiled","1 medium","61238","medium","1","315","315.0000"
"2709521","Potato, baked, peel not eaten, with meat","White potatoes, baked or boiled","1 small","62015","small","1","260","260.0000"
"2709521","Potato, baked, peel not eaten, with meat","White potatoes, baked or boiled","1 cup","10205","cup","1","160","160.0000"
"2709521","Potato, baked, peel not eaten, with meat","White potatoes, baked or boiled","1 medium","61238","medium","1","315","315.0000"
"2709521","Potato, baked, peel not eaten, with meat","White potatoes, baked or boiled","1 large","60919","large","1","445","445.0000"
"2709522","Potato, baked, peel not eaten, with chili","White potatoes, baked or boiled","1 large","60919","large","1","445","445.0000"
"2709522","Potato, baked, peel not eaten, with chili","White potatoes, baked or boiled","1 medium","61238","medium","1","315","315.0000"
"2709522","Potato, baked, peel not eaten, with chili","White potatoes, baked or boiled","1 small","62015","small","1","260","260.0000"
"2709522","Potato, baked, peel not eaten, with chili","White potatoes, baked or boiled","1 cup","10205","cup","1","160","160.0000"
"2709523","Potato, baked, peel not eaten, with vegetables","White potatoes, baked or boiled","1 small","62015","small","1","260","260.0000"
"2709523","Potato, baked, peel not eaten, with vegetables","White potatoes, baked or boiled","1 medium","61238","medium","1","315","315.0000"
"2709523","Potato, baked, peel not eaten, with vegetables","White potatoes, baked or boiled","1 large","60919","large","1","445","445.0000"
"2709523","Potato, baked, peel not eaten, with vegetables","White potatoes, baked or boiled","1 cup","10205","cup","1","160","160.0000"
"2709524","Potato, baked, peel eaten","White potatoes, baked or boiled","1 cup","10205","cup","1","130","130.0000"
"2709524","Potato, baked, peel eaten","White potatoes, baked or boiled","1 large","60919","large","1","400","400.0000"
"2709524","Potato, baked, peel eaten","White potatoes, baked or boiled","1 medium","61238","medium","1","285","285.0000"
"2709524","Potato, baked, peel eaten","White potatoes, baked or boiled","1 small","62015","small","1","230","230.0000"
"2709525","Potato, baked, peel eaten, with butter","White potatoes, baked or boiled","1 cup","10205","cup","1","160","160.0000"
"2709525","Potato, baked, peel eaten, with butter","White potatoes, baked or boiled","1 large","60919","large","1","445","445.0000"
"2709525","Potato, baked, peel eaten, with butter","White potatoes, baked or boiled","1 small","62015","small","1","260","260.0000"
"2709525","Potato, baked, peel eaten, with butter","White potatoes, baked or boiled","1 medium","61238","medium","1","315","315.0000"
"2709526","Potato, baked, peel eaten, with sour cream","White potatoes, baked or boiled","1 cup","10205","cup","1","160","160.0000"
"2709526","Potato, baked, peel eaten, with sour cream","White potatoes, baked or boiled","1 small","62015","small","1","260","260.0000"
"2709526","Potato, baked, peel eaten, with sour cream","White potatoes, baked or boiled","1 large","60919","large","1","445","445.0000"
"2709526","Potato, baked, peel eaten, with sour cream","White potatoes, baked or boiled","1 medium","61238","medium","1","315","315.0000"
"2709527","Potato, baked, peel eaten, with cheese","White potatoes, baked or boiled","1 small","62015","small","1","260","260.0000"
"2709527","Potato, baked, peel eaten, with cheese","White potatoes, baked or boiled","1 medium","61238","medium","1","315","315.0000"
"2709527","Potato, baked, peel eaten, with cheese","White potatoes, baked or boiled","1 large","60919","large","1","445","445.0000"
"2709527","Potato, baked, peel eaten, with cheese","White potatoes, baked or boiled","1 cup","10205","cup","1","160","160.0000"
"2709528","Potato, baked, peel eaten, with meat","White potatoes, baked or boiled","1 medium","61238","medium","1","315","315.0000"
"2709528","Potato, baked, peel eaten, with meat","White potatoes, baked or boiled","1 small","62015","small","1","260","260.0000"
"2709528","Potato, baked, peel eaten, with meat","White potatoes, baked or boiled","1 cup","10205","cup","1","160","160.0000"
"2709528","Potato, baked, peel eaten, with meat","White potatoes, baked or boiled","1 large","60919","large","1","445","445.0000"
"2709529","Potato, baked, peel eaten, with chili","White potatoes, baked or boiled","1 cup","10205","cup","1","160","160.0000"
"2709529","Potato, baked, peel eaten, with chili","White potatoes, baked or boiled","1 small","62015","small","1","260","260.0000"
"2709529","Potato, baked, peel eaten, with chili","White potatoes, baked or boiled","1 large","60919","large","1","445","445.0000"
"2709529","Potato, baked, peel eaten, with chili","White potatoes, baked or boiled","1 medium","61238","medium","1","315","315.0000"
"2709530","Potato, baked, peel eaten, with vegetables","White potatoes, baked or boiled","1 medium","61238","medium","1","315","315.0000"
"2709530","Potato, baked, peel eaten, with vegetables","White potatoes, baked or boiled","1 small","62015","small","1","260","260.0000"
"2709530","Potato, baked, peel eaten, with vegetables","White potatoes, baked or boiled","1 large","60919","large","1","445","445.0000"
"2709530","Potato, baked, peel eaten, with vegetables","White potatoes, baked or boiled","1 cup","10205","cup","1","160","160.0000"
"2709531","Potato salad with egg, from restaurant","Mashed potatoes and white potato mixtures","1 cup","10205","cup","1","275","275.0000"
"2709532","Potato salad with egg, made with mayonnaise","Mashed potatoes and white potato mixtures","1 cup","10205","cup","1","275","275.0000"
"2709533","Potato salad with egg, made with light mayonnaise","Mashed potatoes and white potato mixtures","1 cup","10205","cup","1","275","275.0000"
"2709534","Potato salad with egg, made with mayonnaise-type salad dressing","Mashed potatoes and white potato mixtures","1 cup","10205","cup","1","275","275.0000"
"2709535","Potato salad with egg, made with light mayonnaise-type salad dressing","Mashed potatoes and white potato mixtures","1 cup","10205","cup","1","275","275.0000"
"2709536","Potato salad with egg, made with creamy dressing","Mashed potatoes and white potato mixtures","1 cup","10205","cup","1","275","275.0000"
"2709537","Potato salad with egg, made with light creamy dressing","Mashed potatoes and white potato mixtures","1 cup","10205","cup","1","275","275.0000"
"2709538","Potato salad with egg, made with Italian dressing","Mashed potatoes and white potato mixtures","1 cup","10205","cup","1","275","275.0000"
"2709539","Potato salad with egg, made with light Italian dressing","Mashed potatoes and white potato mixtures","1 cup","10205","cup","1","275","275.0000"
"2709540","Potato salad with egg, made with any type of fat free dressing","Mashed potatoes and white potato mixtures","1 cup","10205","cup","1","275","275.0000"
"2709541","Potato salad, German style","Mashed potatoes and white potato mixtures","1 cup","10205","cup","1","175","175.0000"
"2709542","Potato salad, from restaurant","Mashed potatoes and white potato mixtures","1 cup","10205","cup","1","275","275.0000"
"2709543","Potato salad, made with mayonnaise","Mashed potatoes and white potato mixtures","1 cup","10205","cup","1","275","275.0000"
"2709544","Potato salad, made with light mayonnaise","Mashed potatoes and white potato mixtures","1 cup","10205","cup","1","275","275.0000"
"2709545","Potato salad, made with mayonnaise-type salad dressing","Mashed potatoes and white potato mixtures","1 cup","10205","cup","1","275","275.0000"
"2709546","Potato salad, made with light mayonnaise-type salad dressing","Mashed potatoes and white potato mixtures","1 cup","10205","cup","1","275","275.0000"
"2709547","Potato salad, made with creamy dressing","Mashed potatoes and white potato mixtures","1 cup","10205","cup","1","275","275.0000"
"2709548","Potato salad, made with light creamy dressing","Mashed potatoes and white potato mixtures","1 cup","10205","cup","1","275","275.0000"
"2709549","Potato salad, made with Italian dressing","Mashed potatoes and white potato mixtures","1 cup","10205","cup","1","275","275.0000"
"2709550","Potato salad, made with light Italian dressing","Mashed potatoes and white potato mixtures","1 cup","10205","cup","1","275","275.0000"
"2709551","Potato salad, made with any type of fat free dressing","Mashed potatoes and white potato mixtures","1 cup","10205","cup","1","275","275.0000"
"2709554","Stewed potatoes","Mashed potatoes and white potato mixtures","1 cup","10205","cup","1","250","250.0000"
"2709555","Stewed potatoes with tomatoes","Mashed potatoes and white potato mixtures","1 cup","10205","cup","1","250","250.0000"
"2709556","Soup, potato","Soups, cream-based","1 cup","10205","cup","1","255","255.0000"
"2709556","Soup, potato","Soups, cream-based","1 can","60482","can","1","525","525.0000"
"2709557","Soup, potato with meat","Soups, cream-based","1 can","60482","can","1","525","525.0000"
"2709557","Soup, potato with meat","Soups, cream-based","1 cup","10205","cup","1","255","255.0000"
"2709558","Plantain, cooked, no added fat","Other starchy vegetables","1 cup","10205","cup","1","200","200.0000"
"2709558","Plantain, cooked, no added fat","Other starchy vegetables","1 cup, mashed","10118","cup","1","200","200.0000"
"2709558","Plantain, cooked, no added fat","Other starchy vegetables","1 slice","61935","slice","1","25","25.0000"
"2709559","Plantain, cooked with oil","Other starchy vegetables","1 slice","61935","slice","1","25","25.0000"
"2709559","Plantain, cooked with oil","Other starchy vegetables","1 cup","10205","cup","1","170","170.0000"
"2709561","Plantain, cooked, fat added, NS as to fat type","Other starchy vegetables","1 slice","61935","slice","1","25","25.0000"
"2709561","Plantain, cooked, fat added, NS as to fat type","Other starchy vegetables","1 cup","10205","cup","1","170","170.0000"
"2709562","Plantain, cooked with butter or margarine","Other starchy vegetables","1 cup","10205","cup","1","170","170.0000"
"2709562","Plantain, cooked with butter or margarine","Other starchy vegetables","1 slice","61935","slice","1","25","25.0000"
"2709563","Plantain chips","Tortilla, corn, other chips","1 oz","40000","oz","1","28.35","28.3500"
"2709563","Plantain chips","Tortilla, corn, other chips","1 cup","10205","cup","1","38","38.0000"
"2709564","Cassava, cooked","Other starchy vegetables","1 cup","10205","cup","1","160","160.0000"
"2709565","Yuca fries","Fried vegetables","1 cup","10205","cup","1","140","140.0000"
"2709566","Casabe, cassava bread","Biscuits, muffins, quick breads","1 piece (6"" dia)","61731","piece","1","100","100.0000"
"2709567","Taro, cooked","Other starchy vegetables","1 cup","10205","cup","1","160","160.0000"
"2709568","Fufu","Other starchy vegetables","1 cup, cooked","10043","cup","1","240","240.0000"
"2709570","Beet greens, raw","Other dark green vegetables","1 cup","10205","cup","1","38","38.0000"
"2709571","Beet greens, cooked","Other dark green vegetables","1 cup","10205","cup","1","150","150.0000"
"2709572","Broccoli raab, raw","Broccoli","1 cup","10205","cup","1","40","40.0000"
"2709573","Broccoli raab, cooked","Broccoli","1 cup","10205","cup","1","170","170.0000"
"2709574","Chard, raw","Other dark green vegetables","1 cup","10205","cup","1","36","36.0000"
"2709575","Chard, cooked","Other dark green vegetables","1 cup","10205","cup","1","150","150.0000"
"2709576","Collards, raw","Other dark green vegetables","1 cup","10205","cup","1","36","36.0000"
"2709577","Collards, fresh, cooked, no added fat","Other dark green vegetables","1 cup","10205","cup","1","130","130.0000"
"2709578","Collards, frozen, cooked, no added fat","Other dark green vegetables","1 cup","10205","cup","1","170","170.0000"
"2709579","Collards, NS as to form, cooked","Other dark green vegetables","1 cup","10205","cup","1","135","135.0000"
"2709580","Collards, fresh, cooked, fat added, NS as to fat type","Other dark green vegetables","1 cup","10205","cup","1","135","135.0000"
"2709581","Collards, frozen, cooked, fat added, NS as to fat type","Other dark green vegetables","1 cup","10205","cup","1","175","175.0000"
"2709582","Collards, fresh, cooked with oil","Other dark green vegetables","1 cup","10205","cup","1","135","135.0000"
"2709583","Collards, fresh, cooked with butter or margarine","Other dark green vegetables","1 cup","10205","cup","1","135","135.0000"
"2709584","Collards, frozen, cooked with oil","Other dark green vegetables","1 cup","10205","cup","1","175","175.0000"
"2709585","Collards, frozen, cooked with butter or margarine","Other dark green vegetables","1 cup","10205","cup","1","175","175.0000"
"2709586","Cress, raw","Other dark green vegetables","1 cup","10205","cup","1","50","50.0000"
"2709587","Cress, cooked","Other dark green vegetables","1 cup","10205","cup","1","140","140.0000"
"2709588","Dandelion greens, raw","Other dark green vegetables","1 cup","10205","cup","1","55","55.0000"
"2709589","Dandelion greens, cooked","Other dark green vegetables","1 cup","10205","cup","1","110","110.0000"
"2709590","Romaine lettuce, raw","Lettuce and lettuce salads","1 cup","10205","cup","1","35","35.0000"
"2709591","Caesar salad, with romaine, no dressing","Lettuce and lettuce salads","1 cup","10205","cup","1","79","79.0000"
"2709592","Escarole, cooked","Other dark green vegetables","1 cup","10205","cup","1","135","135.0000"
"2709593","Greens, fresh, cooked, no added fat","Other dark green vegetables","1 cup","10205","cup","1","130","130.0000"
"2709594","Greens, frozen, cooked, no added fat","Other dark green vegetables","1 cup","10205","cup","1","170","170.0000"
"2709595","Greens, NS as to form, cooked","Other dark green vegetables","1 cup","10205","cup","1","135","135.0000"
"2709596","Greens, fresh, cooked, fat added","Other dark green vegetables","1 cup","10205","cup","1","135","135.0000"
"2709597","Greens, frozen, cooked, fat added","Other dark green vegetables","1 cup","10205","cup","1","175","175.0000"
"2709598","Greens, canned, cooked","Other dark green vegetables","1 cup","10205","cup","1","175","175.0000"
"2709599","Kale, raw","Other dark green vegetables","1 cup","10205","cup","1","25","25.0000"
"2709600","Kale, fresh, cooked, no added fat","Other dark green vegetables","1 cup","10205","cup","1","130","130.0000"
"2709601","Kale, frozen, cooked, no added fat","Other dark green vegetables","1 cup","10205","cup","1","170","170.0000"
"2709602","Kale, NS as to form, cooked","Other dark green vegetables","1 cup","10205","cup","1","135","135.0000"
"2709603","Kale, fresh, cooked, fat added","Other dark green vegetables","1 cup","10205","cup","1","135","135.0000"
"2709604","Kale, frozen, cooked, fat added","Other dark green vegetables","1 cup","10205","cup","1","175","175.0000"
"2709605","Lambsquarter, cooked","Other dark green vegetables","1 cup","10205","cup","1","185","185.0000"
"2709606","Mustard greens, raw","Other dark green vegetables","1 cup","10205","cup","1","56","56.0000"
"2709607","Mustard greens, fresh, cooked, no added fat","Other dark green vegetables","1 cup","10205","cup","1","140","140.0000"
"2709608","Mustard greens, frozen, cooked, no added fat","Other dark green vegetables","1 cup","10205","cup","1","165","165.0000"
"2709609","Mustard greens, NS as to form, cooked","Other dark green vegetables","1 cup","10205","cup","1","150","150.0000"
"2709610","Mustard greens, fresh, cooked, fat added","Other dark green vegetables","1 cup","10205","cup","1","150","150.0000"
"2709611","Mustard greens, frozen, cooked, fat added","Other dark green vegetables","1 cup","10205","cup","1","170","170.0000"
"2709612","Poke greens, cooked","Other dark green vegetables","1 cup","10205","cup","1","150","150.0000"
"2709613","Radicchio, raw","Lettuce and lettuce salads","1 cup","10205","cup","1","40","40.0000"
"2709614","Spinach, raw","Spinach","1 cup","10205","cup","1","25","25.0000"
"2709615","Spinach, fresh, cooked, no added fat","Spinach","1 cup","10205","cup","1","180","180.0000"
"2709616","Spinach, frozen, cooked, no added fat","Spinach","1 cup","10205","cup","1","215","215.0000"
"2709617","Spinach, canned, cooked, no added fat","Spinach","1 cup","10205","cup","1","215","215.0000"
"2709618","Spinach, fresh, cooked with oil","Spinach","1 cup","10205","cup","1","185","185.0000"
"2709619","Spinach, fresh, cooked with butter or margarine","Spinach","1 cup","10205","cup","1","185","185.0000"
"2709620","Spinach, NS as to form, cooked","Spinach","1 cup","10205","cup","1","185","185.0000"
"2709621","Spinach, fresh, cooked, fat added, NS as to fat type","Spinach","1 cup","10205","cup","1","185","185.0000"
"2709622","Spinach, frozen, cooked, fat added, NS as to fat type","Spinach","1 cup","10205","cup","1","220","220.0000"
"2709623","Spinach, canned, cooked, fat added, NS as to fat type","Spinach","1 cup","10205","cup","1","220","220.0000"
"2709624","Spinach, frozen, cooked with oil","Spinach","1 cup","10205","cup","1","220","220.0000"
"2709625","Spinach, frozen, cooked with butter or margarine","Spinach","1 cup","10205","cup","1","220","220.0000"
"2709626","Spinach, canned, cooked with oil","Spinach","1 cup","10205","cup","1","220","220.0000"
"2709627","Spinach, canned, cooked with butter or margarine","Spinach","1 cup","10205","cup","1","220","220.0000"
"2709628","Spinach, creamed","Spinach","1 cup","10205","cup","1","200","200.0000"
"2709629","Spinach souffle","Vegetable dishes","1 cup","10205","cup","1","100","100.0000"
"2709630","Spinach and cheese casserole","Vegetable dishes","1 cup","10205","cup","1","200","200.0000"
"2709631","Palak Paneer","Vegetable dishes","1 cup","10205","cup","1","200","200.0000"
"2709632","Channa Saag","Vegetable dishes","1 cup","10205","cup","1","245","245.0000"
"2709633","Taro leaves, cooked","Other dark green vegetables","1 cup","10205","cup","1","150","150.0000"
"2709634","Turnip greens, fresh, cooked, no added fat","Other dark green vegetables","1 cup","10205","cup","1","145","145.0000"
"2709635","Turnip greens, frozen, cooked, no added fat","Other dark green vegetables","1 cup","10205","cup","1","165","165.0000"
"2709636","Turrnip greens, NS as to form, cooked","Other dark green vegetables","1 cup","10205","cup","1","150","150.0000"
"2709637","Turnip greens, fresh, cooked, fat added","Other dark green vegetables","1 cup","10205","cup","1","150","150.0000"
"2709638","Turnip greens, frozen, cooked, fat added","Other dark green vegetables","1 cup","10205","cup","1","170","170.0000"
"2709639","Watercress, raw","Other dark green vegetables","1 cup","10205","cup","1","34","34.0000"
"2709640","Watercress, cooked","Other dark green vegetables","1 cup","10205","cup","1","142","142.0000"
"2709641","Bitter melon, horseradish, jute, or radish leaves, cooked","Other dark green vegetables","1 cup","10205","cup","1","128","128.0000"
"2709642","Sweet potato, squash, pumpkin, chrysanthemum, or bean leaves, cooked","Other dark green vegetables","1 cup","10205","cup","1","69","69.0000"
"2709643","Broccoli, raw","Broccoli","1 piece","61667","piece","1","10","10.0000"
"2709643","Broccoli, raw","Broccoli","1 cup","10205","cup","1","90","90.0000"
"2709644","Broccoli, cooked, from restaurant","Broccoli","1 cup","10205","cup","1","160","160.0000"
"2709644","Broccoli, cooked, from restaurant","Broccoli","1 piece","61667","piece","1","10","10.0000"
"2709645","Broccoli, fresh, cooked, no added fat","Broccoli","1 cup","10205","cup","1","155","155.0000"
"2709645","Broccoli, fresh, cooked, no added fat","Broccoli","1 piece","61667","piece","1","10","10.0000"
"2709646","Broccoli, frozen, cooked, no added fat","Broccoli","1 cup","10205","cup","1","185","185.0000"
"2709646","Broccoli, frozen, cooked, no added fat","Broccoli","1 piece","61667","piece","1","10","10.0000"
"2709647","Broccoli, NS as to form, cooked","Broccoli","1 piece","61667","piece","1","10","10.0000"
"2709647","Broccoli, NS as to form, cooked","Broccoli","1 cup","10205","cup","1","160","160.0000"
"2709648","Broccoli, fresh, cooked, fat added, NS as to fat type","Broccoli","1 piece","61667","piece","1","10","10.0000"
"2709648","Broccoli, fresh, cooked, fat added, NS as to fat type","Broccoli","1 cup","10205","cup","1","160","160.0000"
"2709649","Broccoli, frozen, cooked, fat added, NS as to fat type","Broccoli","1 cup","10205","cup","1","190","190.0000"
"2709649","Broccoli, frozen, cooked, fat added, NS as to fat type","Broccoli","1 piece","61667","piece","1","10","10.0000"
"2709650","Broccoli, fresh, cooked with oil","Broccoli","1 piece","61667","piece","1","10","10.0000"
"2709650","Broccoli, fresh, cooked with oil","Broccoli","1 cup","10205","cup","1","160","160.0000"
"2709651","Broccoli, fresh, cooked with butter or margarine","Broccoli","1 piece","61667","piece","1","10","10.0000"
"2709651","Broccoli, fresh, cooked with butter or margarine","Broccoli","1 cup","10205","cup","1","160","160.0000"
"2709652","Broccoli, frozen, cooked with oil","Broccoli","1 cup","10205","cup","1","190","190.0000"
"2709652","Broccoli, frozen, cooked with oil","Broccoli","1 piece","61667","piece","1","10","10.0000"
"2709653","Broccoli, frozen, cooked with butter or margarine","Broccoli","1 piece","61667","piece","1","10","10.0000"
"2709653","Broccoli, frozen, cooked with butter or margarine","Broccoli","1 cup","10205","cup","1","190","190.0000"
"2709654","Broccoli casserole with noodles","Vegetable dishes","1 cup","10205","cup","1","228","228.0000"
"2709655","Broccoli casserole with rice","Vegetable dishes","1 cup","10205","cup","1","228","228.0000"
"2709656","Fried broccoli","Fried vegetables","1 cup","10205","cup","1","85","85.0000"
"2709657","Broccoli, chinese, raw","Broccoli","1 cup","10205","cup","1","36","36.0000"
"2709658","Broccoli, Chinese, cooked","Broccoli","1 cup","10205","cup","1","88","88.0000"
"2709659","Soup, broccoli cheese","Soups, cream-based","1 cup","10205","cup","1","255","255.0000"
"2709659","Soup, broccoli cheese","Soups, cream-based","1 can","60482","can","1","525","525.0000"
"2709660","Carrots, raw","Carrots","1 cup","10205","cup","1","120","120.0000"
"2709661","Carrots, raw, salad","Coleslaw, non-lettuce salads","1 cup","10205","cup","1","175","175.0000"
"2709662","Carrots, raw, salad with apples","Coleslaw, non-lettuce salads","1 cup","10205","cup","1","171","171.0000"
"2709663","Carrots, cooked, from restaurant","Carrots","1 cup","10205","cup","1","160","160.0000"
"2709664","Carrots, fresh, cooked, no added fat","Carrots","1 cup","10205","cup","1","155","155.0000"
"2709664","Carrots, fresh, cooked, no added fat","Carrots","1 cup, mashed","10118","cup","1","230","230.0000"
"2709665","Carrots, frozen, cooked, no added fat","Carrots","1 cup","10205","cup","1","155","155.0000"
"2709665","Carrots, frozen, cooked, no added fat","Carrots","1 cup, mashed","10118","cup","1","230","230.0000"
"2709666","Carrots, canned, cooked, no added fat","Carrots","1 cup, mashed","10118","cup","1","230","230.0000"
"2709666","Carrots, canned, cooked, no added fat","Carrots","1 cup","10205","cup","1","155","155.0000"
"2709667","Carrots, fresh, cooked with oil","Carrots","1 cup","10205","cup","1","160","160.0000"
"2709667","Carrots, fresh, cooked with oil","Carrots","1 cup, mashed","10118","cup","1","235","235.0000"
"2709668","Carrots, fresh, cooked with butter or margarine","Carrots","1 cup, mashed","10118","cup","1","235","235.0000"
"2709668","Carrots, fresh, cooked with butter or margarine","Carrots","1 cup","10205","cup","1","160","160.0000"
"2709669","Carrots, NS as to form, cooked","Carrots","1 cup","10205","cup","1","160","160.0000"
"2709669","Carrots, NS as to form, cooked","Carrots","1 cup, mashed","10118","cup","1","235","235.0000"
"2709670","Carrots, fresh, cooked, fat added, NS as to fat type","Carrots","1 cup, mashed","10118","cup","1","235","235.0000"
"2709670","Carrots, fresh, cooked, fat added, NS as to fat type","Carrots","1 cup","10205","cup","1","160","160.0000"
"2709671","Carrots, frozen, cooked, fat added, NS as to fat type","Carrots","1 cup, mashed","10118","cup","1","235","235.0000"
"2709671","Carrots, frozen, cooked, fat added, NS as to fat type","Carrots","1 cup","10205","cup","1","160","160.0000"
"2709672","Carrots, canned, cooked, fat added, NS as to fat type","Carrots","1 cup, mashed","10118","cup","1","235","235.0000"
"2709672","Carrots, canned, cooked, fat added, NS as to fat type","Carrots","1 cup","10205","cup","1","160","160.0000"
"2709673","Carrots, frozen, cooked with oil","Carrots","1 cup, mashed","10118","cup","1","235","235.0000"
"2709673","Carrots, frozen, cooked with oil","Carrots","1 cup","10205","cup","1","160","160.0000"
"2709674","Carrots, frozen, cooked with butter or margarine","Carrots","1 cup, mashed","10118","cup","1","235","235.0000"
"2709674","Carrots, frozen, cooked with butter or margarine","Carrots","1 cup","10205","cup","1","160","160.0000"
"2709675","Carrots, canned, cooked with oil","Carrots","1 cup, mashed","10118","cup","1","235","235.0000"
"2709675","Carrots, canned, cooked with oil","Carrots","1 cup","10205","cup","1","160","160.0000"
"2709676","Carrots, canned, cooked with butter or margarine","Carrots","1 cup, mashed","10118","cup","1","235","235.0000"
"2709676","Carrots, canned, cooked with butter or margarine","Carrots","1 cup","10205","cup","1","160","160.0000"
"2709677","Carrots, glazed, cooked","Carrots","1 cup","10205","cup","1","160","160.0000"
"2709678","Carrots, canned, reduced sodium, cooked, no added fat","Carrots","1 cup","10205","cup","1","155","155.0000"
"2709678","Carrots, canned, reduced sodium, cooked, no added fat","Carrots","1 cup, mashed","10118","cup","1","230","230.0000"
"2709679","Carrots, canned, reduced sodium, cooked, fat added, NS as to fat type","Carrots","1 cup","10205","cup","1","160","160.0000"
"2709679","Carrots, canned, reduced sodium, cooked, fat added, NS as to fat type","Carrots","1 cup, mashed","10118","cup","1","235","235.0000"
"2709680","Carrots, canned, reduced sodium, cooked with oil","Carrots","1 cup","10205","cup","1","160","160.0000"
"2709680","Carrots, canned, reduced sodium, cooked with oil","Carrots","1 cup, mashed","10118","cup","1","235","235.0000"
"2709681","Carrots, canned, reduced sodium, cooked with butter or margarine","Carrots","1 cup","10205","cup","1","160","160.0000"
"2709681","Carrots, canned, reduced sodium, cooked with butter or margarine","Carrots","1 cup, mashed","10118","cup","1","235","235.0000"
"2709682","Beet juice","Vegetable juice","1 fl oz (NFS)","30008","floz","1","31","31.0000"
"2709682","Beet juice","Vegetable juice","1 fl oz (no ice)","30001","floz","1","31","31.0000"
"2709682","Beet juice","Vegetable juice","1 fl oz (with ice)","30009","floz","1","23","23.0000"
"2709683","Carrot juice, 100%","Vegetable juice","1 fl oz (NFS)","30008","floz","1","30","30.0000"
"2709683","Carrot juice, 100%","Vegetable juice","1 fl oz (with ice)","30009","floz","1","23","23.0000"
"2709683","Carrot juice, 100%","Vegetable juice","1 fl oz (no ice)","30001","floz","1","30","30.0000"
"2709684","Peas and carrots, fresh, cooked, no added fat","Other vegetables and combinations","1 cup","10205","cup","1","160","160.0000"
"2709685","Peas and carrots, frozen, cooked, no added fat","Other vegetables and combinations","1 cup","10205","cup","1","160","160.0000"
"2709686","Peas and carrots, canned, cooked, no added fat","Other vegetables and combinations","1 cup","10205","cup","1","160","160.0000"
"2709687","Peas and carrots, cooked, NS as to form","Other vegetables and combinations","1 cup","10205","cup","1","165","165.0000"
"2709688","Peas and carrots, fresh, cooked, fat added","Other vegetables and combinations","1 cup","10205","cup","1","165","165.0000"
"2709689","Peas and carrots, frozen, cooked, fat added","Other vegetables and combinations","1 cup","10205","cup","1","165","165.0000"
"2709690","Peas and carrots, canned, cooked, fat added","Other vegetables and combinations","1 cup","10205","cup","1","165","165.0000"
"2709691","Pumpkin, canned, cooked","Other red and orange vegetables","1 cup","10205","cup","1","245","245.0000"
"2709692","Pumpkin, cooked","Other red and orange vegetables","1 cup, mashed","10118","cup","1","250","250.0000"
"2709692","Pumpkin, cooked","Other red and orange vegetables","1 cup","10205","cup","1","230","230.0000"
"2709693","Winter squash, raw","Other red and orange vegetables","1 cup","10205","cup","1","140","140.0000"
"2709694","Winter squash, cooked, no added fat","Other red and orange vegetables","1 cup","10205","cup","1","225","225.0000"
"2709695","Winter squash, cooked, fat added","Other red and orange vegetables","1 cup","10205","cup","1","230","230.0000"
"2709696","Squash, winter, souffle","Vegetable dishes","1 cup","10205","cup","1","157","157.0000"
"2709697","Sweet potato, NFS","Other red and orange vegetables","1 large","60919","large","1","235","235.0000"
"2709697","Sweet potato, NFS","Other red and orange vegetables","1 oz, raw, yields","40061","oz","1","25","25.0000"
"2709697","Sweet potato, NFS","Other red and orange vegetables","1 small","62015","small","1","80","80.0000"
"2709697","Sweet potato, NFS","Other red and orange vegetables","1 cup, mashed","10118","cup","1","250","250.0000"
"2709697","Sweet potato, NFS","Other red and orange vegetables","1 medium","61238","medium","1","150","150.0000"
"2709698","Sweet potato, baked, NS as to fat","Other red and orange vegetables","1 large","60919","large","1","235","235.0000"
"2709698","Sweet potato, baked, NS as to fat","Other red and orange vegetables","1 oz, raw, yields","40061","oz","1","25","25.0000"
"2709698","Sweet potato, baked, NS as to fat","Other red and orange vegetables","1 small","62015","small","1","80","80.0000"
"2709698","Sweet potato, baked, NS as to fat","Other red and orange vegetables","1 medium","61238","medium","1","150","150.0000"
"2709698","Sweet potato, baked, NS as to fat","Other red and orange vegetables","1 cup, mashed","10118","cup","1","250","250.0000"
"2709699","Sweet potato, baked, no added fat","Other red and orange vegetables","1 medium","61238","medium","1","150","150.0000"
"2709699","Sweet potato, baked, no added fat","Other red and orange vegetables","1 cup, mashed","10118","cup","1","250","250.0000"
"2709699","Sweet potato, baked, no added fat","Other red and orange vegetables","1 oz, raw, yields","40061","oz","1","25","25.0000"
"2709699","Sweet potato, baked, no added fat","Other red and orange vegetables","1 large","60919","large","1","235","235.0000"
"2709699","Sweet potato, baked, no added fat","Other red and orange vegetables","1 small","62015","small","1","80","80.0000"
"2709700","Sweet potato, baked, fat added","Other red and orange vegetables","1 cup, mashed","10118","cup","1","250","250.0000"
"2709700","Sweet potato, baked, fat added","Other red and orange vegetables","1 oz, raw, yields","40061","oz","1","25","25.0000"
"2709700","Sweet potato, baked, fat added","Other red and orange vegetables","1 large","60919","large","1","235","235.0000"
"2709700","Sweet potato, baked, fat added","Other red and orange vegetables","1 medium","61238","medium","1","150","150.0000"
"2709700","Sweet potato, baked, fat added","Other red and orange vegetables","1 small","62015","small","1","80","80.0000"
"2709701","Sweet potato, boiled, NS as to fat","Other red and orange vegetables","1 small","62015","small","1","80","80.0000"
"2709701","Sweet potato, boiled, NS as to fat","Other red and orange vegetables","1 oz, raw, yields","40061","oz","1","25","25.0000"
"2709701","Sweet potato, boiled, NS as to fat","Other red and orange vegetables","1 cup, mashed","10118","cup","1","250","250.0000"
"2709701","Sweet potato, boiled, NS as to fat","Other red and orange vegetables","1 medium","61238","medium","1","150","150.0000"
"2709701","Sweet potato, boiled, NS as to fat","Other red and orange vegetables","1 large","60919","large","1","235","235.0000"
"2709702","Sweet potato, boiled, no added fat","Other red and orange vegetables","1 oz, raw, yields","40061","oz","1","25","25.0000"
"2709702","Sweet potato, boiled, no added fat","Other red and orange vegetables","1 large","60919","large","1","235","235.0000"
"2709702","Sweet potato, boiled, no added fat","Other red and orange vegetables","1 medium","61238","medium","1","150","150.0000"
"2709702","Sweet potato, boiled, no added fat","Other red and orange vegetables","1 small","62015","small","1","80","80.0000"
"2709702","Sweet potato, boiled, no added fat","Other red and orange vegetables","1 cup, mashed","10118","cup","1","250","250.0000"
"2709703","Sweet potato, boiled, fat added","Other red and orange vegetables","1 small","62015","small","1","80","80.0000"
"2709703","Sweet potato, boiled, fat added","Other red and orange vegetables","1 oz, raw, yields","40061","oz","1","25","25.0000"
"2709703","Sweet potato, boiled, fat added","Other red and orange vegetables","1 large","60919","large","1","235","235.0000"
"2709703","Sweet potato, boiled, fat added","Other red and orange vegetables","1 medium","61238","medium","1","150","150.0000"
"2709703","Sweet potato, boiled, fat added","Other red and orange vegetables","1 cup, mashed","10118","cup","1","250","250.0000"
"2709704","Sweet potato, candied","Other red and orange vegetables","1 cup","10205","cup","1","250","250.0000"
"2709704","Sweet potato, candied","Other red and orange vegetables","1 piece","61667","piece","1","45","45.0000"
"2709705","Sweet potato, canned, NS as to fat","Other red and orange vegetables","1 cup, pieces","10129","cup","1","250","250.0000"
"2709705","Sweet potato, canned, NS as to fat","Other red and orange vegetables","1 cup, NFS","10010","cup","1","250","250.0000"
"2709705","Sweet potato, canned, NS as to fat","Other red and orange vegetables","1 cup, mashed","10118","cup","1","250","250.0000"
"2709706","Sweet potato, canned, no added fat","Other red and orange vegetables","1 cup, NFS","10010","cup","1","250","250.0000"
"2709706","Sweet potato, canned, no added fat","Other red and orange vegetables","1 cup, pieces","10129","cup","1","250","250.0000"
"2709706","Sweet potato, canned, no added fat","Other red and orange vegetables","1 cup, mashed","10118","cup","1","250","250.0000"
"2709707","Sweet potato, canned, fat added","Other red and orange vegetables","1 cup, mashed","10118","cup","1","250","250.0000"
"2709707","Sweet potato, canned, fat added","Other red and orange vegetables","1 cup, NFS","10010","cup","1","250","250.0000"
"2709707","Sweet potato, canned, fat added","Other red and orange vegetables","1 cup, pieces","10129","cup","1","250","250.0000"
"2709708","Sweet potato, casserole or mashed","Other red and orange vegetables","1 cup","10205","cup","1","250","250.0000"
"2709709","Sweet potato fries, NFS","Fried vegetables","1 cup","10205","cup","1","60","60.0000"
"2709710","Sweet potato chips","Tortilla, corn, other chips","1 cup","10205","cup","1","25","25.0000"
"2709711","Sweet potato fries, frozen","Fried vegetables","1 cup","10205","cup","1","60","60.0000"
"2709712","Sweet potato fries, from fresh","Fried vegetables","1 cup","10205","cup","1","60","60.0000"
"2709713","Sweet potato fries, fast food / restaurant","Fried vegetables","1 cup","10205","cup","1","60","60.0000"
"2709714","Sweet potato fries, school","Fried vegetables","1 cup","10205","cup","1","60","60.0000"
"2709715","Sweet potato tots","Fried vegetables","1 cup","10205","cup","1","130","130.0000"
"2709715","Sweet potato tots","Fried vegetables","1 piece","61667","piece","1","8","8.0000"
"2709716","Sweet potato tots, fast food / restaurant","Fried vegetables","1 piece","61667","piece","1","8","8.0000"
"2709716","Sweet potato tots, fast food / restaurant","Fried vegetables","1 cup","10205","cup","1","130","130.0000"
"2709717","Sweet potato tots, school","Fried vegetables","1 cup","10205","cup","1","130","130.0000"
"2709717","Sweet potato tots, school","Fried vegetables","1 piece","61667","piece","1","8","8.0000"
"2709718","Soup, pumpkin","Soups, cream-based","1 can","60482","can","1","525","525.0000"
"2709718","Soup, pumpkin","Soups, cream-based","1 cup","10205","cup","1","245","245.0000"
"2709719","Tomatoes, raw","Tomatoes","1 slice","61935","slice","1","20","20.0000"
"2709719","Tomatoes, raw","Tomatoes","1 cup","10205","cup","1","180","180.0000"
"2709720","Tomatoes, NS as to form, cooked","Tomatoes","1 cup","10205","cup","1","240","240.0000"
"2709721","Tomatoes, fresh, cooked","Tomatoes","1 cup","10205","cup","1","240","240.0000"
"2709722","Tomatoes, canned, cooked","Tomatoes","1 cup","10205","cup","1","240","240.0000"
"2709723","Tomatoes, scalloped","Vegetable dishes","1 cup","10205","cup","1","240","240.0000"
"2709724","Tomatoes, canned, reduced sodium, cooked","Tomatoes","1 cup","10205","cup","1","240","240.0000"
"2709725","Fried green tomatoes","Fried vegetables","1 slice","61935","slice","1","35","35.0000"
"2709725","Fried green tomatoes","Fried vegetables","1 cup","10205","cup","1","180","180.0000"
"2709726","Tomato, green, pickled","Olives, pickles, pickled vegetables","1 cup","10205","cup","1","142","142.0000"
"2709727","Sun-dried tomatoes","Tomatoes","1 piece","61667","piece","1","5","5.0000"
"2709727","Sun-dried tomatoes","Tomatoes","1 cup","10205","cup","1","55","55.0000"
"2709728","Tomato juice, 100%","Vegetable juice","1 fl oz (NFS)","30008","floz","1","31","31.0000"
"2709728","Tomato juice, 100%","Vegetable juice","1 fl oz (with ice)","30009","floz","1","23","23.0000"
"2709728","Tomato juice, 100%","Vegetable juice","1 fl oz (no ice)","30001","floz","1","31","31.0000"
"2709729","Tomato juice, 100%, low sodium","Vegetable juice","1 fl oz (NFS)","30008","floz","1","31","31.0000"
"2709729","Tomato juice, 100%, low sodium","Vegetable juice","1 fl oz (with ice)","30009","floz","1","23","23.0000"
"2709729","Tomato juice, 100%, low sodium","Vegetable juice","1 fl oz (no ice)","30001","floz","1","31","31.0000"
"2709730","Tomato juice cocktail","Vegetable juice","1 fl oz (with ice)","30009","floz","1","23","23.0000"
"2709730","Tomato juice cocktail","Vegetable juice","1 fl oz (no ice)","30001","floz","1","31","31.0000"
"2709730","Tomato juice cocktail","Vegetable juice","1 fl oz (NFS)","30008","floz","1","31","31.0000"
"2709731","Tomato and vegetable juice, 100%","Vegetable juice","1 fl oz (with ice)","30009","floz","1","23","23.0000"
"2709731","Tomato and vegetable juice, 100%","Vegetable juice","1 fl oz (NFS)","30008","floz","1","31","31.0000"
"2709731","Tomato and vegetable juice, 100%","Vegetable juice","1 fl oz (no ice)","30001","floz","1","31","31.0000"
"2709732","Tomato and vegetable juice, 100%, low sodium","Vegetable juice","1 fl oz (NFS)","30008","floz","1","31","31.0000"
"2709732","Tomato and vegetable juice, 100%, low sodium","Vegetable juice","1 fl oz (no ice)","30001","floz","1","31","31.0000"
"2709732","Tomato and vegetable juice, 100%, low sodium","Vegetable juice","1 fl oz (with ice)","30009","floz","1","23","23.0000"
"2709733","Ketchup","Tomato-based condiments","1 tablespoon","21000","tbsp","1","17","17.0000"
"2709733","Ketchup","Tomato-based condiments","1 cup","10205","cup","1","272","272.0000"
"2709734","Ketchup, reduced sodium","Tomato-based condiments","1 cup","10205","cup","1","272","272.0000"
"2709734","Ketchup, reduced sodium","Tomato-based condiments","1 tablespoon","21000","tbsp","1","17","17.0000"
"2709735","Tomato chili sauce","Tomato-based condiments","1 tablespoon","21000","tbsp","1","17","17.0000"
"2709736","Salsa, NFS","Tomato-based condiments","1 tablespoon","21000","tbsp","1","16","16.0000"
"2709736","Salsa, NFS","Tomato-based condiments","1 cup","10205","cup","1","256","256.0000"
"2709737","Salsa, pico de gallo","Tomato-based condiments","1 cup","10205","cup","1","240","240.0000"
"2709738","Salsa, red","Tomato-based condiments","1 cup","10205","cup","1","256","256.0000"
"2709738","Salsa, red","Tomato-based condiments","1 tablespoon","21000","tbsp","1","16","16.0000"
"2709739","Salsa, red, homemade","Tomato-based condiments","1 cup","10205","cup","1","234","234.0000"
"2709740","Taco sauce","Tomato-based condiments","1 tablespoon","21000","tbsp","1","16","16.0000"
"2709741","Enchilada sauce, red","Tomato-based condiments","1 tablespoon","21000","tbsp","1","16","16.0000"
"2709742","Enchilada sauce, green","Dips, gravies, other sauces","1 tablespoon","21000","tbsp","1","16","16.0000"
"2709743","Salsa verde or salsa, green","Dips, gravies, other sauces","1 cup","10205","cup","1","246","246.0000"
"2709743","Salsa verde or salsa, green","Dips, gravies, other sauces","1 tablespoon","21000","tbsp","1","15","15.0000"
"2709744","Hot Thai sauce","Mustard and other condiments","1 tablespoon","21000","tbsp","1","16","16.0000"
"2709745","Spaghetti sauce","Pasta sauces, tomato-based","1 cup","10205","cup","1","260","260.0000"
"2709746","Spaghetti sauce with added vegetables","Pasta sauces, tomato-based","1 cup","10205","cup","1","260","260.0000"
"2709747","Spaghetti sauce, reduced sodium","Pasta sauces, tomato-based","1 cup","10205","cup","1","260","260.0000"
"2709748","Spaghetti sauce, fat free","Pasta sauces, tomato-based","1 cup","10205","cup","1","260","260.0000"
"2709749","Vodka sauce with tomatoes and cream","Pasta sauces, tomato-based","1 cup","10205","cup","1","260","260.0000"
"2709750","Barbecue sauce","Tomato-based condiments","1 tablespoon","21000","tbsp","1","17","17.0000"
"2709750","Barbecue sauce","Tomato-based condiments","1 cup","10205","cup","1","272","272.0000"
"2709751","Buffalo sauce","Mustard and other condiments","1 tablespoon","21000","tbsp","1","16","16.0000"
"2709752","Steak sauce","Tomato-based condiments","1 tablespoon","21000","tbsp","1","17","17.0000"
"2709753","Cocktail sauce","Tomato-based condiments","1 tablespoon","21000","tbsp","1","17","17.0000"
"2709754","Puerto Rican seasoning with ham","Mustard and other condiments","1 cup","10205","cup","1","240","240.0000"
"2709755","Puerto Rican seasoning without ham and tomato sauce","Mustard and other condiments","1 cup","10205","cup","1","240","240.0000"
"2709756","Tomato and cucumber salad made with tomato, cucumber, oil, and vinegar","Coleslaw, non-lettuce salads","1 cup","10205","cup","1","159","159.0000"
"2709757","Soup, tomato","Soups, broth-based","1 cup","10205","cup","1","245","245.0000"
"2709758","Soup, cream of tomato","Soups, cream-based","1 cup","10205","cup","1","255","255.0000"
"2709758","Soup, cream of tomato","Soups, cream-based","1 can","60482","can","1","525","525.0000"
"2709759","Soup, tomato, canned","Soups, broth-based","1 cup","10205","cup","1","245","245.0000"
"2709759","Soup, tomato, canned","Soups, broth-based","1 can","60482","can","1","525","525.0000"
"2709760","Soup, tomato, canned / carton, reduced sodium","Soups, broth-based","1 cup","10205","cup","1","245","245.0000"
"2709760","Soup, tomato, canned / carton, reduced sodium","Soups, broth-based","1 can","60482","can","1","525","525.0000"
"2709763","Raw vegetable, NFS","Other vegetables and combinations","1 cup","10205","cup","1","120","120.0000"
"2709764","Sprouts, NFS","Other vegetables and combinations","1 cup","10205","cup","1","56","56.0000"
"2709765","Alfalfa sprouts, raw","Other vegetables and combinations","1 cup","10205","cup","1","33","33.0000"
"2709766","Artichoke","Other vegetables and combinations","1 cup","10205","cup","1","150","150.0000"
"2709767","Asparagus, raw","Other vegetables and combinations","1 piece","61667","piece","1","4","4.0000"
"2709767","Asparagus, raw","Other vegetables and combinations","1 cup","10205","cup","1","135","135.0000"
"2709768","Bean sprouts, raw","Other vegetables and combinations","1 cup","10205","cup","1","90","90.0000"
"2709769","Green beans, raw","String beans","1 cup","10205","cup","1","100","100.0000"
"2709770","Beets, raw","Other vegetables and combinations","1 cup","10205","cup","1","135","135.0000"
"2709771","Broccoflower, raw","Other vegetables and combinations","1 cup","10205","cup","1","64","64.0000"
"2709772","Brussels sprouts, raw","Other vegetables and combinations","1 cup","10205","cup","1","90","90.0000"
"2709773","Cabbage, green, raw","Cabbage","1 cup","10205","cup","1","90","90.0000"
"2709774","Cabbage, Chinese, raw","Cabbage","1 cup","10205","cup","1","90","90.0000"
"2709775","Cabbage, red, raw","Cabbage","1 cup","10205","cup","1","90","90.0000"
"2709776","Cactus, raw","Other vegetables and combinations","1 cup","10205","cup","1","150","150.0000"
"2709777","Cauliflower, raw","Other vegetables and combinations","1 cup","10205","cup","1","110","110.0000"
"2709777","Cauliflower, raw","Other vegetables and combinations","1 piece","61667","piece","1","13","13.0000"
"2709778","Celery, raw","Other vegetables and combinations","1 stick","62239","stick","1","4","4.0000"
"2709778","Celery, raw","Other vegetables and combinations","1 piece","61667","piece","1","4","4.0000"
"2709778","Celery, raw","Other vegetables and combinations","1 cup","10205","cup","1","120","120.0000"
"2709780","Basil, raw","Not included in a food category","1 cup","10205","cup","1","24","24.0000"
"2709780","Basil, raw","Not included in a food category","1 tablespoon","21000","tbsp","1","3","3.0000"
"2709781","Chives, raw","Not included in a food category","1 tablespoon","21000","tbsp","1","3","3.0000"
"2709782","Cilantro, raw","Not included in a food category","1 cup","10205","cup","1","16","16.0000"
"2709783","Corn, raw","Corn","1 cup","10205","cup","1","150","150.0000"
"2709784","Cucumber, raw","Other vegetables and combinations","1 stick","62239","stick","1","10","10.0000"
"2709784","Cucumber, raw","Other vegetables and combinations","1 regular","62862","regular","1","200","200.0000"
"2709784","Cucumber, raw","Other vegetables and combinations","1 cup","10205","cup","1","120","120.0000"
"2709785","Eggplant, raw","Other vegetables and combinations","1 cup","10205","cup","1","80","80.0000"
"2709786","Garlic, raw","Mustard and other condiments","1 cup","10205","cup","1","135","135.0000"
"2709786","Garlic, raw","Mustard and other condiments","1 clove","60581","clove","1","3","3.0000"
"2709786","Garlic, raw","Mustard and other condiments","1 teaspoon","22000","tsp","1","5","5.0000"
"2709787","Jicama, raw","Other vegetables and combinations","1 cup","10205","cup","1","130","130.0000"
"2709787","Jicama, raw","Other vegetables and combinations","1 slice","61935","slice","1","6","6.0000"
"2709788","Kohlrabi, raw","Other vegetables and combinations","1 slice","61935","slice","1","15","15.0000"
"2709788","Kohlrabi, raw","Other vegetables and combinations","1 cup","10205","cup","1","135","135.0000"
"2709789","Lettuce, raw","Lettuce and lettuce salads","1 cup","10205","cup","1","35","35.0000"
"2709790","Lettuce, Boston, raw","Lettuce and lettuce salads","1 cup","10205","cup","1","25","25.0000"
"2709791","Lettuce, arugula, raw","Lettuce and lettuce salads","1 cup","10205","cup","1","20","20.0000"
"2709792","Mixed salad greens, raw","Lettuce and lettuce salads","1 cup","10205","cup","1","35","35.0000"
"2709793","Mushrooms, raw","Other vegetables and combinations","1 cup","10205","cup","1","70","70.0000"
"2709794","Onions, green, raw","Onions","1 cup","10205","cup","1","100","100.0000"
"2709795","Onions, raw","Onions","1 cup","10205","cup","1","160","160.0000"
"2709795","Onions, raw","Onions","1 slice","61935","slice","1","15","15.0000"
"2709796","Parsley, raw","Not included in a food category","1 cup","10205","cup","1","60","60.0000"
"2709797","Green peas, raw","Other starchy vegetables","1 cup","10205","cup","1","145","145.0000"
"2709798","Peppers, hot, raw","Mustard and other condiments","1 cup","10205","cup","1","150","150.0000"
"2709798","Peppers, hot, raw","Mustard and other condiments","1 slice","61935","slice","1","5","5.0000"
"2709798","Peppers, hot, raw","Mustard and other condiments","1 piece","61667","piece","1","5","5.0000"
"2709799","Peppers, raw, NFS","Other vegetables and combinations","1 cup","10205","cup","1","150","150.0000"
"2709799","Peppers, raw, NFS","Other vegetables and combinations","1 piece","61667","piece","1","10","10.0000"
"2709799","Peppers, raw, NFS","Other vegetables and combinations","1 regular","62862","regular","1","120","120.0000"
"2709800","Peppers, sweet, green, raw","Other vegetables and combinations","1 regular","62862","regular","1","120","120.0000"
"2709800","Peppers, sweet, green, raw","Other vegetables and combinations","1 piece","61667","piece","1","10","10.0000"
"2709800","Peppers, sweet, green, raw","Other vegetables and combinations","1 cup","10205","cup","1","150","150.0000"
"2709801","Peppers, sweet, red, raw","Other red and orange vegetables","1 cup","10205","cup","1","150","150.0000"
"2709801","Peppers, sweet, red, raw","Other red and orange vegetables","1 regular","62862","regular","1","120","120.0000"
"2709801","Peppers, sweet, red, raw","Other red and orange vegetables","1 piece","61667","piece","1","10","10.0000"
"2709802","Peppers, banana, raw","Other vegetables and combinations","1 cup","10205","cup","1","150","150.0000"
"2709803","Radish","Other vegetables and combinations","1 cup","10205","cup","1","115","115.0000"
"2709803","Radish","Other vegetables and combinations","1 slice","61935","slice","1","1","1.0000"
"2709804","Rutabaga, raw","Other vegetables and combinations","1 cup","10205","cup","1","140","140.0000"
"2709805","Seaweed, raw","Other vegetables and combinations","1 cup","10205","cup","1","80","80.0000"
"2709806","Snowpeas, raw","Other vegetables and combinations","1 cup","10205","cup","1","65","65.0000"
"2709807","Summer squash, yellow, raw","Other vegetables and combinations","1 cup","10205","cup","1","115","115.0000"
"2709807","Summer squash, yellow, raw","Other vegetables and combinations","1 slice","61935","slice","1","10","10.0000"
"2709808","Summer squash, green, raw","Other vegetables and combinations","1 cup","10205","cup","1","115","115.0000"
"2709808","Summer squash, green, raw","Other vegetables and combinations","1 slice","61935","slice","1","10","10.0000"
"2709809","Turnip, raw","Other vegetables and combinations","1 slice","61935","slice","1","15","15.0000"
"2709809","Turnip, raw","Other vegetables and combinations","1 cup","10205","cup","1","130","130.0000"
"2709810","Mixed vegetable juice","Vegetable juice","1 fl oz","30000","floz","1","30.8","30.8000"
"2709810","Mixed vegetable juice","Vegetable juice","1 cup","10205","cup","1","246","246.0000"
"2709811","Celery juice","Vegetable juice","1 cup","10205","cup","1","236","236.0000"
"2709811","Celery juice","Vegetable juice","1 fl oz","30000","floz","1","29.5","29.5000"
"2709812","Broccoli salad with cauliflower, cheese, bacon bits, and dressing","Coleslaw, non-lettuce salads","1 cup","10205","cup","1","154","154.0000"
"2709813","Broccoli slaw salad","Coleslaw, non-lettuce salads","1 cup","10205","cup","1","186","186.0000"
"2709814","Coleslaw, fast food / restaurant","Coleslaw, non-lettuce salads","1 cup","10205","cup","1","220","220.0000"
"2709815","Coleslaw","Coleslaw, non-lettuce salads","1 cup","10205","cup","1","220","220.0000"
"2709816","Cabbage salad, NFS","Coleslaw, non-lettuce salads","1 cup","10205","cup","1","220","220.0000"
"2709817","Coleslaw, with fruit","Coleslaw, non-lettuce salads","1 cup","10205","cup","1","220","220.0000"
"2709818","Cucumber and vegetable namasu","Coleslaw, non-lettuce salads","1 cup","10205","cup","1","155","155.0000"
"2709819","Cucumber salad, made with sour cream dressing","Coleslaw, non-lettuce salads","1 cup","10205","cup","1","133","133.0000"
"2709820","Cucumber salad, made with Italian dressing","Coleslaw, non-lettuce salads","1 cup","10205","cup","1","159","159.0000"
"2709821","Cucumber salad made with cucumber and vinegar","Coleslaw, non-lettuce salads","1 cup","10205","cup","1","159","159.0000"
"2709822","Lettuce, salad with assorted vegetables including tomatoes and/or carrots, no dressing","Lettuce and lettuce salads","1 cup","10205","cup","1","73","73.0000"
"2709823","Lettuce, salad with assorted vegetables excluding tomatoes and carrots, no dressing","Lettuce and lettuce salads","1 cup","10205","cup","1","74","74.0000"
"2709824","Lettuce, salad with avocado, tomato, and/or carrots, with or without other vegetables, no dressing","Lettuce and lettuce salads","1 cup","10205","cup","1","87","87.0000"
"2709825","Lettuce, salad with cheese, tomato and/or carrots, with or without other vegetables, no dressing","Lettuce and lettuce salads","1 cup","10205","cup","1","77","77.0000"
"2709826","Lettuce, salad with egg, tomato, and/or carrots, with or without other vegetables, no dressing","Lettuce and lettuce salads","1 cup","10205","cup","1","88","88.0000"
"2709827","Lettuce, salad with egg, cheese, tomato, and/or carrots, with or without other vegetables, no dressing","Lettuce and lettuce salads","1 cup","10205","cup","1","79","79.0000"
"2709828","Lettuce, wilted, with bacon dressing","Vegetable dishes","1 cup","10205","cup","1","125","125.0000"
"2709829","Seven-layer salad, lettuce salad made with a combination of onion, celery, green pepper, peas, mayonnaise, cheese, eggs, and/or bacon","Vegetable dishes","1 cup","10205","cup","1","119","119.0000"
"2709830","Greek Salad, no dressing","Vegetable dishes","1 cup","10205","cup","1","105","105.0000"
"2709831","Spinach salad, no dressing","Vegetable dishes","1 cup","10205","cup","1","74","74.0000"
"2709832","Cobb salad, no dressing","Vegetable dishes","1 cup","10205","cup","1","105","105.0000"
"2709833","Aloe vera juice drink","Other fruit juice","1 fl oz (with ice)","30009","floz","1","23","23.0000"
"2709833","Aloe vera juice drink","Other fruit juice","1 fl oz (no ice)","30001","floz","1","31","31.0000"
"2709833","Aloe vera juice drink","Other fruit juice","1 fl oz (NFS)","30008","floz","1","31","31.0000"
"2709834","Asparagus, fresh, cooked, no added fat","Other vegetables and combinations","1 piece","61667","piece","1","4","4.0000"
"2709834","Asparagus, fresh, cooked, no added fat","Other vegetables and combinations","1 cup","10205","cup","1","180","180.0000"
"2709835","Asparagus, frozen, cooked, no added fat","Other vegetables and combinations","1 cup","10205","cup","1","180","180.0000"
"2709835","Asparagus, frozen, cooked, no added fat","Other vegetables and combinations","1 piece","61667","piece","1","4","4.0000"
"2709836","Asparagus, canned, cooked, no added fat","Other vegetables and combinations","1 cup","10205","cup","1","240","240.0000"
"2709837","Asparagus, NS as to form, cooked","Other vegetables and combinations","1 piece","61667","piece","1","4","4.0000"
"2709837","Asparagus, NS as to form, cooked","Other vegetables and combinations","1 cup","10205","cup","1","185","185.0000"
"2709838","Asparagus, fresh, cooked, fat added, NS as to fat type","Other vegetables and combinations","1 piece","61667","piece","1","4","4.0000"
"2709838","Asparagus, fresh, cooked, fat added, NS as to fat type","Other vegetables and combinations","1 cup","10205","cup","1","185","185.0000"
"2709839","Asparagus, frozen, cooked, fat added, NS as to fat type","Other vegetables and combinations","1 cup","10205","cup","1","185","185.0000"
"2709839","Asparagus, frozen, cooked, fat added, NS as to fat type","Other vegetables and combinations","1 piece","61667","piece","1","4","4.0000"
"2709840","Asparagus, canned, cooked, fat added, NS as to fat type","Other vegetables and combinations","1 cup","10205","cup","1","245","245.0000"
"2709841","Asparagus, fresh, cooked with oil","Other vegetables and combinations","1 cup","10205","cup","1","185","185.0000"
"2709841","Asparagus, fresh, cooked with oil","Other vegetables and combinations","1 piece","61667","piece","1","4","4.0000"
"2709842","Asparagus, fresh, cooked with butter or margarine","Other vegetables and combinations","1 piece","61667","piece","1","4","4.0000"
"2709842","Asparagus, fresh, cooked with butter or margarine","Other vegetables and combinations","1 cup","10205","cup","1","185","185.0000"
"2709843","Asparagus, frozen, cooked with oil","Other vegetables and combinations","1 piece","61667","piece","1","4","4.0000"
"2709843","Asparagus, frozen, cooked with oil","Other vegetables and combinations","1 cup","10205","cup","1","185","185.0000"
"2709844","Asparagus, frozen, cooked with butter or margarine","Other vegetables and combinations","1 cup","10205","cup","1","185","185.0000"
"2709844","Asparagus, frozen, cooked with butter or margarine","Other vegetables and combinations","1 piece","61667","piece","1","4","4.0000"
"2709845","Asparagus, canned, cooked with oil","Other vegetables and combinations","1 cup","10205","cup","1","245","245.0000"
"2709846","Asparagus, canned, cooked with butter or margarine","Other vegetables and combinations","1 cup","10205","cup","1","245","245.0000"
"2709847","Bamboo shoots, cooked","Other vegetables and combinations","1 cup","10205","cup","1","155","155.0000"
"2709848","Lima beans, from frozen, no added fat","Other starchy vegetables","1 cup","10205","cup","1","180","180.0000"
"2709849","Lima beans, from frozen, fat added","Other starchy vegetables","1 cup","10205","cup","1","185","185.0000"
"2709850","Lima beans, from canned","Other starchy vegetables","1 cup","10205","cup","1","185","185.0000"
"2709851","Green beans, cooked, from restaurant","String beans","1 cup","10205","cup","1","145","145.0000"
"2709852","Green beans, fresh, cooked, no added fat","String beans","1 cup","10205","cup","1","140","140.0000"
"2709853","Green beans, frozen, cooked, no added fat","String beans","1 cup","10205","cup","1","140","140.0000"
"2709854","Green beans, canned, cooked, no added fat","String beans","1 cup","10205","cup","1","140","140.0000"
"2709855","Green beans, NS as to form, cooked","String beans","1 cup","10205","cup","1","145","145.0000"
"2709856","Green beans, fresh, cooked, fat added, NS as to fat type","String beans","1 cup","10205","cup","1","145","145.0000"
"2709857","Green beans, frozen, cooked, fat added, NS as to fat type","String beans","1 cup","10205","cup","1","145","145.0000"
"2709858","Green beans, canned, cooked, fat added, NS as to fat type","String beans","1 cup","10205","cup","1","145","145.0000"
"2709859","Green beans, fresh, cooked with oil","String beans","1 cup","10205","cup","1","145","145.0000"
"2709860","Green beans, fresh, cooked with butter or margarine","String beans","1 cup","10205","cup","1","145","145.0000"
"2709861","Green beans, frozen, cooked with oil","String beans","1 cup","10205","cup","1","145","145.0000"
"2709862","Green beans, frozen, cooked with butter or margarine","String beans","1 cup","10205","cup","1","145","145.0000"
"2709863","Green beans, canned, cooked with oil","String beans","1 cup","10205","cup","1","145","145.0000"
"2709864","Green beans, canned, cooked with butter or margarine","String beans","1 cup","10205","cup","1","145","145.0000"
"2709865","Green beans, canned, reduced sodium, cooked, no added fat","String beans","1 cup","10205","cup","1","140","140.0000"
"2709866","Green beans, canned, reduced sodium, cooked, fat added, NS as to fat type","String beans","1 cup","10205","cup","1","145","145.0000"
"2709867","Green beans, canned, reduced sodium, cooked with oil","String beans","1 cup","10205","cup","1","145","145.0000"
"2709868","Green beans, canned, reduced sodium, cooked with butter or margarine","String beans","1 cup","10205","cup","1","145","145.0000"
"2709869","Fried green beans","Fried vegetables","1 cup","10205","cup","1","145","145.0000"
"2709870","Yellow string beans, cooked","String beans","1 cup","10205","cup","1","145","145.0000"
"2709871","Bean sprouts, cooked","Other vegetables and combinations","1 cup","10205","cup","1","115","115.0000"
"2709872","Beets, fresh, cooked, no added fat","Other vegetables and combinations","1 cup","10205","cup","1","170","170.0000"
"2709872","Beets, fresh, cooked, no added fat","Other vegetables and combinations","1 slice","61935","slice","1","10","10.0000"
"2709873","Beets, canned, cooked, no added fat","Other vegetables and combinations","1 cup","10205","cup","1","170","170.0000"
"2709873","Beets, canned, cooked, no added fat","Other vegetables and combinations","1 slice","61935","slice","1","10","10.0000"
"2709874","Beets, NS as to form, cooked","Other vegetables and combinations","1 cup","10205","cup","1","175","175.0000"
"2709874","Beets, NS as to form, cooked","Other vegetables and combinations","1 slice","61935","slice","1","10","10.0000"
"2709875","Beets, fresh, cooked, fat added","Other vegetables and combinations","1 cup","10205","cup","1","175","175.0000"
"2709875","Beets, fresh, cooked, fat added","Other vegetables and combinations","1 slice","61935","slice","1","10","10.0000"
"2709876","Beets, canned, cooked, fat added","Other vegetables and combinations","1 cup","10205","cup","1","175","175.0000"
"2709876","Beets, canned, cooked, fat added","Other vegetables and combinations","1 slice","61935","slice","1","10","10.0000"
"2709877","Beets, canned, reduced sodium, cooked","Other vegetables and combinations","1 slice","61935","slice","1","10","10.0000"
"2709877","Beets, canned, reduced sodium, cooked","Other vegetables and combinations","1 cup","10205","cup","1","170","170.0000"
"2709878","Bitter melon, cooked","Other vegetables and combinations","1 cup","10205","cup","1","130","130.0000"
"2709879","Breadfruit, cooked","Other starchy vegetables","1 piece","61667","piece","1","35","35.0000"
"2709879","Breadfruit, cooked","Other starchy vegetables","1 cup","10205","cup","1","170","170.0000"
"2709880","Broccoflower, cooked","Other vegetables and combinations","1 cup","10205","cup","1","90","90.0000"
"2709881","Brussels sprouts, fresh, cooked, no added fat","Other vegetables and combinations","1 cup","10205","cup","1","155","155.0000"
"2709882","Brussels sprouts, frozen, cooked, no added fat","Other vegetables and combinations","1 cup","10205","cup","1","155","155.0000"
"2709883","Brussels sprouts, NS as to form, cooked","Other vegetables and combinations","1 cup","10205","cup","1","160","160.0000"
"2709884","Brussels sprouts, fresh, cooked, fat added","Other vegetables and combinations","1 cup","10205","cup","1","160","160.0000"
"2709885","Brussels sprouts, frozen, cooked, fat added","Other vegetables and combinations","1 cup","10205","cup","1","160","160.0000"
"2709886","Burdock, cooked","Other vegetables and combinations","1 cup","10205","cup","1","130","130.0000"
"2709887","Cabbage, Chinese, cooked, no added fat","Cabbage","1 cup","10205","cup","1","170","170.0000"
"2709888","Cabbage, Chinese, cooked, fat added","Cabbage","1 cup","10205","cup","1","175","175.0000"
"2709889","Cabbage, green, cooked, no added fat","Cabbage","1 cup","10205","cup","1","150","150.0000"
"2709890","Cabbage, green, cooked, fat added, NS as to fat type","Cabbage","1 cup","10205","cup","1","155","155.0000"
"2709891","Cabbage, green, cooked with oil","Cabbage","1 cup","10205","cup","1","155","155.0000"
"2709892","Cabbage, green, cooked with butter or margarine","Cabbage","1 cup","10205","cup","1","155","155.0000"
"2709893","Cabbage, red, cooked","Cabbage","1 cup","10205","cup","1","155","155.0000"
"2709894","Cabbage, savoy, cooked","Cabbage","1 cup","10205","cup","1","155","155.0000"
"2709895","Cactus, cooked, no added fat","Other vegetables and combinations","1 cup","10205","cup","1","150","150.0000"
"2709896","Cactus, cooked, fat added","Other vegetables and combinations","1 cup","10205","cup","1","155","155.0000"
"2709897","Cauliflower, fresh, cooked, no added fat","Other vegetables and combinations","1 piece","61667","piece","1","13","13.0000"
"2709897","Cauliflower, fresh, cooked, no added fat","Other vegetables and combinations","1 cup","10205","cup","1","155","155.0000"
"2709898","Cauliflower, frozen, cooked, no added fat","Other vegetables and combinations","1 cup","10205","cup","1","185","185.0000"
"2709899","Cauliflower, NS as to form, cooked","Other vegetables and combinations","1 cup","10205","cup","1","160","160.0000"
"2709899","Cauliflower, NS as to form, cooked","Other vegetables and combinations","1 piece","61667","piece","1","13","13.0000"
"2709900","Cauliflower, fresh, cooked, fat added, NS as to fat type","Other vegetables and combinations","1 piece","61667","piece","1","13","13.0000"
"2709900","Cauliflower, fresh, cooked, fat added, NS as to fat type","Other vegetables and combinations","1 cup","10205","cup","1","160","160.0000"
"2709901","Cauliflower, frozen, cooked, fat added, NS as to fat type","Other vegetables and combinations","1 cup","10205","cup","1","190","190.0000"
"2709902","Cauliflower, fresh, cooked with oil","Other vegetables and combinations","1 cup","10205","cup","1","160","160.0000"
"2709902","Cauliflower, fresh, cooked with oil","Other vegetables and combinations","1 piece","61667","piece","1","13","13.0000"
"2709903","Cauliflower, fresh, cooked with butter or margarine","Other vegetables and combinations","1 piece","61667","piece","1","13","13.0000"
"2709903","Cauliflower, fresh, cooked with butter or margarine","Other vegetables and combinations","1 cup","10205","cup","1","160","160.0000"
"2709904","Cauliflower, frozen, cooked with oil","Other vegetables and combinations","1 cup","10205","cup","1","190","190.0000"
"2709905","Cauliflower, frozen, cooked with butter or margarine","Other vegetables and combinations","1 cup","10205","cup","1","190","190.0000"
"2709906","Celery, cooked","Other vegetables and combinations","1 cup","10205","cup","1","155","155.0000"
"2709908","Christophine, cooked","Other vegetables and combinations","1 cup","10205","cup","1","165","165.0000"
"2709909","Corn, cooked, from restaurant","Corn","1 cup","10205","cup","1","170","170.0000"
"2709910","Corn, fresh, cooked, no added fat","Corn","1 cup","10205","cup","1","165","165.0000"
"2709911","Corn, frozen, cooked, no added fat","Corn","1 cup","10205","cup","1","165","165.0000"
"2709912","Corn, canned, cooked, no added fat","Corn","1 cup","10205","cup","1","165","165.0000"
"2709913","Corn, NS as to form, cooked","Corn","1 cup","10205","cup","1","170","170.0000"
"2709914","Corn, fresh, cooked, fat added, NS as to fat type","Corn","1 cup","10205","cup","1","170","170.0000"
"2709915","Corn, frozen, cooked, fat added, NS as to fat type","Corn","1 cup","10205","cup","1","170","170.0000"
"2709916","Corn, canned, cooked, fat added, NS as to fat type","Corn","1 cup","10205","cup","1","170","170.0000"
"2709917","Corn, fresh, cooked with oil","Corn","1 cup","10205","cup","1","170","170.0000"
"2709918","Corn, fresh, cooked with butter or margarine","Corn","1 cup","10205","cup","1","170","170.0000"
"2709919","Corn, frozen, cooked with oil","Corn","1 cup","10205","cup","1","170","170.0000"
"2709920","Corn, frozen, cooked with butter or margarine","Corn","1 cup","10205","cup","1","170","170.0000"
"2709921","Corn, canned, cooked with oil","Corn","1 cup","10205","cup","1","170","170.0000"
"2709922","Corn, canned, cooked with butter or margarine","Corn","1 cup","10205","cup","1","170","170.0000"
"2709923","Corn, creamed","Corn","1 cup","10205","cup","1","250","250.0000"
"2709924","Corn, canned, reduced sodium, cooked, no added fat","Corn","1 cup","10205","cup","1","165","165.0000"
"2709925","Corn, canned, reduced sodium, cooked, fat added, NS as to fat type","Corn","1 cup","10205","cup","1","170","170.0000"
"2709926","Corn, canned, reduced sodium, cooked with oil","Corn","1 cup","10205","cup","1","170","170.0000"
"2709927","Corn, canned, reduced sodium, cooked with butter or margarine","Corn","1 cup","10205","cup","1","170","170.0000"
"2709928","Cucumber, cooked","Other vegetables and combinations","1 cup","10205","cup","1","185","185.0000"
"2709928","Cucumber, cooked","Other vegetables and combinations","1 slice","61935","slice","1","10","10.0000"
"2709929","Eggplant, cooked, no added fat","Other vegetables and combinations","1 slice","61935","slice","1","55","55.0000"
"2709929","Eggplant, cooked, no added fat","Other vegetables and combinations","1 cup","10205","cup","1","95","95.0000"
"2709930","Eggplant, cooked, fat added","Other vegetables and combinations","1 cup","10205","cup","1","100","100.0000"
"2709930","Eggplant, cooked, fat added","Other vegetables and combinations","1 slice","61935","slice","1","55","55.0000"
"2709931","Flowers or blossoms of sesbania, squash, or lily, cooked","Other vegetables and combinations","1 cup","10205","cup","1","109","109.0000"
"2709932","Garlic, cooked","Mustard and other condiments","1 clove","60581","clove","1","3","3.0000"
"2709932","Garlic, cooked","Mustard and other condiments","1 teaspoon","22000","tsp","1","5","5.0000"
"2709933","Hominy, cooked","Grits and other cooked cereals","1 cup","10205","cup","1","170","170.0000"
"2709934","Kohlrabi, cooked","Other vegetables and combinations","1 cup","10205","cup","1","170","170.0000"
"2709935","Leeks","Onions","1 slice","61935","slice","1","7","7.0000"
"2709935","Leeks","Onions","1 cup","10205","cup","1","170","170.0000"
"2709936","Lotus root, cooked","Other vegetables and combinations","1 slice","61935","slice","1","10","10.0000"
"2709936","Lotus root, cooked","Other vegetables and combinations","1 cup","10205","cup","1","125","125.0000"
"2709937","Mushrooms, fresh, cooked, no added fat","Other vegetables and combinations","1 cup","10205","cup","1","155","155.0000"
"2709938","Mushrooms, NS as to form, cooked","Other vegetables and combinations","1 cup","10205","cup","1","160","160.0000"
"2709939","Mushrooms, fresh, cooked, fat added, NS as to fat type","Other vegetables and combinations","1 cup","10205","cup","1","160","160.0000"
"2709940","Mushrooms, canned, cooked","Other vegetables and combinations","1 cup","10205","cup","1","160","160.0000"
"2709941","Mushrooms, fresh, cooked with oil","Other vegetables and combinations","1 cup","10205","cup","1","160","160.0000"
"2709942","Mushrooms, fresh, cooked with butter or margarine","Other vegetables and combinations","1 cup","10205","cup","1","160","160.0000"
"2709943","Mushroom, Asian, cooked, from dried","Other vegetables and combinations","1 cup","10205","cup","1","145","145.0000"
"2709944","Okra, fresh, cooked, no added fat","Other vegetables and combinations","1 cup","10205","cup","1","160","160.0000"
"2709945","Okra, frozen, cooked, no added fat","Other vegetables and combinations","1 piece","61667","piece","1","5","5.0000"
"2709945","Okra, frozen, cooked, no added fat","Other vegetables and combinations","1 cup","10205","cup","1","185","185.0000"
"2709946","Okra, NS as to form, cooked","Other vegetables and combinations","1 cup","10205","cup","1","165","165.0000"
"2709947","Okra, fresh, cooked, fat added","Other vegetables and combinations","1 cup","10205","cup","1","165","165.0000"
"2709948","Okra, frozen, cooked, fat added","Other vegetables and combinations","1 piece","61667","piece","1","5","5.0000"
"2709948","Okra, frozen, cooked, fat added","Other vegetables and combinations","1 cup","10205","cup","1","190","190.0000"
"2709949","Lettuce, cooked","Lettuce and lettuce salads","1 cup","10205","cup","1","86","86.0000"
"2709950","Onions, cooked, no added fat","Onions","1 cup","10205","cup","1","210","210.0000"
"2709950","Onions, cooked, no added fat","Onions","1 slice","61935","slice","1","15","15.0000"
"2709951","Onions, cooked, fat added","Onions","1 slice","61935","slice","1","15","15.0000"
"2709951","Onions, cooked, fat added","Onions","1 cup","10205","cup","1","215","215.0000"
"2709952","Onions, pearl, cooked","Onions","1 cup","10205","cup","1","185","185.0000"
"2709953","Onions, green, cooked","Onions","1 cup","10205","cup","1","225","225.0000"
"2709954","Palm hearts, cooked","Other vegetables and combinations","1 cup","10205","cup","1","145","145.0000"
"2709955","Parsnips, cooked","Other vegetables and combinations","1 cup, mashed","10118","cup","1","215","215.0000"
"2709955","Parsnips, cooked","Other vegetables and combinations","1 cup","10205","cup","1","160","160.0000"
"2709956","Blackeyed peas, from frozen","Other starchy vegetables","1 cup","10205","cup","1","185","185.0000"
"2709957","Blackeyed peas, from canned","Other starchy vegetables","1 cup","10205","cup","1","185","185.0000"
"2709958","Green peas, cooked, from restaurant","Other starchy vegetables","1 cup","10205","cup","1","165","165.0000"
"2709959","Green peas, fresh, cooked, no added fat","Other starchy vegetables","1 cup","10205","cup","1","160","160.0000"
"2709960","Green peas, frozen, cooked, no added fat","Other starchy vegetables","1 cup","10205","cup","1","160","160.0000"
"2709961","Green peas, canned, cooked, no added fat","Other starchy vegetables","1 cup","10205","cup","1","160","160.0000"
"2709962","Green peas, NS as to form, cooked","Other starchy vegetables","1 cup","10205","cup","1","165","165.0000"
"2709963","Green peas, fresh, cooked, fat added, NS as to fat type","Other starchy vegetables","1 cup","10205","cup","1","165","165.0000"
"2709964","Green peas, frozen, cooked, fat added, NS as to fat type","Other starchy vegetables","1 cup","10205","cup","1","165","165.0000"
"2709965","Green peas, canned, cooked, fat added, NS as to fat type","Other starchy vegetables","1 cup","10205","cup","1","165","165.0000"
"2709966","Green peas, fresh, cooked with oil","Other starchy vegetables","1 cup","10205","cup","1","165","165.0000"
"2709967","Green peas, fresh, cooked with butter or margarine","Other starchy vegetables","1 cup","10205","cup","1","165","165.0000"
"2709968","Green peas, frozen, cooked with oil","Other starchy vegetables","1 cup","10205","cup","1","165","165.0000"
"2709969","Green peas, frozen, cooked with butter or margarine","Other starchy vegetables","1 cup","10205","cup","1","165","165.0000"
"2709970","Green peas, canned, cooked with oil","Other starchy vegetables","1 cup","10205","cup","1","165","165.0000"
"2709971","Green peas, canned, cooked with butter or margarine","Other starchy vegetables","1 cup","10205","cup","1","165","165.0000"
"2709972","Green peas, canned, reduced sodium, cooked, no added fat","Other starchy vegetables","1 cup","10205","cup","1","160","160.0000"
"2709973","Green peas, canned, reduced sodium, cooked, fat added, NS as to fat type","Other starchy vegetables","1 cup","10205","cup","1","165","165.0000"
"2709974","Green peas, canned, reduced sodium, cooked with oil","Other starchy vegetables","1 cup","10205","cup","1","165","165.0000"
"2709975","Green peas, canned, reduced sodium, cooked with butter or margarine","Other starchy vegetables","1 cup","10205","cup","1","165","165.0000"
"2709976","Peppers, green, cooked","Other vegetables and combinations","1 regular","62862","regular","1","120","120.0000"
"2709976","Peppers, green, cooked","Other vegetables and combinations","1 cup","10205","cup","1","155","155.0000"
"2709976","Peppers, green, cooked","Other vegetables and combinations","1 piece","61667","piece","1","10","10.0000"
"2709977","Peppers, red, cooked","Other red and orange vegetables","1 regular","62862","regular","1","120","120.0000"
"2709977","Peppers, red, cooked","Other red and orange vegetables","1 cup","10205","cup","1","155","155.0000"
"2709977","Peppers, red, cooked","Other red and orange vegetables","1 piece","61667","piece","1","10","10.0000"
"2709978","Peppers, hot, cooked","Mustard and other condiments","1 cup","10205","cup","1","150","150.0000"
"2709979","Pimiento","Mustard and other condiments","1 cup","10205","cup","1","192","192.0000"
"2709979","Pimiento","Mustard and other condiments","1 strip","62252","strip","1","1","1.0000"
"2709980","Rutabaga, cooked","Other vegetables and combinations","1 cup, mashed","10118","cup","1","245","245.0000"
"2709980","Rutabaga, cooked","Other vegetables and combinations","1 cup","10205","cup","1","175","175.0000"
"2709981","Salsify, cooked","Other vegetables and combinations","1 cup","10205","cup","1","140","140.0000"
"2709982","Sauerkraut","Olives, pickles, pickled vegetables","1 cup","10205","cup","1","140","140.0000"
"2709983","Snowpeas, fresh, cooked, no added fat","Other vegetables and combinations","1 cup","10205","cup","1","160","160.0000"
"2709984","Snowpeas, frozen, cooked, no added fat","Other vegetables and combinations","1 cup","10205","cup","1","160","160.0000"
"2709985","Snowpeas, NS as to form, cooked","Other vegetables and combinations","1 cup","10205","cup","1","165","165.0000"
"2709986","Snowpeas, fresh, cooked, fat added","Other vegetables and combinations","1 cup","10205","cup","1","165","165.0000"
"2709987","Snowpeas, frozen, cooked, fat added","Other vegetables and combinations","1 cup","10205","cup","1","165","165.0000"
"2709988","Seaweed, dried","Not included in a food category","1 cup","10205","cup","1","15","15.0000"
"2709988","Seaweed, dried","Not included in a food category","1 strip","62252","strip","1","0.5","0.5000"
"2709989","Seaweed, cooked, no added fat","Other vegetables and combinations","1 cup","10205","cup","1","100","100.0000"
"2709990","Seaweed, cooked, fat added","Other vegetables and combinations","1 cup","10205","cup","1","105","105.0000"
"2709991","Summer squash, yellow or green, fresh, cooked, no added fat","Other vegetables and combinations","1 cup","10205","cup","1","180","180.0000"
"2709991","Summer squash, yellow or green, fresh, cooked, no added fat","Other vegetables and combinations","1 cup, mashed","10118","cup","1","240","240.0000"
"2709991","Summer squash, yellow or green, fresh, cooked, no added fat","Other vegetables and combinations","1 slice","61935","slice","1","10","10.0000"
"2709992","Summer squash, yellow or green, frozen, cooked, no added fat","Other vegetables and combinations","1 cup","10205","cup","1","180","180.0000"
"2709992","Summer squash, yellow or green, frozen, cooked, no added fat","Other vegetables and combinations","1 slice","61935","slice","1","10","10.0000"
"2709992","Summer squash, yellow or green, frozen, cooked, no added fat","Other vegetables and combinations","1 cup, mashed","10118","cup","1","240","240.0000"
"2709993","Summer squash, yellow or green, NS as to form, cooked","Other vegetables and combinations","1 slice","61935","slice","1","10","10.0000"
"2709993","Summer squash, yellow or green, NS as to form, cooked","Other vegetables and combinations","1 cup","10205","cup","1","185","185.0000"
"2709993","Summer squash, yellow or green, NS as to form, cooked","Other vegetables and combinations","1 cup, mashed","10118","cup","1","245","245.0000"
"2709994","Summer squash, yellow or green, fresh, cooked, fat added, NS as to fat type","Other vegetables and combinations","1 cup, mashed","10118","cup","1","245","245.0000"
"2709994","Summer squash, yellow or green, fresh, cooked, fat added, NS as to fat type","Other vegetables and combinations","1 cup","10205","cup","1","185","185.0000"
"2709994","Summer squash, yellow or green, fresh, cooked, fat added, NS as to fat type","Other vegetables and combinations","1 slice","61935","slice","1","10","10.0000"
"2709995","Summer squash, yellow or green, frozen, cooked, fat added, NS as to fat type","Other vegetables and combinations","1 cup, mashed","10118","cup","1","245","245.0000"
"2709995","Summer squash, yellow or green, frozen, cooked, fat added, NS as to fat type","Other vegetables and combinations","1 cup","10205","cup","1","185","185.0000"
"2709995","Summer squash, yellow or green, frozen, cooked, fat added, NS as to fat type","Other vegetables and combinations","1 slice","61935","slice","1","10","10.0000"
"2709996","Summer squash, yellow or green, canned, cooked, fat added, NS as to fat type","Other vegetables and combinations","1 cup","10205","cup","1","185","185.0000"
"2709996","Summer squash, yellow or green, canned, cooked, fat added, NS as to fat type","Other vegetables and combinations","1 slice","61935","slice","1","10","10.0000"
"2709996","Summer squash, yellow or green, canned, cooked, fat added, NS as to fat type","Other vegetables and combinations","1 cup, mashed","10118","cup","1","245","245.0000"
"2709997","Summer squash, yellow or green, fresh, cooked with oil","Other vegetables and combinations","1 cup","10205","cup","1","185","185.0000"
"2709997","Summer squash, yellow or green, fresh, cooked with oil","Other vegetables and combinations","1 slice","61935","slice","1","10","10.0000"
"2709997","Summer squash, yellow or green, fresh, cooked with oil","Other vegetables and combinations","1 cup, mashed","10118","cup","1","245","245.0000"
"2709998","Summer squash, yellow or green, fresh, cooked with butter or margarine","Other vegetables and combinations","1 slice","61935","slice","1","10","10.0000"
"2709998","Summer squash, yellow or green, fresh, cooked with butter or margarine","Other vegetables and combinations","1 cup, mashed","10118","cup","1","245","245.0000"
"2709998","Summer squash, yellow or green, fresh, cooked with butter or margarine","Other vegetables and combinations","1 cup","10205","cup","1","185","185.0000"
"2709999","Summer squash, yellow or green, frozen, cooked with oil","Other vegetables and combinations","1 slice","61935","slice","1","10","10.0000"
"2709999","Summer squash, yellow or green, frozen, cooked with oil","Other vegetables and combinations","1 cup","10205","cup","1","185","185.0000"
"2709999","Summer squash, yellow or green, frozen, cooked with oil","Other vegetables and combinations","1 cup, mashed","10118","cup","1","245","245.0000"
"2710000","Summer squash, yellow or green, frozen, cooked with butter or margarine","Other vegetables and combinations","1 cup","10205","cup","1","185","185.0000"
"2710000","Summer squash, yellow or green, frozen, cooked with butter or margarine","Other vegetables and combinations","1 cup, mashed","10118","cup","1","245","245.0000"
"2710000","Summer squash, yellow or green, frozen, cooked with butter or margarine","Other vegetables and combinations","1 slice","61935","slice","1","10","10.0000"
"2710001","Spaghetti squash, cooked","Other red and orange vegetables","1 cup","10205","cup","1","155","155.0000"
"2710002","Turnip, cooked","Other vegetables and combinations","1 cup, mashed","10118","cup","1","235","235.0000"
"2710002","Turnip, cooked","Other vegetables and combinations","1 cup","10205","cup","1","160","160.0000"
"2710003","Water Chesnut","Other starchy vegetables","1 cup","10205","cup","1","158","158.0000"
"2710004","Winter melon, cooked","Other vegetables and combinations","1 cup","10205","cup","1","175","175.0000"
"2710005","Yeast","Not included in a food category","1 tablespoon","21000","tbsp","1","12","12.0000"
"2710006","Yeast extract spread","Mustard and other condiments","1 teaspoon","22000","tsp","1","6","6.0000"
"2710007","Lima beans and corn, cooked, no added fat","Other starchy vegetables","1 cup","10205","cup","1","175","175.0000"
"2710008","Lima beans and corn, cooked, fat added","Other starchy vegetables","1 cup","10205","cup","1","180","180.0000"
"2710009","Bean salad, yellow and/or green string beans","Coleslaw, non-lettuce salads","1 cup","10205","cup","1","150","150.0000"
"2710010","Peppers and onions, cooked, no added fat","Other vegetables and combinations","1 cup","10205","cup","1","140","140.0000"
"2710011","Peppers and onions, cooked, fat added","Other vegetables and combinations","1 cup","10205","cup","1","145","145.0000"
"2710012","Classic mixed vegetables, cooked, from restaurant","Other vegetables and combinations","1 cup","10205","cup","1","185","185.0000"
"2710013","Classic mixed vegetables, frozen, cooked, no added fat","Other vegetables and combinations","1 cup","10205","cup","1","180","180.0000"
"2710014","Classic mixed vegetables, canned, cooked, no added fat","Other vegetables and combinations","1 cup","10205","cup","1","180","180.0000"
"2710015","Classic mixed vegetables, NS as to form, cooked","Other vegetables and combinations","1 cup","10205","cup","1","185","185.0000"
"2710016","Classic mixed vegetables, frozen, cooked, fat added, NS as to fat type","Other vegetables and combinations","1 cup","10205","cup","1","185","185.0000"
"2710017","Classic mixed vegetables, canned, cooked, fat added, NS as to fat type","Other vegetables and combinations","1 cup","10205","cup","1","185","185.0000"
"2710018","Classic mixed vegetables, frozen, cooked with oil","Other vegetables and combinations","1 cup","10205","cup","1","185","185.0000"
"2710019","Classic mixed vegetables, frozen, cooked with butter or margarine","Other vegetables and combinations","1 cup","10205","cup","1","185","185.0000"
"2710020","Classic mixed vegetables, canned, cooked with oil","Other vegetables and combinations","1 cup","10205","cup","1","185","185.0000"
"2710021","Classic mixed vegetables, canned, cooked with butter or margarine","Other vegetables and combinations","1 cup","10205","cup","1","185","185.0000"
"2710022","Classic mixed vegetables, canned, reduced sodium, cooked, no added fat","Other vegetables and combinations","1 cup","10205","cup","1","180","180.0000"
"2710023","Classic mixed vegetables, canned, reduced sodium, cooked, fat added, NS as to fat type","Other vegetables and combinations","1 cup","10205","cup","1","185","185.0000"
"2710024","Classic mixed vegetables, canned, reduced sodium, cooked with oil","Other vegetables and combinations","1 cup","10205","cup","1","185","185.0000"
"2710025","Classic mixed vegetables, canned, reduced sodium, cooked with butter or margarine","Other vegetables and combinations","1 cup","10205","cup","1","185","185.0000"
"2710026","Peas and corn, cooked, no added fat","Other starchy vegetables","1 cup","10205","cup","1","160","160.0000"
"2710027","Peas and corn, cooked, fat added","Other starchy vegetables","1 cup","10205","cup","1","165","165.0000"
"2710028","Ratatouille","Vegetable dishes","1 cup","10205","cup","1","215","215.0000"
"2710029","Vegetables, stew type, cooked, fat added","Other vegetables and combinations","1 cup","10205","cup","1","165","165.0000"
"2710030","Vegetables, stew type, cooked, no added fat","Other vegetables and combinations","1 cup","10205","cup","1","160","160.0000"
"2710031","Broccoli and cauliflower, cooked, no added fat","Other vegetables and combinations","1 cup","10205","cup","1","155","155.0000"
"2710032","Broccoli and cauliflower, cooked, fat added","Other vegetables and combinations","1 cup","10205","cup","1","160","160.0000"
"2710033","Broccoli, cauliflower and carrots, cooked, no added fat","Other vegetables and combinations","1 cup","10205","cup","1","155","155.0000"
"2710034","Broccoli, cauliflower and carrots, cooked, fat added","Other vegetables and combinations","1 cup","10205","cup","1","160","160.0000"
"2710035","Asian stir fry vegetables, cooked, no added fat","Other vegetables and combinations","1 cup","10205","cup","1","127","127.0000"
"2710036","Asian stir fry vegetables, cooked, fat added","Other vegetables and combinations","1 cup","10205","cup","1","132","132.0000"
"2710037","Jai, Monk's Food","Other vegetables and combinations","1 cup","10205","cup","1","188","188.0000"
"2710038","Vegetable mixture, dried","Not included in a food category","1 tablespoon","21000","tbsp","1","6","6.0000"
"2710039","Artichokes, stuffed","Vegetable dishes","1 cup","10205","cup","1","60","60.0000"
"2710040","Green bean casserole","Vegetable dishes","1 cup","10205","cup","1","230","230.0000"
"2710041","Green beans, cooked, Szechuan-style","Stir-fry and soy-based sauce mixtures","1 cup","10205","cup","1","185","185.0000"
"2710042","Fried cauliflower","Fried vegetables","1 cup","10205","cup","1","85","85.0000"
"2710043","Chiles rellenos, cheese-filled","Other Mexican mixed dishes","1 cup","10205","cup","1","176","176.0000"
"2710044","Chiles rellenos, filled with meat and cheese","Other Mexican mixed dishes","1 cup","10205","cup","1","176","176.0000"
"2710046","Corn, scalloped or pudding","Vegetable dishes","1 cup","10205","cup","1","214","214.0000"
"2710047","Fritter, corn","Biscuits, muffins, quick breads","1 cup","10205","cup","1","105","105.0000"
"2710048","Fried eggplant","Fried vegetables","1 cup","10205","cup","1","220","220.0000"
"2710049","Eggplant dip","Dips, gravies, other sauces","1 tablespoon","21000","tbsp","1","15","15.0000"
"2710050","Eggplant parmesan casserole, regular","Vegetable dishes","1 slice (3"" dia, 1/2"" thick)","61956","slice","1","44","44.0000"
"2710050","Eggplant parmesan casserole, regular","Vegetable dishes","1 cup","10205","cup","1","198","198.0000"
"2710051","Eggplant with cheese and tomato sauce","Vegetable dishes","1 cup","10205","cup","1","198","198.0000"
"2710052","Mushrooms, stuffed","Vegetable dishes","1 cup","10205","cup","1","190","190.0000"
"2710053","Fried mushrooms","Fried vegetables","1 cup","10205","cup","1","135","135.0000"
"2710054","Fried okra","Fried vegetables","1 cup","10205","cup","1","90","90.0000"
"2710054","Fried okra","Fried vegetables","1 piece","61667","piece","1","8","8.0000"
"2710055","Fried onion rings","Fried vegetables","1 cup","10205","cup","1","50","50.0000"
"2710056","Pea salad","Coleslaw, non-lettuce salads","1 cup","10205","cup","1","214","214.0000"
"2710057","Pea salad with cheese","Coleslaw, non-lettuce salads","1 cup","10205","cup","1","214","214.0000"
"2710058","Fried summer squash, yellow or green","Fried vegetables","1 cup","10205","cup","1","220","220.0000"
"2710058","Fried summer squash, yellow or green","Fried vegetables","1 stick","62239","stick","1","20","20.0000"
"2710058","Fried summer squash, yellow or green","Fried vegetables","1 slice","61935","slice","1","20","20.0000"
"2710059","Squash, summer, casserole with tomato and cheese","Vegetable dishes","1 cup","10205","cup","1","217","217.0000"
"2710060","Squash, summer, casserole, with rice and tomato sauce","Vegetable dishes","1 cup","10205","cup","1","233","233.0000"
"2710061","Squash, summer, casserole, with cheese sauce","Vegetable dishes","1 cup","10205","cup","1","217","217.0000"
"2710062","Squash, summer, souffle","Vegetable dishes","1 cup","10205","cup","1","136","136.0000"
"2710063","Stew, vegetable","Vegetable dishes","1 cup","10205","cup","1","255","255.0000"
"2710064","Chow mein or chop suey, meatless, no noodles","Stir-fry and soy-based sauce mixtures","1 cup","10205","cup","1","220","220.0000"
"2710065","Vegetable tempura","Fried vegetables","1 piece","61667","piece","1","7","7.0000"
"2710065","Vegetable tempura","Fried vegetables","1 cup","10205","cup","1","63","63.0000"
"2710067","Vegetable curry","Vegetable dishes","1 cup","10205","cup","1","240","240.0000"
"2710068","Vegetable curry with rice","Vegetable dishes","1 cup","10205","cup","1","200","200.0000"
"2710069","Chow mein or chop suey, meatless, with noodles","Fried rice and lo/chow mein","1 cup","10205","cup","1","220","220.0000"
"2710070","Green beans, pickled","Olives, pickles, pickled vegetables","1 cup","10205","cup","1","145","145.0000"
"2710071","Beets, pickled","Olives, pickles, pickled vegetables","1 slice","61935","slice","1","10","10.0000"
"2710071","Beets, pickled","Olives, pickles, pickled vegetables","1 cup","10205","cup","1","170","170.0000"
"2710072","Celery, pickled","Olives, pickles, pickled vegetables","1 cup","10205","cup","1","150","150.0000"
"2710073","Relish, corn","Olives, pickles, pickled vegetables","1 tablespoon","21000","tbsp","1","15","15.0000"
"2710074","Cauliflower, pickled","Olives, pickles, pickled vegetables","1 cup","10205","cup","1","125","125.0000"
"2710075","Cabbage, green, pickled","Olives, pickles, pickled vegetables","1 cup","10205","cup","1","150","150.0000"
"2710076","Cabbage, red, pickled","Olives, pickles, pickled vegetables","1 cup","10205","cup","1","150","150.0000"
"2710077","Kimchi","Olives, pickles, pickled vegetables","1 cup","10205","cup","1","150","150.0000"
"2710078","Pickles, dill","Olives, pickles, pickled vegetables","1 cup","10205","cup","1","155","155.0000"
"2710078","Pickles, dill","Olives, pickles, pickled vegetables","1 regular","62862","regular","1","80","80.0000"
"2710078","Pickles, dill","Olives, pickles, pickled vegetables","1 slice","61935","slice","1","7","7.0000"
"2710079","Relish, pickle","Olives, pickles, pickled vegetables","1 tablespoon","21000","tbsp","1","15","15.0000"
"2710080","Pickles, sweet","Olives, pickles, pickled vegetables","1 slice","61935","slice","1","7","7.0000"
"2710080","Pickles, sweet","Olives, pickles, pickled vegetables","1 cup","10205","cup","1","155","155.0000"
"2710081","Eggplant, pickled","Olives, pickles, pickled vegetables","1 cup","10205","cup","1","95","95.0000"
"2710082","Ginger root, pickled","Olives, pickles, pickled vegetables","1 cup","10205","cup","1","240","240.0000"
"2710083","Horseradish","Mustard and other condiments","1 tablespoon","21000","tbsp","1","15","15.0000"
"2710084","Mushrooms, pickled","Olives, pickles, pickled vegetables","1 cup","10205","cup","1","155","155.0000"
"2710085","Mustard","Mustard and other condiments","1 tablespoon","21000","tbsp","1","15","15.0000"
"2710086","Honey mustard dip","Mustard and other condiments","1 tablespoon","21000","tbsp","1","15","15.0000"
"2710088","Olives, NFS","Olives, pickles, pickled vegetables","1 cup","10205","cup","1","135","135.0000"
"2710089","Olives, green","Olives, pickles, pickled vegetables","1 cup","10205","cup","1","135","135.0000"
"2710090","Olives, black","Olives, pickles, pickled vegetables","1 cup","10205","cup","1","135","135.0000"
"2710091","Olives, stuffed","Olives, pickles, pickled vegetables","1 cup","10205","cup","1","135","135.0000"
"2710092","Olive tapenade","Olives, pickles, pickled vegetables","1 tablespoon","21000","tbsp","1","16","16.0000"
"2710093","Hot pepper sauce","Mustard and other condiments","1 tablespoon","21000","tbsp","1","16","16.0000"
"2710094","Peppers, sweet, pickled","Olives, pickles, pickled vegetables","1 cup","10205","cup","1","150","150.0000"
"2710095","Peppers, hot, pickled","Olives, pickles, pickled vegetables","1 cup","10205","cup","1","150","150.0000"
"2710095","Peppers, hot, pickled","Olives, pickles, pickled vegetables","1 slice","61935","slice","1","2","2.0000"
"2710096","Peppers, jalapenos","Other vegetables and combinations","1 cup","10205","cup","1","150","150.0000"
"2710096","Peppers, jalapenos","Other vegetables and combinations","1 slice","61935","slice","1","2","2.0000"
"2710097","Pickles, NFS","Olives, pickles, pickled vegetables","1 regular","62862","regular","1","80","80.0000"
"2710097","Pickles, NFS","Olives, pickles, pickled vegetables","1 cup","10205","cup","1","155","155.0000"
"2710097","Pickles, NFS","Olives, pickles, pickled vegetables","1 slice","61935","slice","1","7","7.0000"
"2710098","Pickles, fried","Fried vegetables","1 slice","61935","slice","1","14","14.0000"
"2710098","Pickles, fried","Fried vegetables","1 cup","10205","cup","1","155","155.0000"
"2710099","Radishes, pickled","Olives, pickles, pickled vegetables","1 cup","10205","cup","1","150","150.0000"
"2710100","Seaweed, pickled","Olives, pickles, pickled vegetables","1 cup","10205","cup","1","100","100.0000"
"2710101","Vegetables, pickled","Olives, pickles, pickled vegetables","1 cup","10205","cup","1","160","160.0000"
"2710102","Turnip, pickled","Olives, pickles, pickled vegetables","1 slice","61935","slice","1","7","7.0000"
"2710102","Turnip, pickled","Olives, pickles, pickled vegetables","1 cup","10205","cup","1","155","155.0000"
"2710103","Wasabi paste","Mustard and other condiments","1 tablespoon","21000","tbsp","1","16","16.0000"
"2710104","Zucchini, pickled","Olives, pickles, pickled vegetables","1 cup","10205","cup","1","170","170.0000"
"2710105","Soup, borscht","Soups, broth-based","1 cup","10205","cup","1","245","245.0000"
"2710106","Soup, gazpacho","Soups, broth-based","1 cup","10205","cup","1","245","245.0000"
"2710107","Soup, cream of mushroom","Soups, cream-based","1 can","60482","can","1","525","525.0000"
"2710107","Soup, cream of mushroom","Soups, cream-based","1 cup","10205","cup","1","255","255.0000"
"2710108","Soup, French onion","Soups, cream-based","1 can","60482","can","1","525","525.0000"
"2710108","Soup, French onion","Soups, cream-based","1 cup","10205","cup","1","245","245.0000"
"2710109","Soup, cream of vegetable","Soups, cream-based","1 can","60482","can","1","525","525.0000"
"2710109","Soup, cream of vegetable","Soups, cream-based","1 cup","10205","cup","1","255","255.0000"
"2710110","Soup, seaweed","Ramen and Asian broth-based soups","1 cup","10205","cup","1","245","245.0000"
"2710111","Soup, vegetable, canned","Soups, broth-based","1 cup","10205","cup","1","245","245.0000"
"2710111","Soup, vegetable, canned","Soups, broth-based","1 can","60482","can","1","525","525.0000"
"2710112","Soup, vegetable, canned, reduced sodium","Soups, broth-based","1 can","60482","can","1","525","525.0000"
"2710112","Soup, vegetable, canned, reduced sodium","Soups, broth-based","1 cup","10205","cup","1","245","245.0000"
"2710113","Soup, vegetable","Soups, broth-based","1 cup","10205","cup","1","245","245.0000"
"2710114","Soup, minestrone","Soups, broth-based","1 cup","10205","cup","1","245","245.0000"
"2710114","Soup, minestrone","Soups, broth-based","1 can","60482","can","1","525","525.0000"
"2710115","Soup, beef","Soups, broth-based","1 cup","10205","cup","1","245","245.0000"
"2710116","Soup, vegetable, with meat","Soups, broth-based","1 cup","10205","cup","1","245","245.0000"
"2710116","Soup, vegetable, with meat","Soups, broth-based","1 can","60482","can","1","525","525.0000"
"2710117","Baby Toddler vegetable, NFS","Baby food: vegetables","1 tablespoon","21000","tbsp","1","15","15.0000"
"2710118","Baby Toddler carrots, Stage 1","Baby food: vegetables","1 tablespoon","21000","tbsp","1","15","15.0000"
"2710119","Baby Toddler carrots, Stage 2","Baby food: vegetables","1 tablespoon","21000","tbsp","1","15","15.0000"
"2710120","Baby Toddler squash, Stage 1","Baby food: vegetables","1 tablespoon","21000","tbsp","1","15","15.0000"
"2710121","Baby Toddler squash, Stage 2","Baby food: vegetables","1 tablespoon","21000","tbsp","1","15","15.0000"
"2710122","Baby Toddler sweet potatoes, Stage 1","Baby food: vegetables","1 tablespoon","21000","tbsp","1","15","15.0000"
"2710123","Baby Toddler sweet potatoes, Stage 2","Baby food: vegetables","1 tablespoon","21000","tbsp","1","15","15.0000"
"2710124","Baby Toddler green beans, Stage 1","Baby food: vegetables","1 tablespoon","21000","tbsp","1","15","15.0000"
"2710125","Baby Toddler green beans, Stage 2","Baby food: vegetables","1 tablespoon","21000","tbsp","1","15","15.0000"
"2710126","Baby Toddler beets","Baby food: vegetables","1 tablespoon","21000","tbsp","1","15","15.0000"
"2710127","Baby Toddler multiple vegetables, Stage 2","Baby food: vegetables","1 tablespoon","21000","tbsp","1","15","15.0000"
"2710128","Baby Toddler multiple vegetables, Stage 3","Baby food: vegetables","1 tablespoon","21000","tbsp","1","15","15.0000"
"2710129","Baby Toddler vegetables, with grain","Baby food: mixtures","1 tablespoon","21000","tbsp","1","15","15.0000"
"2710130","Baby Toddler vegetables and meat","Baby food: mixtures","1 tablespoon","21000","tbsp","1","15","15.0000"
"2710131","Baby Toddler peas, Stage 1","Baby food: vegetables","1 tablespoon","21000","tbsp","1","15","15.0000"
"2710132","Baby Toddler peas, Stage 2","Baby food: vegetables","1 tablespoon","21000","tbsp","1","15","15.0000"
"2710133","Toddler meal, NFS","Baby food: meat and dinners","1 tablespoon","21000","tbsp","1","15","15.0000"
"2710134","Toddler meal, meat and vegetables","Baby food: meat and dinners","1 tablespoon","21000","tbsp","1","15","15.0000"
"2710135","Toddler meal, rice and vegetables","Baby food: meat and dinners","1 tablespoon","21000","tbsp","1","15","15.0000"
"2710136","Toddler meal, pasta","Baby food: meat and dinners","1 tablespoon","21000","tbsp","1","15","15.0000"
"2710137","Toddler meal, pasta and vegetables","Baby food: meat and dinners","1 tablespoon","21000","tbsp","1","15","15.0000"
"2710139","Green plantain with cracklings, Puerto Rican style","Other starchy vegetables","1 cup","10205","cup","1","200","200.0000"
"2710140","Ripe plantain meat pie, Puerto Rican style","Meat mixed dishes","1 piece (4"" x 2"" x 2"")","61726","piece","1","190","190.0000"
"2710142","Stuffed cabbage, with meat, Puerto Rican style","Meat mixed dishes","1 cup","10205","cup","1","234","234.0000"
"2710144","Eggplant and meat casserole","Meat mixed dishes","1 piece (3"" x 2"" x 1"")","61720","piece","1","86","86.0000"
"2710144","Eggplant and meat casserole","Meat mixed dishes","1 cup","10205","cup","1","203","203.0000"
"2710145","Vegetable and fruit juice, 100% juice, with high vitamin C","Other fruit juice","1 fl oz (NFS)","30008","floz","1","31","31.0000"
"2710145","Vegetable and fruit juice, 100% juice, with high vitamin C","Other fruit juice","1 fl oz (no ice)","30001","floz","1","31","31.0000"
"2710145","Vegetable and fruit juice, 100% juice, with high vitamin C","Other fruit juice","1 fl oz (with ice)","30009","floz","1","23","23.0000"
"2710146","Fruit and vegetable smoothie, with dairy","Smoothies and grain drinks","1 cup","10205","cup","1","216","216.0000"
"2710146","Fruit and vegetable smoothie, with dairy","Smoothies and grain drinks","1 small","62015","small","1","540","540.0000"
"2710146","Fruit and vegetable smoothie, with dairy","Smoothies and grain drinks","1 large","60919","large","1","1080","1080.0000"
"2710146","Fruit and vegetable smoothie, with dairy","Smoothies and grain drinks","1 medium","61238","medium","1","864","864.0000"
"2710146","Fruit and vegetable smoothie, with dairy","Smoothies and grain drinks","1 fl oz","30000","floz","1","27","27.0000"
"2710147","Fruit and vegetable smoothie, added protein","Smoothies and grain drinks","1 small","62015","small","1","540","540.0000"
"2710147","Fruit and vegetable smoothie, added protein","Smoothies and grain drinks","1 cup","10205","cup","1","216","216.0000"
"2710147","Fruit and vegetable smoothie, added protein","Smoothies and grain drinks","1 medium","61238","medium","1","864","864.0000"
"2710147","Fruit and vegetable smoothie, added protein","Smoothies and grain drinks","1 large","60919","large","1","1080","1080.0000"
"2710147","Fruit and vegetable smoothie, added protein","Smoothies and grain drinks","1 fl oz","30000","floz","1","27","27.0000"
"2710148","Fruit and vegetable smoothie, non-dairy","Smoothies and grain drinks","1 medium","61238","medium","1","864","864.0000"
"2710148","Fruit and vegetable smoothie, non-dairy","Smoothies and grain drinks","1 fl oz","30000","floz","1","27","27.0000"
"2710148","Fruit and vegetable smoothie, non-dairy","Smoothies and grain drinks","1 cup","10205","cup","1","216","216.0000"
"2710148","Fruit and vegetable smoothie, non-dairy","Smoothies and grain drinks","1 large","60919","large","1","1080","1080.0000"
"2710148","Fruit and vegetable smoothie, non-dairy","Smoothies and grain drinks","1 small","62015","small","1","540","540.0000"
"2710149","Fruit and vegetable smoothie, non-dairy, added protein","Smoothies and grain drinks","1 fl oz","30000","floz","1","27","27.0000"
"2710149","Fruit and vegetable smoothie, non-dairy, added protein","Smoothies and grain drinks","1 large","60919","large","1","1080","1080.0000"
"2710149","Fruit and vegetable smoothie, non-dairy, added protein","Smoothies and grain drinks","1 medium","61238","medium","1","864","864.0000"
"2710149","Fruit and vegetable smoothie, non-dairy, added protein","Smoothies and grain drinks","1 cup","10205","cup","1","216","216.0000"
"2710149","Fruit and vegetable smoothie, non-dairy, added protein","Smoothies and grain drinks","1 small","62015","small","1","540","540.0000"
"2710150","Fruit and vegetable smoothie, bottled","Smoothies and grain drinks","1 fl oz","30000","floz","1","31","31.0000"
"2710150","Fruit and vegetable smoothie, bottled","Smoothies and grain drinks","1 cup","10205","cup","1","248","248.0000"
"2710151","Fruit and vegetable smoothie, no dairy","Smoothies and grain drinks","1 fl oz","30000","floz","1","27","27.0000"
"2710151","Fruit and vegetable smoothie, no dairy","Smoothies and grain drinks","1 cup","10205","cup","1","216","216.0000"
"2710151","Fruit and vegetable smoothie, no dairy","Smoothies and grain drinks","1 large","60919","large","1","1080","1080.0000"
"2710151","Fruit and vegetable smoothie, no dairy","Smoothies and grain drinks","1 medium","61238","medium","1","864","864.0000"
"2710151","Fruit and vegetable smoothie, no dairy","Smoothies and grain drinks","1 small","62015","small","1","540","540.0000"
"2710152","Vegetable smoothie","Smoothies and grain drinks","1 medium","61238","medium","1","864","864.0000"
"2710152","Vegetable smoothie","Smoothies and grain drinks","1 fl oz","30000","floz","1","27","27.0000"
"2710152","Vegetable smoothie","Smoothies and grain drinks","1 cup","10205","cup","1","216","216.0000"
"2710152","Vegetable smoothie","Smoothies and grain drinks","1 small","62015","small","1","540","540.0000"
"2710152","Vegetable smoothie","Smoothies and grain drinks","1 large","60919","large","1","1080","1080.0000"
"2710153","Table fat, NFS","Butter and animal fats","1 cup","10205","cup","1","224","224.0000"
"2710153","Table fat, NFS","Butter and animal fats","1 tablespoon","21000","tbsp","1","14","14.0000"
"2710153","Table fat, NFS","Butter and animal fats","1 pat","61631","pat","1","7","7.0000"
"2710154","Butter, NFS","Butter and animal fats","1 pat","61631","pat","1","7","7.0000"
"2710154","Butter, NFS","Butter and animal fats","1 cup","10205","cup","1","224","224.0000"
"2710154","Butter, NFS","Butter and animal fats","1 tablespoon","21000","tbsp","1","14","14.0000"
"2710155","Butter, stick","Butter and animal fats","1 stick","62239","stick","1","113","113.0000"
"2710155","Butter, stick","Butter and animal fats","1 cup","10205","cup","1","224","224.0000"
"2710155","Butter, stick","Butter and animal fats","1 pat","61631","pat","1","7","7.0000"
"2710155","Butter, stick","Butter and animal fats","1 tablespoon","21000","tbsp","1","14","14.0000"
"2710156","Butter, tub","Butter and animal fats","1 pat","61631","pat","1","7","7.0000"
"2710156","Butter, tub","Butter and animal fats","1 cup","10205","cup","1","224","224.0000"
"2710156","Butter, tub","Butter and animal fats","1 tablespoon","21000","tbsp","1","14","14.0000"
"2710157","Butter, light","Butter and animal fats","1 tablespoon","21000","tbsp","1","14","14.0000"
"2710157","Butter, light","Butter and animal fats","1 cup","10205","cup","1","224","224.0000"
"2710157","Butter, light","Butter and animal fats","1 pat","61631","pat","1","7","7.0000"
"2710158","Margarine, NFS","Margarine","1 pat","61631","pat","1","7","7.0000"
"2710158","Margarine, NFS","Margarine","1 tablespoon","21000","tbsp","1","14","14.0000"
"2710158","Margarine, NFS","Margarine","1 cup","10205","cup","1","224","224.0000"
"2710159","Margarine, stick","Margarine","1 cup","10205","cup","1","224","224.0000"
"2710159","Margarine, stick","Margarine","1 tablespoon","21000","tbsp","1","14","14.0000"
"2710159","Margarine, stick","Margarine","1 pat","61631","pat","1","7","7.0000"
"2710160","Margarine, tub","Margarine","1 tablespoon","21000","tbsp","1","14","14.0000"
"2710160","Margarine, tub","Margarine","1 cup","10205","cup","1","224","224.0000"
"2710161","Butter replacement, liquid","Margarine","1 cup","10205","cup","1","224","224.0000"
"2710161","Butter replacement, liquid","Margarine","1 tablespoon","21000","tbsp","1","14","14.0000"
"2710162","Margarine, light","Margarine","1 pat","61631","pat","1","7","7.0000"
"2710162","Margarine, light","Margarine","1 cup","10205","cup","1","224","224.0000"
"2710162","Margarine, light","Margarine","1 tablespoon","21000","tbsp","1","14","14.0000"
"2710163","Butter replacement, powder","Margarine","1 cup","10205","cup","1","100","100.0000"
"2710163","Butter replacement, powder","Margarine","1 tablespoon","21000","tbsp","1","5","5.0000"
"2710164","Oil or table fat, NFS","Margarine","1 cup","10205","cup","1","224","224.0000"
"2710164","Oil or table fat, NFS","Margarine","1 tablespoon","21000","tbsp","1","14","14.0000"
"2710165","Animal fat or drippings","Butter and animal fats","1 cup","10205","cup","1","192","192.0000"
"2710165","Animal fat or drippings","Butter and animal fats","1 tablespoon","21000","tbsp","1","12","12.0000"
"2710166","Lard","Butter and animal fats","1 tablespoon","21000","tbsp","1","12","12.0000"
"2710166","Lard","Butter and animal fats","1 cup","10205","cup","1","192","192.0000"
"2710167","Shortening, NS as to vegetable or animal","Margarine","1 cup","10205","cup","1","192","192.0000"
"2710167","Shortening, NS as to vegetable or animal","Margarine","1 tablespoon","21000","tbsp","1","12","12.0000"
"2710168","Ghee, clarified butter","Butter and animal fats","1 cup","10205","cup","1","224","224.0000"
"2710168","Ghee, clarified butter","Butter and animal fats","1 tablespoon","21000","tbsp","1","14","14.0000"
"2710169","Garlic sauce","Dips, gravies, other sauces","1 tablespoon","21000","tbsp","1","16","16.0000"
"2710170","Lemon-butter sauce","Dips, gravies, other sauces","1 tablespoon","21000","tbsp","1","16","16.0000"
"2710171","Hollandaise sauce","Dips, gravies, other sauces","1 tablespoon","21000","tbsp","1","16","16.0000"
"2710172","Sandwich spread","Mayonnaise","1 tablespoon","21000","tbsp","1","15","15.0000"
"2710172","Sandwich spread","Mayonnaise","1 cup","10205","cup","1","245","245.0000"
"2710173","Tartar sauce","Mayonnaise","1 tablespoon","21000","tbsp","1","14","14.0000"
"2710174","Horseradish sauce","Mustard and other condiments","1 tablespoon","21000","tbsp","1","16","16.0000"
"2710175","Pesto sauce","Dips, gravies, other sauces","1 tablespoon","21000","tbsp","1","16","16.0000"
"2710176","Fry sauce","Mustard and other condiments","1 tablespoon","21000","tbsp","1","15","15.0000"
"2710177","Sauce, NFS","Dips, gravies, other sauces","1 cup","10205","cup","1","240","240.0000"
"2710177","Sauce, NFS","Dips, gravies, other sauces","1 tablespoon","21000","tbsp","1","15","15.0000"
"2710178","Curry sauce","Dips, gravies, other sauces","1 tablespoon","21000","tbsp","1","16","16.0000"
"2710179","Honey butter","Butter and animal fats","1 tablespoon","21000","tbsp","1","14","14.0000"
"2710179","Honey butter","Butter and animal fats","1 cup","10205","cup","1","224","224.0000"
"2710180","Vegetable oil, NFS","Salad dressings and vegetable oils","1 tablespoon","21000","tbsp","1","14","14.0000"
"2710180","Vegetable oil, NFS","Salad dressings and vegetable oils","1 cup","10205","cup","1","224","224.0000"
"2710181","Almond oil","Salad dressings and vegetable oils","1 tablespoon","21000","tbsp","1","14","14.0000"
"2710181","Almond oil","Salad dressings and vegetable oils","1 cup","10205","cup","1","224","224.0000"
"2710182","Coconut oil","Salad dressings and vegetable oils","1 cup","10205","cup","1","224","224.0000"
"2710182","Coconut oil","Salad dressings and vegetable oils","1 tablespoon","21000","tbsp","1","14","14.0000"
"2710183","Corn oil","Salad dressings and vegetable oils","1 tablespoon","21000","tbsp","1","14","14.0000"
"2710183","Corn oil","Salad dressings and vegetable oils","1 cup","10205","cup","1","224","224.0000"
"2710184","Cottonseed oil","Salad dressings and vegetable oils","1 cup","10205","cup","1","224","224.0000"
"2710184","Cottonseed oil","Salad dressings and vegetable oils","1 tablespoon","21000","tbsp","1","14","14.0000"
"2710185","Flaxseed oil","Salad dressings and vegetable oils","1 tablespoon","21000","tbsp","1","14","14.0000"
"2710185","Flaxseed oil","Salad dressings and vegetable oils","1 cup","10205","cup","1","224","224.0000"
"2710186","Olive oil","Salad dressings and vegetable oils","1 cup","10205","cup","1","224","224.0000"
"2710186","Olive oil","Salad dressings and vegetable oils","1 tablespoon","21000","tbsp","1","14","14.0000"
"2710187","Peanut oil","Salad dressings and vegetable oils","1 cup","10205","cup","1","224","224.0000"
"2710187","Peanut oil","Salad dressings and vegetable oils","1 tablespoon","21000","tbsp","1","14","14.0000"
"2710188","Canola oil","Salad dressings and vegetable oils","1 cup","10205","cup","1","224","224.0000"
"2710188","Canola oil","Salad dressings and vegetable oils","1 tablespoon","21000","tbsp","1","14","14.0000"
"2710189","Safflower oil","Salad dressings and vegetable oils","1 tablespoon","21000","tbsp","1","14","14.0000"
"2710189","Safflower oil","Salad dressings and vegetable oils","1 cup","10205","cup","1","224","224.0000"
"2710190","Sesame oil","Salad dressings and vegetable oils","1 cup","10205","cup","1","224","224.0000"
"2710190","Sesame oil","Salad dressings and vegetable oils","1 tablespoon","21000","tbsp","1","14","14.0000"
"2710191","Soybean oil","Salad dressings and vegetable oils","1 cup","10205","cup","1","224","224.0000"
"2710191","Soybean oil","Salad dressings and vegetable oils","1 tablespoon","21000","tbsp","1","14","14.0000"
"2710192","Sunflower oil","Salad dressings and vegetable oils","1 cup","10205","cup","1","224","224.0000"
"2710192","Sunflower oil","Salad dressings and vegetable oils","1 tablespoon","21000","tbsp","1","14","14.0000"
"2710193","Walnut oil","Salad dressings and vegetable oils","1 cup","10205","cup","1","224","224.0000"
"2710193","Walnut oil","Salad dressings and vegetable oils","1 tablespoon","21000","tbsp","1","14","14.0000"
"2710194","Wheat germ oil","Salad dressings and vegetable oils","1 tablespoon","21000","tbsp","1","14","14.0000"
"2710194","Wheat germ oil","Salad dressings and vegetable oils","1 cup","10205","cup","1","224","224.0000"
"2710195","Salad dressing, NFS, for salads","Salad dressings and vegetable oils","1 cup","10205","cup","1","250","250.0000"
"2710195","Salad dressing, NFS, for salads","Salad dressings and vegetable oils","1 tablespoon","21000","tbsp","1","15.6","15.6000"
"2710196","Salad dressing, NFS, for sandwiches","Mayonnaise","1 cup","10205","cup","1","237","237.0000"
"2710196","Salad dressing, NFS, for sandwiches","Mayonnaise","1 tablespoon","21000","tbsp","1","14.3","14.3000"
"2710197","Blue or roquefort cheese dressing","Salad dressings and vegetable oils","1 tablespoon","21000","tbsp","1","15.3","15.3000"
"2710197","Blue or roquefort cheese dressing","Salad dressings and vegetable oils","1 cup","10205","cup","1","245","245.0000"
"2710198","Bacon and tomato dressing","Salad dressings and vegetable oils","1 tablespoon","21000","tbsp","1","15","15.0000"
"2710198","Bacon and tomato dressing","Salad dressings and vegetable oils","1 cup","10205","cup","1","240","240.0000"
"2710199","Caesar dressing","Salad dressings and vegetable oils","1 tablespoon","21000","tbsp","1","14.7","14.7000"
"2710199","Caesar dressing","Salad dressings and vegetable oils","1 cup","10205","cup","1","235","235.0000"
"2710200","Coleslaw dressing","Salad dressings and vegetable oils","1 tablespoon","21000","tbsp","1","15.6","15.6000"
"2710200","Coleslaw dressing","Salad dressings and vegetable oils","1 cup","10205","cup","1","250","250.0000"
"2710201","French or Catalina dressing","Salad dressings and vegetable oils","1 cup","10205","cup","1","250","250.0000"
"2710201","French or Catalina dressing","Salad dressings and vegetable oils","1 tablespoon","21000","tbsp","1","15.6","15.6000"
"2710202","Honey mustard dressing","Salad dressings and vegetable oils","1 tablespoon","21000","tbsp","1","15.6","15.6000"
"2710202","Honey mustard dressing","Salad dressings and vegetable oils","1 cup","10205","cup","1","250","250.0000"
"2710203","Italian dressing, made with vinegar and oil","Salad dressings and vegetable oils","1 cup","10205","cup","1","235","235.0000"
"2710203","Italian dressing, made with vinegar and oil","Salad dressings and vegetable oils","1 tablespoon","21000","tbsp","1","14.7","14.7000"
"2710204","Mayonnaise, regular","Mayonnaise","1 cup","10205","cup","1","220","220.0000"
"2710204","Mayonnaise, regular","Mayonnaise","1 tablespoon","21000","tbsp","1","13.8","13.8000"
"2710205","Vegan mayonnaise","Mayonnaise","1 tablespoon","21000","tbsp","1","14.1","14.1000"
"2710205","Vegan mayonnaise","Mayonnaise","1 cup","10205","cup","1","225","225.0000"
"2710206","Russian dressing","Salad dressings and vegetable oils","1 cup","10205","cup","1","245","245.0000"
"2710206","Russian dressing","Salad dressings and vegetable oils","1 tablespoon","21000","tbsp","1","15.3","15.3000"
"2710207","Mayonnaise-type salad dressing","Mayonnaise","1 tablespoon","21000","tbsp","1","14.7","14.7000"
"2710207","Mayonnaise-type salad dressing","Mayonnaise","1 cup","10205","cup","1","235","235.0000"
"2710208","Avocado dressing","Salad dressings and vegetable oils","1 cup","10205","cup","1","245","245.0000"
"2710208","Avocado dressing","Salad dressings and vegetable oils","1 tablespoon","21000","tbsp","1","15.3","15.3000"
"2710209","Creamy Italian dressing","Salad dressings and vegetable oils","1 tablespoon","21000","tbsp","1","15","15.0000"
"2710209","Creamy Italian dressing","Salad dressings and vegetable oils","1 cup","10205","cup","1","240","240.0000"
"2710210","Poppy seed dressing","Salad dressings and vegetable oils","1 tablespoon","21000","tbsp","1","14.7","14.7000"
"2710210","Poppy seed dressing","Salad dressings and vegetable oils","1 cup","10205","cup","1","235","235.0000"
"2710211","Sesame dressing","Salad dressings and vegetable oils","1 cup","10205","cup","1","235","235.0000"
"2710211","Sesame dressing","Salad dressings and vegetable oils","1 tablespoon","21000","tbsp","1","14.7","14.7000"
"2710212","Ranch dressing","Salad dressings and vegetable oils","1 cup","10205","cup","1","240","240.0000"
"2710212","Ranch dressing","Salad dressings and vegetable oils","1 tablespoon","21000","tbsp","1","15","15.0000"
"2710213","Thousand Island dressing","Salad dressings and vegetable oils","1 cup","10205","cup","1","250","250.0000"
"2710213","Thousand Island dressing","Salad dressings and vegetable oils","1 tablespoon","21000","tbsp","1","15.6","15.6000"
"2710214","Fruit dressing","Salad dressings and vegetable oils","1 cup","10205","cup","1","246","246.0000"
"2710214","Fruit dressing","Salad dressings and vegetable oils","1 tablespoon","21000","tbsp","1","15.4","15.4000"
"2710215","Salad dressing, light, NFS","Salad dressings and vegetable oils","1 cup","10205","cup","1","260","260.0000"
"2710215","Salad dressing, light, NFS","Salad dressings and vegetable oils","1 tablespoon","21000","tbsp","1","16.2","16.2000"
"2710216","Blue or roquefort cheese dressing, light","Salad dressings and vegetable oils","1 cup","10205","cup","1","245","245.0000"
"2710216","Blue or roquefort cheese dressing, light","Salad dressings and vegetable oils","1 tablespoon","21000","tbsp","1","15.3","15.3000"
"2710217","Creamy Italian dressing, light","Salad dressings and vegetable oils","1 cup","10205","cup","1","240","240.0000"
"2710217","Creamy Italian dressing, light","Salad dressings and vegetable oils","1 tablespoon","21000","tbsp","1","15","15.0000"
"2710218","French or Catalina dressing, light","Salad dressings and vegetable oils","1 cup","10205","cup","1","260","260.0000"
"2710218","French or Catalina dressing, light","Salad dressings and vegetable oils","1 tablespoon","21000","tbsp","1","16.2","16.2000"
"2710219","Caesar dressing, light","Salad dressings and vegetable oils","1 cup","10205","cup","1","240","240.0000"
"2710219","Caesar dressing, light","Salad dressings and vegetable oils","1 tablespoon","21000","tbsp","1","15","15.0000"
"2710220","Mayonnaise, light","Mayonnaise","1 cup","10205","cup","1","250","250.0000"
"2710220","Mayonnaise, light","Mayonnaise","1 tablespoon","21000","tbsp","1","15.6","15.6000"
"2710221","Mayonnaise, reduced fat,  with olive oil","Mayonnaise","1 cup","10205","cup","1","220","220.0000"
"2710221","Mayonnaise, reduced fat,  with olive oil","Mayonnaise","1 tablespoon","21000","tbsp","1","13.8","13.8000"
"2710222","Mayonnaise-type salad dressing, light","Mayonnaise","1 tablespoon","21000","tbsp","1","14.5","14.5000"
"2710222","Mayonnaise-type salad dressing, light","Mayonnaise","1 cup","10205","cup","1","232","232.0000"
"2710223","Honey mustard dressing, light","Salad dressings and vegetable oils","1 cup","10205","cup","1","240","240.0000"
"2710223","Honey mustard dressing, light","Salad dressings and vegetable oils","1 tablespoon","21000","tbsp","1","15","15.0000"
"2710224","Italian dressing, light","Salad dressings and vegetable oils","1 cup","10205","cup","1","216","216.0000"
"2710224","Italian dressing, light","Salad dressings and vegetable oils","1 tablespoon","21000","tbsp","1","14","14.0000"
"2710225","Ranch dressing, light","Salad dressings and vegetable oils","1 tablespoon","21000","tbsp","1","15","15.0000"
"2710225","Ranch dressing, light","Salad dressings and vegetable oils","1 cup","10205","cup","1","240","240.0000"
"2710226","Sesame dressing, light","Salad dressings and vegetable oils","1 cup","10205","cup","1","235","235.0000"
"2710226","Sesame dressing, light","Salad dressings and vegetable oils","1 tablespoon","21000","tbsp","1","14.7","14.7000"
"2710227","Thousand Island dressing, light","Salad dressings and vegetable oils","1 tablespoon","21000","tbsp","1","15.3","15.3000"
"2710227","Thousand Island dressing, light","Salad dressings and vegetable oils","1 cup","10205","cup","1","245","245.0000"
"2710228","Korean dressing or marinade","Salad dressings and vegetable oils","1 cup","10205","cup","1","246","246.0000"
"2710228","Korean dressing or marinade","Salad dressings and vegetable oils","1 tablespoon","21000","tbsp","1","15","15.0000"
"2710229","Blue or roquefort cheese dressing, fat free","Salad dressings and vegetable oils","1 tablespoon","21000","tbsp","1","16.6","16.6000"
"2710229","Blue or roquefort cheese dressing, fat free","Salad dressings and vegetable oils","1 cup","10205","cup","1","265","265.0000"
"2710230","Caesar dressing, fat free","Salad dressings and vegetable oils","1 cup","10205","cup","1","231","231.0000"
"2710230","Caesar dressing, fat free","Salad dressings and vegetable oils","1 tablespoon","21000","tbsp","1","14","14.0000"
"2710231","Creamy Italian dressing, fat free","Salad dressings and vegetable oils","1 cup","10205","cup","1","240","240.0000"
"2710231","Creamy Italian dressing, fat free","Salad dressings and vegetable oils","1 tablespoon","21000","tbsp","1","15","15.0000"
"2710232","French or Catalina dressing, fat free","Salad dressings and vegetable oils","1 cup","10205","cup","1","256","256.0000"
"2710232","French or Catalina dressing, fat free","Salad dressings and vegetable oils","1 tablespoon","21000","tbsp","1","16","16.0000"
"2710233","Honey mustard dressing, fat free","Salad dressings and vegetable oils","1 cup","10205","cup","1","256","256.0000"
"2710233","Honey mustard dressing, fat free","Salad dressings and vegetable oils","1 tablespoon","21000","tbsp","1","16","16.0000"
"2710234","Italian dressing, fat free","Salad dressings and vegetable oils","1 tablespoon","21000","tbsp","1","14","14.0000"
"2710234","Italian dressing, fat free","Salad dressings and vegetable oils","1 cup","10205","cup","1","231","231.0000"
"2710235","Mayonnaise, fat free","Mayonnaise","1 tablespoon","21000","tbsp","1","16","16.0000"
"2710235","Mayonnaise, fat free","Mayonnaise","1 cup","10205","cup","1","256","256.0000"
"2710236","Ranch dressing, fat free","Salad dressings and vegetable oils","1 cup","10205","cup","1","240","240.0000"
"2710236","Ranch dressing, fat free","Salad dressings and vegetable oils","1 tablespoon","21000","tbsp","1","15","15.0000"
"2710237","Salad dressing, fat free, NFS","Salad dressings and vegetable oils","1 tablespoon","21000","tbsp","1","15","15.0000"
"2710237","Salad dressing, fat free, NFS","Salad dressings and vegetable oils","1 cup","10205","cup","1","240","240.0000"
"2710238","Thousand Island dressing, fat free","Salad dressings and vegetable oils","1 tablespoon","21000","tbsp","1","16","16.0000"
"2710238","Thousand Island dressing, fat free","Salad dressings and vegetable oils","1 cup","10205","cup","1","256","256.0000"
"2710257","Sugar, NFS","Sugars and honey","1 cup","10205","cup","1","200","200.0000"
"2710257","Sugar, NFS","Sugars and honey","1 teaspoon","22000","tsp","1","4.2","4.2000"
"2710258","Sugar, white, granulated or lump","Sugars and honey","1 teaspoon","22000","tsp","1","4.2","4.2000"
"2710258","Sugar, white, granulated or lump","Sugars and honey","1 cup","10205","cup","1","200","200.0000"
"2710259","Sugar, white, confectioner's, powdered","Sugars and honey","1 cup","10205","cup","1","120","120.0000"
"2710259","Sugar, white, confectioner's, powdered","Sugars and honey","1 teaspoon","22000","tsp","1","2.5","2.5000"
"2710260","Sugar, brown","Sugars and honey","1 teaspoon, NFS","22001","tsp","1","4.6","4.6000"
"2710260","Sugar, brown","Sugars and honey","1 cup, NFS","10010","cup","1","220","220.0000"
"2710261","Sugar, cinnamon","Sugars and honey","1 cup","10205","cup","1","200","200.0000"
"2710261","Sugar, cinnamon","Sugars and honey","1 teaspoon","22000","tsp","1","4.2","4.2000"
"2710262","Sugar substitute and sugar blend","Sugar substitutes","1 teaspoon","22000","tsp","1","2","2.0000"
"2710263","Sugar substitute, sucralose, powder","Sugar substitutes","1 teaspoon","22000","tsp","1","0.5","0.5000"
"2710264","Sugar substitute, stevia, powder","Sugar substitutes","1 teaspoon","22000","tsp","1","3","3.0000"
"2710265","Sugar substitute, stevia, liquid","Sugar substitutes","1 teaspoon","22000","tsp","1","5","5.0000"
"2710266","Sugar substitute, monk fruit, powder","Sugar substitutes","1 teaspoon","22000","tsp","1","0.5","0.5000"
"2710267","Sugar substitute, powder, NFS","Sugar substitutes","1 teaspoon","22000","tsp","1","4","4.0000"
"2710268","Sugar substitute, liquid, NFS","Sugar substitutes","1 teaspoon","22000","tsp","1","5","5.0000"
"2710269","Sugar substitute, saccharin, powder","Sugar substitutes","1 teaspoon","22000","tsp","1","3.3","3.3000"
"2710270","Sugar substitute, saccharin, liquid","Sugar substitutes","1 teaspoon","22000","tsp","1","5","5.0000"
"2710271","Sugar substitute, aspartame, powder","Sugar substitutes","1 teaspoon","22000","tsp","1","3.5","3.5000"
"2710272","Syrup, NFS","Jams, syrups, toppings","1 tablespoon","21000","tbsp","1","20","20.0000"
"2710272","Syrup, NFS","Jams, syrups, toppings","1 cup","10205","cup","1","320","320.0000"
"2710273","Pancake syrup","Jams, syrups, toppings","1 tablespoon","21000","tbsp","1","20","20.0000"
"2710273","Pancake syrup","Jams, syrups, toppings","1 cup","10205","cup","1","320","320.0000"
"2710274","Corn syrup","Jams, syrups, toppings","1 tablespoon","21000","tbsp","1","20","20.0000"
"2710274","Corn syrup","Jams, syrups, toppings","1 cup","10205","cup","1","320","320.0000"
"2710275","Blueberry syrup","Jams, syrups, toppings","1 tablespoon","21000","tbsp","1","20","20.0000"
"2710275","Blueberry syrup","Jams, syrups, toppings","1 cup","10205","cup","1","320","320.0000"
"2710276","Chocolate syrup","Jams, syrups, toppings","1 tablespoon","21000","tbsp","1","20","20.0000"
"2710276","Chocolate syrup","Jams, syrups, toppings","1 cup","10205","cup","1","320","320.0000"
"2710277","Chocolate syrup, light","Jams, syrups, toppings","1 tablespoon","21000","tbsp","1","15","15.0000"
"2710277","Chocolate syrup, light","Jams, syrups, toppings","1 cup","10205","cup","1","240","240.0000"
"2710278","Simple syrup","Jams, syrups, toppings","1 tablespoon","21000","tbsp","1","20","20.0000"
"2710278","Simple syrup","Jams, syrups, toppings","1 cup","10205","cup","1","320","320.0000"
"2710279","Strawberry drink syrup","Jams, syrups, toppings","1 tablespoon","21000","tbsp","1","20","20.0000"
"2710279","Strawberry drink syrup","Jams, syrups, toppings","1 cup","10205","cup","1","320","320.0000"
"2710280","Pancake syrup, light","Jams, syrups, toppings","1 tablespoon","21000","tbsp","1","15","15.0000"
"2710280","Pancake syrup, light","Jams, syrups, toppings","1 cup","10205","cup","1","240","240.0000"
"2710281","Honey","Sugars and honey","1 cup","10205","cup","1","320","320.0000"
"2710281","Honey","Sugars and honey","1 tablespoon","21000","tbsp","1","20","20.0000"
"2710282","Agave liquid sweetener","Sugars and honey","1 tablespoon","21000","tbsp","1","20","20.0000"
"2710283","Molasses","Sugars and honey","1 tablespoon","21000","tbsp","1","20","20.0000"
"2710283","Molasses","Sugars and honey","1 cup","10205","cup","1","320","320.0000"
"2710284","Topping, butterscotch or caramel","Jams, syrups, toppings","1 cup","10205","cup","1","320","320.0000"
"2710284","Topping, butterscotch or caramel","Jams, syrups, toppings","1 tablespoon","21000","tbsp","1","20","20.0000"
"2710285","Topping, chocolate","Jams, syrups, toppings","1 tablespoon","21000","tbsp","1","20","20.0000"
"2710285","Topping, chocolate","Jams, syrups, toppings","1 cup","10205","cup","1","320","320.0000"
"2710286","Topping, fruit","Jams, syrups, toppings","1 cup","10205","cup","1","320","320.0000"
"2710286","Topping, fruit","Jams, syrups, toppings","1 tablespoon","21000","tbsp","1","20","20.0000"
"2710287","Topping, marshmallow","Jams, syrups, toppings","1 cup","10205","cup","1","95","95.0000"
"2710287","Topping, marshmallow","Jams, syrups, toppings","1 tablespoon","21000","tbsp","1","6","6.0000"
"2710288","Topping, nuts and syrup","Jams, syrups, toppings","1 cup","10205","cup","1","320","320.0000"
"2710288","Topping, nuts and syrup","Jams, syrups, toppings","1 tablespoon","21000","tbsp","1","20","20.0000"
"2710289","Chocolate hazelnut spread","Jams, syrups, toppings","1 tablespoon","21000","tbsp","1","20","20.0000"
"2710290","Icing, chocolate","Jams, syrups, toppings","1 cup","10205","cup","1","290","290.0000"
"2710290","Icing, chocolate","Jams, syrups, toppings","1 tablespoon","21000","tbsp","1","18","18.0000"
"2710291","Icing, white","Jams, syrups, toppings","1 cup","10205","cup","1","290","290.0000"
"2710291","Icing, white","Jams, syrups, toppings","1 tablespoon","21000","tbsp","1","18","18.0000"
"2710292","Caramel dip, regular","Jams, syrups, toppings","1 tablespoon","21000","tbsp","1","20","20.0000"
"2710293","Caramel dip, light","Jams, syrups, toppings","1 tablespoon","21000","tbsp","1","20","20.0000"
"2710294","Chocolate dip","Jams, syrups, toppings","1 tablespoon","21000","tbsp","1","20","20.0000"
"2710295","Dessert dip","Jams, syrups, toppings","1 tablespoon","21000","tbsp","1","15","15.0000"
"2710296","Sweet and sour sauce","Mustard and other condiments","1 tablespoon","21000","tbsp","1","16","16.0000"
"2710297","Dessert sauce","Jams, syrups, toppings","1 tablespoon","21000","tbsp","1","16","16.0000"
"2710298","Duck sauce","Mustard and other condiments","1 tablespoon","21000","tbsp","1","16","16.0000"
"2710299","Jam or jelly, NFS","Jams, syrups, toppings","1 tablespoon","21000","tbsp","1","20","20.0000"
"2710300","Jelly","Jams, syrups, toppings","1 tablespoon","21000","tbsp","1","20","20.0000"
"2710301","Jam","Jams, syrups, toppings","1 tablespoon","21000","tbsp","1","20","20.0000"
"2710302","Fruit butter","Jams, syrups, toppings","1 tablespoon","21000","tbsp","1","20","20.0000"
"2710303","Marmalade","Jams, syrups, toppings","1 tablespoon","21000","tbsp","1","20","20.0000"
"2710304","Jam or jelly, sugar free","Jams, syrups, toppings","1 tablespoon","21000","tbsp","1","20","20.0000"
"2710305","Jam or jelly, reduced sugar","Jams, syrups, toppings","1 tablespoon","21000","tbsp","1","20","20.0000"
"2710306","Jam or jelly, fruit juice sweetened","Jams, syrups, toppings","1 tablespoon","21000","tbsp","1","20","20.0000"
"2710307","Guava paste","Jams, syrups, toppings","1 tablespoon","21000","tbsp","1","20","20.0000"
"2710308","Sweet potato paste","Jams, syrups, toppings","1 tablespoon","21000","tbsp","1","20","20.0000"
"2710309","Bean paste, sweetened","Jams, syrups, toppings","1 tablespoon","21000","tbsp","1","20","20.0000"
"2710310","Gelatin dessert","Gelatins, ices, sorbets","1 package (3 oz) yields","61554","package","1","540","540.0000"
"2710310","Gelatin dessert","Gelatins, ices, sorbets","1 cup","10205","cup","1","240","240.0000"
"2710311","Gelatin dessert with fruit","Gelatins, ices, sorbets","1 cup","10205","cup","1","240","240.0000"
"2710312","Gelatin salad with vegetables","Gelatins, ices, sorbets","1 cup","10205","cup","1","240","240.0000"
"2710313","Gelatin dessert, sugar free","Gelatins, ices, sorbets","1 cup","10205","cup","1","240","240.0000"
"2710314","Gelatin dessert, sugar free, with fruit","Gelatins, ices, sorbets","1 cup","10205","cup","1","240","240.0000"
"2710315","Yokan","Gelatins, ices, sorbets","1 oz","40000","oz","1","28.35","28.3500"
"2710316","Haupia","Pudding","1 cup","10205","cup","1","213","213.0000"
"2710316","Haupia","Pudding","1 piece","61667","piece","1","23","23.0000"
"2710317","Italian Ice","Gelatins, ices, sorbets","1 cup","10205","cup","1","130","130.0000"
"2710318","Italian Ice, no sugar added","Gelatins, ices, sorbets","1 cup","10205","cup","1","130","130.0000"
"2710320","Popsicle","Gelatins, ices, sorbets","1 fl oz","30000","floz","1","30","30.0000"
"2710321","Popsicle, no sugar added","Gelatins, ices, sorbets","1 fl oz","30000","floz","1","30","30.0000"
"2710322","Freezer pop","Gelatins, ices, sorbets","1 fl oz","30000","floz","1","30","30.0000"
"2710323","Snow cone","Gelatins, ices, sorbets","1 fl oz","30000","floz","1","30","30.0000"
"2710323","Snow cone","Gelatins, ices, sorbets","1 cup","10205","cup","1","130","130.0000"
"2710324","Snow cone, no sugar added","Gelatins, ices, sorbets","1 cup","10205","cup","1","130","130.0000"
"2710324","Snow cone, no sugar added","Gelatins, ices, sorbets","1 fl oz","30000","floz","1","30","30.0000"
"2710325","Candy, NFS","Candy not containing chocolate","1 piece","61667","piece","1","5","5.0000"
"2710325","Candy, NFS","Candy not containing chocolate","1 stick","62239","stick","1","15","15.0000"
"2710325","Candy, NFS","Candy not containing chocolate","1 cup","10205","cup","1","160","160.0000"
"2710326","Almonds, chocolate covered candy","Candy containing chocolate","1 package, any size","63159","package","1","55","55.0000"
"2710326","Almonds, chocolate covered candy","Candy containing chocolate","1 piece","61667","piece","1","4","4.0000"
"2710326","Almonds, chocolate covered candy","Candy containing chocolate","1 cup","10205","cup","1","160","160.0000"
"2710327","Chocolate candy, other, NFS","Candy containing chocolate","1 cup","10205","cup","1","160","160.0000"
"2710327","Chocolate candy, other, NFS","Candy containing chocolate","1 piece","61667","piece","1","8","8.0000"
"2710328","Chocolate candy","Candy containing chocolate","1 piece","61667","piece","1","8","8.0000"
"2710328","Chocolate candy","Candy containing chocolate","1 cup","10205","cup","1","160","160.0000"
"2710329","Chocolate candy with nuts, other, NFS","Candy containing chocolate","1 piece","61667","piece","1","8","8.0000"
"2710329","Chocolate candy with nuts, other, NFS","Candy containing chocolate","1 cup","10205","cup","1","160","160.0000"
"2710330","Chocolate candy with nuts","Candy containing chocolate","1 cup","10205","cup","1","160","160.0000"
"2710330","Chocolate candy with nuts","Candy containing chocolate","1 piece","61667","piece","1","8","8.0000"
"2710331","Chocolate candy with cereal","Candy containing chocolate","1 piece","61667","piece","1","8","8.0000"
"2710331","Chocolate candy with cereal","Candy containing chocolate","1 cup","10205","cup","1","160","160.0000"
"2710332","Chocolate candy, cookie filled","Candy containing chocolate","1 piece","61667","piece","1","8","8.0000"
"2710332","Chocolate candy, cookie filled","Candy containing chocolate","1 cup","10205","cup","1","160","160.0000"
"2710333","Chocolate chips","Candy containing chocolate","1 piece","61667","piece","1","1","1.0000"
"2710333","Chocolate chips","Candy containing chocolate","1 cup","10205","cup","1","225","225.0000"
"2710334","Candy, sprinkles","Candy not containing chocolate","1 cup","10205","cup","1","160","160.0000"
"2710335","Dark chocolate candy, other, NFS","Candy containing chocolate","1 piece","61667","piece","1","8","8.0000"
"2710335","Dark chocolate candy, other, NFS","Candy containing chocolate","1 cup","10205","cup","1","160","160.0000"
"2710336","Dark chocolate candy","Candy containing chocolate","1 piece","61667","piece","1","8","8.0000"
"2710336","Dark chocolate candy","Candy containing chocolate","1 cup","10205","cup","1","160","160.0000"
"2710337","Dark chocolate candy with nuts, other, NFS","Candy containing chocolate","1 cup","10205","cup","1","160","160.0000"
"2710337","Dark chocolate candy with nuts, other, NFS","Candy containing chocolate","1 piece","61667","piece","1","8","8.0000"
"2710338","Dark chocolate candy with nuts","Candy containing chocolate","1 piece","61667","piece","1","8","8.0000"
"2710338","Dark chocolate candy with nuts","Candy containing chocolate","1 cup","10205","cup","1","160","160.0000"
"2710339","White chocolate candy","Candy not containing chocolate","1 cup","10205","cup","1","160","160.0000"
"2710339","White chocolate candy","Candy not containing chocolate","1 piece","61667","piece","1","8","8.0000"
"2710340","Chocolate candy, fudge","Candy containing chocolate","1 cup","10205","cup","1","160","160.0000"
"2710340","Chocolate candy, fudge","Candy containing chocolate","1 piece","61667","piece","1","30","30.0000"
"2710341","Chocolate candy, caramel filled","Candy containing chocolate","1 piece","61667","piece","1","8","8.0000"
"2710341","Chocolate candy, caramel filled","Candy containing chocolate","1 cup","10205","cup","1","160","160.0000"
"2710342","Chocolate candy, caramel filled with nuts","Candy containing chocolate","1 piece","61667","piece","1","15","15.0000"
"2710342","Chocolate candy, caramel filled with nuts","Candy containing chocolate","1 cup","10205","cup","1","160","160.0000"
"2710343","Chocolate candy, coconut filled","Candy containing chocolate","1 piece","61667","piece","1","8","8.0000"
"2710343","Chocolate candy, coconut filled","Candy containing chocolate","1 cup","10205","cup","1","160","160.0000"
"2710344","Chocolate candy, cream filled","Candy containing chocolate","1 piece","61667","piece","1","15","15.0000"
"2710344","Chocolate candy, cream filled","Candy containing chocolate","1 cup","10205","cup","1","160","160.0000"
"2710345","Chocolate candy, nougat filled","Candy containing chocolate","1 piece","61667","piece","1","8","8.0000"
"2710345","Chocolate candy, nougat filled","Candy containing chocolate","1 cup","10205","cup","1","160","160.0000"
"2710346","Chocolate candy, nougat filled with nuts","Candy containing chocolate","1 cup","10205","cup","1","160","160.0000"
"2710346","Chocolate candy, nougat filled with nuts","Candy containing chocolate","1 piece","61667","piece","1","8","8.0000"
"2710347","Chocolate candy, peanut butter filled","Candy containing chocolate","1 cup","10205","cup","1","160","160.0000"
"2710347","Chocolate candy, peanut butter filled","Candy containing chocolate","1 piece","61667","piece","1","8","8.0000"
"2710348","Chocolate candy with dried fruit","Candy containing chocolate","1 cup","10205","cup","1","160","160.0000"
"2710348","Chocolate candy with dried fruit","Candy containing chocolate","1 piece","61667","piece","1","2","2.0000"
"2710349","Chocolate candy, sugar free","Candy containing chocolate","1 cup","10205","cup","1","160","160.0000"
"2710349","Chocolate candy, sugar free","Candy containing chocolate","1 package, any size","63159","package","1","45","45.0000"
"2710349","Chocolate candy, sugar free","Candy containing chocolate","1 piece","61667","piece","1","15","15.0000"
"2710350","Candy, non chocolate, other, NFS","Candy not containing chocolate","1 piece","61667","piece","1","5","5.0000"
"2710350","Candy, non chocolate, other, NFS","Candy not containing chocolate","1 stick","62239","stick","1","15","15.0000"
"2710350","Candy, non chocolate, other, NFS","Candy not containing chocolate","1 cup","10205","cup","1","160","160.0000"
"2710351","Ladoo, round ball","Candy not containing chocolate","1 piece","61667","piece","1","60","60.0000"
"2710352","Candy, licorice","Candy not containing chocolate","1 stick","62239","stick","1","10","10.0000"
"2710352","Candy, licorice","Candy not containing chocolate","1 cup","10205","cup","1","160","160.0000"
"2710352","Candy, licorice","Candy not containing chocolate","1 piece","61667","piece","1","5","5.0000"
"2710353","Candy, marshmallow","Candy not containing chocolate","1 cup","10205","cup","1","40","40.0000"
"2710353","Candy, marshmallow","Candy not containing chocolate","1 package, any size","63159","package","1","40","40.0000"
"2710353","Candy, marshmallow","Candy not containing chocolate","1 piece","61667","piece","1","8","8.0000"
"2710354","Candy, caramel","Candy not containing chocolate","1 cup","10205","cup","1","160","160.0000"
"2710354","Candy, caramel","Candy not containing chocolate","1 piece","61667","piece","1","5","5.0000"
"2710355","Candy, nougat with nuts","Candy not containing chocolate","1 piece","61667","piece","1","10","10.0000"
"2710355","Candy, nougat with nuts","Candy not containing chocolate","1 cup","10205","cup","1","160","160.0000"
"2710356","Peanuts, chocolate covered candy","Candy containing chocolate","1 piece","61667","piece","1","4","4.0000"
"2710356","Peanuts, chocolate covered candy","Candy containing chocolate","1 cup","10205","cup","1","160","160.0000"
"2710357","Candy, peanut brittle","Candy not containing chocolate","1 cup","10205","cup","1","160","160.0000"
"2710357","Candy, peanut brittle","Candy not containing chocolate","1 piece","61667","piece","1","10","10.0000"
"2710358","Candy, mint","Candy not containing chocolate","1 piece","61667","piece","1","2","2.0000"
"2710359","Candy, gummy","Candy not containing chocolate","1 cup","10205","cup","1","160","160.0000"
"2710359","Candy, gummy","Candy not containing chocolate","1 piece","61667","piece","1","2","2.0000"
"2710360","Candy, hard","Candy not containing chocolate","1 cup","10205","cup","1","160","160.0000"
"2710360","Candy, hard","Candy not containing chocolate","1 piece","61667","piece","1","5","5.0000"
"2710360","Candy, hard","Candy not containing chocolate","1 stick","62239","stick","1","15","15.0000"
"2710361","Candy, lollipop","Candy not containing chocolate","1 piece","61667","piece","1","10","10.0000"
"2710362","Cough drops","Candy not containing chocolate","1 piece","61667","piece","1","5","5.0000"
"2710363","Candy, cotton","Candy not containing chocolate","1 package, any size","63159","package","1","30","30.0000"
"2710363","Candy, cotton","Candy not containing chocolate","1 cup","10205","cup","1","10","10.0000"
"2710364","Candy, fruit flavored pieces","Candy not containing chocolate","1 piece","61667","piece","1","2","2.0000"
"2710364","Candy, fruit flavored pieces","Candy not containing chocolate","1 cup","10205","cup","1","160","160.0000"
"2710364","Candy, fruit flavored pieces","Candy not containing chocolate","1 stick","62239","stick","1","2","2.0000"
"2710365","Chocolate candy, candy shell","Candy containing chocolate","1 piece","61667","piece","1","2","2.0000"
"2710365","Chocolate candy, candy shell","Candy containing chocolate","1 cup","10205","cup","1","160","160.0000"
"2710366","Chocolate candy, candy shell with nuts","Candy containing chocolate","1 cup","10205","cup","1","160","160.0000"
"2710366","Chocolate candy, candy shell with nuts","Candy containing chocolate","1 piece","61667","piece","1","2","2.0000"
"2710367","Candy, fruit snacks","Candy not containing chocolate","1 cup","10205","cup","1","160","160.0000"
"2710367","Candy, fruit snacks","Candy not containing chocolate","1 piece","61667","piece","1","2","2.0000"
"2710368","Candy, fruit leather","Candy not containing chocolate","1 piece","61667","piece","1","10","10.0000"
"2710369","Candy, taffy","Candy not containing chocolate","1 cup","10205","cup","1","160","160.0000"
"2710369","Candy, taffy","Candy not containing chocolate","1 piece","61667","piece","1","5","5.0000"
"2710369","Candy, taffy","Candy not containing chocolate","1 stick","62239","stick","1","15","15.0000"
"2710370","Candy, non chocolate, sugar free","Candy not containing chocolate","1 piece","61667","piece","1","5","5.0000"
"2710370","Candy, non chocolate, sugar free","Candy not containing chocolate","1 cup","10205","cup","1","160","160.0000"
"2710371","Chewing gum","Candy not containing chocolate","1 piece","61667","piece","1","5","5.0000"
"2710371","Chewing gum","Candy not containing chocolate","1 stick","62239","stick","1","5","5.0000"
"2710372","Chewing gum, sugar free","Candy not containing chocolate","1 piece","61667","piece","1","5","5.0000"
"2710372","Chewing gum, sugar free","Candy not containing chocolate","1 stick","62239","stick","1","5","5.0000"
"2710373","Coffee, NS as to type","Coffee","1 cup (8 fl oz)","10215","cup","1","240","240.0000"
"2710373","Coffee, NS as to type","Coffee","1 medium","61238","medium","1","480","480.0000"
"2710373","Coffee, NS as to type","Coffee","1 large","60919","large","1","600","600.0000"
"2710373","Coffee, NS as to type","Coffee","1 fl oz","30000","floz","1","30","30.0000"
"2710373","Coffee, NS as to type","Coffee","1 small","62015","small","1","360","360.0000"
"2710374","Coffee, NS as to brewed or instant","Coffee","1 small","62015","small","1","360","360.0000"
"2710374","Coffee, NS as to brewed or instant","Coffee","1 fl oz","30000","floz","1","30","30.0000"
"2710374","Coffee, NS as to brewed or instant","Coffee","1 cup (8 fl oz)","10215","cup","1","240","240.0000"
"2710374","Coffee, NS as to brewed or instant","Coffee","1 medium","61238","medium","1","480","480.0000"
"2710374","Coffee, NS as to brewed or instant","Coffee","1 large","60919","large","1","600","600.0000"
"2710375","Coffee, brewed","Coffee","1 fl oz","30000","floz","1","30","30.0000"
"2710375","Coffee, brewed","Coffee","1 small","62015","small","1","360","360.0000"
"2710375","Coffee, brewed","Coffee","1 medium","61238","medium","1","480","480.0000"
"2710375","Coffee, brewed","Coffee","1 cup (8 fl oz)","10215","cup","1","240","240.0000"
"2710375","Coffee, brewed","Coffee","1 large","60919","large","1","600","600.0000"
"2710376","Coffee, brewed, blend of regular and decaffeinated","Coffee","1 small","62015","small","1","360","360.0000"
"2710376","Coffee, brewed, blend of regular and decaffeinated","Coffee","1 medium","61238","medium","1","480","480.0000"
"2710376","Coffee, brewed, blend of regular and decaffeinated","Coffee","1 cup (8 fl oz)","10215","cup","1","240","240.0000"
"2710376","Coffee, brewed, blend of regular and decaffeinated","Coffee","1 large","60919","large","1","600","600.0000"
"2710376","Coffee, brewed, blend of regular and decaffeinated","Coffee","1 fl oz","30000","floz","1","30","30.0000"
"2710377","Coffee, Turkish","Coffee","1 cup (8 fl oz)","10215","cup","1","248","248.0000"
"2710377","Coffee, Turkish","Coffee","1 fl oz","30000","floz","1","31","31.0000"
"2710378","Coffee, espresso","Coffee","1 fl oz","30000","floz","1","30","30.0000"
"2710379","Coffee, espresso, decaffeinated","Coffee","1 fl oz","30000","floz","1","30","30.0000"
"2710380","Coffee, brewed, flavored","Coffee","1 small","62015","small","1","360","360.0000"
"2710380","Coffee, brewed, flavored","Coffee","1 medium","61238","medium","1","480","480.0000"
"2710380","Coffee, brewed, flavored","Coffee","1 large","60919","large","1","600","600.0000"
"2710380","Coffee, brewed, flavored","Coffee","1 fl oz","30000","floz","1","30","30.0000"
"2710380","Coffee, brewed, flavored","Coffee","1 cup (8 fl oz)","10215","cup","1","240","240.0000"
"2710381","Coffee, Cuban","Coffee","1 cup (8 fl oz)","10215","cup","1","248","248.0000"
"2710381","Coffee, Cuban","Coffee","1 fl oz","30000","floz","1","31","31.0000"
"2710382","Coffee, macchiato","Coffee","1 fl oz","30000","floz","1","30","30.0000"
"2710383","Coffee, macchiato, sweetened","Coffee","1 fl oz","30000","floz","1","31","31.0000"
"2710384","Coffee, cafe con leche","Coffee","1 cup (8 fl oz)","10215","cup","1","248","248.0000"
"2710384","Coffee, cafe con leche","Coffee","1 fl oz","30000","floz","1","31","31.0000"
"2710385","Coffee, cafe con leche, decaffeinated","Coffee","1 fl oz","30000","floz","1","31","31.0000"
"2710385","Coffee, cafe con leche, decaffeinated","Coffee","1 cup (8 fl oz)","10215","cup","1","248","248.0000"
"2710386","Coffee, Latte","Coffee","1 medium","61238","medium","1","480","480.0000"
"2710386","Coffee, Latte","Coffee","1 cup (8 fl oz)","10215","cup","1","240","240.0000"
"2710386","Coffee, Latte","Coffee","1 large","60919","large","1","600","600.0000"
"2710386","Coffee, Latte","Coffee","1 small","62015","small","1","360","360.0000"
"2710386","Coffee, Latte","Coffee","1 fl oz","30000","floz","1","30","30.0000"
"2710387","Coffee, Latte, nonfat","Coffee","1 large","60919","large","1","600","600.0000"
"2710387","Coffee, Latte, nonfat","Coffee","1 fl oz","30000","floz","1","30","30.0000"
"2710387","Coffee, Latte, nonfat","Coffee","1 cup (8 fl oz)","10215","cup","1","240","240.0000"
"2710387","Coffee, Latte, nonfat","Coffee","1 medium","61238","medium","1","480","480.0000"
"2710387","Coffee, Latte, nonfat","Coffee","1 small","62015","small","1","360","360.0000"
"2710388","Coffee, Latte, with non-dairy milk","Coffee","1 cup (8 fl oz)","10215","cup","1","240","240.0000"
"2710388","Coffee, Latte, with non-dairy milk","Coffee","1 small","62015","small","1","360","360.0000"
"2710388","Coffee, Latte, with non-dairy milk","Coffee","1 medium","61238","medium","1","480","480.0000"
"2710388","Coffee, Latte, with non-dairy milk","Coffee","1 fl oz","30000","floz","1","30","30.0000"
"2710388","Coffee, Latte, with non-dairy milk","Coffee","1 large","60919","large","1","600","600.0000"
"2710389","Coffee, Latte, flavored","Coffee","1 large","60919","large","1","620","620.0000"
"2710389","Coffee, Latte, flavored","Coffee","1 small","62015","small","1","372","372.0000"
"2710389","Coffee, Latte, flavored","Coffee","1 fl oz","30000","floz","1","31","31.0000"
"2710389","Coffee, Latte, flavored","Coffee","1 cup (8 fl oz)","10215","cup","1","248","248.0000"
"2710389","Coffee, Latte, flavored","Coffee","1 medium","61238","medium","1","496","496.0000"
"2710390","Coffee, Latte, nonfat, flavored","Coffee","1 small","62015","small","1","372","372.0000"
"2710390","Coffee, Latte, nonfat, flavored","Coffee","1 fl oz","30000","floz","1","31","31.0000"
"2710390","Coffee, Latte, nonfat, flavored","Coffee","1 medium","61238","medium","1","496","496.0000"
"2710390","Coffee, Latte, nonfat, flavored","Coffee","1 large","60919","large","1","620","620.0000"
"2710390","Coffee, Latte, nonfat, flavored","Coffee","1 cup (8 fl oz)","10215","cup","1","248","248.0000"
"2710391","Coffee, Latte, with non-dairy milk, flavored","Coffee","1 large","60919","large","1","620","620.0000"
"2710391","Coffee, Latte, with non-dairy milk, flavored","Coffee","1 fl oz","30000","floz","1","31","31.0000"
"2710391","Coffee, Latte, with non-dairy milk, flavored","Coffee","1 medium","61238","medium","1","496","496.0000"
"2710391","Coffee, Latte, with non-dairy milk, flavored","Coffee","1 small","62015","small","1","372","372.0000"
"2710391","Coffee, Latte, with non-dairy milk, flavored","Coffee","1 cup (8 fl oz)","10215","cup","1","248","248.0000"
"2710392","Coffee, Latte, decaffeinated","Coffee","1 large","60919","large","1","600","600.0000"
"2710392","Coffee, Latte, decaffeinated","Coffee","1 small","62015","small","1","360","360.0000"
"2710392","Coffee, Latte, decaffeinated","Coffee","1 fl oz","30000","floz","1","30","30.0000"
"2710392","Coffee, Latte, decaffeinated","Coffee","1 cup (8 fl oz)","10215","cup","1","240","240.0000"
"2710392","Coffee, Latte, decaffeinated","Coffee","1 medium","61238","medium","1","480","480.0000"
"2710393","Coffee, Latte, decaffeinated, nonfat","Coffee","1 small","62015","small","1","360","360.0000"
"2710393","Coffee, Latte, decaffeinated, nonfat","Coffee","1 fl oz","30000","floz","1","30","30.0000"
"2710393","Coffee, Latte, decaffeinated, nonfat","Coffee","1 large","60919","large","1","600","600.0000"
"2710393","Coffee, Latte, decaffeinated, nonfat","Coffee","1 cup (8 fl oz)","10215","cup","1","240","240.0000"
"2710393","Coffee, Latte, decaffeinated, nonfat","Coffee","1 medium","61238","medium","1","480","480.0000"
"2710394","Coffee, Latte, decaffeinated, with non-dairy milk","Coffee","1 fl oz","30000","floz","1","30","30.0000"
"2710394","Coffee, Latte, decaffeinated, with non-dairy milk","Coffee","1 small","62015","small","1","360","360.0000"
"2710394","Coffee, Latte, decaffeinated, with non-dairy milk","Coffee","1 medium","61238","medium","1","480","480.0000"
"2710394","Coffee, Latte, decaffeinated, with non-dairy milk","Coffee","1 large","60919","large","1","600","600.0000"
"2710394","Coffee, Latte, decaffeinated, with non-dairy milk","Coffee","1 cup (8 fl oz)","10215","cup","1","240","240.0000"
"2710395","Coffee, Latte, decaffeinated, flavored","Coffee","1 cup (8 fl oz)","10215","cup","1","248","248.0000"
"2710395","Coffee, Latte, decaffeinated, flavored","Coffee","1 small","62015","small","1","372","372.0000"
"2710395","Coffee, Latte, decaffeinated, flavored","Coffee","1 large","60919","large","1","620","620.0000"
"2710395","Coffee, Latte, decaffeinated, flavored","Coffee","1 medium","61238","medium","1","496","496.0000"
"2710395","Coffee, Latte, decaffeinated, flavored","Coffee","1 fl oz","30000","floz","1","31","31.0000"
"2710396","Coffee, Latte, decaffeinated, nonfat, flavored","Coffee","1 fl oz","30000","floz","1","31","31.0000"
"2710396","Coffee, Latte, decaffeinated, nonfat, flavored","Coffee","1 large","60919","large","1","620","620.0000"
"2710396","Coffee, Latte, decaffeinated, nonfat, flavored","Coffee","1 medium","61238","medium","1","496","496.0000"
"2710396","Coffee, Latte, decaffeinated, nonfat, flavored","Coffee","1 cup (8 fl oz)","10215","cup","1","248","248.0000"
"2710396","Coffee, Latte, decaffeinated, nonfat, flavored","Coffee","1 small","62015","small","1","372","372.0000"
"2710397","Coffee, Latte, decaffeinated, with non-dairy milk, flavored","Coffee","1 fl oz","30000","floz","1","31","31.0000"
"2710397","Coffee, Latte, decaffeinated, with non-dairy milk, flavored","Coffee","1 cup (8 fl oz)","10215","cup","1","248","248.0000"
"2710397","Coffee, Latte, decaffeinated, with non-dairy milk, flavored","Coffee","1 small","62015","small","1","372","372.0000"
"2710397","Coffee, Latte, decaffeinated, with non-dairy milk, flavored","Coffee","1 large","60919","large","1","620","620.0000"
"2710397","Coffee, Latte, decaffeinated, with non-dairy milk, flavored","Coffee","1 medium","61238","medium","1","496","496.0000"
"2710398","Frozen coffee drink","Coffee","1 large","60919","large","1","620","620.0000"
"2710398","Frozen coffee drink","Coffee","1 medium","61238","medium","1","496","496.0000"
"2710398","Frozen coffee drink","Coffee","1 small","62015","small","1","372","372.0000"
"2710398","Frozen coffee drink","Coffee","1 fl oz","30000","floz","1","31","31.0000"
"2710398","Frozen coffee drink","Coffee","1 cup (8 fl oz)","10215","cup","1","248","248.0000"
"2710399","Frozen coffee drink, nonfat","Coffee","1 small","62015","small","1","372","372.0000"
"2710399","Frozen coffee drink, nonfat","Coffee","1 fl oz","30000","floz","1","31","31.0000"
"2710399","Frozen coffee drink, nonfat","Coffee","1 medium","61238","medium","1","496","496.0000"
"2710399","Frozen coffee drink, nonfat","Coffee","1 large","60919","large","1","620","620.0000"
"2710399","Frozen coffee drink, nonfat","Coffee","1 cup (8 fl oz)","10215","cup","1","248","248.0000"
"2710400","Frozen coffee drink, with non-dairy milk","Coffee","1 cup (8 fl oz)","10215","cup","1","248","248.0000"
"2710400","Frozen coffee drink, with non-dairy milk","Coffee","1 fl oz","30000","floz","1","31","31.0000"
"2710400","Frozen coffee drink, with non-dairy milk","Coffee","1 medium","61238","medium","1","496","496.0000"
"2710400","Frozen coffee drink, with non-dairy milk","Coffee","1 small","62015","small","1","372","372.0000"
"2710400","Frozen coffee drink, with non-dairy milk","Coffee","1 large","60919","large","1","620","620.0000"
"2710401","Frozen coffee drink, with whipped cream","Coffee","1 fl oz","30000","floz","1","31","31.0000"
"2710401","Frozen coffee drink, with whipped cream","Coffee","1 small","62015","small","1","372","372.0000"
"2710401","Frozen coffee drink, with whipped cream","Coffee","1 cup (8 fl oz)","10215","cup","1","248","248.0000"
"2710401","Frozen coffee drink, with whipped cream","Coffee","1 medium","61238","medium","1","496","496.0000"
"2710401","Frozen coffee drink, with whipped cream","Coffee","1 large","60919","large","1","620","620.0000"
"2710402","Frozen coffee drink, nonfat, with whipped cream","Coffee","1 medium","61238","medium","1","496","496.0000"
"2710402","Frozen coffee drink, nonfat, with whipped cream","Coffee","1 small","62015","small","1","372","372.0000"
"2710402","Frozen coffee drink, nonfat, with whipped cream","Coffee","1 cup (8 fl oz)","10215","cup","1","248","248.0000"
"2710402","Frozen coffee drink, nonfat, with whipped cream","Coffee","1 fl oz","30000","floz","1","31","31.0000"
"2710402","Frozen coffee drink, nonfat, with whipped cream","Coffee","1 large","60919","large","1","620","620.0000"
"2710403","Frozen coffee drink, with non-dairy milk and whipped cream","Coffee","1 medium","61238","medium","1","496","496.0000"
"2710403","Frozen coffee drink, with non-dairy milk and whipped cream","Coffee","1 fl oz","30000","floz","1","31","31.0000"
"2710403","Frozen coffee drink, with non-dairy milk and whipped cream","Coffee","1 cup (8 fl oz)","10215","cup","1","248","248.0000"
"2710403","Frozen coffee drink, with non-dairy milk and whipped cream","Coffee","1 large","60919","large","1","620","620.0000"
"2710403","Frozen coffee drink, with non-dairy milk and whipped cream","Coffee","1 small","62015","small","1","372","372.0000"
"2710404","Frozen coffee drink, decaffeinated","Coffee","1 cup (8 fl oz)","10215","cup","1","248","248.0000"
"2710404","Frozen coffee drink, decaffeinated","Coffee","1 large","60919","large","1","620","620.0000"
"2710404","Frozen coffee drink, decaffeinated","Coffee","1 small","62015","small","1","372","372.0000"
"2710404","Frozen coffee drink, decaffeinated","Coffee","1 medium","61238","medium","1","496","496.0000"
"2710404","Frozen coffee drink, decaffeinated","Coffee","1 fl oz","30000","floz","1","31","31.0000"
"2710405","Frozen coffee drink, decaffeinated, nonfat","Coffee","1 small","62015","small","1","372","372.0000"
"2710405","Frozen coffee drink, decaffeinated, nonfat","Coffee","1 cup (8 fl oz)","10215","cup","1","248","248.0000"
"2710405","Frozen coffee drink, decaffeinated, nonfat","Coffee","1 medium","61238","medium","1","496","496.0000"
"2710405","Frozen coffee drink, decaffeinated, nonfat","Coffee","1 large","60919","large","1","620","620.0000"
"2710405","Frozen coffee drink, decaffeinated, nonfat","Coffee","1 fl oz","30000","floz","1","31","31.0000"
"2710406","Frozen coffee drink, decaffeinated, with non-dairy milk","Coffee","1 large","60919","large","1","620","620.0000"
"2710406","Frozen coffee drink, decaffeinated, with non-dairy milk","Coffee","1 cup (8 fl oz)","10215","cup","1","248","248.0000"
"2710406","Frozen coffee drink, decaffeinated, with non-dairy milk","Coffee","1 fl oz","30000","floz","1","31","31.0000"
"2710406","Frozen coffee drink, decaffeinated, with non-dairy milk","Coffee","1 small","62015","small","1","372","372.0000"
"2710406","Frozen coffee drink, decaffeinated, with non-dairy milk","Coffee","1 medium","61238","medium","1","496","496.0000"
"2710407","Frozen coffee drink, decaffeinated, with whipped cream","Coffee","1 cup (8 fl oz)","10215","cup","1","248","248.0000"
"2710407","Frozen coffee drink, decaffeinated, with whipped cream","Coffee","1 large","60919","large","1","620","620.0000"
"2710407","Frozen coffee drink, decaffeinated, with whipped cream","Coffee","1 medium","61238","medium","1","496","496.0000"
"2710407","Frozen coffee drink, decaffeinated, with whipped cream","Coffee","1 small","62015","small","1","372","372.0000"
"2710407","Frozen coffee drink, decaffeinated, with whipped cream","Coffee","1 fl oz","30000","floz","1","31","31.0000"
"2710408","Frozen coffee drink, decaffeinated, nonfat, with whipped cream","Coffee","1 cup (8 fl oz)","10215","cup","1","248","248.0000"
"2710408","Frozen coffee drink, decaffeinated, nonfat, with whipped cream","Coffee","1 small","62015","small","1","372","372.0000"
"2710408","Frozen coffee drink, decaffeinated, nonfat, with whipped cream","Coffee","1 large","60919","large","1","620","620.0000"
"2710408","Frozen coffee drink, decaffeinated, nonfat, with whipped cream","Coffee","1 medium","61238","medium","1","496","496.0000"
"2710408","Frozen coffee drink, decaffeinated, nonfat, with whipped cream","Coffee","1 fl oz","30000","floz","1","31","31.0000"
"2710409","Frozen coffee drink, decaffeinated, with non-dairy milk and whipped cream","Coffee","1 fl oz","30000","floz","1","31","31.0000"
"2710409","Frozen coffee drink, decaffeinated, with non-dairy milk and whipped cream","Coffee","1 cup (8 fl oz)","10215","cup","1","248","248.0000"
"2710409","Frozen coffee drink, decaffeinated, with non-dairy milk and whipped cream","Coffee","1 small","62015","small","1","372","372.0000"
"2710409","Frozen coffee drink, decaffeinated, with non-dairy milk and whipped cream","Coffee","1 large","60919","large","1","620","620.0000"
"2710409","Frozen coffee drink, decaffeinated, with non-dairy milk and whipped cream","Coffee","1 medium","61238","medium","1","496","496.0000"
"2710410","Coffee, Cafe Mocha","Coffee","1 small","62015","small","1","372","372.0000"
"2710410","Coffee, Cafe Mocha","Coffee","1 cup (8 fl oz)","10215","cup","1","248","248.0000"
"2710410","Coffee, Cafe Mocha","Coffee","1 large","60919","large","1","620","620.0000"
"2710410","Coffee, Cafe Mocha","Coffee","1 fl oz","30000","floz","1","31","31.0000"
"2710410","Coffee, Cafe Mocha","Coffee","1 medium","61238","medium","1","496","496.0000"
"2710411","Coffee, Cafe Mocha, nonfat","Coffee","1 medium","61238","medium","1","496","496.0000"
"2710411","Coffee, Cafe Mocha, nonfat","Coffee","1 cup (8 fl oz)","10215","cup","1","248","248.0000"
"2710411","Coffee, Cafe Mocha, nonfat","Coffee","1 small","62015","small","1","372","372.0000"
"2710411","Coffee, Cafe Mocha, nonfat","Coffee","1 fl oz","30000","floz","1","31","31.0000"
"2710411","Coffee, Cafe Mocha, nonfat","Coffee","1 large","60919","large","1","620","620.0000"
"2710412","Coffee, Cafe Mocha, with non-dairy milk","Coffee","1 medium","61238","medium","1","496","496.0000"
"2710412","Coffee, Cafe Mocha, with non-dairy milk","Coffee","1 fl oz","30000","floz","1","31","31.0000"
"2710412","Coffee, Cafe Mocha, with non-dairy milk","Coffee","1 large","60919","large","1","620","620.0000"
"2710412","Coffee, Cafe Mocha, with non-dairy milk","Coffee","1 small","62015","small","1","372","372.0000"
"2710412","Coffee, Cafe Mocha, with non-dairy milk","Coffee","1 cup (8 fl oz)","10215","cup","1","248","248.0000"
"2710413","Coffee, Cafe Mocha, decaffeinated","Coffee","1 fl oz","30000","floz","1","31","31.0000"
"2710413","Coffee, Cafe Mocha, decaffeinated","Coffee","1 medium","61238","medium","1","496","496.0000"
"2710413","Coffee, Cafe Mocha, decaffeinated","Coffee","1 large","60919","large","1","620","620.0000"
"2710413","Coffee, Cafe Mocha, decaffeinated","Coffee","1 cup (8 fl oz)","10215","cup","1","248","248.0000"
"2710413","Coffee, Cafe Mocha, decaffeinated","Coffee","1 small","62015","small","1","372","372.0000"
"2710414","Coffee, Cafe Mocha, decaffeinated, nonfat","Coffee","1 small","62015","small","1","372","372.0000"
"2710414","Coffee, Cafe Mocha, decaffeinated, nonfat","Coffee","1 fl oz","30000","floz","1","31","31.0000"
"2710414","Coffee, Cafe Mocha, decaffeinated, nonfat","Coffee","1 medium","61238","medium","1","496","496.0000"
"2710414","Coffee, Cafe Mocha, decaffeinated, nonfat","Coffee","1 large","60919","large","1","620","620.0000"
"2710414","Coffee, Cafe Mocha, decaffeinated, nonfat","Coffee","1 cup (8 fl oz)","10215","cup","1","248","248.0000"
"2710415","Coffee, Cafe Mocha, decaffeinated, with non-dairy milk","Coffee","1 large","60919","large","1","620","620.0000"
"2710415","Coffee, Cafe Mocha, decaffeinated, with non-dairy milk","Coffee","1 medium","61238","medium","1","496","496.0000"
"2710415","Coffee, Cafe Mocha, decaffeinated, with non-dairy milk","Coffee","1 small","62015","small","1","372","372.0000"
"2710415","Coffee, Cafe Mocha, decaffeinated, with non-dairy milk","Coffee","1 cup (8 fl oz)","10215","cup","1","248","248.0000"
"2710415","Coffee, Cafe Mocha, decaffeinated, with non-dairy milk","Coffee","1 fl oz","30000","floz","1","31","31.0000"
"2710416","Frozen mocha coffee drink","Coffee","1 fl oz","30000","floz","1","31","31.0000"
"2710416","Frozen mocha coffee drink","Coffee","1 medium","61238","medium","1","496","496.0000"
"2710416","Frozen mocha coffee drink","Coffee","1 large","60919","large","1","620","620.0000"
"2710416","Frozen mocha coffee drink","Coffee","1 small","62015","small","1","372","372.0000"
"2710416","Frozen mocha coffee drink","Coffee","1 cup (8 fl oz)","10215","cup","1","248","248.0000"
"2710417","Frozen mocha coffee drink, nonfat","Coffee","1 cup (8 fl oz)","10215","cup","1","248","248.0000"
"2710417","Frozen mocha coffee drink, nonfat","Coffee","1 fl oz","30000","floz","1","31","31.0000"
"2710417","Frozen mocha coffee drink, nonfat","Coffee","1 large","60919","large","1","620","620.0000"
"2710417","Frozen mocha coffee drink, nonfat","Coffee","1 small","62015","small","1","372","372.0000"
"2710417","Frozen mocha coffee drink, nonfat","Coffee","1 medium","61238","medium","1","496","496.0000"
"2710418","Frozen mocha coffee drink, with non-dairy milk","Coffee","1 medium","61238","medium","1","496","496.0000"
"2710418","Frozen mocha coffee drink, with non-dairy milk","Coffee","1 fl oz","30000","floz","1","31","31.0000"
"2710418","Frozen mocha coffee drink, with non-dairy milk","Coffee","1 large","60919","large","1","620","620.0000"
"2710418","Frozen mocha coffee drink, with non-dairy milk","Coffee","1 cup (8 fl oz)","10215","cup","1","248","248.0000"
"2710418","Frozen mocha coffee drink, with non-dairy milk","Coffee","1 small","62015","small","1","372","372.0000"
"2710419","Frozen mocha coffee drink, with whipped cream","Coffee","1 fl oz","30000","floz","1","31","31.0000"
"2710419","Frozen mocha coffee drink, with whipped cream","Coffee","1 small","62015","small","1","372","372.0000"
"2710419","Frozen mocha coffee drink, with whipped cream","Coffee","1 medium","61238","medium","1","496","496.0000"
"2710419","Frozen mocha coffee drink, with whipped cream","Coffee","1 large","60919","large","1","620","620.0000"
"2710419","Frozen mocha coffee drink, with whipped cream","Coffee","1 cup (8 fl oz)","10215","cup","1","248","248.0000"
"2710420","Frozen mocha coffee drink, nonfat, with whipped cream","Coffee","1 large","60919","large","1","620","620.0000"
"2710420","Frozen mocha coffee drink, nonfat, with whipped cream","Coffee","1 cup (8 fl oz)","10215","cup","1","248","248.0000"
"2710420","Frozen mocha coffee drink, nonfat, with whipped cream","Coffee","1 small","62015","small","1","372","372.0000"
"2710420","Frozen mocha coffee drink, nonfat, with whipped cream","Coffee","1 fl oz","30000","floz","1","31","31.0000"
"2710420","Frozen mocha coffee drink, nonfat, with whipped cream","Coffee","1 medium","61238","medium","1","496","496.0000"
"2710421","Frozen mocha coffee drink, with non-dairy milk and whipped cream","Coffee","1 medium","61238","medium","1","496","496.0000"
"2710421","Frozen mocha coffee drink, with non-dairy milk and whipped cream","Coffee","1 small","62015","small","1","372","372.0000"
"2710421","Frozen mocha coffee drink, with non-dairy milk and whipped cream","Coffee","1 large","60919","large","1","620","620.0000"
"2710421","Frozen mocha coffee drink, with non-dairy milk and whipped cream","Coffee","1 cup (8 fl oz)","10215","cup","1","248","248.0000"
"2710421","Frozen mocha coffee drink, with non-dairy milk and whipped cream","Coffee","1 fl oz","30000","floz","1","31","31.0000"
"2710422","Frozen mocha coffee drink, decaffeinated","Coffee","1 fl oz","30000","floz","1","31","31.0000"
"2710422","Frozen mocha coffee drink, decaffeinated","Coffee","1 small","62015","small","1","372","372.0000"
"2710422","Frozen mocha coffee drink, decaffeinated","Coffee","1 large","60919","large","1","620","620.0000"
"2710422","Frozen mocha coffee drink, decaffeinated","Coffee","1 cup (8 fl oz)","10215","cup","1","248","248.0000"
"2710422","Frozen mocha coffee drink, decaffeinated","Coffee","1 medium","61238","medium","1","496","496.0000"
"2710423","Frozen mocha coffee drink, decaffeinated, nonfat","Coffee","1 large","60919","large","1","620","620.0000"
"2710423","Frozen mocha coffee drink, decaffeinated, nonfat","Coffee","1 medium","61238","medium","1","496","496.0000"
"2710423","Frozen mocha coffee drink, decaffeinated, nonfat","Coffee","1 small","62015","small","1","372","372.0000"
"2710423","Frozen mocha coffee drink, decaffeinated, nonfat","Coffee","1 cup (8 fl oz)","10215","cup","1","248","248.0000"
"2710423","Frozen mocha coffee drink, decaffeinated, nonfat","Coffee","1 fl oz","30000","floz","1","31","31.0000"
"2710424","Frozen mocha coffee drink, decaffeinated, with non-dairy milk","Coffee","1 large","60919","large","1","620","620.0000"
"2710424","Frozen mocha coffee drink, decaffeinated, with non-dairy milk","Coffee","1 medium","61238","medium","1","496","496.0000"
"2710424","Frozen mocha coffee drink, decaffeinated, with non-dairy milk","Coffee","1 small","62015","small","1","372","372.0000"
"2710424","Frozen mocha coffee drink, decaffeinated, with non-dairy milk","Coffee","1 fl oz","30000","floz","1","31","31.0000"
"2710424","Frozen mocha coffee drink, decaffeinated, with non-dairy milk","Coffee","1 cup (8 fl oz)","10215","cup","1","248","248.0000"
"2710425","Frozen mocha coffee drink, decaffeinated, with whipped cream","Coffee","1 large","60919","large","1","620","620.0000"
"2710425","Frozen mocha coffee drink, decaffeinated, with whipped cream","Coffee","1 small","62015","small","1","372","372.0000"
"2710425","Frozen mocha coffee drink, decaffeinated, with whipped cream","Coffee","1 medium","61238","medium","1","496","496.0000"
"2710425","Frozen mocha coffee drink, decaffeinated, with whipped cream","Coffee","1 cup (8 fl oz)","10215","cup","1","248","248.0000"
"2710425","Frozen mocha coffee drink, decaffeinated, with whipped cream","Coffee","1 fl oz","30000","floz","1","31","31.0000"
"2710426","Frozen mocha coffee drink, decaffeinated, nonfat, with whipped cream","Coffee","1 small","62015","small","1","372","372.0000"
"2710426","Frozen mocha coffee drink, decaffeinated, nonfat, with whipped cream","Coffee","1 cup (8 fl oz)","10215","cup","1","248","248.0000"
"2710426","Frozen mocha coffee drink, decaffeinated, nonfat, with whipped cream","Coffee","1 fl oz","30000","floz","1","31","31.0000"
"2710426","Frozen mocha coffee drink, decaffeinated, nonfat, with whipped cream","Coffee","1 large","60919","large","1","620","620.0000"
"2710426","Frozen mocha coffee drink, decaffeinated, nonfat, with whipped cream","Coffee","1 medium","61238","medium","1","496","496.0000"
"2710427","Frozen mocha coffee drink, decaffeinated, with non-dairy milk and whipped cream","Coffee","1 medium","61238","medium","1","496","496.0000"
"2710427","Frozen mocha coffee drink, decaffeinated, with non-dairy milk and whipped cream","Coffee","1 large","60919","large","1","620","620.0000"
"2710427","Frozen mocha coffee drink, decaffeinated, with non-dairy milk and whipped cream","Coffee","1 fl oz","30000","floz","1","31","31.0000"
"2710427","Frozen mocha coffee drink, decaffeinated, with non-dairy milk and whipped cream","Coffee","1 small","62015","small","1","372","372.0000"
"2710427","Frozen mocha coffee drink, decaffeinated, with non-dairy milk and whipped cream","Coffee","1 cup (8 fl oz)","10215","cup","1","248","248.0000"
"2710428","Iced Coffee, brewed","Coffee","1 medium","61238","medium","1","480","480.0000"
"2710428","Iced Coffee, brewed","Coffee","1 fl oz","30000","floz","1","30","30.0000"
"2710428","Iced Coffee, brewed","Coffee","1 small","62015","small","1","360","360.0000"
"2710428","Iced Coffee, brewed","Coffee","1 large","60919","large","1","600","600.0000"
"2710428","Iced Coffee, brewed","Coffee","1 cup (8 fl oz)","10215","cup","1","240","240.0000"
"2710429","Iced Coffee, brewed, decaffeinated","Coffee","1 cup (8 fl oz)","10215","cup","1","240","240.0000"
"2710429","Iced Coffee, brewed, decaffeinated","Coffee","1 large","60919","large","1","600","600.0000"
"2710429","Iced Coffee, brewed, decaffeinated","Coffee","1 fl oz","30000","floz","1","30","30.0000"
"2710429","Iced Coffee, brewed, decaffeinated","Coffee","1 small","62015","small","1","360","360.0000"
"2710429","Iced Coffee, brewed, decaffeinated","Coffee","1 medium","61238","medium","1","480","480.0000"
"2710430","Iced Coffee, pre-lightened and pre-sweetened","Coffee","1 cup (8 fl oz)","10215","cup","1","248","248.0000"
"2710430","Iced Coffee, pre-lightened and pre-sweetened","Coffee","1 fl oz","30000","floz","1","31","31.0000"
"2710430","Iced Coffee, pre-lightened and pre-sweetened","Coffee","1 medium","61238","medium","1","496","496.0000"
"2710430","Iced Coffee, pre-lightened and pre-sweetened","Coffee","1 small","62015","small","1","372","372.0000"
"2710430","Iced Coffee, pre-lightened and pre-sweetened","Coffee","1 large","60919","large","1","620","620.0000"
"2710431","Coffee, Iced Latte","Coffee","1 large","60919","large","1","600","600.0000"
"2710431","Coffee, Iced Latte","Coffee","1 medium","61238","medium","1","480","480.0000"
"2710431","Coffee, Iced Latte","Coffee","1 fl oz","30000","floz","1","30","30.0000"
"2710431","Coffee, Iced Latte","Coffee","1 cup (8 fl oz)","10215","cup","1","240","240.0000"
"2710431","Coffee, Iced Latte","Coffee","1 small","62015","small","1","360","360.0000"
"2710432","Coffee, Iced Latte, nonfat","Coffee","1 large","60919","large","1","600","600.0000"
"2710432","Coffee, Iced Latte, nonfat","Coffee","1 cup (8 fl oz)","10215","cup","1","240","240.0000"
"2710432","Coffee, Iced Latte, nonfat","Coffee","1 small","62015","small","1","360","360.0000"
"2710432","Coffee, Iced Latte, nonfat","Coffee","1 fl oz","30000","floz","1","30","30.0000"
"2710432","Coffee, Iced Latte, nonfat","Coffee","1 medium","61238","medium","1","480","480.0000"
"2710433","Coffee, Iced Latte, with non-dairy milk","Coffee","1 large","60919","large","1","600","600.0000"
"2710433","Coffee, Iced Latte, with non-dairy milk","Coffee","1 small","62015","small","1","360","360.0000"
"2710433","Coffee, Iced Latte, with non-dairy milk","Coffee","1 cup (8 fl oz)","10215","cup","1","240","240.0000"
"2710433","Coffee, Iced Latte, with non-dairy milk","Coffee","1 fl oz","30000","floz","1","30","30.0000"
"2710433","Coffee, Iced Latte, with non-dairy milk","Coffee","1 medium","61238","medium","1","480","480.0000"
"2710434","Coffee, Iced Latte, flavored","Coffee","1 medium","61238","medium","1","496","496.0000"
"2710434","Coffee, Iced Latte, flavored","Coffee","1 small","62015","small","1","372","372.0000"
"2710434","Coffee, Iced Latte, flavored","Coffee","1 large","60919","large","1","620","620.0000"
"2710434","Coffee, Iced Latte, flavored","Coffee","1 fl oz","30000","floz","1","31","31.0000"
"2710434","Coffee, Iced Latte, flavored","Coffee","1 cup (8 fl oz)","10215","cup","1","248","248.0000"
"2710435","Coffee, Iced Latte, nonfat, flavored","Coffee","1 small","62015","small","1","372","372.0000"
"2710435","Coffee, Iced Latte, nonfat, flavored","Coffee","1 cup (8 fl oz)","10215","cup","1","248","248.0000"
"2710435","Coffee, Iced Latte, nonfat, flavored","Coffee","1 fl oz","30000","floz","1","31","31.0000"
"2710435","Coffee, Iced Latte, nonfat, flavored","Coffee","1 large","60919","large","1","620","620.0000"
"2710435","Coffee, Iced Latte, nonfat, flavored","Coffee","1 medium","61238","medium","1","496","496.0000"
"2710436","Coffee, Iced Latte, with non-dairy milk, flavored","Coffee","1 small","62015","small","1","372","372.0000"
"2710436","Coffee, Iced Latte, with non-dairy milk, flavored","Coffee","1 medium","61238","medium","1","496","496.0000"
"2710436","Coffee, Iced Latte, with non-dairy milk, flavored","Coffee","1 fl oz","30000","floz","1","31","31.0000"
"2710436","Coffee, Iced Latte, with non-dairy milk, flavored","Coffee","1 large","60919","large","1","620","620.0000"
"2710436","Coffee, Iced Latte, with non-dairy milk, flavored","Coffee","1 cup (8 fl oz)","10215","cup","1","248","248.0000"
"2710437","Coffee, Iced Latte, decaffeinated","Coffee","1 fl oz","30000","floz","1","30","30.0000"
"2710437","Coffee, Iced Latte, decaffeinated","Coffee","1 large","60919","large","1","600","600.0000"
"2710437","Coffee, Iced Latte, decaffeinated","Coffee","1 cup (8 fl oz)","10215","cup","1","240","240.0000"
"2710437","Coffee, Iced Latte, decaffeinated","Coffee","1 small","62015","small","1","360","360.0000"
"2710437","Coffee, Iced Latte, decaffeinated","Coffee","1 medium","61238","medium","1","480","480.0000"
"2710438","Coffee, Iced Latte, decaffeinated, nonfat","Coffee","1 medium","61238","medium","1","480","480.0000"
"2710438","Coffee, Iced Latte, decaffeinated, nonfat","Coffee","1 large","60919","large","1","600","600.0000"
"2710438","Coffee, Iced Latte, decaffeinated, nonfat","Coffee","1 cup (8 fl oz)","10215","cup","1","240","240.0000"
"2710438","Coffee, Iced Latte, decaffeinated, nonfat","Coffee","1 small","62015","small","1","360","360.0000"
"2710438","Coffee, Iced Latte, decaffeinated, nonfat","Coffee","1 fl oz","30000","floz","1","30","30.0000"
"2710439","Coffee, Iced Latte, decaffeinated, with non-dairy milk","Coffee","1 large","60919","large","1","600","600.0000"
"2710439","Coffee, Iced Latte, decaffeinated, with non-dairy milk","Coffee","1 fl oz","30000","floz","1","30","30.0000"
"2710439","Coffee, Iced Latte, decaffeinated, with non-dairy milk","Coffee","1 small","62015","small","1","360","360.0000"
"2710439","Coffee, Iced Latte, decaffeinated, with non-dairy milk","Coffee","1 medium","61238","medium","1","480","480.0000"
"2710439","Coffee, Iced Latte, decaffeinated, with non-dairy milk","Coffee","1 cup (8 fl oz)","10215","cup","1","240","240.0000"
"2710440","Coffee, Iced Latte, decaffeinated, flavored","Coffee","1 fl oz","30000","floz","1","31","31.0000"
"2710440","Coffee, Iced Latte, decaffeinated, flavored","Coffee","1 large","60919","large","1","620","620.0000"
"2710440","Coffee, Iced Latte, decaffeinated, flavored","Coffee","1 small","62015","small","1","372","372.0000"
"2710440","Coffee, Iced Latte, decaffeinated, flavored","Coffee","1 cup (8 fl oz)","10215","cup","1","248","248.0000"
"2710440","Coffee, Iced Latte, decaffeinated, flavored","Coffee","1 medium","61238","medium","1","496","496.0000"
"2710441","Coffee, Iced Latte, decaffeinated, nonfat, flavored","Coffee","1 medium","61238","medium","1","496","496.0000"
"2710441","Coffee, Iced Latte, decaffeinated, nonfat, flavored","Coffee","1 fl oz","30000","floz","1","31","31.0000"
"2710441","Coffee, Iced Latte, decaffeinated, nonfat, flavored","Coffee","1 large","60919","large","1","620","620.0000"
"2710441","Coffee, Iced Latte, decaffeinated, nonfat, flavored","Coffee","1 small","62015","small","1","372","372.0000"
"2710441","Coffee, Iced Latte, decaffeinated, nonfat, flavored","Coffee","1 cup (8 fl oz)","10215","cup","1","248","248.0000"
"2710442","Coffee, Iced Latte, decaffeinated, with non-dairy milk, flavored","Coffee","1 large","60919","large","1","620","620.0000"
"2710442","Coffee, Iced Latte, decaffeinated, with non-dairy milk, flavored","Coffee","1 medium","61238","medium","1","496","496.0000"
"2710442","Coffee, Iced Latte, decaffeinated, with non-dairy milk, flavored","Coffee","1 cup (8 fl oz)","10215","cup","1","248","248.0000"
"2710442","Coffee, Iced Latte, decaffeinated, with non-dairy milk, flavored","Coffee","1 fl oz","30000","floz","1","31","31.0000"
"2710442","Coffee, Iced Latte, decaffeinated, with non-dairy milk, flavored","Coffee","1 small","62015","small","1","372","372.0000"
"2710443","Coffee, Iced Cafe Mocha","Coffee","1 medium","61238","medium","1","496","496.0000"
"2710443","Coffee, Iced Cafe Mocha","Coffee","1 fl oz","30000","floz","1","31","31.0000"
"2710443","Coffee, Iced Cafe Mocha","Coffee","1 large","60919","large","1","620","620.0000"
"2710443","Coffee, Iced Cafe Mocha","Coffee","1 small","62015","small","1","372","372.0000"
"2710443","Coffee, Iced Cafe Mocha","Coffee","1 cup (8 fl oz)","10215","cup","1","248","248.0000"
"2710444","Coffee, Iced Cafe Mocha, nonfat","Coffee","1 fl oz","30000","floz","1","31","31.0000"
"2710444","Coffee, Iced Cafe Mocha, nonfat","Coffee","1 large","60919","large","1","620","620.0000"
"2710444","Coffee, Iced Cafe Mocha, nonfat","Coffee","1 medium","61238","medium","1","496","496.0000"
"2710444","Coffee, Iced Cafe Mocha, nonfat","Coffee","1 small","62015","small","1","372","372.0000"
"2710444","Coffee, Iced Cafe Mocha, nonfat","Coffee","1 cup (8 fl oz)","10215","cup","1","248","248.0000"
"2710445","Coffee, Iced Cafe Mocha, with non-dairy milk","Coffee","1 large","60919","large","1","620","620.0000"
"2710445","Coffee, Iced Cafe Mocha, with non-dairy milk","Coffee","1 medium","61238","medium","1","496","496.0000"
"2710445","Coffee, Iced Cafe Mocha, with non-dairy milk","Coffee","1 fl oz","30000","floz","1","31","31.0000"
"2710445","Coffee, Iced Cafe Mocha, with non-dairy milk","Coffee","1 cup (8 fl oz)","10215","cup","1","248","248.0000"
"2710445","Coffee, Iced Cafe Mocha, with non-dairy milk","Coffee","1 small","62015","small","1","372","372.0000"
"2710446","Coffee, Iced Cafe Mocha, decaffeinated","Coffee","1 cup (8 fl oz)","10215","cup","1","248","248.0000"
"2710446","Coffee, Iced Cafe Mocha, decaffeinated","Coffee","1 fl oz","30000","floz","1","31","31.0000"
"2710446","Coffee, Iced Cafe Mocha, decaffeinated","Coffee","1 medium","61238","medium","1","496","496.0000"
"2710446","Coffee, Iced Cafe Mocha, decaffeinated","Coffee","1 large","60919","large","1","620","620.0000"
"2710446","Coffee, Iced Cafe Mocha, decaffeinated","Coffee","1 small","62015","small","1","372","372.0000"
"2710447","Coffee, Iced Cafe Mocha, decaffeinated, nonfat","Coffee","1 medium","61238","medium","1","496","496.0000"
"2710447","Coffee, Iced Cafe Mocha, decaffeinated, nonfat","Coffee","1 fl oz","30000","floz","1","31","31.0000"
"2710447","Coffee, Iced Cafe Mocha, decaffeinated, nonfat","Coffee","1 cup (8 fl oz)","10215","cup","1","248","248.0000"
"2710447","Coffee, Iced Cafe Mocha, decaffeinated, nonfat","Coffee","1 large","60919","large","1","620","620.0000"
"2710447","Coffee, Iced Cafe Mocha, decaffeinated, nonfat","Coffee","1 small","62015","small","1","372","372.0000"
"2710448","Coffee, Iced Cafe Mocha, decaffeinated, with non-dairy milk","Coffee","1 large","60919","large","1","620","620.0000"
"2710448","Coffee, Iced Cafe Mocha, decaffeinated, with non-dairy milk","Coffee","1 small","62015","small","1","372","372.0000"
"2710448","Coffee, Iced Cafe Mocha, decaffeinated, with non-dairy milk","Coffee","1 fl oz","30000","floz","1","31","31.0000"
"2710448","Coffee, Iced Cafe Mocha, decaffeinated, with non-dairy milk","Coffee","1 cup (8 fl oz)","10215","cup","1","248","248.0000"
"2710448","Coffee, Iced Cafe Mocha, decaffeinated, with non-dairy milk","Coffee","1 medium","61238","medium","1","496","496.0000"
"2710449","Coffee, instant, reconstituted","Coffee","1 cup (8 fl oz)","10215","cup","1","240","240.0000"
"2710449","Coffee, instant, reconstituted","Coffee","1 fl oz","30000","floz","1","30","30.0000"
"2710450","Coffee, instant, 50% less caffeine, reconstituted","Coffee","1 fl oz","30000","floz","1","30","30.0000"
"2710450","Coffee, instant, 50% less caffeine, reconstituted","Coffee","1 cup (8 fl oz)","10215","cup","1","240","240.0000"
"2710451","Coffee, NS as to brewed or instant, decaffeinated","Coffee","1 cup (8 fl oz)","10215","cup","1","240","240.0000"
"2710451","Coffee, NS as to brewed or instant, decaffeinated","Coffee","1 small","62015","small","1","360","360.0000"
"2710451","Coffee, NS as to brewed or instant, decaffeinated","Coffee","1 fl oz","30000","floz","1","30","30.0000"
"2710451","Coffee, NS as to brewed or instant, decaffeinated","Coffee","1 large","60919","large","1","600","600.0000"
"2710451","Coffee, NS as to brewed or instant, decaffeinated","Coffee","1 medium","61238","medium","1","480","480.0000"
"2710452","Coffee, brewed, decaffeinated","Coffee","1 fl oz","30000","floz","1","30","30.0000"
"2710452","Coffee, brewed, decaffeinated","Coffee","1 large","60919","large","1","600","600.0000"
"2710452","Coffee, brewed, decaffeinated","Coffee","1 cup (8 fl oz)","10215","cup","1","240","240.0000"
"2710452","Coffee, brewed, decaffeinated","Coffee","1 small","62015","small","1","360","360.0000"
"2710452","Coffee, brewed, decaffeinated","Coffee","1 medium","61238","medium","1","480","480.0000"
"2710453","Coffee, instant, decaffeinated, reconstituted","Coffee","1 fl oz","30000","floz","1","30","30.0000"
"2710453","Coffee, instant, decaffeinated, reconstituted","Coffee","1 cup (8 fl oz)","10215","cup","1","240","240.0000"
"2710454","Coffee, instant, pre-lightened and pre-sweetened with sugar, reconstituted","Coffee","1 cup (8 fl oz)","10215","cup","1","248","248.0000"
"2710454","Coffee, instant, pre-lightened and pre-sweetened with sugar, reconstituted","Coffee","1 fl oz","30000","floz","1","31","31.0000"
"2710455","Coffee, instant, decaffeinated, pre-lightened and pre-sweetened with sugar, reconsitituted","Coffee","1 fl oz","30000","floz","1","31","31.0000"
"2710455","Coffee, instant, decaffeinated, pre-lightened and pre-sweetened with sugar, reconsitituted","Coffee","1 cup (8 fl oz)","10215","cup","1","248","248.0000"
"2710456","Coffee, instant, pre-sweetened with sugar, reconstituted","Coffee","1 fl oz","30000","floz","1","31","31.0000"
"2710456","Coffee, instant, pre-sweetened with sugar, reconstituted","Coffee","1 cup (8 fl oz)","10215","cup","1","248","248.0000"
"2710457","Coffee, mocha, instant, pre-lightened and pre-sweetened with low calorie sweetener, reconstituted","Coffee","1 fl oz","30000","floz","1","30","30.0000"
"2710457","Coffee, mocha, instant, pre-lightened and pre-sweetened with low calorie sweetener, reconstituted","Coffee","1 cup (8 fl oz)","10215","cup","1","240","240.0000"
"2710458","Coffee, instant, pre-lightened and pre-sweetened with low calorie sweetener, reconstituted","Coffee","1 cup (8 fl oz)","10215","cup","1","240","240.0000"
"2710458","Coffee, instant, pre-lightened and pre-sweetened with low calorie sweetener, reconstituted","Coffee","1 fl oz","30000","floz","1","30","30.0000"
"2710459","Coffee, instant, decaffeinated, pre-lightened and pre-sweetened with low calorie sweetener, reconstituted","Coffee","1 cup (8 fl oz)","10215","cup","1","240","240.0000"
"2710459","Coffee, instant, decaffeinated, pre-lightened and pre-sweetened with low calorie sweetener, reconstituted","Coffee","1 fl oz","30000","floz","1","30","30.0000"
"2710460","Coffee, pre-lightened and pre-sweetened with sugar","Coffee","1 cup (8 fl oz)","10215","cup","1","248","248.0000"
"2710460","Coffee, pre-lightened and pre-sweetened with sugar","Coffee","1 fl oz","30000","floz","1","31","31.0000"
"2710461","Coffee, decaffeinated, pre-lightened and pre-sweetened with sugar","Coffee","1 fl oz","30000","floz","1","31","31.0000"
"2710461","Coffee, decaffeinated, pre-lightened and pre-sweetened with sugar","Coffee","1 cup (8 fl oz)","10215","cup","1","248","248.0000"
"2710462","Coffee, pre-lightened and pre-sweetened with low calorie sweetener","Coffee","1 fl oz","30000","floz","1","30","30.0000"
"2710462","Coffee, pre-lightened and pre-sweetened with low calorie sweetener","Coffee","1 cup (8 fl oz)","10215","cup","1","240","240.0000"
"2710463","Coffee, decaffeinated, pre-lightened and pre-sweetened with low calorie sweetener","Coffee","1 fl oz","30000","floz","1","30","30.0000"
"2710463","Coffee, decaffeinated, pre-lightened and pre-sweetened with low calorie sweetener","Coffee","1 cup (8 fl oz)","10215","cup","1","240","240.0000"
"2710464","Coffee, pre-lightened","Coffee","1 cup (8 fl oz)","10215","cup","1","240","240.0000"
"2710464","Coffee, pre-lightened","Coffee","1 fl oz","30000","floz","1","30","30.0000"
"2710465","Coffee, decaffeinated, pre-lightened","Coffee","1 cup (8 fl oz)","10215","cup","1","240","240.0000"
"2710465","Coffee, decaffeinated, pre-lightened","Coffee","1 fl oz","30000","floz","1","30","30.0000"
"2710466","Coffee, pre-sweetened with sugar","Coffee","1 fl oz","30000","floz","1","31","31.0000"
"2710466","Coffee, pre-sweetened with sugar","Coffee","1 cup (8 fl oz)","10215","cup","1","248","248.0000"
"2710467","Coffee, decaffeinated, pre-sweetened with sugar","Coffee","1 cup (8 fl oz)","10215","cup","1","248","248.0000"
"2710467","Coffee, decaffeinated, pre-sweetened with sugar","Coffee","1 fl oz","30000","floz","1","31","31.0000"
"2710468","Coffee, pre-sweetened with low calorie sweetener","Coffee","1 fl oz","30000","floz","1","30","30.0000"
"2710468","Coffee, pre-sweetened with low calorie sweetener","Coffee","1 cup (8 fl oz)","10215","cup","1","240","240.0000"
"2710469","Coffee, decaffeinated, pre-sweetened with low calorie sweetener","Coffee","1 fl oz","30000","floz","1","30","30.0000"
"2710469","Coffee, decaffeinated, pre-sweetened with low calorie sweetener","Coffee","1 cup (8 fl oz)","10215","cup","1","240","240.0000"
"2710470","Coffee and chicory, brewed","Coffee","1 fl oz","30000","floz","1","30","30.0000"
"2710470","Coffee and chicory, brewed","Coffee","1 cup (8 fl oz)","10215","cup","1","240","240.0000"
"2710471","Coffee and chicory, brewed, decaffeinated","Coffee","1 cup (8 fl oz)","10215","cup","1","240","240.0000"
"2710471","Coffee and chicory, brewed, decaffeinated","Coffee","1 fl oz","30000","floz","1","30","30.0000"
"2710472","Coffee, Cappuccino","Coffee","1 fl oz","30000","floz","1","30","30.0000"
"2710472","Coffee, Cappuccino","Coffee","1 cup (8 fl oz)","10215","cup","1","240","240.0000"
"2710472","Coffee, Cappuccino","Coffee","1 small","62015","small","1","360","360.0000"
"2710472","Coffee, Cappuccino","Coffee","1 medium","61238","medium","1","480","480.0000"
"2710472","Coffee, Cappuccino","Coffee","1 large","60919","large","1","600","600.0000"
"2710473","Coffee, Cappuccino, nonfat","Coffee","1 fl oz","30000","floz","1","30","30.0000"
"2710473","Coffee, Cappuccino, nonfat","Coffee","1 medium","61238","medium","1","480","480.0000"
"2710473","Coffee, Cappuccino, nonfat","Coffee","1 small","62015","small","1","360","360.0000"
"2710473","Coffee, Cappuccino, nonfat","Coffee","1 large","60919","large","1","600","600.0000"
"2710473","Coffee, Cappuccino, nonfat","Coffee","1 cup (8 fl oz)","10215","cup","1","240","240.0000"
"2710474","Coffee, Cappuccino, with non-dairy milk","Coffee","1 fl oz","30000","floz","1","30","30.0000"
"2710474","Coffee, Cappuccino, with non-dairy milk","Coffee","1 cup (8 fl oz)","10215","cup","1","240","240.0000"
"2710474","Coffee, Cappuccino, with non-dairy milk","Coffee","1 medium","61238","medium","1","480","480.0000"
"2710474","Coffee, Cappuccino, with non-dairy milk","Coffee","1 small","62015","small","1","360","360.0000"
"2710474","Coffee, Cappuccino, with non-dairy milk","Coffee","1 large","60919","large","1","600","600.0000"
"2710475","Coffee, Cappuccino, decaffeinated","Coffee","1 fl oz","30000","floz","1","30","30.0000"
"2710475","Coffee, Cappuccino, decaffeinated","Coffee","1 medium","61238","medium","1","480","480.0000"
"2710475","Coffee, Cappuccino, decaffeinated","Coffee","1 small","62015","small","1","360","360.0000"
"2710475","Coffee, Cappuccino, decaffeinated","Coffee","1 large","60919","large","1","600","600.0000"
"2710475","Coffee, Cappuccino, decaffeinated","Coffee","1 cup (8 fl oz)","10215","cup","1","240","240.0000"
"2710476","Coffee, Cappuccino, decaffeinated, nonfat","Coffee","1 medium","61238","medium","1","480","480.0000"
"2710476","Coffee, Cappuccino, decaffeinated, nonfat","Coffee","1 cup (8 fl oz)","10215","cup","1","240","240.0000"
"2710476","Coffee, Cappuccino, decaffeinated, nonfat","Coffee","1 fl oz","30000","floz","1","30","30.0000"
"2710476","Coffee, Cappuccino, decaffeinated, nonfat","Coffee","1 large","60919","large","1","600","600.0000"
"2710476","Coffee, Cappuccino, decaffeinated, nonfat","Coffee","1 small","62015","small","1","360","360.0000"
"2710477","Coffee, Cappuccino, decaffeinated, with non-dairy milk","Coffee","1 small","62015","small","1","360","360.0000"
"2710477","Coffee, Cappuccino, decaffeinated, with non-dairy milk","Coffee","1 medium","61238","medium","1","480","480.0000"
"2710477","Coffee, Cappuccino, decaffeinated, with non-dairy milk","Coffee","1 cup (8 fl oz)","10215","cup","1","240","240.0000"
"2710477","Coffee, Cappuccino, decaffeinated, with non-dairy milk","Coffee","1 large","60919","large","1","600","600.0000"
"2710477","Coffee, Cappuccino, decaffeinated, with non-dairy milk","Coffee","1 fl oz","30000","floz","1","30","30.0000"
"2710478","Coffee, bottled/canned","Coffee","1 fl oz","30000","floz","1","31","31.0000"
"2710479","Coffee, bottled/canned, light","Coffee","1 fl oz","30000","floz","1","30","30.0000"
"2710480","Coffee, instant, not reconstituted","Not included in a food category","1 teaspoon, dry","22003","tsp","1","0.9","0.9000"
"2710481","Coffee, instant, decaffeinated, not reconstituted","Not included in a food category","1 teaspoon, dry","22003","tsp","1","0.9","0.9000"
"2710482","Coffee, instant, pre-sweetened with sugar, not reconstituted","Not included in a food category","1 teaspoon, dry","22003","tsp","1","3.4","3.4000"
"2710483","Coffee, instant, pre-lightened and pre-sweetened with sugar, not reconstituted","Not included in a food category","1 teaspoon, dry","22003","tsp","1","3.4","3.4000"
"2710484","Coffee, instant, decaffeinated, pre-lightened and pre-sweetened with sugar, not reconstituted","Not included in a food category","1 teaspoon, dry","22003","tsp","1","3.4","3.4000"
"2710485","Coffee, instant, decaffeinated, pre-lightened and pre-sweetened with low calorie sweetener, not reconstituted","Not included in a food category","1 teaspoon, dry","22003","tsp","1","1.7","1.7000"
"2710486","Coffee substitute","Coffee","1 fl oz","30000","floz","1","30","30.0000"
"2710486","Coffee substitute","Coffee","1 cup (8 fl oz)","10215","cup","1","240","240.0000"
"2710487","Chicory beverage","Coffee","1 cup (8 fl oz)","10215","cup","1","240","240.0000"
"2710487","Chicory beverage","Coffee","1 fl oz","30000","floz","1","30","30.0000"
"2710488","Tea, hot, leaf, black","Tea","1 small","62015","small","1","360","360.0000"
"2710488","Tea, hot, leaf, black","Tea","1 large","60919","large","1","600","600.0000"
"2710488","Tea, hot, leaf, black","Tea","1 cup","10205","cup","1","240","240.0000"
"2710488","Tea, hot, leaf, black","Tea","1 fl oz","30000","floz","1","30","30.0000"
"2710488","Tea, hot, leaf, black","Tea","1 medium","61238","medium","1","480","480.0000"
"2710489","Tea, hot, leaf, black, decaffeinated","Tea","1 fl oz","30000","floz","1","30","30.0000"
"2710489","Tea, hot, leaf, black, decaffeinated","Tea","1 cup","10205","cup","1","240","240.0000"
"2710489","Tea, hot, leaf, black, decaffeinated","Tea","1 large","60919","large","1","600","600.0000"
"2710489","Tea, hot, leaf, black, decaffeinated","Tea","1 small","62015","small","1","360","360.0000"
"2710489","Tea, hot, leaf, black, decaffeinated","Tea","1 medium","61238","medium","1","480","480.0000"
"2710490","Tea, hot, leaf, green","Tea","1 medium","61238","medium","1","480","480.0000"
"2710490","Tea, hot, leaf, green","Tea","1 cup","10205","cup","1","240","240.0000"
"2710490","Tea, hot, leaf, green","Tea","1 small","62015","small","1","360","360.0000"
"2710490","Tea, hot, leaf, green","Tea","1 large","60919","large","1","600","600.0000"
"2710490","Tea, hot, leaf, green","Tea","1 fl oz","30000","floz","1","30","30.0000"
"2710491","Tea, hot, leaf, green, decaffeinated","Tea","1 small","62015","small","1","360","360.0000"
"2710491","Tea, hot, leaf, green, decaffeinated","Tea","1 cup","10205","cup","1","240","240.0000"
"2710491","Tea, hot, leaf, green, decaffeinated","Tea","1 fl oz","30000","floz","1","30","30.0000"
"2710491","Tea, hot, leaf, green, decaffeinated","Tea","1 medium","61238","medium","1","480","480.0000"
"2710491","Tea, hot, leaf, green, decaffeinated","Tea","1 large","60919","large","1","600","600.0000"
"2710492","Tea, hot, leaf, oolong","Tea","1 fl oz","30000","floz","1","30","30.0000"
"2710492","Tea, hot, leaf, oolong","Tea","1 large","60919","large","1","600","600.0000"
"2710492","Tea, hot, leaf, oolong","Tea","1 cup","10205","cup","1","240","240.0000"
"2710492","Tea, hot, leaf, oolong","Tea","1 medium","61238","medium","1","480","480.0000"
"2710492","Tea, hot, leaf, oolong","Tea","1 small","62015","small","1","360","360.0000"
"2710493","Tea, iced, instant, black, unsweetened","Tea","1 fl oz (with ice)","30009","floz","1","23","23.0000"
"2710493","Tea, iced, instant, black, unsweetened","Tea","1 fl oz (NFS)","30008","floz","1","30","30.0000"
"2710493","Tea, iced, instant, black, unsweetened","Tea","1 fl oz (no ice)","30001","floz","1","30","30.0000"
"2710494","Tea, iced, instant, black, pre-sweetened with sugar","Tea","1 fl oz (no ice)","30001","floz","1","31","31.0000"
"2710494","Tea, iced, instant, black, pre-sweetened with sugar","Tea","1 fl oz (with ice)","30009","floz","1","23","23.0000"
"2710494","Tea, iced, instant, black, pre-sweetened with sugar","Tea","1 fl oz (NFS)","30008","floz","1","31","31.0000"
"2710495","Tea, iced, instant, black, decaffeinated, pre-sweetened with sugar","Tea","1 fl oz (with ice)","30009","floz","1","23","23.0000"
"2710495","Tea, iced, instant, black, decaffeinated, pre-sweetened with sugar","Tea","1 fl oz (NFS)","30008","floz","1","31","31.0000"
"2710495","Tea, iced, instant, black, decaffeinated, pre-sweetened with sugar","Tea","1 fl oz (no ice)","30001","floz","1","31","31.0000"
"2710496","Tea, iced, instant, black, pre-sweetened with low calorie sweetener","Tea","1 fl oz (NFS)","30008","floz","1","30","30.0000"
"2710496","Tea, iced, instant, black, pre-sweetened with low calorie sweetener","Tea","1 fl oz (no ice)","30001","floz","1","30","30.0000"
"2710496","Tea, iced, instant, black, pre-sweetened with low calorie sweetener","Tea","1 fl oz (with ice)","30009","floz","1","23","23.0000"
"2710497","Tea, iced, instant, black, decaffeinated, pre-sweetened with low calorie sweetener","Tea","1 fl oz (no ice)","30001","floz","1","30","30.0000"
"2710497","Tea, iced, instant, black, decaffeinated, pre-sweetened with low calorie sweetener","Tea","1 fl oz (with ice)","30009","floz","1","23","23.0000"
"2710497","Tea, iced, instant, black, decaffeinated, pre-sweetened with low calorie sweetener","Tea","1 fl oz (NFS)","30008","floz","1","30","30.0000"
"2710498","Tea, iced, instant, black, decaffeinated, unsweetened","Tea","1 fl oz (with ice)","30009","floz","1","23","23.0000"
"2710498","Tea, iced, instant, black, decaffeinated, unsweetened","Tea","1 fl oz (no ice)","30001","floz","1","30","30.0000"
"2710498","Tea, iced, instant, black, decaffeinated, unsweetened","Tea","1 fl oz (NFS)","30008","floz","1","30","30.0000"
"2710499","Tea, iced, instant, green, unsweetened","Tea","1 fl oz (with ice)","30009","floz","1","23","23.0000"
"2710499","Tea, iced, instant, green, unsweetened","Tea","1 fl oz (no ice)","30001","floz","1","30","30.0000"
"2710499","Tea, iced, instant, green, unsweetened","Tea","1 fl oz (NFS)","30008","floz","1","30","30.0000"
"2710500","Tea, iced, instant, green, pre-sweetened with sugar","Tea","1 fl oz (no ice)","30001","floz","1","31","31.0000"
"2710500","Tea, iced, instant, green, pre-sweetened with sugar","Tea","1 fl oz (with ice)","30009","floz","1","23","23.0000"
"2710500","Tea, iced, instant, green, pre-sweetened with sugar","Tea","1 fl oz (NFS)","30008","floz","1","31","31.0000"
"2710501","Tea, iced, instant, green, pre-sweetened with low calorie sweetener","Tea","1 fl oz (no ice)","30001","floz","1","30","30.0000"
"2710501","Tea, iced, instant, green, pre-sweetened with low calorie sweetener","Tea","1 fl oz (NFS)","30008","floz","1","30","30.0000"
"2710501","Tea, iced, instant, green, pre-sweetened with low calorie sweetener","Tea","1 fl oz (with ice)","30009","floz","1","23","23.0000"
"2710502","Tea, hot, herbal","Tea","1 large","60919","large","1","600","600.0000"
"2710502","Tea, hot, herbal","Tea","1 cup","10205","cup","1","240","240.0000"
"2710502","Tea, hot, herbal","Tea","1 medium","61238","medium","1","480","480.0000"
"2710502","Tea, hot, herbal","Tea","1 small","62015","small","1","360","360.0000"
"2710502","Tea, hot, herbal","Tea","1 fl oz","30000","floz","1","30","30.0000"
"2710503","Tea, hot, hibiscus","Tea","1 large","60919","large","1","600","600.0000"
"2710503","Tea, hot, hibiscus","Tea","1 small","62015","small","1","360","360.0000"
"2710503","Tea, hot, hibiscus","Tea","1 cup","10205","cup","1","240","240.0000"
"2710503","Tea, hot, hibiscus","Tea","1 medium","61238","medium","1","480","480.0000"
"2710503","Tea, hot, hibiscus","Tea","1 fl oz","30000","floz","1","30","30.0000"
"2710504","Corn beverage","Smoothies and grain drinks","1 fl oz","30000","floz","1","30","30.0000"
"2710504","Corn beverage","Smoothies and grain drinks","1 cup","10205","cup","1","240","240.0000"
"2710505","Tea, hot, chamomile","Tea","1 large","60919","large","1","600","600.0000"
"2710505","Tea, hot, chamomile","Tea","1 small","62015","small","1","360","360.0000"
"2710505","Tea, hot, chamomile","Tea","1 medium","61238","medium","1","480","480.0000"
"2710505","Tea, hot, chamomile","Tea","1 cup","10205","cup","1","240","240.0000"
"2710505","Tea, hot, chamomile","Tea","1 fl oz","30000","floz","1","30","30.0000"
"2710506","Tea, hot, with milk","Tea","1 cup","10205","cup","1","240","240.0000"
"2710506","Tea, hot, with milk","Tea","1 fl oz","30000","floz","1","30","30.0000"
"2710506","Tea, hot, with milk","Tea","1 large","60919","large","1","600","600.0000"
"2710506","Tea, hot, with milk","Tea","1 small","62015","small","1","360","360.0000"
"2710506","Tea, hot, with milk","Tea","1 medium","61238","medium","1","480","480.0000"
"2710507","Tea, ginger","Tea","1 small","62015","small","1","360","360.0000"
"2710507","Tea, ginger","Tea","1 fl oz","30000","floz","1","30","30.0000"
"2710507","Tea, ginger","Tea","1 medium","61238","medium","1","480","480.0000"
"2710507","Tea, ginger","Tea","1 cup","10205","cup","1","240","240.0000"
"2710507","Tea, ginger","Tea","1 large","60919","large","1","600","600.0000"
"2710508","Tea, bubble","Tea","1 fl oz","30000","floz","1","30","30.0000"
"2710508","Tea, bubble","Tea","1 cup","10205","cup","1","240","240.0000"
"2710509","Tea, kombucha","Tea","1 fl oz (no ice)","30001","floz","1","31","31.0000"
"2710509","Tea, kombucha","Tea","1 fl oz (NFS)","30008","floz","1","31","31.0000"
"2710509","Tea, kombucha","Tea","1 fl oz (with ice)","30009","floz","1","23","23.0000"
"2710510","Tea, iced, instant, black, unsweetened, dry","Not included in a food category","1 teaspoon, dry","22003","tsp","1","0.2","0.2000"
"2710511","Tea, iced, instant, black, pre-sweetened, dry","Not included in a food category","1 teaspoon, dry","22003","tsp","1","4.8","4.8000"
"2710512","Iced Tea / Lemonade juice drink","Tea","1 fl oz (with ice)","30009","floz","1","23","23.0000"
"2710512","Iced Tea / Lemonade juice drink","Tea","1 fl oz (no ice)","30001","floz","1","30","30.0000"
"2710512","Iced Tea / Lemonade juice drink","Tea","1 fl oz (NFS)","30008","floz","1","30","30.0000"
"2710513","Iced Tea / Lemonade juice drink, light","Tea","1 fl oz (no ice)","30001","floz","1","30","30.0000"
"2710513","Iced Tea / Lemonade juice drink, light","Tea","1 fl oz (NFS)","30008","floz","1","30","30.0000"
"2710513","Iced Tea / Lemonade juice drink, light","Tea","1 fl oz (with ice)","30009","floz","1","23","23.0000"
"2710514","Iced Tea / Lemonade juice drink, diet","Tea","1 fl oz (with ice)","30009","floz","1","23","23.0000"
"2710514","Iced Tea / Lemonade juice drink, diet","Tea","1 fl oz (no ice)","30001","floz","1","30","30.0000"
"2710514","Iced Tea / Lemonade juice drink, diet","Tea","1 fl oz (NFS)","30008","floz","1","30","30.0000"
"2710515","Tea, iced, brewed, black, pre-sweetened with sugar","Tea","1 fl oz (no ice)","30001","floz","1","31","31.0000"
"2710515","Tea, iced, brewed, black, pre-sweetened with sugar","Tea","1 fl oz (NFS)","30008","floz","1","31","31.0000"
"2710515","Tea, iced, brewed, black, pre-sweetened with sugar","Tea","1 fl oz (with ice)","30009","floz","1","23","23.0000"
"2710516","Tea, iced, brewed, black, pre-sweetened with low calorie sweetener","Tea","1 fl oz (with ice)","30009","floz","1","23","23.0000"
"2710516","Tea, iced, brewed, black, pre-sweetened with low calorie sweetener","Tea","1 fl oz (NFS)","30008","floz","1","30","30.0000"
"2710516","Tea, iced, brewed, black, pre-sweetened with low calorie sweetener","Tea","1 fl oz (no ice)","30001","floz","1","30","30.0000"
"2710517","Tea, iced, brewed, black, unsweetened","Tea","1 fl oz (with ice)","30009","floz","1","23","23.0000"
"2710517","Tea, iced, brewed, black, unsweetened","Tea","1 fl oz (no ice)","30001","floz","1","30","30.0000"
"2710517","Tea, iced, brewed, black, unsweetened","Tea","1 fl oz (NFS)","30008","floz","1","30","30.0000"
"2710518","Tea, iced, brewed, black, decaffeinated, pre-sweetened with sugar","Tea","1 fl oz (no ice)","30001","floz","1","31","31.0000"
"2710518","Tea, iced, brewed, black, decaffeinated, pre-sweetened with sugar","Tea","1 fl oz (NFS)","30008","floz","1","31","31.0000"
"2710518","Tea, iced, brewed, black, decaffeinated, pre-sweetened with sugar","Tea","1 fl oz (with ice)","30009","floz","1","23","23.0000"
"2710519","Tea, iced, brewed, black, decaffeinated, pre-sweetened with low calorie sweetener","Tea","1 fl oz (no ice)","30001","floz","1","30","30.0000"
"2710519","Tea, iced, brewed, black, decaffeinated, pre-sweetened with low calorie sweetener","Tea","1 fl oz (NFS)","30008","floz","1","30","30.0000"
"2710519","Tea, iced, brewed, black, decaffeinated, pre-sweetened with low calorie sweetener","Tea","1 fl oz (with ice)","30009","floz","1","23","23.0000"
"2710520","Tea, iced, brewed, black, decaffeinated, unsweetened","Tea","1 fl oz (NFS)","30008","floz","1","30","30.0000"
"2710520","Tea, iced, brewed, black, decaffeinated, unsweetened","Tea","1 fl oz (no ice)","30001","floz","1","30","30.0000"
"2710520","Tea, iced, brewed, black, decaffeinated, unsweetened","Tea","1 fl oz (with ice)","30009","floz","1","23","23.0000"
"2710521","Tea, iced, brewed, green, pre-sweetened with sugar","Tea","1 fl oz (NFS)","30008","floz","1","31","31.0000"
"2710521","Tea, iced, brewed, green, pre-sweetened with sugar","Tea","1 fl oz (with ice)","30009","floz","1","23","23.0000"
"2710521","Tea, iced, brewed, green, pre-sweetened with sugar","Tea","1 fl oz (no ice)","30001","floz","1","31","31.0000"
"2710522","Tea, iced, brewed, green, pre-sweetened with low calorie sweetener","Tea","1 fl oz (NFS)","30008","floz","1","30","30.0000"
"2710522","Tea, iced, brewed, green, pre-sweetened with low calorie sweetener","Tea","1 fl oz (with ice)","30009","floz","1","23","23.0000"
"2710522","Tea, iced, brewed, green, pre-sweetened with low calorie sweetener","Tea","1 fl oz (no ice)","30001","floz","1","30","30.0000"
"2710523","Tea, iced, brewed, green, unsweetened","Tea","1 fl oz (with ice)","30009","floz","1","23","23.0000"
"2710523","Tea, iced, brewed, green, unsweetened","Tea","1 fl oz (no ice)","30001","floz","1","30","30.0000"
"2710523","Tea, iced, brewed, green, unsweetened","Tea","1 fl oz (NFS)","30008","floz","1","30","30.0000"
"2710524","Tea, iced, brewed, green, decaffeinated, pre-sweetened with sugar","Tea","1 fl oz (NFS)","30008","floz","1","31","31.0000"
"2710524","Tea, iced, brewed, green, decaffeinated, pre-sweetened with sugar","Tea","1 fl oz (with ice)","30009","floz","1","23","23.0000"
"2710524","Tea, iced, brewed, green, decaffeinated, pre-sweetened with sugar","Tea","1 fl oz (no ice)","30001","floz","1","31","31.0000"
"2710525","Tea, iced, brewed, green, decaffeinated, pre-sweetened with low calorie sweetener","Tea","1 fl oz (no ice)","30001","floz","1","30","30.0000"
"2710525","Tea, iced, brewed, green, decaffeinated, pre-sweetened with low calorie sweetener","Tea","1 fl oz (with ice)","30009","floz","1","23","23.0000"
"2710525","Tea, iced, brewed, green, decaffeinated, pre-sweetened with low calorie sweetener","Tea","1 fl oz (NFS)","30008","floz","1","30","30.0000"
"2710526","Tea, iced, brewed, green, decaffeinated, unsweetened","Tea","1 fl oz (with ice)","30009","floz","1","23","23.0000"
"2710526","Tea, iced, brewed, green, decaffeinated, unsweetened","Tea","1 fl oz (no ice)","30001","floz","1","30","30.0000"
"2710526","Tea, iced, brewed, green, decaffeinated, unsweetened","Tea","1 fl oz (NFS)","30008","floz","1","30","30.0000"
"2710527","Tea, iced, bottled, black","Tea","1 fl oz (NFS)","30008","floz","1","31","31.0000"
"2710527","Tea, iced, bottled, black","Tea","1 fl oz (no ice)","30001","floz","1","31","31.0000"
"2710527","Tea, iced, bottled, black","Tea","1 fl oz (with ice)","30009","floz","1","23","23.0000"
"2710528","Tea, iced, bottled, black, decaffeinated","Tea","1 fl oz (with ice)","30009","floz","1","23","23.0000"
"2710528","Tea, iced, bottled, black, decaffeinated","Tea","1 fl oz (no ice)","30001","floz","1","31","31.0000"
"2710528","Tea, iced, bottled, black, decaffeinated","Tea","1 fl oz (NFS)","30008","floz","1","31","31.0000"
"2710529","Tea, iced, bottled, black, diet","Tea","1 fl oz (with ice)","30009","floz","1","23","23.0000"
"2710529","Tea, iced, bottled, black, diet","Tea","1 fl oz (no ice)","30001","floz","1","30","30.0000"
"2710529","Tea, iced, bottled, black, diet","Tea","1 fl oz (NFS)","30008","floz","1","30","30.0000"
"2710530","Tea, iced, bottled, black, decaffeinated, diet","Tea","1 fl oz (NFS)","30008","floz","1","30","30.0000"
"2710530","Tea, iced, bottled, black, decaffeinated, diet","Tea","1 fl oz (with ice)","30009","floz","1","23","23.0000"
"2710530","Tea, iced, bottled, black, decaffeinated, diet","Tea","1 fl oz (no ice)","30001","floz","1","30","30.0000"
"2710531","Tea, iced, bottled, black, unsweetened","Tea","1 fl oz (with ice)","30009","floz","1","23","23.0000"
"2710531","Tea, iced, bottled, black, unsweetened","Tea","1 fl oz (no ice)","30001","floz","1","30","30.0000"
"2710531","Tea, iced, bottled, black, unsweetened","Tea","1 fl oz (NFS)","30008","floz","1","30","30.0000"
"2710532","Tea, iced, bottled, black, decaffeinated, unsweetened","Tea","1 fl oz (with ice)","30009","floz","1","23","23.0000"
"2710532","Tea, iced, bottled, black, decaffeinated, unsweetened","Tea","1 fl oz (no ice)","30001","floz","1","30","30.0000"
"2710532","Tea, iced, bottled, black, decaffeinated, unsweetened","Tea","1 fl oz (NFS)","30008","floz","1","30","30.0000"
"2710533","Tea, iced, bottled, green","Tea","1 fl oz (with ice)","30009","floz","1","23","23.0000"
"2710533","Tea, iced, bottled, green","Tea","1 fl oz (no ice)","30001","floz","1","31","31.0000"
"2710533","Tea, iced, bottled, green","Tea","1 fl oz (NFS)","30008","floz","1","31","31.0000"
"2710534","Tea, iced, bottled, green, diet","Tea","1 fl oz (NFS)","30008","floz","1","31","31.0000"
"2710534","Tea, iced, bottled, green, diet","Tea","1 fl oz (with ice)","30009","floz","1","23","23.0000"
"2710534","Tea, iced, bottled, green, diet","Tea","1 fl oz (no ice)","30001","floz","1","31","31.0000"
"2710535","Tea, iced, bottled, green, unsweetened","Tea","1 fl oz (with ice)","30009","floz","1","23","23.0000"
"2710535","Tea, iced, bottled, green, unsweetened","Tea","1 fl oz (NFS)","30008","floz","1","30","30.0000"
"2710535","Tea, iced, bottled, green, unsweetened","Tea","1 fl oz (no ice)","30001","floz","1","30","30.0000"
"2710536","Soft drink, NFS","Soft drinks","1 fl oz (NFS)","30008","floz","1","31","31.0000"
"2710536","Soft drink, NFS","Soft drinks","1 fl oz (no ice)","30001","floz","1","31","31.0000"
"2710536","Soft drink, NFS","Soft drinks","1 fl oz (with ice)","30009","floz","1","23","23.0000"
"2710536","Soft drink, NFS","Soft drinks","1 can (12 fl oz)","60501","can","1","372","372.0000"
"2710537","Soft drink, NFS, diet","Diet soft drinks","1 fl oz (NFS)","30008","floz","1","30","30.0000"
"2710537","Soft drink, NFS, diet","Diet soft drinks","1 can (12 fl oz)","60501","can","1","360","360.0000"
"2710537","Soft drink, NFS, diet","Diet soft drinks","1 fl oz (with ice)","30009","floz","1","23","23.0000"
"2710537","Soft drink, NFS, diet","Diet soft drinks","1 fl oz (no ice)","30001","floz","1","30","30.0000"
"2710538","Water, tonic","Flavored or carbonated water","1 fl oz","30000","floz","1","30","30.0000"
"2710538","Water, tonic","Flavored or carbonated water","1 can (12 fl oz)","60501","can","1","360","360.0000"
"2710539","Water, carbonated, plain","Flavored or carbonated water","1 can (12 fl oz)","60501","can","1","360","360.0000"
"2710539","Water, carbonated, plain","Flavored or carbonated water","1 fl oz","30000","floz","1","30","30.0000"
"2710540","Water, carbonated, flavored","Flavored or carbonated water","1 can (12 fl oz)","60501","can","1","360","360.0000"
"2710540","Water, carbonated, flavored","Flavored or carbonated water","1 fl oz","30000","floz","1","30","30.0000"
"2710541","Soft drink, cola","Soft drinks","1 can (12 fl oz)","60501","can","1","372","372.0000"
"2710541","Soft drink, cola","Soft drinks","1 fl oz (no ice)","30001","floz","1","31","31.0000"
"2710541","Soft drink, cola","Soft drinks","1 fl oz (with ice)","30009","floz","1","23","23.0000"
"2710541","Soft drink, cola","Soft drinks","1 fl oz (NFS)","30008","floz","1","31","31.0000"
"2710542","Soft drink, cola, diet","Diet soft drinks","1 can (12 fl oz)","60501","can","1","360","360.0000"
"2710542","Soft drink, cola, diet","Diet soft drinks","1 fl oz (with ice)","30009","floz","1","23","23.0000"
"2710542","Soft drink, cola, diet","Diet soft drinks","1 fl oz (NFS)","30008","floz","1","30","30.0000"
"2710542","Soft drink, cola, diet","Diet soft drinks","1 fl oz (no ice)","30001","floz","1","30","30.0000"
"2710543","Soft drink, cola, decaffeinated","Soft drinks","1 fl oz (with ice)","30009","floz","1","23","23.0000"
"2710543","Soft drink, cola, decaffeinated","Soft drinks","1 can (12 fl oz)","60501","can","1","372","372.0000"
"2710543","Soft drink, cola, decaffeinated","Soft drinks","1 fl oz (no ice)","30001","floz","1","31","31.0000"
"2710543","Soft drink, cola, decaffeinated","Soft drinks","1 fl oz (NFS)","30008","floz","1","31","31.0000"
"2710544","Soft drink, cola, decaffeinated, diet","Diet soft drinks","1 fl oz (with ice)","30009","floz","1","23","23.0000"
"2710544","Soft drink, cola, decaffeinated, diet","Diet soft drinks","1 fl oz (no ice)","30001","floz","1","30","30.0000"
"2710544","Soft drink, cola, decaffeinated, diet","Diet soft drinks","1 fl oz (NFS)","30008","floz","1","30","30.0000"
"2710544","Soft drink, cola, decaffeinated, diet","Diet soft drinks","1 can (12 fl oz)","60501","can","1","360","360.0000"
"2710545","Soft drink, pepper type","Soft drinks","1 fl oz (NFS)","30008","floz","1","31","31.0000"
"2710545","Soft drink, pepper type","Soft drinks","1 fl oz (no ice)","30001","floz","1","31","31.0000"
"2710545","Soft drink, pepper type","Soft drinks","1 can (12 fl oz)","60501","can","1","372","372.0000"
"2710545","Soft drink, pepper type","Soft drinks","1 fl oz (with ice)","30009","floz","1","23","23.0000"
"2710546","Soft drink, pepper type, diet","Diet soft drinks","1 can (12 fl oz)","60501","can","1","360","360.0000"
"2710546","Soft drink, pepper type, diet","Diet soft drinks","1 fl oz (no ice)","30001","floz","1","30","30.0000"
"2710546","Soft drink, pepper type, diet","Diet soft drinks","1 fl oz (NFS)","30008","floz","1","30","30.0000"
"2710546","Soft drink, pepper type, diet","Diet soft drinks","1 fl oz (with ice)","30009","floz","1","23","23.0000"
"2710547","Soft drink, pepper type, decaffeinated","Soft drinks","1 fl oz (no ice)","30001","floz","1","31","31.0000"
"2710547","Soft drink, pepper type, decaffeinated","Soft drinks","1 fl oz (with ice)","30009","floz","1","23","23.0000"
"2710547","Soft drink, pepper type, decaffeinated","Soft drinks","1 fl oz (NFS)","30008","floz","1","31","31.0000"
"2710547","Soft drink, pepper type, decaffeinated","Soft drinks","1 can (12 fl oz)","60501","can","1","372","372.0000"
"2710548","Soft drink, pepper type, decaffeinated, diet","Diet soft drinks","1 fl oz (no ice)","30001","floz","1","30","30.0000"
"2710548","Soft drink, pepper type, decaffeinated, diet","Diet soft drinks","1 fl oz (NFS)","30008","floz","1","30","30.0000"
"2710548","Soft drink, pepper type, decaffeinated, diet","Diet soft drinks","1 can (12 fl oz)","60501","can","1","360","360.0000"
"2710548","Soft drink, pepper type, decaffeinated, diet","Diet soft drinks","1 fl oz (with ice)","30009","floz","1","23","23.0000"
"2710549","Soft drink, cream soda","Soft drinks","1 fl oz (NFS)","30008","floz","1","31","31.0000"
"2710549","Soft drink, cream soda","Soft drinks","1 fl oz (no ice)","30001","floz","1","31","31.0000"
"2710549","Soft drink, cream soda","Soft drinks","1 fl oz (with ice)","30009","floz","1","23","23.0000"
"2710549","Soft drink, cream soda","Soft drinks","1 can (12 fl oz)","60501","can","1","372","372.0000"
"2710550","Soft drink, cream soda, diet","Diet soft drinks","1 can (12 fl oz)","60501","can","1","360","360.0000"
"2710550","Soft drink, cream soda, diet","Diet soft drinks","1 fl oz (no ice)","30001","floz","1","30","30.0000"
"2710550","Soft drink, cream soda, diet","Diet soft drinks","1 fl oz (with ice)","30009","floz","1","23","23.0000"
"2710550","Soft drink, cream soda, diet","Diet soft drinks","1 fl oz (NFS)","30008","floz","1","30","30.0000"
"2710551","Soft drink, fruit flavored, caffeine free","Soft drinks","1 can (12 fl oz)","60501","can","1","372","372.0000"
"2710551","Soft drink, fruit flavored, caffeine free","Soft drinks","1 fl oz (NFS)","30008","floz","1","31","31.0000"
"2710551","Soft drink, fruit flavored, caffeine free","Soft drinks","1 fl oz (no ice)","30001","floz","1","31","31.0000"
"2710551","Soft drink, fruit flavored, caffeine free","Soft drinks","1 fl oz (with ice)","30009","floz","1","23","23.0000"
"2710552","Soft drink, fruit flavored, diet, caffeine free","Diet soft drinks","1 fl oz (no ice)","30001","floz","1","30","30.0000"
"2710552","Soft drink, fruit flavored, diet, caffeine free","Diet soft drinks","1 fl oz (with ice)","30009","floz","1","23","23.0000"
"2710552","Soft drink, fruit flavored, diet, caffeine free","Diet soft drinks","1 can (12 fl oz)","60501","can","1","360","360.0000"
"2710552","Soft drink, fruit flavored, diet, caffeine free","Diet soft drinks","1 fl oz (NFS)","30008","floz","1","30","30.0000"
"2710553","Soft drink, fruit flavored, caffeine containing","Soft drinks","1 fl oz (no ice)","30001","floz","1","31","31.0000"
"2710553","Soft drink, fruit flavored, caffeine containing","Soft drinks","1 fl oz (NFS)","30008","floz","1","31","31.0000"
"2710553","Soft drink, fruit flavored, caffeine containing","Soft drinks","1 can (12 fl oz)","60501","can","1","372","372.0000"
"2710553","Soft drink, fruit flavored, caffeine containing","Soft drinks","1 fl oz (with ice)","30009","floz","1","23","23.0000"
"2710554","Soft drink, fruit flavored, caffeine containing, diet","Diet soft drinks","1 fl oz (NFS)","30008","floz","1","30","30.0000"
"2710554","Soft drink, fruit flavored, caffeine containing, diet","Diet soft drinks","1 fl oz (no ice)","30001","floz","1","30","30.0000"
"2710554","Soft drink, fruit flavored, caffeine containing, diet","Diet soft drinks","1 fl oz (with ice)","30009","floz","1","23","23.0000"
"2710554","Soft drink, fruit flavored, caffeine containing, diet","Diet soft drinks","1 can (12 fl oz)","60501","can","1","360","360.0000"
"2710555","Soft drink, ginger ale","Soft drinks","1 fl oz (with ice)","30009","floz","1","23","23.0000"
"2710555","Soft drink, ginger ale","Soft drinks","1 fl oz (no ice)","30001","floz","1","31","31.0000"
"2710555","Soft drink, ginger ale","Soft drinks","1 can (12 fl oz)","60501","can","1","372","372.0000"
"2710555","Soft drink, ginger ale","Soft drinks","1 fl oz (NFS)","30008","floz","1","31","31.0000"
"2710556","Soft drink, ginger ale, diet","Diet soft drinks","1 fl oz (with ice)","30009","floz","1","23","23.0000"
"2710556","Soft drink, ginger ale, diet","Diet soft drinks","1 fl oz (no ice)","30001","floz","1","30","30.0000"
"2710556","Soft drink, ginger ale, diet","Diet soft drinks","1 fl oz (NFS)","30008","floz","1","30","30.0000"
"2710556","Soft drink, ginger ale, diet","Diet soft drinks","1 can (12 fl oz)","60501","can","1","360","360.0000"
"2710557","Soft drink, root beer","Soft drinks","1 fl oz (no ice)","30001","floz","1","31","31.0000"
"2710557","Soft drink, root beer","Soft drinks","1 fl oz (with ice)","30009","floz","1","23","23.0000"
"2710557","Soft drink, root beer","Soft drinks","1 fl oz (NFS)","30008","floz","1","31","31.0000"
"2710557","Soft drink, root beer","Soft drinks","1 can (12 fl oz)","60501","can","1","372","372.0000"
"2710558","Soft drink, root beer, diet","Diet soft drinks","1 can (12 fl oz)","60501","can","1","360","360.0000"
"2710558","Soft drink, root beer, diet","Diet soft drinks","1 fl oz (NFS)","30008","floz","1","30","30.0000"
"2710558","Soft drink, root beer, diet","Diet soft drinks","1 fl oz (with ice)","30009","floz","1","23","23.0000"
"2710558","Soft drink, root beer, diet","Diet soft drinks","1 fl oz (no ice)","30001","floz","1","30","30.0000"
"2710559","Soft drink, chocolate flavored","Soft drinks","1 fl oz (with ice)","30009","floz","1","23","23.0000"
"2710559","Soft drink, chocolate flavored","Soft drinks","1 can (12 fl oz)","60501","can","1","372","372.0000"
"2710559","Soft drink, chocolate flavored","Soft drinks","1 fl oz (NFS)","30008","floz","1","31","31.0000"
"2710559","Soft drink, chocolate flavored","Soft drinks","1 fl oz (no ice)","30001","floz","1","31","31.0000"
"2710560","Soft drink, chocolate flavored, diet","Diet soft drinks","1 fl oz (no ice)","30001","floz","1","30","30.0000"
"2710560","Soft drink, chocolate flavored, diet","Diet soft drinks","1 fl oz (with ice)","30009","floz","1","23","23.0000"
"2710560","Soft drink, chocolate flavored, diet","Diet soft drinks","1 can (12 fl oz)","60501","can","1","360","360.0000"
"2710560","Soft drink, chocolate flavored, diet","Diet soft drinks","1 fl oz (NFS)","30008","floz","1","30","30.0000"
"2710561","Soft drink, cola, fruit or vanilla flavored","Soft drinks","1 fl oz (NFS)","30008","floz","1","31","31.0000"
"2710561","Soft drink, cola, fruit or vanilla flavored","Soft drinks","1 fl oz (with ice)","30009","floz","1","23","23.0000"
"2710561","Soft drink, cola, fruit or vanilla flavored","Soft drinks","1 fl oz (no ice)","30001","floz","1","31","31.0000"
"2710561","Soft drink, cola, fruit or vanilla flavored","Soft drinks","1 can (12 fl oz)","60501","can","1","372","372.0000"
"2710562","Soft drink, cola, chocolate flavored","Soft drinks","1 fl oz (NFS)","30008","floz","1","31","31.0000"
"2710562","Soft drink, cola, chocolate flavored","Soft drinks","1 fl oz (no ice)","30001","floz","1","31","31.0000"
"2710562","Soft drink, cola, chocolate flavored","Soft drinks","1 fl oz (with ice)","30009","floz","1","23","23.0000"
"2710562","Soft drink, cola, chocolate flavored","Soft drinks","1 can (12 fl oz)","60501","can","1","372","372.0000"
"2710563","Soft drink, cola, fruit or vanilla flavored, diet","Diet soft drinks","1 fl oz (with ice)","30009","floz","1","23","23.0000"
"2710563","Soft drink, cola, fruit or vanilla flavored, diet","Diet soft drinks","1 fl oz (no ice)","30001","floz","1","30","30.0000"
"2710563","Soft drink, cola, fruit or vanilla flavored, diet","Diet soft drinks","1 fl oz (NFS)","30008","floz","1","30","30.0000"
"2710563","Soft drink, cola, fruit or vanilla flavored, diet","Diet soft drinks","1 can (12 fl oz)","60501","can","1","360","360.0000"
"2710564","Soft drink, cola, chocolate flavored, diet","Diet soft drinks","1 fl oz (no ice)","30001","floz","1","30","30.0000"
"2710564","Soft drink, cola, chocolate flavored, diet","Diet soft drinks","1 fl oz (NFS)","30008","floz","1","30","30.0000"
"2710564","Soft drink, cola, chocolate flavored, diet","Diet soft drinks","1 fl oz (with ice)","30009","floz","1","23","23.0000"
"2710564","Soft drink, cola, chocolate flavored, diet","Diet soft drinks","1 can (12 fl oz)","60501","can","1","360","360.0000"
"2710565","Fruit juice drink, citrus, carbonated","Fruit drinks","1 fl oz (with ice)","30009","floz","1","23","23.0000"
"2710565","Fruit juice drink, citrus, carbonated","Fruit drinks","1 can (12 fl oz)","60501","can","1","372","372.0000"
"2710565","Fruit juice drink, citrus, carbonated","Fruit drinks","1 fl oz (no ice)","30001","floz","1","31","31.0000"
"2710565","Fruit juice drink, citrus, carbonated","Fruit drinks","1 fl oz (NFS)","30008","floz","1","31","31.0000"
"2710566","Fruit juice drink, noncitrus, carbonated","Fruit drinks","1 fl oz (no ice)","30001","floz","1","31","31.0000"
"2710566","Fruit juice drink, noncitrus, carbonated","Fruit drinks","1 can (12 fl oz)","60501","can","1","372","372.0000"
"2710566","Fruit juice drink, noncitrus, carbonated","Fruit drinks","1 fl oz (NFS)","30008","floz","1","31","31.0000"
"2710566","Fruit juice drink, noncitrus, carbonated","Fruit drinks","1 fl oz (with ice)","30009","floz","1","23","23.0000"
"2710567","Fruit juice drink","Fruit drinks","1 fl oz (NFS)","30008","floz","1","31","31.0000"
"2710567","Fruit juice drink","Fruit drinks","1 fl oz (with ice)","30009","floz","1","23","23.0000"
"2710567","Fruit juice drink","Fruit drinks","1 fl oz (no ice)","30001","floz","1","31","31.0000"
"2710568","Tamarind drink","Fruit drinks","1 fl oz (NFS)","30008","floz","1","31","31.0000"
"2710568","Tamarind drink","Fruit drinks","1 fl oz (no ice)","30001","floz","1","31","31.0000"
"2710568","Tamarind drink","Fruit drinks","1 fl oz (with ice)","30009","floz","1","23","23.0000"
"2710569","Fruit punch, made with fruit juice and soda","Fruit drinks","1 fl oz (with ice)","30009","floz","1","23","23.0000"
"2710569","Fruit punch, made with fruit juice and soda","Fruit drinks","1 fl oz (no ice)","30001","floz","1","31","31.0000"
"2710569","Fruit punch, made with fruit juice and soda","Fruit drinks","1 fl oz (NFS)","30008","floz","1","31","31.0000"
"2710570","Lemonade, fruit juice drink","Fruit drinks","1 fl oz (with ice)","30009","floz","1","23","23.0000"
"2710570","Lemonade, fruit juice drink","Fruit drinks","1 fl oz (NFS)","30008","floz","1","31","31.0000"
"2710570","Lemonade, fruit juice drink","Fruit drinks","1 fl oz (no ice)","30001","floz","1","31","31.0000"
"2710571","Lemonade, fruit flavored drink","Fruit drinks","1 fl oz (with ice)","30009","floz","1","23","23.0000"
"2710571","Lemonade, fruit flavored drink","Fruit drinks","1 fl oz (no ice)","30001","floz","1","31","31.0000"
"2710571","Lemonade, fruit flavored drink","Fruit drinks","1 fl oz (NFS)","30008","floz","1","31","31.0000"
"2710572","Lemonade, frozen concentrate, not reconstituted","Fruit drinks","1 can (6 fl oz)","60527","can","1","219","219.0000"
"2710573","Fruit flavored drink","Fruit drinks","1 fl oz (no ice)","30001","floz","1","31","31.0000"
"2710573","Fruit flavored drink","Fruit drinks","1 fl oz (NFS)","30008","floz","1","31","31.0000"
"2710573","Fruit flavored drink","Fruit drinks","1 fl oz (with ice)","30009","floz","1","23","23.0000"
"2710574","Pina Colada, nonalcoholic","Fruit drinks","1 fl oz","30000","floz","1","30","30.0000"
"2710575","Margarita mix, nonalcoholic","Fruit drinks","1 fl oz","30000","floz","1","31","31.0000"
"2710576","Slush frozen drink","Fruit drinks","1 large","60919","large","1","840","840.0000"
"2710576","Slush frozen drink","Fruit drinks","1 cup","10205","cup","1","240","240.0000"
"2710576","Slush frozen drink","Fruit drinks","1 small","62015","small","1","360","360.0000"
"2710576","Slush frozen drink","Fruit drinks","1 medium","61238","medium","1","660","660.0000"
"2710576","Slush frozen drink","Fruit drinks","1 fl oz","30000","floz","1","30","30.0000"
"2710577","Slush frozen drink, no sugar added","Other diet drinks","1 large","60919","large","1","840","840.0000"
"2710577","Slush frozen drink, no sugar added","Other diet drinks","1 fl oz","30000","floz","1","30","30.0000"
"2710577","Slush frozen drink, no sugar added","Other diet drinks","1 medium","61238","medium","1","660","660.0000"
"2710577","Slush frozen drink, no sugar added","Other diet drinks","1 small","62015","small","1","360","360.0000"
"2710577","Slush frozen drink, no sugar added","Other diet drinks","1 cup","10205","cup","1","240","240.0000"
"2710578","Fruit flavored drink, with high vitamin C","Fruit drinks","1 fl oz (NFS)","30008","floz","1","31","31.0000"
"2710578","Fruit flavored drink, with high vitamin C","Fruit drinks","1 fl oz (with ice)","30009","floz","1","23","23.0000"
"2710578","Fruit flavored drink, with high vitamin C","Fruit drinks","1 fl oz (no ice)","30001","floz","1","31","31.0000"
"2710579","Cranberry juice drink, with high vitamin C","Fruit drinks","1 fl oz (NFS)","30008","floz","1","31","31.0000"
"2710579","Cranberry juice drink, with high vitamin C","Fruit drinks","1 fl oz (no ice)","30001","floz","1","31","31.0000"
"2710579","Cranberry juice drink, with high vitamin C","Fruit drinks","1 fl oz (with ice)","30009","floz","1","23","23.0000"
"2710580","Fruit juice drink, with high vitamin C","Fruit drinks","1 fl oz (NFS)","30008","floz","1","31","31.0000"
"2710580","Fruit juice drink, with high vitamin C","Fruit drinks","1 fl oz (with ice)","30009","floz","1","23","23.0000"
"2710580","Fruit juice drink, with high vitamin C","Fruit drinks","1 fl oz (no ice)","30001","floz","1","31","31.0000"
"2710581","Vegetable and fruit juice drink, with high vitamin C","Fruit drinks","1 fl oz (no ice)","30001","floz","1","31","31.0000"
"2710581","Vegetable and fruit juice drink, with high vitamin C","Fruit drinks","1 fl oz (with ice)","30009","floz","1","23","23.0000"
"2710581","Vegetable and fruit juice drink, with high vitamin C","Fruit drinks","1 fl oz (NFS)","30008","floz","1","31","31.0000"
"2710582","Fruit juice drink (Sunny D)","Fruit drinks","1 fl oz (no ice)","30001","floz","1","31","31.0000"
"2710582","Fruit juice drink (Sunny D)","Fruit drinks","1 fl oz (NFS)","30008","floz","1","31","31.0000"
"2710582","Fruit juice drink (Sunny D)","Fruit drinks","1 fl oz (with ice)","30009","floz","1","23","23.0000"
"2710583","Fruit flavored drink, powdered, reconstituted","Fruit drinks","1 fl oz (NFS)","30008","floz","1","31","31.0000"
"2710583","Fruit flavored drink, powdered, reconstituted","Fruit drinks","1 fl oz (with ice)","30009","floz","1","23","23.0000"
"2710583","Fruit flavored drink, powdered, reconstituted","Fruit drinks","1 fl oz (no ice)","30001","floz","1","31","31.0000"
"2710584","Fruit flavored drink, with high vitamin C, powdered, reconstituted","Fruit drinks","1 fl oz (with ice)","30009","floz","1","23","23.0000"
"2710584","Fruit flavored drink, with high vitamin C, powdered, reconstituted","Fruit drinks","1 fl oz (NFS)","30008","floz","1","31","31.0000"
"2710584","Fruit flavored drink, with high vitamin C, powdered, reconstituted","Fruit drinks","1 fl oz (no ice)","30001","floz","1","31","31.0000"
"2710585","Fruit juice drink, with high vitamin C, light","Fruit drinks","1 fl oz (no ice)","30001","floz","1","30","30.0000"
"2710585","Fruit juice drink, with high vitamin C, light","Fruit drinks","1 fl oz (with ice)","30009","floz","1","23","23.0000"
"2710585","Fruit juice drink, with high vitamin C, light","Fruit drinks","1 fl oz (NFS)","30008","floz","1","30","30.0000"
"2710586","Fruit juice drink, light","Fruit drinks","1 fl oz (NFS)","30008","floz","1","30","30.0000"
"2710586","Fruit juice drink, light","Fruit drinks","1 fl oz (with ice)","30009","floz","1","23","23.0000"
"2710586","Fruit juice drink, light","Fruit drinks","1 fl oz (no ice)","30001","floz","1","30","30.0000"
"2710587","Fruit juice drink, diet","Fruit drinks","1 fl oz (with ice)","30009","floz","1","23","23.0000"
"2710587","Fruit juice drink, diet","Fruit drinks","1 fl oz (NFS)","30008","floz","1","30","30.0000"
"2710587","Fruit juice drink, diet","Fruit drinks","1 fl oz (no ice)","30001","floz","1","30","30.0000"
"2710588","Cranberry juice drink, with high vitamin C, light","Fruit drinks","1 fl oz (with ice)","30009","floz","1","23","23.0000"
"2710588","Cranberry juice drink, with high vitamin C, light","Fruit drinks","1 fl oz (NFS)","30008","floz","1","30","30.0000"
"2710588","Cranberry juice drink, with high vitamin C, light","Fruit drinks","1 fl oz (no ice)","30001","floz","1","30","30.0000"
"2710589","Grape juice drink, light","Fruit drinks","1 fl oz (no ice)","30001","floz","1","30","30.0000"
"2710589","Grape juice drink, light","Fruit drinks","1 fl oz (with ice)","30009","floz","1","23","23.0000"
"2710589","Grape juice drink, light","Fruit drinks","1 fl oz (NFS)","30008","floz","1","30","30.0000"
"2710590","Orange juice beverage, 40-50% juice, light","Fruit drinks","1 fl oz (NFS)","30008","floz","1","30","30.0000"
"2710590","Orange juice beverage, 40-50% juice, light","Fruit drinks","1 fl oz (with ice)","30009","floz","1","23","23.0000"
"2710590","Orange juice beverage, 40-50% juice, light","Fruit drinks","1 fl oz (no ice)","30001","floz","1","30","30.0000"
"2710591","Apple juice beverage, 40-50% juice, light","Fruit drinks","1 fl oz (NFS)","30008","floz","1","31","31.0000"
"2710591","Apple juice beverage, 40-50% juice, light","Fruit drinks","1 fl oz (no ice)","30001","floz","1","31","31.0000"
"2710591","Apple juice beverage, 40-50% juice, light","Fruit drinks","1 fl oz (with ice)","30009","floz","1","23","23.0000"
"2710592","Lemonade, fruit juice drink, light","Fruit drinks","1 fl oz (with ice)","30009","floz","1","23","23.0000"
"2710592","Lemonade, fruit juice drink, light","Fruit drinks","1 fl oz (NFS)","30008","floz","1","31","31.0000"
"2710592","Lemonade, fruit juice drink, light","Fruit drinks","1 fl oz (no ice)","30001","floz","1","31","31.0000"
"2710593","Pomegranate juice beverage, 40-50% juice, light","Fruit drinks","1 fl oz (with ice)","30009","floz","1","23","23.0000"
"2710593","Pomegranate juice beverage, 40-50% juice, light","Fruit drinks","1 fl oz (NFS)","30008","floz","1","30","30.0000"
"2710593","Pomegranate juice beverage, 40-50% juice, light","Fruit drinks","1 fl oz (no ice)","30001","floz","1","30","30.0000"
"2710594","Vegetable and fruit juice drink, with high vitamin C, diet","Other diet drinks","1 fl oz (NFS)","30008","floz","1","30","30.0000"
"2710594","Vegetable and fruit juice drink, with high vitamin C, diet","Other diet drinks","1 fl oz (with ice)","30009","floz","1","23","23.0000"
"2710594","Vegetable and fruit juice drink, with high vitamin C, diet","Other diet drinks","1 fl oz (no ice)","30001","floz","1","30","30.0000"
"2710595","Vegetable and fruit juice drink, with high vitamin C, light","Fruit drinks","1 fl oz (no ice)","30001","floz","1","30","30.0000"
"2710595","Vegetable and fruit juice drink, with high vitamin C, light","Fruit drinks","1 fl oz (NFS)","30008","floz","1","30","30.0000"
"2710595","Vegetable and fruit juice drink, with high vitamin C, light","Fruit drinks","1 fl oz (with ice)","30009","floz","1","23","23.0000"
"2710596","Fruit flavored drink, with high vitamin C, diet","Other diet drinks","1 fl oz (with ice)","30009","floz","1","23","23.0000"
"2710596","Fruit flavored drink, with high vitamin C, diet","Other diet drinks","1 fl oz (no ice)","30001","floz","1","30","30.0000"
"2710596","Fruit flavored drink, with high vitamin C, diet","Other diet drinks","1 fl oz (NFS)","30008","floz","1","30","30.0000"
"2710597","Fruit flavored drink, diet","Other diet drinks","1 fl oz (NFS)","30008","floz","1","30","30.0000"
"2710597","Fruit flavored drink, diet","Other diet drinks","1 fl oz (with ice)","30009","floz","1","23","23.0000"
"2710597","Fruit flavored drink, diet","Other diet drinks","1 fl oz (no ice)","30001","floz","1","30","30.0000"
"2710598","Fruit flavored drink, with high vitamin C, powdered, reconstituted, diet","Other diet drinks","1 fl oz (no ice)","30001","floz","1","30","30.0000"
"2710598","Fruit flavored drink, with high vitamin C, powdered, reconstituted, diet","Other diet drinks","1 fl oz (with ice)","30009","floz","1","23","23.0000"
"2710598","Fruit flavored drink, with high vitamin C, powdered, reconstituted, diet","Other diet drinks","1 fl oz (NFS)","30008","floz","1","30","30.0000"
"2710599","Fruit flavored drink, powdered, reconstituted, diet","Other diet drinks","1 fl oz (with ice)","30009","floz","1","23","23.0000"
"2710599","Fruit flavored drink, powdered, reconstituted, diet","Other diet drinks","1 fl oz (NFS)","30008","floz","1","30","30.0000"
"2710599","Fruit flavored drink, powdered, reconstituted, diet","Other diet drinks","1 fl oz (no ice)","30001","floz","1","30","30.0000"
"2710600","Fruit juice drink (Capri Sun)","Fruit drinks","1 fl oz (NFS)","30008","floz","1","31","31.0000"
"2710600","Fruit juice drink (Capri Sun)","Fruit drinks","1 fl oz (no ice)","30001","floz","1","31","31.0000"
"2710600","Fruit juice drink (Capri Sun)","Fruit drinks","1 fl oz (with ice)","30009","floz","1","23","23.0000"
"2710601","Fruit juice drink, added calcium (Sunny D)","Fruit drinks","1 fl oz (no ice)","30001","floz","1","31","31.0000"
"2710601","Fruit juice drink, added calcium (Sunny D)","Fruit drinks","1 fl oz (with ice)","30009","floz","1","23","23.0000"
"2710601","Fruit juice drink, added calcium (Sunny D)","Fruit drinks","1 fl oz (NFS)","30008","floz","1","31","31.0000"
"2710602","Horchata, made with water","Smoothies and grain drinks","1 cup","10205","cup","1","248","248.0000"
"2710602","Horchata, made with water","Smoothies and grain drinks","1 fl oz","30000","floz","1","31","31.0000"
"2710603","Horchata, made with milk","Smoothies and grain drinks","1 fl oz","30000","floz","1","31","31.0000"
"2710603","Horchata, made with milk","Smoothies and grain drinks","1 cup","10205","cup","1","248","248.0000"
"2710604","Frescavena","Smoothies and grain drinks","1 fl oz","30000","floz","1","31","31.0000"
"2710604","Frescavena","Smoothies and grain drinks","1 cup","10205","cup","1","248","248.0000"
"2710605","Atole de avena","Smoothies and grain drinks","1 fl oz","30000","floz","1","31","31.0000"
"2710605","Atole de avena","Smoothies and grain drinks","1 cup","10205","cup","1","248","248.0000"
"2710606","Sugar cane beverage","Fruit drinks","1 fl oz (no ice)","30001","floz","1","31","31.0000"
"2710606","Sugar cane beverage","Fruit drinks","1 fl oz (with ice)","30009","floz","1","23","23.0000"
"2710606","Sugar cane beverage","Fruit drinks","1 fl oz (NFS)","30008","floz","1","31","31.0000"
"2710607","Atole","Smoothies and grain drinks","1 fl oz","30000","floz","1","31","31.0000"
"2710607","Atole","Smoothies and grain drinks","1 cup","10205","cup","1","248","248.0000"
"2710608","Atole de chocolate","Smoothies and grain drinks","1 fl oz","30000","floz","1","31","31.0000"
"2710608","Atole de chocolate","Smoothies and grain drinks","1 cup","10205","cup","1","248","248.0000"
"2710609","Wine, nonalcoholic","Fruit drinks","1 fl oz","30000","floz","1","30","30.0000"
"2710610","Beer, nonalcoholic","Fruit drinks","1 fl oz","30000","floz","1","30","30.0000"
"2710611","Shirley Temple","Fruit drinks","1 fl oz","30000","floz","1","30","30.0000"
"2710612","Fruit flavored drink, with high vitamin C, powdered, not reconstituted","Not included in a food category","1 tablespoon","21000","tbsp","1","14","14.0000"
"2710612","Fruit flavored drink, with high vitamin C, powdered, not reconstituted","Not included in a food category","1 cup","10205","cup","1","224","224.0000"
"2710613","Fruit flavored drink, powdered, not reconstituted","Not included in a food category","1 tablespoon","21000","tbsp","1","13","13.0000"
"2710613","Fruit flavored drink, powdered, not reconstituted","Not included in a food category","1 package","61528","package","1","113","113.0000"
"2710614","Fruit flavored drink, powdered, not reconstituted, diet","Not included in a food category","1 tablespoon","21000","tbsp","1","12","12.0000"
"2710614","Fruit flavored drink, powdered, not reconstituted, diet","Not included in a food category","1 package","61528","package","1","16","16.0000"
"2710615","Sports drink, dry concentrate, not reconstituted","Not included in a food category","1 tablespoon","21000","tbsp","1","12.5","12.5000"
"2710616","Beer","Beer","1 fl oz","30000","floz","1","30","30.0000"
"2710617","Beer, light","Beer","1 fl oz","30000","floz","1","30","30.0000"
"2710618","Beer, higher alcohol","Beer","1 fl oz","30000","floz","1","30","30.0000"
"2710619","Alcoholic malt beverage, sweetened","Beer","1 fl oz","30000","floz","1","30","30.0000"
"2710620","Alcoholic malt beverage","Beer","1 fl oz","30000","floz","1","30","30.0000"
"2710621","Hard cider","Beer","1 fl oz","30000","floz","1","30","30.0000"
"2710622","Hard seltzer","Beer","1 fl oz","30000","floz","1","30","30.0000"
"2710623","Liqueur","Liquor and cocktails","1 fl oz (no ice)","30001","floz","1","30","30.0000"
"2710624","Liqueur, cream","Liquor and cocktails","1 fl oz (no ice)","30001","floz","1","30","30.0000"
"2710625","Liqueur, coffee flavored","Liquor and cocktails","1 fl oz (no ice)","30001","floz","1","30","30.0000"
"2710626","Cocktail, NFS","Liquor and cocktails","1 fl oz","30000","floz","1","30","30.0000"
"2710627","Brandy Alexander","Liquor and cocktails","1 fl oz","30000","floz","1","30","30.0000"
"2710628","Bloody Mary","Liquor and cocktails","1 fl oz","30000","floz","1","30","30.0000"
"2710629","Cape Cod","Liquor and cocktails","1 fl oz","30000","floz","1","30","30.0000"
"2710630","Daiquiri","Liquor and cocktails","1 fl oz","30000","floz","1","30","30.0000"
"2710632","Gimlet","Liquor and cocktails","1 fl oz","30000","floz","1","30","30.0000"
"2710633","Gin and tonic","Liquor and cocktails","1 fl oz","30000","floz","1","30","30.0000"
"2710634","Greyhound","Liquor and cocktails","1 fl oz","30000","floz","1","30","30.0000"
"2710635","Jagerbomb","Liquor and cocktails","1 fl oz","30000","floz","1","30","30.0000"
"2710636","Kamikaze","Liquor and cocktails","1 fl oz","30000","floz","1","30","30.0000"
"2710637","Manhattan","Liquor and cocktails","1 fl oz","30000","floz","1","30","30.0000"
"2710638","Margarita","Liquor and cocktails","1 fl oz","30000","floz","1","30","30.0000"
"2710639","Martini","Liquor and cocktails","1 fl oz","30000","floz","1","30","30.0000"
"2710640","Martini, flavored","Liquor and cocktails","1 fl oz","30000","floz","1","30","30.0000"
"2710641","Michelada","Beer","1 fl oz","30000","floz","1","30","30.0000"
"2710642","Mimosa","Wine","1 fl oz","30000","floz","1","30","30.0000"
"2710643","Mint julep","Liquor and cocktails","1 fl oz","30000","floz","1","30","30.0000"
"2710644","Mojito","Liquor and cocktails","1 fl oz","30000","floz","1","30","30.0000"
"2710645","Moscow mule","Liquor and cocktails","1 fl oz","30000","floz","1","30","30.0000"
"2710646","Old fashioned","Liquor and cocktails","1 fl oz","30000","floz","1","30","30.0000"
"2710647","Orange Blossom","Liquor and cocktails","1 fl oz","30000","floz","1","30","30.0000"
"2710648","Rob Roy","Liquor and cocktails","1 fl oz","30000","floz","1","30","30.0000"
"2710649","Rusty Nail","Liquor and cocktails","1 fl oz","30000","floz","1","30","30.0000"
"2710650","Screwdriver","Liquor and cocktails","1 fl oz","30000","floz","1","30","30.0000"
"2710651","Seabreeze","Liquor and cocktails","1 fl oz","30000","floz","1","30","30.0000"
"2710652","Seven and Seven","Liquor and cocktails","1 fl oz","30000","floz","1","30","30.0000"
"2710653","Tom Collins","Liquor and cocktails","1 fl oz","30000","floz","1","30","30.0000"
"2710654","Whiskey sour","Liquor and cocktails","1 fl oz","30000","floz","1","30","30.0000"
"2710655","Whiskey and soda","Liquor and cocktails","1 fl oz","30000","floz","1","30","30.0000"
"2710656","Whiskey and water","Liquor and cocktails","1 fl oz","30000","floz","1","30","30.0000"
"2710657","Whiskey and cola","Liquor and cocktails","1 fl oz","30000","floz","1","30","30.0000"
"2710658","Whiskey and diet cola","Liquor and cocktails","1 fl oz","30000","floz","1","30","30.0000"
"2710659","Whiskey and ginger ale","Liquor and cocktails","1 fl oz","30000","floz","1","30","30.0000"
"2710660","Rum and cola","Liquor and cocktails","1 fl oz","30000","floz","1","30","30.0000"
"2710661","Rum and diet cola","Liquor and cocktails","1 fl oz","30000","floz","1","30","30.0000"
"2710662","Pina Colada","Liquor and cocktails","1 fl oz","30000","floz","1","30","30.0000"
"2710663","Brandy and cola","Liquor and cocktails","1 fl oz","30000","floz","1","30","30.0000"
"2710664","Vodka and soda","Liquor and cocktails","1 fl oz","30000","floz","1","30","30.0000"
"2710665","Vodka and lemonade","Liquor and cocktails","1 fl oz","30000","floz","1","30","30.0000"
"2710666","Vodka and cola","Liquor and cocktails","1 fl oz","30000","floz","1","30","30.0000"
"2710667","Vodka and diet cola","Liquor and cocktails","1 fl oz","30000","floz","1","30","30.0000"
"2710668","Vodka and energy drink","Liquor and cocktails","1 fl oz","30000","floz","1","30","30.0000"
"2710669","Vodka and water","Liquor and cocktails","1 fl oz","30000","floz","1","30","30.0000"
"2710670","Vodka and tonic","Liquor and cocktails","1 fl oz","30000","floz","1","30","30.0000"
"2710671","Sloe gin fizz","Liquor and cocktails","1 fl oz","30000","floz","1","30","30.0000"
"2710672","Black Russian","Liquor and cocktails","1 fl oz","30000","floz","1","30","30.0000"
"2710673","White Russian","Liquor and cocktails","1 fl oz","30000","floz","1","30","30.0000"
"2710674","Fruit punch, alcoholic","Liquor and cocktails","1 fl oz","30000","floz","1","30","30.0000"
"2710675","Champagne punch","Wine","1 fl oz","30000","floz","1","30","30.0000"
"2710676","Singapore Sling","Liquor and cocktails","1 fl oz","30000","floz","1","30","30.0000"
"2710677","Mai Tai","Liquor and cocktails","1 fl oz","30000","floz","1","30","30.0000"
"2710678","Tequila Sunrise","Liquor and cocktails","1 fl oz","30000","floz","1","30","30.0000"
"2710679","Long Island iced tea","Liquor and cocktails","1 fl oz","30000","floz","1","30","30.0000"
"2710680","Fuzzy Navel","Liquor and cocktails","1 fl oz","30000","floz","1","30","30.0000"
"2710681","Alcoholic coffee drink","Liquor and cocktails","1 fl oz","30000","floz","1","30","30.0000"
"2710682","Frozen daiquiri","Liquor and cocktails","1 fl oz","30000","floz","1","30","30.0000"
"2710683","Frozen margarita","Liquor and cocktails","1 fl oz","30000","floz","1","30","30.0000"
"2710684","Eggnog, alcoholic","Liquor and cocktails","1 fl oz","30000","floz","1","30","30.0000"
"2710685","Gin fizz","Liquor and cocktails","1 fl oz","30000","floz","1","30","30.0000"
"2710686","Rum, hot buttered","Liquor and cocktails","1 fl oz","30000","floz","1","30","30.0000"
"2710687","Wine, sparkling","Wine","1 fl oz","30000","floz","1","30","30.0000"
"2710688","Wine, red","Wine","1 fl oz","30000","floz","1","30","30.0000"
"2710689","Wine, white","Wine","1 fl oz","30000","floz","1","30","30.0000"
"2710690","Wine, rose","Wine","1 fl oz","30000","floz","1","30","30.0000"
"2710691","Wine, rice","Wine","1 fl oz","30000","floz","1","30","30.0000"
"2710692","Wine, dessert, sweet","Wine","1 fl oz","30000","floz","1","30","30.0000"
"2710693","Wine, light","Wine","1 fl oz","30000","floz","1","30","30.0000"
"2710694","Wine cooler","Wine","1 fl oz","30000","floz","1","30","30.0000"
"2710695","Sangria, red","Wine","1 fl oz","30000","floz","1","30","30.0000"
"2710696","Sangria, white","Wine","1 fl oz","30000","floz","1","30","30.0000"
"2710697","Wine spritzer","Wine","1 fl oz","30000","floz","1","30","30.0000"
"2710698","Glug","Liquor and cocktails","1 fl oz","30000","floz","1","30","30.0000"
"2710699","Brandy","Liquor and cocktails","1 fl oz (no ice)","30001","floz","1","28","28.0000"
"2710700","Whiskey","Liquor and cocktails","1 fl oz (no ice)","30001","floz","1","28","28.0000"
"2710701","Scotch","Liquor and cocktails","1 fl oz (no ice)","30001","floz","1","28","28.0000"
"2710702","Gin","Liquor and cocktails","1 fl oz (no ice)","30001","floz","1","28","28.0000"
"2710703","Rum","Liquor and cocktails","1 fl oz (no ice)","30001","floz","1","28","28.0000"
"2710704","Vodka","Liquor and cocktails","1 fl oz (no ice)","30001","floz","1","28","28.0000"
"2710705","Tequila","Liquor and cocktails","1 fl oz (no ice)","30001","floz","1","28","28.0000"
"2710706","Water, NFS","Tap water","1 fl oz","30000","floz","1","30","30.0000"
"2710706","Water, NFS","Tap water","1 cup","10205","cup","1","240","240.0000"
"2710707","Water, tap","Tap water","1 cup","10205","cup","1","240","240.0000"
"2710707","Water, tap","Tap water","1 fl oz","30000","floz","1","30","30.0000"
"2710708","Water, bottled, plain","Bottled water","1 fl oz","30000","floz","1","30","30.0000"
"2710708","Water, bottled, plain","Bottled water","1 cup","10205","cup","1","240","240.0000"
"2710709","Water, non-carbonated, flavored","Flavored or carbonated water","1 fl oz","30000","floz","1","30","30.0000"
"2710709","Water, non-carbonated, flavored","Flavored or carbonated water","1 cup","10205","cup","1","240","240.0000"
"2710710","Water beverage, fruit flavored","Flavored or carbonated water","1 fl oz","30000","floz","1","30","30.0000"
"2710710","Water beverage, fruit flavored","Flavored or carbonated water","1 cup","10205","cup","1","240","240.0000"
"2710711","Water, enhanced, regular","Enhanced water","1 cup","10205","cup","1","240","240.0000"
"2710711","Water, enhanced, regular","Enhanced water","1 fl oz","30000","floz","1","30","30.0000"
"2710712","Water, enhanced, diet","Enhanced water","1 fl oz","30000","floz","1","30","30.0000"
"2710712","Water, enhanced, diet","Enhanced water","1 cup","10205","cup","1","240","240.0000"
"2710713","Water, baby","Baby water","1 fl oz","30000","floz","1","30","30.0000"
"2710713","Water, baby","Baby water","1 cup","10205","cup","1","240","240.0000"
"2710714","Nutritional drink or shake, ready-to-drink (Boost)","Nutritional beverages","1 cup","10205","cup","1","256","256.0000"
"2710714","Nutritional drink or shake, ready-to-drink (Boost)","Nutritional beverages","1 fl oz","30000","floz","1","32","32.0000"
"2710715","Nutritional drink or shake, ready-to-drink (Boost Plus)","Nutritional beverages","1 cup","10205","cup","1","256","256.0000"
"2710715","Nutritional drink or shake, ready-to-drink (Boost Plus)","Nutritional beverages","1 fl oz","30000","floz","1","32","32.0000"
"2710716","Nutritional drink or shake, ready-to-drink (Carnation Instant Breakfast)","Nutritional beverages","1 fl oz","30000","floz","1","31","31.0000"
"2710716","Nutritional drink or shake, ready-to-drink (Carnation Instant Breakfast)","Nutritional beverages","1 cup","10205","cup","1","248","248.0000"
"2710717","Nutritional drink or shake, ready-to-drink (Ensure)","Nutritional beverages","1 cup","10205","cup","1","252","252.0000"
"2710717","Nutritional drink or shake, ready-to-drink (Ensure)","Nutritional beverages","1 fl oz","30000","floz","1","31.5","31.5000"
"2710718","Nutritional drink or shake, ready-to-drink (Ensure Plus)","Nutritional beverages","1 fl oz","30000","floz","1","31.5","31.5000"
"2710718","Nutritional drink or shake, ready-to-drink (Ensure Plus)","Nutritional beverages","1 can","60482","can","1","252","252.0000"
"2710718","Nutritional drink or shake, ready-to-drink (Ensure Plus)","Nutritional beverages","1 cup","10205","cup","1","252","252.0000"
"2710719","Nutritional drink or shake, ready-to-drink, sugar free (Glucerna)","Nutritional beverages","1 can (8 fl oz)","60531","can","1","248","248.0000"
"2710719","Nutritional drink or shake, ready-to-drink, sugar free (Glucerna)","Nutritional beverages","1 fl oz","30000","floz","1","31","31.0000"
"2710720","Nutritional drink or shake, ready-to-drink (Muscle Milk)","Nutritional beverages","1 fl oz","30000","floz","1","32","32.0000"
"2710720","Nutritional drink or shake, ready-to-drink (Muscle Milk)","Nutritional beverages","1 cup","10205","cup","1","256","256.0000"
"2710721","Nutritional drink or shake, ready-to-drink, light (Muscle Milk)","Nutritional beverages","1 cup","10205","cup","1","256","256.0000"
"2710721","Nutritional drink or shake, ready-to-drink, light (Muscle Milk)","Nutritional beverages","1 fl oz","30000","floz","1","32","32.0000"
"2710722","Nutritional drink or shake, ready-to-drink (Slim Fast)","Nutritional beverages","1 can (11 fl oz)","60496","can","1","341","341.0000"
"2710722","Nutritional drink or shake, ready-to-drink (Slim Fast)","Nutritional beverages","1 cup","10205","cup","1","248","248.0000"
"2710722","Nutritional drink or shake, ready-to-drink (Slim Fast)","Nutritional beverages","1 fl oz","30000","floz","1","31","31.0000"
"2710723","Nutritional drink or shake, ready-to-drink, sugar free (Slim Fast)","Nutritional beverages","1 cup","10205","cup","1","248","248.0000"
"2710723","Nutritional drink or shake, ready-to-drink, sugar free (Slim Fast)","Nutritional beverages","1 fl oz","30000","floz","1","31","31.0000"
"2710723","Nutritional drink or shake, ready-to-drink, sugar free (Slim Fast)","Nutritional beverages","1 can (11 fl oz)","60496","can","1","341","341.0000"
"2710724","Nutritional drink or shake, high protein, ready-to-drink (Slim Fast)","Nutritional beverages","1 can (11 fl oz)","60496","can","1","341","341.0000"
"2710724","Nutritional drink or shake, high protein, ready-to-drink (Slim Fast)","Nutritional beverages","1 fl oz","30000","floz","1","31","31.0000"
"2710724","Nutritional drink or shake, high protein, ready-to-drink (Slim Fast)","Nutritional beverages","1 cup","10205","cup","1","248","248.0000"
"2710725","Nutritional drink or shake, ready-to-drink, NFS","Nutritional beverages","1 can (12 fl oz)","60501","can","1","372","372.0000"
"2710725","Nutritional drink or shake, ready-to-drink, NFS","Nutritional beverages","1 cup","10205","cup","1","248","248.0000"
"2710725","Nutritional drink or shake, ready-to-drink, NFS","Nutritional beverages","1 fl oz","30000","floz","1","31","31.0000"
"2710726","Nutritional drink or shake, high protein, ready-to-drink, NFS","Nutritional beverages","1 fl oz","30000","floz","1","32","32.0000"
"2710726","Nutritional drink or shake, high protein, ready-to-drink, NFS","Nutritional beverages","1 cup","10205","cup","1","256","256.0000"
"2710727","Nutritional drink or shake, high protein, light, ready-to-drink, NFS","Nutritional beverages","1 cup","10205","cup","1","248","248.0000"
"2710727","Nutritional drink or shake, high protein, light, ready-to-drink, NFS","Nutritional beverages","1 fl oz","30000","floz","1","31","31.0000"
"2710728","Nutritional drink or shake, liquid, soy-based","Nutritional beverages","1 can (12 oz)","60502","can","1","370","370.0000"
"2710728","Nutritional drink or shake, liquid, soy-based","Nutritional beverages","1 cup","10205","cup","1","247","247.0000"
"2710729","Nutritional powder mix (Carnation Instant Breakfast)","Protein and nutritional powders","1 envelope","60734","envelope","1","37","37.0000"
"2710729","Nutritional powder mix (Carnation Instant Breakfast)","Protein and nutritional powders","1 tablespoon","21000","tbsp","1","7.4","7.4000"
"2710730","Nutritional powder mix, sugar free (Carnation Instant Breakfast)","Protein and nutritional powders","1 envelope","60734","envelope","1","20","20.0000"
"2710730","Nutritional powder mix, sugar free (Carnation Instant Breakfast)","Protein and nutritional powders","1 tablespoon","21000","tbsp","1","5.6","5.6000"
"2710731","Nutritional powder mix (EAS Whey Protein Powder)","Protein and nutritional powders","1 tablespoon","21000","tbsp","1","10","10.0000"
"2710732","Nutritional powder mix (EAS Soy Protein Powder)","Protein and nutritional powders","1 tablespoon","21000","tbsp","1","8","8.0000"
"2710734","Nutritional powder mix (Isopure)","Protein and nutritional powders","1 tablespoon","21000","tbsp","1","13","13.0000"
"2710742","Nutritional powder mix, whey based, NFS","Protein and nutritional powders","1 tablespoon","21000","tbsp","1","13","13.0000"
"2710743","Nutritional powder mix, protein, soy based, NFS","Protein and nutritional powders","1 tablespoon","21000","tbsp","1","18","18.0000"
"2710744","Nutritional powder mix, protein, light, NFS","Protein and nutritional powders","1 tablespoon","21000","tbsp","1","4","4.0000"
"2710745","Nutritional powder mix, protein, NFS","Protein and nutritional powders","1 tablespoon","21000","tbsp","1","15.5","15.5000"
"2710746","Energy drink (Full Throttle)","Sport and energy drinks","1 cup","10205","cup","1","248","248.0000"
"2710746","Energy drink (Full Throttle)","Sport and energy drinks","1 fl oz","30000","floz","1","31","31.0000"
"2710747","Energy drink (Monster)","Sport and energy drinks","1 fl oz","30000","floz","1","31","31.0000"
"2710747","Energy drink (Monster)","Sport and energy drinks","1 can (32 fl oz)","64514","can","1","992","992.0000"
"2710747","Energy drink (Monster)","Sport and energy drinks","1 can (8.3 fl oz)","64184","can","1","257","257.0000"
"2710747","Energy drink (Monster)","Sport and energy drinks","1 can (20 fl oz)","64513","can","1","620","620.0000"
"2710747","Energy drink (Monster)","Sport and energy drinks","1 can (12 fl oz)","60501","can","1","372","372.0000"
"2710748","Energy drink (Mountain Dew AMP)","Sport and energy drinks","1 fl oz","30000","floz","1","31","31.0000"
"2710748","Energy drink (Mountain Dew AMP)","Sport and energy drinks","1 can (16 fl oz)","64515","can","1","496","496.0000"
"2710748","Energy drink (Mountain Dew AMP)","Sport and energy drinks","1 cup","10205","cup","1","248","248.0000"
"2710748","Energy drink (Mountain Dew AMP)","Sport and energy drinks","1 can (24 fl oz)","64250","can","1","744","744.0000"
"2710749","Energy drink (No Fear)","Sport and energy drinks","1 fl oz","30000","floz","1","31","31.0000"
"2710749","Energy drink (No Fear)","Sport and energy drinks","1 cup","10205","cup","1","248","248.0000"
"2710749","Energy drink (No Fear)","Sport and energy drinks","1 can (8 fl oz)","60531","can","1","248","248.0000"
"2710750","Energy drink (No Fear Motherload)","Sport and energy drinks","1 fl oz","30000","floz","1","31","31.0000"
"2710750","Energy drink (No Fear Motherload)","Sport and energy drinks","1 cup","10205","cup","1","248","248.0000"
"2710750","Energy drink (No Fear Motherload)","Sport and energy drinks","1 can (8 fl oz)","60531","can","1","248","248.0000"
"2710751","Energy drink (NOS)","Sport and energy drinks","1 cup","10205","cup","1","248","248.0000"
"2710751","Energy drink (NOS)","Sport and energy drinks","1 fl oz","30000","floz","1","31","31.0000"
"2710751","Energy drink (NOS)","Sport and energy drinks","1 can (16 fl oz)","64515","can","1","496","496.0000"
"2710752","Energy drink (Red Bull)","Sport and energy drinks","1 can (16.9 fl oz)","64512","can","1","524","524.0000"
"2710752","Energy drink (Red Bull)","Sport and energy drinks","1 fl oz","30000","floz","1","31","31.0000"
"2710752","Energy drink (Red Bull)","Sport and energy drinks","1 can (12 fl oz)","60501","can","1","372","372.0000"
"2710752","Energy drink (Red Bull)","Sport and energy drinks","1 can (8.4 fl oz)","64511","can","1","260","260.0000"
"2710752","Energy drink (Red Bull)","Sport and energy drinks","1 can (20 fl oz)","64513","can","1","620","620.0000"
"2710752","Energy drink (Red Bull)","Sport and energy drinks","1 cup","10205","cup","1","248","248.0000"
"2710753","Energy drink (Rockstar)","Sport and energy drinks","1 cup","10205","cup","1","248","248.0000"
"2710753","Energy drink (Rockstar)","Sport and energy drinks","1 fl oz","30000","floz","1","31","31.0000"
"2710753","Energy drink (Rockstar)","Sport and energy drinks","1 can (24 fl oz)","64250","can","1","744","744.0000"
"2710753","Energy drink (Rockstar)","Sport and energy drinks","1 can (32 fl oz)","64514","can","1","992","992.0000"
"2710753","Energy drink (Rockstar)","Sport and energy drinks","1 can (8 fl oz)","60531","can","1","248","248.0000"
"2710754","Energy drink (SoBe Energize Energy Juice Drink)","Sport and energy drinks","1 fl oz","30000","floz","1","31","31.0000"
"2710754","Energy drink (SoBe Energize Energy Juice Drink)","Sport and energy drinks","1 cup","10205","cup","1","248","248.0000"
"2710755","Energy drink (Vault)","Sport and energy drinks","1 fl oz","30000","floz","1","31","31.0000"
"2710755","Energy drink (Vault)","Sport and energy drinks","1 cup","10205","cup","1","248","248.0000"
"2710755","Energy drink (Vault)","Sport and energy drinks","1 can (12 fl oz)","60501","can","1","372","372.0000"
"2710756","Energy Drink","Sport and energy drinks","1 cup","10205","cup","1","248","248.0000"
"2710756","Energy Drink","Sport and energy drinks","1 fl oz","30000","floz","1","31","31.0000"
"2710757","Energy drink, low calorie (Monster)","Diet sport and energy drinks","1 fl oz","30000","floz","1","30","30.0000"
"2710758","Energy drink, sugar free (Monster)","Diet sport and energy drinks","1 fl oz","30000","floz","1","30","30.0000"
"2710759","Energy drink, sugar free (Mountain Dew AMP)","Diet sport and energy drinks","1 fl oz","30000","floz","1","30","30.0000"
"2710759","Energy drink, sugar free (Mountain Dew AMP)","Diet sport and energy drinks","1 can (16 fl oz)","64515","can","1","480","480.0000"
"2710759","Energy drink, sugar free (Mountain Dew AMP)","Diet sport and energy drinks","1 can (24 fl oz)","64250","can","1","720","720.0000"
"2710759","Energy drink, sugar free (Mountain Dew AMP)","Diet sport and energy drinks","1 cup","10205","cup","1","240","240.0000"
"2710760","Energy drink, sugar free (No Fear)","Diet sport and energy drinks","1 cup","10205","cup","1","240","240.0000"
"2710760","Energy drink, sugar free (No Fear)","Diet sport and energy drinks","1 fl oz","30000","floz","1","30","30.0000"
"2710760","Energy drink, sugar free (No Fear)","Diet sport and energy drinks","1 can (8 fl oz)","60531","can","1","240","240.0000"
"2710761","Energy drink, sugar-free (NOS)","Diet sport and energy drinks","1 fl oz","30000","floz","1","30","30.0000"
"2710761","Energy drink, sugar-free (NOS)","Diet sport and energy drinks","1 cup","10205","cup","1","240","240.0000"
"2710761","Energy drink, sugar-free (NOS)","Diet sport and energy drinks","1 can (16 fl oz)","64515","can","1","480","480.0000"
"2710762","Energy drink (Ocean Spray Cran-Energy Juice Drink)","Sport and energy drinks","1 cup","10205","cup","1","248","248.0000"
"2710762","Energy drink (Ocean Spray Cran-Energy Juice Drink)","Sport and energy drinks","1 fl oz","30000","floz","1","31","31.0000"
"2710763","Energy drink, sugar-free (Red Bull)","Diet sport and energy drinks","1 can (8.4 fl oz)","64511","can","1","252","252.0000"
"2710763","Energy drink, sugar-free (Red Bull)","Diet sport and energy drinks","1 fl oz","30000","floz","1","30","30.0000"
"2710763","Energy drink, sugar-free (Red Bull)","Diet sport and energy drinks","1 cup","10205","cup","1","240","240.0000"
"2710763","Energy drink, sugar-free (Red Bull)","Diet sport and energy drinks","1 can (20 fl oz)","64513","can","1","600","600.0000"
"2710763","Energy drink, sugar-free (Red Bull)","Diet sport and energy drinks","1 can (16.9 fl oz)","64512","can","1","507","507.0000"
"2710763","Energy drink, sugar-free (Red Bull)","Diet sport and energy drinks","1 can (12 fl oz)","60501","can","1","360","360.0000"
"2710764","Energy drink, sugar free (Rockstar)","Diet sport and energy drinks","1 fl oz","30000","floz","1","30","30.0000"
"2710764","Energy drink, sugar free (Rockstar)","Diet sport and energy drinks","1 can (24 fl oz)","64250","can","1","720","720.0000"
"2710764","Energy drink, sugar free (Rockstar)","Diet sport and energy drinks","1 can (8 fl oz)","60531","can","1","240","240.0000"
"2710764","Energy drink, sugar free (Rockstar)","Diet sport and energy drinks","1 cup","10205","cup","1","240","240.0000"
"2710765","Energy drink, sugar free (Vault)","Diet sport and energy drinks","1 can (12 fl oz)","60501","can","1","360","360.0000"
"2710765","Energy drink, sugar free (Vault)","Diet sport and energy drinks","1 fl oz","30000","floz","1","30","30.0000"
"2710765","Energy drink, sugar free (Vault)","Diet sport and energy drinks","1 cup","10205","cup","1","240","240.0000"
"2710766","Energy drink (XS)","Sport and energy drinks","1 cup","10205","cup","1","248","248.0000"
"2710766","Energy drink (XS)","Sport and energy drinks","1 can","60482","can","1","260","260.0000"
"2710766","Energy drink (XS)","Sport and energy drinks","1 fl oz","30000","floz","1","31","31.0000"
"2710767","Energy drink (XS Gold Plus)","Sport and energy drinks","1 can","60482","can","1","260","260.0000"
"2710767","Energy drink (XS Gold Plus)","Sport and energy drinks","1 cup","10205","cup","1","248","248.0000"
"2710767","Energy drink (XS Gold Plus)","Sport and energy drinks","1 fl oz","30000","floz","1","31","31.0000"
"2710768","Energy drink, sugar free","Diet sport and energy drinks","1 fl oz","30000","floz","1","30","30.0000"
"2710768","Energy drink, sugar free","Diet sport and energy drinks","1 cup","10205","cup","1","240","240.0000"
"2710769","Sports drink (Gatorade G)","Sport and energy drinks","1 cup","10205","cup","1","248","248.0000"
"2710769","Sports drink (Gatorade G)","Sport and energy drinks","1 fl oz","30000","floz","1","31","31.0000"
"2710770","Sports drink (Powerade)","Sport and energy drinks","1 cup","10205","cup","1","248","248.0000"
"2710770","Sports drink (Powerade)","Sport and energy drinks","1 fl oz","30000","floz","1","31","31.0000"
"2710771","Sports drink, NFS","Sport and energy drinks","1 fl oz","30000","floz","1","31","31.0000"
"2710771","Sports drink, NFS","Sport and energy drinks","1 cup","10205","cup","1","248","248.0000"
"2710772","Sports drink, low calorie (Gatorade G2)","Diet sport and energy drinks","1 cup","10205","cup","1","240","240.0000"
"2710772","Sports drink, low calorie (Gatorade G2)","Diet sport and energy drinks","1 fl oz","30000","floz","1","30","30.0000"
"2710773","Sports drink, low calorie (Powerade Zero)","Diet sport and energy drinks","1 cup","10205","cup","1","240","240.0000"
"2710773","Sports drink, low calorie (Powerade Zero)","Diet sport and energy drinks","1 fl oz","30000","floz","1","30","30.0000"
"2710774","Sports drink, low calorie","Diet sport and energy drinks","1 cup","10205","cup","1","240","240.0000"
"2710774","Sports drink, low calorie","Diet sport and energy drinks","1 fl oz","30000","floz","1","30","30.0000"
"2710775","Fluid replacement, electrolyte solution","Sport and energy drinks","1 fl oz (with ice)","30009","floz","1","23","23.0000"
"2710775","Fluid replacement, electrolyte solution","Sport and energy drinks","1 fl oz (no ice)","30001","floz","1","31","31.0000"
"2710775","Fluid replacement, electrolyte solution","Sport and energy drinks","1 fl oz (NFS)","30008","floz","1","31","31.0000"
"2710776","Fluid replacement, 5% glucose in water","Sport and energy drinks","1 fl oz","30000","floz","1","30","30.0000"
"2710776","Fluid replacement, 5% glucose in water","Sport and energy drinks","1 cup","10205","cup","1","240","240.0000"
"2710777","Fruit juice, acai blend","Fruit drinks","1 fl oz (with ice)","30009","floz","1","23","23.0000"
"2710777","Fruit juice, acai blend","Fruit drinks","1 fl oz (no ice)","30001","floz","1","31","31.0000"
"2710777","Fruit juice, acai blend","Fruit drinks","1 fl oz (NFS)","30008","floz","1","31","31.0000"
"2710778","Cheese as ingredient in sandwiches","Not included in a food category","1 fl oz (with ice)","30009","floz","1","23","23.0000"
"2710778","Cheese as ingredient in sandwiches","Not included in a food category","1 fl oz (no ice)","30001","floz","1","31","31.0000"
"2710778","Cheese as ingredient in sandwiches","Not included in a food category","1 fl oz (NFS)","30008","floz","1","31","31.0000"
"2710779","Cheese and Queso as ingredient","Not included in a food category","1 fl oz (with ice)","30009","floz","1","23","23.0000"
"2710779","Cheese and Queso as ingredient","Not included in a food category","1 fl oz (no ice)","30001","floz","1","31","31.0000"
"2710779","Cheese and Queso as ingredient","Not included in a food category","1 fl oz (NFS)","30008","floz","1","31","31.0000"
"2710780","Beef as ingredient in recipes","Not included in a food category","1 fl oz (with ice)","30009","floz","1","23","23.0000"
"2710780","Beef as ingredient in recipes","Not included in a food category","1 fl oz (no ice)","30001","floz","1","31","31.0000"
"2710780","Beef as ingredient in recipes","Not included in a food category","1 fl oz (NFS)","30008","floz","1","31","31.0000"
"2710781","Breakfast meat as ingredient in omelet","Not included in a food category","1 fl oz (with ice)","30009","floz","1","23","23.0000"
"2710781","Breakfast meat as ingredient in omelet","Not included in a food category","1 fl oz (no ice)","30001","floz","1","31","31.0000"
"2710781","Breakfast meat as ingredient in omelet","Not included in a food category","1 fl oz (NFS)","30008","floz","1","31","31.0000"
"2710782","Chicken as ingredient in recipes","Not included in a food category","1 fl oz (with ice)","30009","floz","1","23","23.0000"
"2710782","Chicken as ingredient in recipes","Not included in a food category","1 fl oz (no ice)","30001","floz","1","31","31.0000"
"2710782","Chicken as ingredient in recipes","Not included in a food category","1 fl oz (NFS)","30008","floz","1","31","31.0000"
"2710783","Fish, cooked, as ingredient","Not included in a food category","1 fl oz (with ice)","30009","floz","1","23","23.0000"
"2710783","Fish, cooked, as ingredient","Not included in a food category","1 fl oz (no ice)","30001","floz","1","31","31.0000"
"2710783","Fish, cooked, as ingredient","Not included in a food category","1 fl oz (NFS)","30008","floz","1","31","31.0000"
"2710784","Fish fillet, fried as ingredient in sandwiches","Not included in a food category","1 fl oz (with ice)","30009","floz","1","23","23.0000"
"2710784","Fish fillet, fried as ingredient in sandwiches","Not included in a food category","1 fl oz (no ice)","30001","floz","1","31","31.0000"
"2710784","Fish fillet, fried as ingredient in sandwiches","Not included in a food category","1 fl oz (NFS)","30008","floz","1","31","31.0000"
"2710785","Breading or batter as ingredient in food","Not included in a food category","1 fl oz (with ice)","30009","floz","1","23","23.0000"
"2710785","Breading or batter as ingredient in food","Not included in a food category","1 fl oz (no ice)","30001","floz","1","31","31.0000"
"2710785","Breading or batter as ingredient in food","Not included in a food category","1 fl oz (NFS)","30008","floz","1","31","31.0000"
"2710786","Wheat bread as ingredient in sandwiches","Not included in a food category","1 fl oz (with ice)","30009","floz","1","23","23.0000"
"2710786","Wheat bread as ingredient in sandwiches","Not included in a food category","1 fl oz (no ice)","30001","floz","1","31","31.0000"
"2710786","Wheat bread as ingredient in sandwiches","Not included in a food category","1 fl oz (NFS)","30008","floz","1","31","31.0000"
"2710787","Wheat bun as ingredient in sandwiches","Not included in a food category","1 fl oz (with ice)","30009","floz","1","23","23.0000"
"2710787","Wheat bun as ingredient in sandwiches","Not included in a food category","1 fl oz (no ice)","30001","floz","1","31","31.0000"
"2710787","Wheat bun as ingredient in sandwiches","Not included in a food category","1 fl oz (NFS)","30008","floz","1","31","31.0000"
"2710788","Rice, white, cooked, as ingredient","Not included in a food category","1 fl oz (with ice)","30009","floz","1","23","23.0000"
"2710788","Rice, white, cooked, as ingredient","Not included in a food category","1 fl oz (no ice)","30001","floz","1","31","31.0000"
"2710788","Rice, white, cooked, as ingredient","Not included in a food category","1 fl oz (NFS)","30008","floz","1","31","31.0000"
"2710789","Rice, brown, cooked, as ingredient","Not included in a food category","1 fl oz (with ice)","30009","floz","1","23","23.0000"
"2710789","Rice, brown, cooked, as ingredient","Not included in a food category","1 fl oz (no ice)","30001","floz","1","31","31.0000"
"2710789","Rice, brown, cooked, as ingredient","Not included in a food category","1 fl oz (NFS)","30008","floz","1","31","31.0000"
"2710790","Potato, cooked, as ingredient","Not included in a food category","1 fl oz (with ice)","30009","floz","1","23","23.0000"
"2710790","Potato, cooked, as ingredient","Not included in a food category","1 fl oz (no ice)","30001","floz","1","31","31.0000"
"2710790","Potato, cooked, as ingredient","Not included in a food category","1 fl oz (NFS)","30008","floz","1","31","31.0000"
"2710791","Spinach, cooked, as ingredient","Not included in a food category","1 fl oz (with ice)","30009","floz","1","23","23.0000"
"2710791","Spinach, cooked, as ingredient","Not included in a food category","1 fl oz (no ice)","30001","floz","1","31","31.0000"
"2710791","Spinach, cooked, as ingredient","Not included in a food category","1 fl oz (NFS)","30008","floz","1","31","31.0000"
"2710792","Broccoli, cooked, as ingredient","Not included in a food category","1 fl oz (with ice)","30009","floz","1","23","23.0000"
"2710792","Broccoli, cooked, as ingredient","Not included in a food category","1 fl oz (no ice)","30001","floz","1","31","31.0000"
"2710792","Broccoli, cooked, as ingredient","Not included in a food category","1 fl oz (NFS)","30008","floz","1","31","31.0000"
"2710793","Carrots, cooked, as ingredient","Not included in a food category","1 fl oz (with ice)","30009","floz","1","23","23.0000"
"2710793","Carrots, cooked, as ingredient","Not included in a food category","1 fl oz (no ice)","30001","floz","1","31","31.0000"
"2710793","Carrots, cooked, as ingredient","Not included in a food category","1 fl oz (NFS)","30008","floz","1","31","31.0000"
"2710794","Sweet potato, cooked, as ingredient","Not included in a food category","1 fl oz (with ice)","30009","floz","1","23","23.0000"
"2710794","Sweet potato, cooked, as ingredient","Not included in a food category","1 fl oz (no ice)","30001","floz","1","31","31.0000"
"2710794","Sweet potato, cooked, as ingredient","Not included in a food category","1 fl oz (NFS)","30008","floz","1","31","31.0000"
"2710795","Tomatoes, cooked, as ingredient","Not included in a food category","1 fl oz (with ice)","30009","floz","1","23","23.0000"
"2710795","Tomatoes, cooked, as ingredient","Not included in a food category","1 fl oz (no ice)","30001","floz","1","31","31.0000"
"2710795","Tomatoes, cooked, as ingredient","Not included in a food category","1 fl oz (NFS)","30008","floz","1","31","31.0000"
"2710796","Onions, cooked, as ingredient","Not included in a food category","1 fl oz (with ice)","30009","floz","1","23","23.0000"
"2710796","Onions, cooked, as ingredient","Not included in a food category","1 fl oz (no ice)","30001","floz","1","31","31.0000"
"2710796","Onions, cooked, as ingredient","Not included in a food category","1 fl oz (NFS)","30008","floz","1","31","31.0000"
"2710797","Mushrooms, cooked, as ingredient","Not included in a food category","1 fl oz (with ice)","30009","floz","1","23","23.0000"
"2710797","Mushrooms, cooked, as ingredient","Not included in a food category","1 fl oz (no ice)","30001","floz","1","31","31.0000"
"2710797","Mushrooms, cooked, as ingredient","Not included in a food category","1 fl oz (NFS)","30008","floz","1","31","31.0000"
"2710798","Green pepper, cooked, as ingredient","Not included in a food category","1 fl oz (with ice)","30009","floz","1","23","23.0000"
"2710798","Green pepper, cooked, as ingredient","Not included in a food category","1 fl oz (no ice)","30001","floz","1","31","31.0000"
"2710798","Green pepper, cooked, as ingredient","Not included in a food category","1 fl oz (NFS)","30008","floz","1","31","31.0000"
"2710799","Red pepper, cooked, as ingredient","Not included in a food category","1 fl oz (with ice)","30009","floz","1","23","23.0000"
"2710799","Red pepper, cooked, as ingredient","Not included in a food category","1 fl oz (no ice)","30001","floz","1","31","31.0000"
"2710799","Red pepper, cooked, as ingredient","Not included in a food category","1 fl oz (NFS)","30008","floz","1","31","31.0000"
"2710800","Cabbage, cooked, as ingredient","Not included in a food category","1 fl oz (with ice)","30009","floz","1","23","23.0000"
"2710800","Cabbage, cooked, as ingredient","Not included in a food category","1 fl oz (no ice)","30001","floz","1","31","31.0000"
"2710800","Cabbage, cooked, as ingredient","Not included in a food category","1 fl oz (NFS)","30008","floz","1","31","31.0000"
"2710801","Cauliflower, cooked, as ingredient","Not included in a food category","1 fl oz (with ice)","30009","floz","1","23","23.0000"
"2710801","Cauliflower, cooked, as ingredient","Not included in a food category","1 fl oz (no ice)","30001","floz","1","31","31.0000"
"2710801","Cauliflower, cooked, as ingredient","Not included in a food category","1 fl oz (NFS)","30008","floz","1","31","31.0000"
"2710802","Eggplant, cooked, as ingredient","Not included in a food category","1 fl oz (with ice)","30009","floz","1","23","23.0000"
"2710802","Eggplant, cooked, as ingredient","Not included in a food category","1 fl oz (no ice)","30001","floz","1","31","31.0000"
"2710802","Eggplant, cooked, as ingredient","Not included in a food category","1 fl oz (NFS)","30008","floz","1","31","31.0000"
"2710803","Green beans, cooked, as ingredient","Not included in a food category","1 fl oz (with ice)","30009","floz","1","23","23.0000"
"2710803","Green beans, cooked, as ingredient","Not included in a food category","1 fl oz (no ice)","30001","floz","1","31","31.0000"
"2710803","Green beans, cooked, as ingredient","Not included in a food category","1 fl oz (NFS)","30008","floz","1","31","31.0000"
"2710804","Summer squash, cooked, as ingredient","Not included in a food category","1 fl oz (with ice)","30009","floz","1","23","23.0000"
"2710804","Summer squash, cooked, as ingredient","Not included in a food category","1 fl oz (no ice)","30001","floz","1","31","31.0000"
"2710804","Summer squash, cooked, as ingredient","Not included in a food category","1 fl oz (NFS)","30008","floz","1","31","31.0000"
"2710805","Celery, cooked, as ingredient","Not included in a food category","1 fl oz (with ice)","30009","floz","1","23","23.0000"
"2710805","Celery, cooked, as ingredient","Not included in a food category","1 fl oz (no ice)","30001","floz","1","31","31.0000"
"2710805","Celery, cooked, as ingredient","Not included in a food category","1 fl oz (NFS)","30008","floz","1","31","31.0000"
"2710806","Dark green vegetables as ingredient in omelet","Not included in a food category","1 fl oz (with ice)","30009","floz","1","23","23.0000"
"2710806","Dark green vegetables as ingredient in omelet","Not included in a food category","1 fl oz (no ice)","30001","floz","1","31","31.0000"
"2710806","Dark green vegetables as ingredient in omelet","Not included in a food category","1 fl oz (NFS)","30008","floz","1","31","31.0000"
"2710807","Tomatoes as ingredient in omelet","Not included in a food category","1 fl oz (with ice)","30009","floz","1","23","23.0000"
"2710807","Tomatoes as ingredient in omelet","Not included in a food category","1 fl oz (no ice)","30001","floz","1","31","31.0000"
"2710807","Tomatoes as ingredient in omelet","Not included in a food category","1 fl oz (NFS)","30008","floz","1","31","31.0000"
"2710808","Other vegetables as ingredient in omelet","Not included in a food category","1 fl oz (with ice)","30009","floz","1","23","23.0000"
"2710808","Other vegetables as ingredient in omelet","Not included in a food category","1 fl oz (no ice)","30001","floz","1","31","31.0000"
"2710808","Other vegetables as ingredient in omelet","Not included in a food category","1 fl oz (NFS)","30008","floz","1","31","31.0000"
"2710809","Mirepoix, cooked, as ingredient","Not included in a food category","1 fl oz (with ice)","30009","floz","1","23","23.0000"
"2710809","Mirepoix, cooked, as ingredient","Not included in a food category","1 fl oz (no ice)","30001","floz","1","31","31.0000"
"2710809","Mirepoix, cooked, as ingredient","Not included in a food category","1 fl oz (NFS)","30008","floz","1","31","31.0000"
"2710810","Vegetables as ingredient in curry","Not included in a food category","1 fl oz (with ice)","30009","floz","1","23","23.0000"
"2710810","Vegetables as ingredient in curry","Not included in a food category","1 fl oz (no ice)","30001","floz","1","31","31.0000"
"2710810","Vegetables as ingredient in curry","Not included in a food category","1 fl oz (NFS)","30008","floz","1","31","31.0000"
"2710811","Vegetables as ingredient in soups","Not included in a food category","1 fl oz (with ice)","30009","floz","1","23","23.0000"
"2710811","Vegetables as ingredient in soups","Not included in a food category","1 fl oz (no ice)","30001","floz","1","31","31.0000"
"2710811","Vegetables as ingredient in soups","Not included in a food category","1 fl oz (NFS)","30008","floz","1","31","31.0000"
"2710812","Vegetables as ingredient in stews","Not included in a food category","1 fl oz (with ice)","30009","floz","1","23","23.0000"
"2710812","Vegetables as ingredient in stews","Not included in a food category","1 fl oz (no ice)","30001","floz","1","31","31.0000"
"2710812","Vegetables as ingredient in stews","Not included in a food category","1 fl oz (NFS)","30008","floz","1","31","31.0000"
"2710813","Sauce as ingredient in hamburgers","Not included in a food category","1 fl oz (with ice)","30009","floz","1","23","23.0000"
"2710813","Sauce as ingredient in hamburgers","Not included in a food category","1 fl oz (no ice)","30001","floz","1","31","31.0000"
"2710813","Sauce as ingredient in hamburgers","Not included in a food category","1 fl oz (NFS)","30008","floz","1","31","31.0000"
"2710814","Industrial oil as ingredient in food","Not included in a food category","1 fl oz (with ice)","30009","floz","1","23","23.0000"
"2710814","Industrial oil as ingredient in food","Not included in a food category","1 fl oz (no ice)","30001","floz","1","31","31.0000"
"2710814","Industrial oil as ingredient in food","Not included in a food category","1 fl oz (NFS)","30008","floz","1","31","31.0000"
