"dish_id","cafe","scan_ts","official_rgb_split","official_depth_split","plate_cluster","my_split","total_mass_g","total_calories_kcal","n_ingredients","ingredient_names"
"dish_1550704750","cafe1","1550704750","train","none","cafe1_c00001","train","83.0","136.949997","1","chicken"
"dish_1550704903","cafe1","1550704903","test","none","cafe1_c00002","test","76.0","30.4","1","bell peppers"
"dish_1550705288","cafe1","1550705288","test","none","cafe1_c00003","test","100.0","77.0","1","potatoes"
"dish_1550705370","cafe1","1550705370","test","none","cafe1_c00004","test","49.0","122.5","1","beef"
"dish_1550705445","cafe1","1550705445","test","none","cafe1_c00005","test","40.0","4.0","1","cucumbers"
"dish_1550705477","cafe1","1550705477","test","none","cafe1_c00006","test","188.0","203.5","3","potatoes|beef|cucumbers"
"dish_1550705504","cafe1","1550705504","test","none","cafe1_c00007","test","189.0","203.5","3","potatoes|beef|cucumbers"
"dish_1550705535","cafe1","1550705535","train","none","cafe1_c00008","dev","75.0","18.75","1","cauliflower"
"dish_1550705580","cafe1","1550705580","train","none","cafe1_c00009","train","66.0","108.900002","1","chicken"
"dish_1550705623","cafe1","1550705623","train","none","cafe1_c00010","train","51.0","20.4","1","bell peppers"
"dish_1550705669","cafe1","1550705669","train","none","cafe1_c00011","train","191.0","148.050003","3","chicken|bell peppers|cauliflower"
"dish_1550705724","cafe1","1550705724","train","none","cafe1_c00012","train","190.0","148.050003","3","bell peppers|cauliflower|chicken"
"dish_1550705786","cafe1","1550705786","test","none","cafe1_c00013","test","63.0","382.410004","1","nuts"
"dish_1550705888","cafe1","1550705888","test","none","cafe1_c00014","test","93.0","71.610001","1","potatoes"
"dish_1550705939","cafe1","1550705939","test","none","cafe1_c00015","test","38.0","95.0","1","beef"
"dish_1550705995","cafe1","1550705995","test","none","cafe1_c00016","test","193.0","549.02002","3","nuts|potatoes|beef"
"dish_1550706037","cafe1","1550706037","train","none","cafe1_c00017","train","193.0","549.02002","3","potatoes|nuts|beef"
"dish_1550706096","cafe1","1550706096","train","none","cafe1_c00018","train","45.0","18.0","1","bell peppers"
"dish_1550706177","cafe1","1550706177","train","none","cafe1_c00019","train","87.0","29.58","1","tomatoes"
"dish_1550706237","cafe1","1550706237","train","none","cafe1_c00020","train","50.0","132.699997","1","bread"
"dish_1550706283","cafe1","1550706283","train","none","cafe1_c00021","dev","181.0","180.279999","3","bread|tomatoes|bell peppers"
"dish_1550706325","cafe1","1550706325","train","none","cafe1_c00022","train","181.0","180.279999","3","bell peppers|tomatoes|bread"
"dish_1550706448","cafe1","1550706448","test","none","cafe1_c00023","test","85.0","8.5","1","cucumbers"
"dish_1550706583","cafe1","1550706583","test","none","cafe1_c00024","test","151.0","249.149994","1","chicken"
"dish_1550706639","cafe1","1550706639","test","none","cafe1_c00025","test","89.0","22.25","1","cauliflower"
"dish_1550706705","cafe1","1550706705","test","none","cafe1_c00026","test","323.0","279.899994","3","chicken|cucumbers|cauliflower"
"dish_1550706766","cafe1","1550706766","train","none","cafe1_c00027","train","323.0","279.899994","3","cucumbers|chicken|cauliflower"
"dish_1550706891","cafe1","1550706891","train","none","cafe1_c00028","train","102.0","150.960007","1","scrambled eggs"
"dish_1550706945","cafe1","1550706945","train","none","cafe1_c00029","dev","118.0","90.860001","1","potatoes"
"dish_1550707056","cafe1","1550707056","train","none","cafe1_c00030","train","117.0","403.182007","1","sausage"
"dish_1550707110","cafe1","1550707110","train","none","cafe1_c00031","train","334.0","645.002014","3","sausage|scrambled eggs|potatoes"
"dish_1550707156","cafe1","1550707156","train","none","cafe1_c00032","train","335.0","645.002014","3","scrambled eggs|potatoes|sausage"
"dish_1550707236","cafe1","1550707236","train","none","cafe1_c00033","train","48.0","127.391998","1","bread"
"dish_1550707357","cafe1","1550707357","train","none","cafe1_c00034","train","136.0","92.480003","1","oatmeal"
"dish_1550707504","cafe1","1550707504","train","none","cafe1_c00035","train","85.0","125.800003","1","scrambled eggs"
"dish_1550707578","cafe1","1550707578","train","none","cafe1_c00036","train","265.0","345.671997","3","scrambled eggs|oatmeal|bread"
"dish_1550707638","cafe1","1550707638","test","none","cafe1_c00037","test","265.0","345.671997","3","scrambled eggs|oatmeal|bread"
"dish_1550707756","cafe1","1550707756","test","none","cafe1_c00038","test","35.0","87.5","1","beef"
"dish_1550707850","cafe1","1550707850","test","none","cafe1_c00039","test","43.0","17.200001","1","bell peppers"
"dish_1550707914","cafe1","1550707914","test","none","cafe1_c00040","test","29.0","11.89","1","carrot"
"dish_1550707958","cafe1","1550707958","test","none","cafe1_c00041","test","107.0","116.589996","3","beef|bell peppers|carrot"
"dish_1550707995","cafe1","1550707995","train","none","cafe1_c00042","train","107.0","116.589996","3","carrot|beef|bell peppers"
"dish_1550708152","cafe1","1550708152","train","none","cafe1_c00043","train","59.0","20.059999","1","tomatoes"
"dish_1550708221","cafe1","1550708221","train","none","cafe1_c00044","train","57.0","41.610001","1","tofu"
"dish_1550708280","cafe1","1550708280","train","none","cafe1_c00045","train","54.0","5.4","1","cucumbers"
"dish_1550708327","cafe1","1550708327","train","none","cafe1_c00046","train","170.0","67.07","3","tofu|cucumbers|tomatoes"
"dish_1550708366","cafe1","1550708366","test","none","cafe1_c00047","test","170.0","67.07","3","tofu|cucumbers|tomatoes"
"dish_1550708440","cafe1","1550708440","train","none","cafe1_c00048","train","75.0","37.5","1","pineapple"
"dish_1550708487","cafe1","1550708487","train","none","cafe1_c00049","dev","34.0","136.679993","1","cheese"
"dish_1550708556","cafe1","1550708556","train","none","cafe1_c00050","train","67.0","99.160004","1","scrambled eggs"
"dish_1550708638","cafe1","1550708638","train","none","cafe1_c00051","train","175.0","273.339996","3","pineapple|cheese|scrambled eggs"
"dish_1550708702","cafe1","1550708702","train","none","cafe1_c00052","dev","175.0","273.339996","3","cheese|scrambled eggs|pineapple"
"dish_1550708875","cafe1","1550708875","train","none","cafe1_c00053","train","41.0","248.87001","1","nuts"
"dish_1550708945","cafe1","1550708945","train","none","cafe1_c00054","dev","37.0","92.5","1","beef"
"dish_1550708985","cafe1","1550708985","train","none","cafe1_c00055","train","72.0","28.800001","1","bell peppers"
"dish_1550709028","cafe1","1550709028","train","none","cafe1_c00056","train","149.0","370.170013","3","bell peppers|nuts|beef"
"dish_1550709129","cafe1","1550709129","train","none","cafe1_c00057","train","149.0","370.170013","3","bell peppers|nuts|beef"
"dish_1550710177","cafe1","1550710177","train","none","cafe1_c00058","train","46.0","23.0","1","pineapple"
"dish_1550710207","cafe1","1550710207","train","none","cafe1_c00059","dev","91.0","150.149994","1","chicken"
"dish_1550710279","cafe1","1550710279","train","none","cafe1_c00060","train","22.0","9.02","1","carrot"
"dish_1550710318","cafe1","1550710318","train","none","cafe1_c00061","train","158.0","182.169998","3","pineapple|carrot|chicken"
"dish_1550710342","cafe1","1550710342","train","none","cafe1_c00062","train","158.0","182.169998","3","pineapple|carrot|chicken"
"dish_1550710402","cafe1","1550710402","train","none","cafe1_c00063","dev","75.0","18.75","1","cauliflower"
"dish_1550710448","cafe1","1550710448","train","none","cafe1_c00064","train","67.0","48.91","1","tofu"
"dish_1550710507","cafe1","1550710507","train","none","cafe1_c00065","dev","60.0","20.4","1","tomatoes"
"dish_1550710542","cafe1","1550710542","train","none","cafe1_c00066","train","201.0","88.059998","3","tofu|tomatoes|cauliflower"
"dish_1550710577","cafe1","1550710577","train","none","cafe1_c00067","train","201.0","88.059998","3","tofu|tomatoes|cauliflower"
"dish_1550710612","cafe1","1550710612","train","none","cafe1_c00068","train","43.0","261.01001","1","nuts"
"dish_1550710664","cafe1","1550710664","train","none","cafe1_c00069","train","71.0","7.1","1","cucumbers"
"dish_1550710715","cafe1","1550710715","train","none","cafe1_c00070","train","31.0","82.274002","1","bread"
"dish_1550710758","cafe1","1550710758","train","none","cafe1_c00071","train","143.0","350.384033","3","cucumbers|nuts|bread"
"dish_1550710793","cafe1","1550710793","train","none","cafe1_c00072","train","143.0","350.384033","3","nuts|cucumbers|bread"
"dish_1550710845","cafe1","1550710845","train","none","cafe1_c00073","train","36.0","18.0","1","pineapple"
"dish_1550710917","cafe1","1550710917","train","none","cafe1_c00074","train","40.0","16.0","1","bell peppers"
"dish_1550711017","cafe1","1550711017","train","none","cafe1_c00075","train","29.0","72.5","1","beef"
"dish_1550711066","cafe1","1550711066","train","none","cafe1_c00076","train","102.0","106.5","3","bell peppers|pineapple|beef"
"dish_1550711094","cafe1","1550711094","train","none","cafe1_c00077","dev","102.0","106.5","3","bell peppers|pineapple|beef"
"dish_1550711129","cafe1","1550711129","train","none","cafe1_c00078","train","82.0","121.360001","1","scrambled eggs"
"dish_1550711187","cafe1","1550711187","train","none","cafe1_c00079","train","82.0","63.139999","1","potatoes"
"dish_1550711244","cafe1","1550711244","train","none","cafe1_c00080","train","174.0","118.32","1","oatmeal"
"dish_1550711314","cafe1","1550711314","train","none","cafe1_c00081","train","335.0","302.820007","3","oatmeal|potatoes|scrambled eggs"
"dish_1550711385","cafe1","1550711385","train","none","cafe1_c00082","train","335.0","302.820007","3","scrambled eggs|potatoes|oatmeal"
"dish_1550711488","cafe1","1550711488","train","none","cafe1_c00083","dev","90.0","65.700005","1","tofu"
"dish_1550711598","cafe1","1550711598","train","none","cafe1_c00084","train","91.0","22.75","1","cauliflower"
"dish_1550711688","cafe1","1550711688","train","none","cafe1_c00085","dev","77.0","7.7","1","cucumbers"
"dish_1550711746","cafe1","1550711746","train","none","cafe1_c00086","train","255.0","96.150009","3","cauliflower|cucumbers|tofu"
"dish_1550711788","cafe1","1550711788","test","none","cafe1_c00087","test","255.0","96.150002","3","tofu|cucumbers|cauliflower"
"dish_1550711845","cafe1","1550711845","train","none","cafe1_c00088","train","67.0","26.800001","1","bell peppers"
"dish_1550711973","cafe1","1550711973","train","none","cafe1_c00089","train","59.0","16.52","1","mixed greens"
"dish_1550712024","cafe1","1550712024","train","none","cafe1_c00090","train","88.0","29.92","1","tomatoes"
"dish_1550712079","cafe1","1550712079","train","none","cafe1_c00091","train","210.0","73.239998","3","bell peppers|mixed greens|tomatoes"
"dish_1550712143","cafe1","1550712143","train","none","cafe1_c00092","train","211.0","73.239998","3","bell peppers|mixed greens|tomatoes"
"dish_1550712315","cafe1","1550712315","train","none","cafe1_c00093","train","29.0","8.12","1","mixed greens"
"dish_1550712369","cafe1","1550712369","train","none","cafe1_c00094","train","90.0","148.5","1","chicken"
"dish_1550712403","cafe1","1550712403","train","none","cafe1_c00095","train","25.0","100.5","1","cheese"
"dish_1550712459","cafe1","1550712459","train","none","cafe1_c00096","dev","141.0","257.119995","3","cheese|chicken|mixed greens"
"dish_1550712486","cafe1","1550712486","train","none","cafe1_c00097","train","141.0","257.119995","3","cheese|chicken|mixed greens"
"dish_1550712524","cafe1","1550712524","train","none","cafe1_c00098","train","36.0","218.520004","1","nuts"
"dish_1550712556","cafe1","1550712556","train","none","cafe1_c00099","dev","63.0","6.3","1","cucumbers"
"dish_1550712585","cafe1","1550712585","train","none","cafe1_c00100","train","52.0","20.800001","1","bell peppers"
"dish_1550712622","cafe1","1550712622","train","none","cafe1_c00101","train","148.0","245.62001","3","nuts|bell peppers|cucumbers"
"dish_1550712654","cafe1","1550712654","train","none","cafe1_c00102","train","148.0","245.62001","3","nuts|cucumbers|bell peppers"
"dish_1550712681","cafe1","1550712681","train","none","cafe1_c00103","train","36.0","10.08","1","mixed greens"
"dish_1550712729","cafe1","1550712729","train","none","cafe1_c00104","train","92.0","317.032013","1","sausage"
"dish_1550712805","cafe1","1550712805","train","none","cafe1_c00105","train","48.0","291.360016","1","nuts"
"dish_1550712839","cafe1","1550712839","train","none","cafe1_c00106","dev","173.0","618.472046","3","sausage|mixed greens|nuts"
"dish_1550712877","cafe1","1550712877","train","none","cafe1_c00107","train","172.0","618.472046","3","sausage|mixed greens|nuts"
"dish_1550712913","cafe1","1550712913","train","none","cafe1_c00108","train","64.0","46.720001","1","tofu"
"dish_1550712961","cafe1","1550712961","train","none","cafe1_c00109","train","97.0","32.98","1","tomatoes"
"dish_1550713065","cafe1","1550713065","train","none","cafe1_c00110","train","57.0","345.990021","1","nuts"
"dish_1550713114","cafe1","1550713114","train","none","cafe1_c00111","train","218.0","425.690033","3","tomatoes|nuts|tofu"
"dish_1550713174","cafe1","1550713174","train","none","cafe1_c00112","train","218.0","425.690033","3","tomatoes|nuts|tofu"
"dish_1550713388","cafe1","1550713388","train","none","cafe1_c00113","train","47.0","77.549995","1","chicken"
"dish_1550713423","cafe1","1550713423","train","none","cafe1_c00114","train","82.0","8.2","1","cucumbers"
"dish_1550713462","cafe1","1550713462","train","none","cafe1_c00115","train","61.0","44.530003","1","tofu"
"dish_1550713503","cafe1","1550713503","train","none","cafe1_c00116","train","187.0","130.279999","3","cucumbers|tofu|chicken"
"dish_1550713566","cafe1","1550713566","test","none","cafe1_c00117","test","187.0","130.279999","3","cucumbers|tofu|chicken"
"dish_1550769483","cafe1","1550769483","train","none","cafe1_c00118","train","21.0","113.610001","1","bacon"
"dish_1550769725","cafe1","1550769725","train","none","cafe1_c00119","train","66.0","50.82","1","potatoes"
"dish_1550769827","cafe1","1550769827","train","none","cafe1_c00120","train","105.0","35.700001","1","cantaloupe"
"dish_1550769882","cafe1","1550769882","train","none","cafe1_c00121","dev","192.0","200.12999","3","bacon|potatoes|cantaloupe"
"dish_1550769948","cafe1","1550769948","test","none","cafe1_c00122","test","192.0","200.12999","3","bacon|potatoes|cantaloupe"
"dish_1550770222","cafe1","1550770222","test","none","cafe1_c00123","test","64.0","22.4","1","broccoli"
"dish_1550770265","cafe1","1550770265","test","none","cafe1_c00124","test","61.0","20.74","1","tomatoes"
"dish_1550770447","cafe1","1550770447","test","none","cafe1_c00125","test","88.0","303.248016","1","sausage"
"dish_1550770482","cafe1","1550770482","test","none","cafe1_c00126","test","213.0","346.388","3","broccoli|sausage|tomatoes"
"dish_1550770511","cafe1","1550770511","train","none","cafe1_c00127","train","212.0","346.388","3","broccoli|sausage|tomatoes"
"dish_1550770616","cafe1","1550770616","train","none","cafe1_c00128","train","85.0","125.800003","1","scrambled eggs"
"dish_1550770699","cafe1","1550770699","train","none","cafe1_c00129","train","64.0","6.4","1","cucumbers"
"dish_1550770751","cafe1","1550770751","train","none","cafe1_c00130","train","107.0","36.380001","1","cantaloupe"
"dish_1550770802","cafe1","1550770802","train","none","cafe1_c00131","train","254.0","168.580002","3","scrambled eggs|cucumbers|cantaloupe"
"dish_1550770866","cafe1","1550770866","train","none","cafe1_c00132","train","256.0","168.580002","3","cantaloupe|cucumbers|scrambled eggs"
"dish_1550771191","cafe1","1550771191","train","none","cafe1_c00133","train","15.0","81.149994","1","bacon"
"dish_1550771267","cafe1","1550771267","train","none","cafe1_c00134","train","58.0","20.299999","1","broccoli"
"dish_1550771330","cafe1","1550771330","train","none","cafe1_c00135","train","69.0","102.120003","1","scrambled eggs"
"dish_1550771387","cafe1","1550771387","train","none","cafe1_c00136","train","141.0","203.570007","3","broccoli|bacon|scrambled eggs"
"dish_1550771421","cafe1","1550771421","test","none","cafe1_c00137","test","141.0","203.570007","3","bacon|broccoli|scrambled eggs"
"dish_1550771487","cafe1","1550771487","train","none","cafe1_c00138","train","56.0","5.6","1","cucumbers"
"dish_1550771562","cafe1","1550771562","train","none","cafe1_c00139","train","20.0","107.200005","1","potato chips"
"dish_1550771606","cafe1","1550771606","train","none","cafe1_c00140","train","32.0","194.240005","1","nuts"
"dish_1550771648","cafe1","1550771648","train","none","cafe1_c00141","dev","108.0","307.040009","3","nuts|cucumbers|potato chips"
"dish_1550771707","cafe1","1550771707","train","none","cafe1_c00142","train","108.0","307.040009","3","nuts|cucumbers|potato chips"
"dish_1550771796","cafe1","1550771796","train","none","cafe1_c00143","train","42.0","14.28","1","tomatoes"
"dish_1550771869","cafe1","1550771869","train","none","cafe1_c00144","train","66.0","37.619999","1","berries"
"dish_1550771938","cafe1","1550771938","train","none","cafe1_c00145","train","36.0","14.400001","1","bell peppers"
"dish_1550771984","cafe1","1550771984","train","none","cafe1_c00146","train","142.0","66.299995","3","tomatoes|berries|bell peppers"
"dish_1550772027","cafe1","1550772027","train","none","cafe1_c00147","train","142.0","66.300003","3","bell peppers|tomatoes|berries"
"dish_1550772088","cafe1","1550772088","train","none","cafe1_c00148","train","70.0","39.899998","1","berries"
"dish_1550772168","cafe1","1550772168","train","none","cafe1_c00149","train","91.0","134.680008","1","scrambled eggs"
"dish_1550772199","cafe1","1550772199","train","none","cafe1_c00150","train","79.0","60.829998","1","potatoes"
"dish_1550772270","cafe1","1550772270","train","none","cafe1_c00151","train","239.0","235.410004","3","berries|scrambled eggs|potatoes"
"dish_1550772314","cafe1","1550772314","test","none","cafe1_c00152","test","239.0","235.410004","3","scrambled eggs|potatoes|berries"
"dish_1550772367","cafe1","1550772367","train","none","cafe1_c00153","train","30.0","162.299988","1","bacon"
"dish_1550772454","cafe1","1550772454","train","none","cafe1_c00154","train","65.0","22.75","1","broccoli"
"dish_1550772505","cafe1","1550772505","train","none","cafe1_c00155","train","131.0","44.540001","1","cantaloupe"
"dish_1550772551","cafe1","1550772551","train","none","cafe1_c00156","train","225.0","229.589996","3","bacon|broccoli|cantaloupe"
"dish_1550772617","cafe1","1550772617","train","none","cafe1_c00157","train","225.0","229.589996","3","broccoli|cantaloupe|bacon"
"dish_1550772701","cafe1","1550772701","train","none","cafe1_c00158","train","19.0","101.840004","1","potato chips"
"dish_1550772753","cafe1","1550772753","train","none","cafe1_c00159","train","102.0","351.492004","1","sausage"
"dish_1550772809","cafe1","1550772809","train","none","cafe1_c00160","train","95.0","54.149998","1","berries"
"dish_1550772849","cafe1","1550772849","train","none","cafe1_c00161","train","216.0","507.481995","3","berries|sausage|potato chips"
"dish_1550772892","cafe1","1550772892","train","none","cafe1_c00162","train","216.0","507.481995","3","berries|sausage|potato chips"
"dish_1550772960","cafe1","1550772960","train","none","cafe1_c00163","train","57.0","19.380001","1","tomatoes"
"dish_1550773038","cafe1","1550773038","train","none","cafe1_c00164","train","59.0","20.65","1","broccoli"
"dish_1550773162","cafe1","1550773162","train","none","cafe1_c00165","train","37.0","224.590012","1","nuts"
"dish_1550773200","cafe1","1550773200","train","none","cafe1_c00166","train","151.0","264.619995","3","broccoli|tomatoes|nuts"
"dish_1550773284","cafe1","1550773284","train","none","cafe1_c00167","train","151.0","264.620026","3","tomatoes|nuts|broccoli"
"dish_1550773349","cafe1","1550773349","train","none","cafe1_c00168","dev","12.0","64.919998","1","bacon"
"dish_1550773394","cafe1","1550773394","train","none","cafe1_c00169","train","50.0","20.0","1","bell peppers"
"dish_1550773430","cafe1","1550773430","train","none","cafe1_c00170","train","61.0","90.279999","1","scrambled eggs"
"dish_1550773506","cafe1","1550773506","train","none","cafe1_c00171","train","122.0","175.199997","3","bell peppers|scrambled eggs|bacon"
"dish_1550773591","cafe1","1550773591","train","none","cafe1_c00172","dev","122.0","175.199997","3","bell peppers|scrambled eggs|bacon"
"dish_1550773771","cafe1","1550773771","train","none","cafe1_c00173","train","52.0","40.040001","1","potatoes"
"dish_1550773839","cafe1","1550773839","train","none","cafe1_c00174","train","79.0","45.029999","1","berries"
"dish_1550773917","cafe1","1550773917","train","none","cafe1_c00175","train","155.0","137.949997","1","banana"
"dish_1550773949","cafe1","1550773949","train","none","cafe1_c00176","dev","285.0","223.019989","3","potatoes|berries|banana"
"dish_1550773995","cafe1","1550773995","test","none","cafe1_c00177","test","285.0","223.019989","3","potatoes|berries|banana"
"dish_1550774244","cafe1","1550774244","train","none","cafe1_c00178","train","102.0","90.779999","1","banana"
"dish_1550774296","cafe1","1550774296","train","none","cafe1_c00179","train","18.0","96.480003","1","potato chips"
"dish_1550774815","cafe1","1550774815","train","none","cafe1_c00180","train","57.0","32.489998","1","berries"
"dish_1550774895","cafe1","1550774895","train","none","cafe1_c00181","train","175.0","219.75","3","banana|potato chips|berries"
"dish_1550775126","cafe1","1550775126","train","none","cafe1_c00182","train","175.0","219.75","3","berries|banana|potato chips"
"dish_1550775219","cafe1","1550775219","train","none","cafe1_c00183","train","55.0","48.950001","1","banana"
"dish_1550775273","cafe1","1550775273","train","none","cafe1_c00184","train","57.0","19.949999","1","broccoli"
"dish_1550775318","cafe1","1550775318","train","none","cafe1_c00185","train","55.0","333.850006","1","nuts"
"dish_1550775363","cafe1","1550775363","train","none","cafe1_c00186","train","166.0","402.75","3","banana|broccoli|nuts"
"dish_1550775393","cafe1","1550775393","train","none","cafe1_c00187","train","166.0","402.750031","3","broccoli|nuts|banana"
"dish_1550775472","cafe1","1550775472","train","none","cafe1_c00188","train","76.0","67.639999","1","banana"
"dish_1550776767","cafe1","1550776767","train","none","cafe1_c00189","train","15.0","81.149994","1","bacon"
"dish_1550776854","cafe1","1550776854","train","none","cafe1_c00190","train","12.0","64.32","1","potato chips"
"dish_1550776907","cafe1","1550776907","train","none","cafe1_c00191","train","100.0","213.109985","3","banana|potato chips|bacon"
"dish_1550776957","cafe1","1550776957","train","none","cafe1_c00192","train","100.0","213.109985","3","bacon|banana|potato chips"
"dish_1550777025","cafe1","1550777025","test","none","cafe1_c00193","test","61.0","54.290001","1","banana"
"dish_1550777124","cafe1","1550777124","test","none","cafe1_c00194","test","53.0","5.3","1","cucumbers"
"dish_1550777181","cafe1","1550777181","test","none","cafe1_c00195","test","98.0","55.860001","1","berries"
"dish_1550777218","cafe1","1550777218","test","none","cafe1_c00196","test","209.0","115.450005","3","berries|banana|cucumbers"
"dish_1550777256","cafe1","1550777256","train","none","cafe1_c00197","train","209.0","115.450005","3","berries|banana|cucumbers"
"dish_1550777319","cafe1","1550777319","train","none","cafe1_c00198","train","75.0","25.5","1","cantaloupe"
"dish_1550777418","cafe1","1550777418","train","none","cafe1_c00199","train","28.0","169.960007","1","nuts"
"dish_1550777469","cafe1","1550777469","train","none","cafe1_c00200","dev","18.0","96.480003","1","potato chips"
"dish_1550777511","cafe1","1550777511","train","none","cafe1_c00201","train","119.0","291.940002","3","potato chips|cantaloupe|nuts"
"dish_1550777566","cafe1","1550777566","train","none","cafe1_c00202","train","119.0","291.940002","3","nuts|potato chips|cantaloupe"
"dish_1550777646","cafe1","1550777646","train","none","cafe1_c00203","train","53.0","18.549999","1","broccoli"
"dish_1550777713","cafe1","1550777713","train","none","cafe1_c00204","train","62.0","21.08","1","cantaloupe"
"dish_1550777791","cafe1","1550777791","train","none","cafe1_c00205","train","65.0","50.049999","1","potatoes"
"dish_1550777827","cafe1","1550777827","train","none","cafe1_c00206","train","178.0","89.679993","3","cantaloupe|broccoli|potatoes"
"dish_1550777860","cafe1","1550777860","test","none","cafe1_c00207","test","178.0","89.679993","3","cantaloupe|broccoli|potatoes"
"dish_1550777919","cafe1","1550777919","train","none","cafe1_c00208","train","78.0","115.440002","1","scrambled eggs"
"dish_1550778007","cafe1","1550778007","train","none","cafe1_c00209","train","61.0","6.1","1","cucumbers"
"dish_1550778058","cafe1","1550778058","train","none","cafe1_c00210","train","45.0","15.3","1","tomatoes"
"dish_1550778118","cafe1","1550778118","train","none","cafe1_c00211","train","182.0","136.839996","3","scrambled eggs|cucumbers|tomatoes"
"dish_1550778172","cafe1","1550778172","test","none","cafe1_c00212","test","182.0","136.839996","3","scrambled eggs|cucumbers|tomatoes"
"dish_1550778312","cafe1","1550778312","train","none","cafe1_c00213","train","15.0","81.149994","1","bacon"
"dish_1550778355","cafe1","1550778355","train","none","cafe1_c00214","train","41.0","16.4","1","bell peppers"
"dish_1550778401","cafe1","1550778401","train","none","cafe1_c00215","train","61.0","6.1","1","cucumbers"
"dish_1550778435","cafe1","1550778435","train","none","cafe1_c00216","train","115.0","103.649994","3","bacon|bell peppers|cucumbers"
"dish_1550778469","cafe1","1550778469","train","none","cafe1_c00217","dev","115.0","103.649994","3","bell peppers|cucumbers|bacon"
"dish_1550778535","cafe1","1550778535","test","none","cafe1_c00218","test","10.0","53.600002","1","potato chips"
"dish_1550778583","cafe1","1550778583","test","none","cafe1_c00219","test","88.0","67.759995","1","potatoes"
"dish_1550778619","cafe1","1550778619","test","none","cafe1_c00220","test","68.0","38.759998","1","berries"
"dish_1550778646","cafe1","1550778646","test","none","cafe1_c00221","test","164.0","160.119995","3","potatoes|berries|potato chips"
"dish_1550778694","cafe1","1550778694","train","none","cafe1_c00222","train","164.0","160.119995","3","potatoes|berries|potato chips"
"dish_1550778856","cafe1","1550778856","train","none","cafe1_c00223","dev","12.0","64.919998","1","bacon"
"dish_1550778922","cafe1","1550778922","train","none","cafe1_c00224","train","30.0","182.100006","1","nuts"
"dish_1550778981","cafe1","1550778981","train","none","cafe1_c00225","train","69.0","6.9","1","cucumbers"
"dish_1550779014","cafe1","1550779014","train","none","cafe1_c00226","train","109.0","253.920013","3","cucumbers|bacon|nuts"
"dish_1550779058","cafe1","1550779058","test","none","cafe1_c00227","test","109.0","253.919998","3","nuts|cucumbers|bacon"
"dish_1550779153","cafe1","1550779153","train","none","cafe1_c00228","train","106.0","37.099998","1","broccoli"
"dish_1550779219","cafe1","1550779219","train","none","cafe1_c00229","train","76.0","43.32","1","berries"
"dish_1550779282","cafe1","1550779282","train","none","cafe1_c00230","train","108.0","372.167999","1","sausage"
"dish_1550779336","cafe1","1550779336","train","none","cafe1_c00231","dev","288.0","452.588013","3","broccoli|berries|sausage"
"dish_1550779388","cafe1","1550779388","train","none","cafe1_c00232","train","288.0","452.588013","3","broccoli|berries|sausage"
"dish_1550780717","cafe1","1550780717","train","none","cafe1_c00233","train","73.0","56.209999","1","potatoes"
"dish_1550781280","cafe1","1550781280","train","none","cafe1_c00234","train","68.0","23.799999","1","broccoli"
"dish_1550781317","cafe1","1550781317","train","none","cafe1_c00235","train","43.0","14.62","1","tomatoes"
"dish_1550781347","cafe1","1550781347","train","none","cafe1_c00236","train","182.0","94.629997","3","potatoes|broccoli|tomatoes"
"dish_1550781372","cafe1","1550781372","train","none","cafe1_c00237","train","182.0","94.629997","3","tomatoes|broccoli|potatoes"
"dish_1550785292","cafe1","1550785292","train","none","cafe1_c00238","train","45.0","12.6","1","mixed greens"
"dish_1550785404","cafe1","1550785404","train","none","cafe1_c00239","train","91.0","37.310001","1","carrot"
"dish_1550785481","cafe1","1550785481","train","none","cafe1_c00240","train","119.0","107.099998","1","fish"
"dish_1550785526","cafe1","1550785526","train","none","cafe1_c00241","train","252.0","157.01001","3","carrot|mixed greens|fish"
"dish_1550785599","cafe1","1550785599","train","none","cafe1_c00242","train","252.0","157.01001","3","carrot|mixed greens|fish"
"dish_1550785697","cafe1","1550785697","test","none","cafe1_c00243","test","23.0","6.44","1","mixed greens"
"dish_1550785808","cafe1","1550785808","test","none","cafe1_c00244","test","81.0","105.299995","1","white rice"
"dish_1550785876","cafe1","1550785876","test","none","cafe1_c00245","test","58.0","145.0","1","beef"
"dish_1550785915","cafe1","1550785915","test","none","cafe1_c00246","test","157.0","256.73999","3","beef|white rice|mixed greens"
"dish_1550785975","cafe1","1550785975","train","none","cafe1_c00247","dev","157.0","256.73999","3","mixed greens|white rice|beef"
"dish_1550788191","cafe1","1550788191","train","none","cafe1_c00248","dev","71.0","63.899998","1","fish"
"dish_1550788264","cafe1","1550788264","train","none","cafe1_c00249","train","153.0","79.559998","1","apple"
"dish_1550788398","cafe1","1550788398","train","none","cafe1_c00250","train","53.0","21.73","1","carrot"
"dish_1550788505","cafe1","1550788505","train","none","cafe1_c00251","train","272.0","165.189987","3","apple|fish|carrot"
"dish_1550788591","cafe1","1550788591","train","none","cafe1_c00252","dev","272.0","165.189987","3","apple|fish|carrot"
"dish_1550788827","cafe1","1550788827","train","none","cafe1_c00253","train","40.0","36.0","1","fish"
"dish_1550788957","cafe1","1550788957","train","none","cafe1_c00254","train","76.0","25.84","1","tomatoes"
"dish_1550789186","cafe1","1550789186","train","none","cafe1_c00255","train","43.0","15.05","1","broccoli"
"dish_1550789255","cafe1","1550789255","train","none","cafe1_c00256","train","156.0","76.889999","3","fish|tomatoes|broccoli"
"dish_1550789321","cafe1","1550789321","train","none","cafe1_c00257","train","156.0","76.889999","3","fish|tomatoes|broccoli"
"dish_1550789601","cafe1","1550789601","train","none","cafe1_c00258","dev","69.0","62.099998","1","fish"
"dish_1550789705","cafe1","1550789705","train","none","cafe1_c00259","dev","90.0","225.0","1","beef"
"dish_1550789814","cafe1","1550789814","train","none","cafe1_c00260","train","82.0","106.599998","1","white rice"
"dish_1550789860","cafe1","1550789860","train","none","cafe1_c00261","train","236.0","393.700012","3","fish|beef|white rice"
"dish_1550790042","cafe1","1550790042","train","none","cafe1_c00262","train","236.0","393.700012","3","white rice|fish|beef"
"dish_1550790252","cafe1","1550790252","train","none","cafe1_c00263","train","51.0","45.899998","1","fish"
"dish_1550790347","cafe1","1550790347","train","none","cafe1_c00264","train","43.0","17.629999","1","carrot"
"dish_1550790442","cafe1","1550790442","train","none","cafe1_c00265","train","22.0","6.16","1","mixed greens"
"dish_1550790511","cafe1","1550790511","train","none","cafe1_c00266","dev","113.0","69.689995","3","fish|mixed greens|carrot"
"dish_1550790554","cafe1","1550790554","train","none","cafe1_c00267","train","113.0","69.690002","3","fish|carrot|mixed greens"
"dish_1550790874","cafe1","1550790874","train","none","cafe1_c00268","train","35.0","87.5","1","beef"
"dish_1550791105","cafe1","1550791105","train","none","cafe1_c00269","train","84.0","47.880001","1","berries"
"dish_1550791160","cafe1","1550791160","train","none","cafe1_c00270","train","78.0","40.559998","1","apple"
"dish_1550791214","cafe1","1550791214","train","none","cafe1_c00271","train","194.0","175.940002","3","beef|berries|apple"
"dish_1550791302","cafe1","1550791302","train","none","cafe1_c00272","train","194.0","175.940002","3","apple|beef|berries"
"dish_1550791644","cafe1","1550791644","train","none","cafe1_c00273","train","113.0","58.759998","1","apple"
"dish_1550791701","cafe1","1550791701","train","none","cafe1_c00274","train","66.0","23.1","1","broccoli"
"dish_1550791822","cafe1","1550791822","train","none","cafe1_c00275","train","96.0","124.799995","1","white rice"
"dish_1550791884","cafe1","1550791884","train","none","cafe1_c00276","train","272.0","206.660004","3","white rice|apple|broccoli"
"dish_1550791942","cafe1","1550791942","train","none","cafe1_c00277","train","272.0","206.660004","3","apple|broccoli|white rice"
"dish_1550792023","cafe1","1550792023","train","none","cafe1_c00278","train","53.0","27.559999","1","apple"
"dish_1550792143","cafe1","1550792143","train","none","cafe1_c00279","train","56.0","22.4","1","bell peppers"
"dish_1550792194","cafe1","1550792194","train","none","cafe1_c00280","train","72.0","24.48","1","cantaloupe"
"dish_1550792315","cafe1","1550792315","train","none","cafe1_c00281","train","175.0","74.440002","3","bell peppers|apple|cantaloupe"
"dish_1550792365","cafe1","1550792365","train","none","cafe1_c00282","train","175.0","74.440002","3","bell peppers|apple|cantaloupe"
"dish_1550792493","cafe1","1550792493","train","none","cafe1_c00283","dev","35.0","87.5","1","beef"
"dish_1550792595","cafe1","1550792595","train","none","cafe1_c00284","train","72.0","55.439999","1","potatoes"
"dish_1550792734","cafe1","1550792734","train","none","cafe1_c00285","dev","50.0","17.0","1","tomatoes"
"dish_1550792824","cafe1","1550792824","train","none","cafe1_c00286","train","155.0","159.940002","3","beef|tomatoes|potatoes"
"dish_1550792864","cafe1","1550792864","test","none","cafe1_c00287","test","155.0","159.940002","3","potatoes|beef|tomatoes"
"dish_1550793023","cafe1","1550793023","train","none","cafe1_c00288","train","79.0","26.860001","1","cantaloupe"
"dish_1550793093","cafe1","1550793093","train","none","cafe1_c00289","dev","71.0","92.299995","1","white rice"
"dish_1550793192","cafe1","1550793192","train","none","cafe1_c00290","train","73.0","37.959999","1","apple"
"dish_1550793245","cafe1","1550793245","train","none","cafe1_c00291","train","220.0","157.119995","3","apple|cantaloupe|white rice"
"dish_1550793300","cafe1","1550793300","train","none","cafe1_c00292","train","220.0","157.119995","3","apple|cantaloupe|white rice"
"dish_1550793485","cafe1","1550793485","train","none","cafe1_c00293","train","62.0","155.0","1","beef"
"dish_1550793525","cafe1","1550793525","train","none","cafe1_c00294","train","87.0","30.449999","1","broccoli"
"dish_1550793582","cafe1","1550793582","train","none","cafe1_c00295","train","52.0","67.599998","1","white rice"
"dish_1550793621","cafe1","1550793621","train","none","cafe1_c00296","train","198.0","253.049988","3","broccoli|beef|white rice"
"dish_1550793673","cafe1","1550793673","train","none","cafe1_c00297","train","198.0","253.049988","3","broccoli|beef|white rice"
"dish_1550795331","cafe1","1550795331","train","none","cafe1_c00298","train","282.0","146.639999","1","apple"
"dish_1550795361","cafe1","1550795361","train","none","cafe1_c00299","train","71.0","54.669998","1","potatoes"
"dish_1550795423","cafe1","1550795423","train","none","cafe1_c00300","train","42.0","16.800001","1","bell peppers"
"dish_1550795455","cafe1","1550795455","train","none","cafe1_c00301","train","391.0","218.110001","3","apple|potatoes|bell peppers"
"dish_1550795497","cafe1","1550795497","train","none","cafe1_c00302","train","391.0","218.110001","3","bell peppers|potatoes|apple"
"dish_1550795690","cafe1","1550795690","train","none","cafe1_c00303","train","131.0","68.119995","1","apple"
"dish_1550795856","cafe1","1550795856","train","none","cafe1_c00304","train","95.0","44.650002","1","orange"
"dish_1550796058","cafe1","1550796058","train","none","cafe1_c00305","train","83.0","47.309998","1","berries"
"dish_1550796152","cafe1","1550796152","train","none","cafe1_c00306","train","305.0","160.079987","3","apple|orange|berries"
"dish_1550796330","cafe1","1550796330","train","none","cafe1_c00307","train","305.0","160.079987","3","apple|orange|berries"
"dish_1550796634","cafe1","1550796634","train","none","cafe1_c00308","train","35.0","16.450001","1","orange"
"dish_1550796686","cafe1","1550796686","train","none","cafe1_c00309","train","60.0","31.199999","1","apple"
"dish_1550796731","cafe1","1550796731","train","none","cafe1_c00310","train","62.0","21.08","1","cantaloupe"
"dish_1550796763","cafe1","1550796763","train","none","cafe1_c00311","train","153.0","68.730003","3","orange|apple|cantaloupe"
"dish_1550796794","cafe1","1550796794","train","none","cafe1_c00312","train","153.0","68.729996","3","apple|cantaloupe|orange"
"dish_1550796973","cafe1","1550796973","train","none","cafe1_c00313","dev","87.0","45.239998","1","apple"
"dish_1550797031","cafe1","1550797031","train","none","cafe1_c00314","train","59.0","20.059999","1","tomatoes"
"dish_1550797094","cafe1","1550797094","train","none","cafe1_c00315","train","48.0","16.799999","1","broccoli"
"dish_1550797130","cafe1","1550797130","train","none","cafe1_c00316","train","189.0","82.099998","3","apple|broccoli|tomatoes"
"dish_1550797169","cafe1","1550797169","train","none","cafe1_c00317","dev","189.0","82.099991","3","tomatoes|apple|broccoli"
"dish_1550797474","cafe1","1550797474","train","none","cafe1_c00318","dev","39.0","18.33","1","orange"
"dish_1550797692","cafe1","1550797692","train","none","cafe1_c00319","train","64.0","220.544006","1","sausage"
"dish_1550797753","cafe1","1550797753","train","none","cafe1_c00320","train","69.0","53.129997","1","potatoes"
"dish_1550797791","cafe1","1550797791","train","none","cafe1_c00321","dev","167.0","292.003998","3","sausage|potatoes|orange"
"dish_1550797833","cafe1","1550797833","train","none","cafe1_c00322","train","168.0","292.003998","3","sausage|orange|potatoes"
"dish_1550859356","cafe1","1550859356","train","none","cafe1_c00323","train","58.0","199.868011","1","sausage"
"dish_1550859396","cafe1","1550859396","train","none","cafe1_c00324","train","74.0","56.98","1","potatoes"
"dish_1550859544","cafe1","1550859544","train","none","cafe1_c00325","train","13.0","70.330002","1","bacon"
"dish_1550859578","cafe1","1550859578","train","none","cafe1_c00326","train","144.0","327.178009","3","bacon|sausage|potatoes"
"dish_1550859622","cafe1","1550859622","train","none","cafe1_c00327","train","144.0","327.17804","3","sausage|potatoes|bacon"
"dish_1550859694","cafe1","1550859694","test","none","cafe1_c00328","test","59.0","33.630001","1","berries"
"dish_1550859927","cafe1","1550859927","test","none","cafe1_c00329","test","82.0","121.360001","1","scrambled eggs"
"dish_1550859977","cafe1","1550859977","test","none","cafe1_c00330","test","83.0","56.440002","1","oatmeal"
"dish_1550860041","cafe1","1550860041","test","none","cafe1_c00331","test","222.0","211.430008","3","berries|scrambled eggs|oatmeal"
"dish_1550860107","cafe1","1550860107","test","none","cafe1_c00332","test","222.0","211.430008","3","scrambled eggs|berries|oatmeal"
"dish_1550860188","cafe1","1550860188","test","none","cafe1_c00333","test","128.0","87.040001","1","oatmeal"
"dish_1550860307","cafe1","1550860307","test","none","cafe1_c00334","test","8.0","43.279999","1","bacon"
"dish_1550860361","cafe1","1550860361","test","none","cafe1_c00335","test","100.0","77.0","1","potatoes"
"dish_1550860444","cafe1","1550860444","test","none","cafe1_c00336","test","231.0","207.320007","3","potatoes|oatmeal|bacon"
"dish_1550860513","cafe1","1550860513","train","none","cafe1_c00337","train","230.0","207.320007","3","oatmeal|bacon|potatoes"
"dish_1550860631","cafe1","1550860631","test","none","cafe1_c00338","test","74.0","25.16","1","cantaloupe"
"dish_1550860747","cafe1","1550860747","test","none","cafe1_c00339","test","79.0","39.5","1","pineapple"
"dish_1550860787","cafe1","1550860787","test","none","cafe1_c00340","test","75.0","111.0","1","scrambled eggs"
"dish_1550860820","cafe1","1550860820","test","none","cafe1_c00341","test","227.0","175.660004","3","pineapple|cantaloupe|scrambled eggs"
"dish_1550860858","cafe1","1550860858","train","none","cafe1_c00342","train","227.0","175.660004","3","pineapple|scrambled eggs|cantaloupe"
"dish_1550860919","cafe1","1550860919","train","none","cafe1_c00343","train","161.0","91.769997","1","berries"
"dish_1550861027","cafe1","1550861027","train","none","cafe1_c00344","train","42.0","21.0","1","pineapple"
"dish_1550861074","cafe1","1550861074","train","none","cafe1_c00345","train","140.0","124.599998","1","banana"
"dish_1550861124","cafe1","1550861124","train","none","cafe1_c00346","train","336.0","237.369995","3","berries|pineapple|banana"
"dish_1550861187","cafe1","1550861187","train","none","cafe1_c00347","dev","335.0","237.369995","3","pineapple|banana|berries"
"dish_1550861324","cafe1","1550861324","train","none","cafe1_c00348","dev","36.0","124.056","1","sausage"
"dish_1550861388","cafe1","1550861388","train","none","cafe1_c00349","train","43.0","33.110001","1","potatoes"
"dish_1550861432","cafe1","1550861432","train","none","cafe1_c00350","train","47.0","26.789999","1","berries"
"dish_1550861458","cafe1","1550861458","train","none","cafe1_c00351","train","126.0","183.955994","3","berries|sausage|potatoes"
"dish_1550861520","cafe1","1550861520","train","none","cafe1_c00352","train","126.0","183.955994","3","sausage|potatoes|berries"
"dish_1550861584","cafe1","1550861584","train","none","cafe1_c00353","train","40.0","35.599998","1","banana"
"dish_1550861605","cafe1","1550861605","train","none","cafe1_c00354","train","142.0","73.839996","1","apple"
"dish_1550861670","cafe1","1550861670","train","none","cafe1_c00355","train","96.0","142.080002","1","scrambled eggs"
"dish_1550861703","cafe1","1550861703","train","none","cafe1_c00356","dev","278.0","251.519989","3","banana|apple|scrambled eggs"
"dish_1550861835","cafe1","1550861835","train","none","cafe1_c00357","train","277.0","251.519989","3","apple|scrambled eggs|banana"
"dish_1550861903","cafe1","1550861903","train","none","cafe1_c00358","train","48.0","71.040001","1","scrambled eggs"
"dish_1550861950","cafe1","1550861950","train","none","cafe1_c00359","train","67.0","31.49","1","orange"
"dish_1550861994","cafe1","1550861994","train","none","cafe1_c00360","dev","28.0","14.559999","1","apple"
"dish_1550862036","cafe1","1550862036","train","none","cafe1_c00361","train","141.0","117.089996","3","orange|scrambled eggs|apple"
"dish_1550862106","cafe1","1550862106","train","none","cafe1_c00362","train","140.0","117.089996","3","orange|scrambled eggs|apple"
"dish_1550862190","cafe1","1550862190","train","none","cafe1_c00363","train","84.0","28.559999","1","cantaloupe"
"dish_1550862217","cafe1","1550862217","train","none","cafe1_c00364","train","166.0","147.73999","1","banana"
"dish_1550862272","cafe1","1550862272","train","none","cafe1_c00365","train","44.0","25.08","1","berries"
"dish_1550862349","cafe1","1550862349","train","none","cafe1_c00366","train","292.0","201.37999","3","banana|berries|cantaloupe"
"dish_1550862399","cafe1","1550862399","train","none","cafe1_c00367","dev","292.0","201.37999","3","banana|cantaloupe|berries"
"dish_1550862495","cafe1","1550862495","train","none","cafe1_c00368","train","56.0","19.040001","1","tomatoes"
"dish_1550862580","cafe1","1550862580","train","none","cafe1_c00369","train","37.0","32.93","1","banana"
"dish_1550862648","cafe1","1550862648","train","none","cafe1_c00370","train","31.0","16.119999","1","apple"
"dish_1550862681","cafe1","1550862681","train","none","cafe1_c00371","train","124.0","68.089996","3","banana|apple|tomatoes"
"dish_1550862733","cafe1","1550862733","train","none","cafe1_c00372","train","124.0","68.089996","3","tomatoes|banana|apple"
"dish_1550862840","cafe1","1550862840","train","none","cafe1_c00373","train","33.0","16.5","1","pineapple"
"dish_1550862908","cafe1","1550862908","train","none","cafe1_c00374","train","48.0","27.360001","1","berries"
"dish_1550862993","cafe1","1550862993","train","none","cafe1_c00375","train","35.0","16.450001","1","orange"
"dish_1550863037","cafe1","1550863037","train","none","cafe1_c00376","dev","115.0","60.310001","3","pineapple|orange|berries"
"dish_1550863078","cafe1","1550863078","train","none","cafe1_c00377","train","115.0","60.310001","3","berries|pineapple|orange"
"dish_1550863155","cafe1","1550863155","train","none","cafe1_c00378","train","21.0","9.87","1","orange"
"dish_1550863247","cafe1","1550863247","train","none","cafe1_c00379","train","33.0","17.16","1","apple"
"dish_1550863285","cafe1","1550863285","train","none","cafe1_c00380","train","165.0","146.849991","1","banana"
"dish_1550863309","cafe1","1550863309","train","none","cafe1_c00381","train","218.0","173.87999","3","orange|apple|banana"
"dish_1550863381","cafe1","1550863381","train","none","cafe1_c00382","train","218.0","173.87999","3","orange|apple|banana"
"dish_1550873044","cafe1","1550873044","train","none","cafe1_c00383","train","135.0","45.900002","1","cantaloupe"
"dish_1550873218","cafe1","1550873218","train","none","cafe1_c00384","train","39.0","62.400002","1","avocado"
"dish_1550873264","cafe1","1550873264","train","none","cafe1_c00385","train","59.0","97.349998","1","chicken"
"dish_1550873303","cafe1","1550873303","train","none","cafe1_c00386","train","225.0","205.649994","3","chicken|cantaloupe|avocado"
"dish_1550873338","cafe1","1550873338","test","none","cafe1_c00387","test","225.0","205.649994","3","chicken|cantaloupe|avocado"
"dish_1550873434","cafe1","1550873434","test","none","cafe1_c00388","test","138.0","227.699997","1","chicken"
"dish_1550873486","cafe1","1550873486","test","none","cafe1_c00389","test","36.0","144.720001","1","cheese"
"dish_1550873572","cafe1","1550873572","test","none","cafe1_c00390","test","29.0","46.400002","1","avocado"
"dish_1550873668","cafe1","1550873668","test","none","cafe1_c00391","test","195.0","418.820007","3","avocado|chicken|cheese"
"dish_1550873788","cafe1","1550873788","train","none","cafe1_c00392","train","189.0","418.819977","3","chicken|cheese|avocado"
"dish_1550873952","cafe1","1550873952","train","none","cafe1_c00393","dev","49.0","16.66","1","tomatoes"
"dish_1550874079","cafe1","1550874079","train","none","cafe1_c00394","train","78.0","70.199997","1","fish"
"dish_1550874153","cafe1","1550874153","train","none","cafe1_c00395","train","13.0","5.33","1","carrot"
"dish_1550874191","cafe1","1550874191","train","none","cafe1_c00396","train","132.0","92.190002","3","tomatoes|fish|carrot"
"dish_1550874267","cafe1","1550874267","train","none","cafe1_c00397","train","132.0","92.190002","3","carrot|fish|tomatoes"
"dish_1550874464","cafe1","1550874464","train","none","cafe1_c00398","dev","41.0","36.899998","1","fish"
"dish_1550874640","cafe1","1550874640","train","none","cafe1_c00399","train","46.0","35.419998","1","potatoes"
"dish_1550874679","cafe1","1550874679","train","none","cafe1_c00400","train","40.0","13.6","1","tomatoes"
"dish_1550874729","cafe1","1550874729","train","none","cafe1_c00401","train","120.0","85.919991","3","potatoes|fish|tomatoes"
"dish_1550874756","cafe1","1550874756","train","none","cafe1_c00402","dev","120.0","85.919998","3","fish|tomatoes|potatoes"
"dish_1550874829","cafe1","1550874829","train","none","cafe1_c00403","train","26.0","41.600002","1","avocado"
"dish_1550874872","cafe1","1550874872","train","none","cafe1_c00404","train","53.0","40.809998","1","potatoes"
"dish_1550874918","cafe1","1550874918","train","none","cafe1_c00405","train","62.0","55.799999","1","fish"
"dish_1550874950","cafe1","1550874950","train","none","cafe1_c00406","train","132.0","138.209991","3","avocado|fish|potatoes"
"dish_1550875058","cafe1","1550875058","train","none","cafe1_c00407","dev","128.0","138.210007","3","potatoes|avocado|fish"
"dish_1550875168","cafe1","1550875168","train","none","cafe1_c00408","train","49.0","44.099998","1","fish"
"dish_1550875229","cafe1","1550875229","train","none","cafe1_c00409","dev","84.0","28.559999","1","cantaloupe"
"dish_1550875293","cafe1","1550875293","train","none","cafe1_c00410","train","36.0","144.720001","1","cheese"
"dish_1550875347","cafe1","1550875347","train","none","cafe1_c00411","train","159.0","217.380005","3","cheese|fish|cantaloupe"
"dish_1550875400","cafe1","1550875400","train","none","cafe1_c00412","train","159.0","217.380005","3","fish|cantaloupe|cheese"
"dish_1550875891","cafe1","1550875891","train","none","cafe1_c00413","train","120.0","198.0","1","chicken"
"dish_1550875931","cafe1","1550875931","train","none","cafe1_c00414","train","54.0","41.579998","1","potatoes"
"dish_1550875968","cafe1","1550875968","train","none","cafe1_c00415","train","41.0","13.940001","1","cantaloupe"
"dish_1550876012","cafe1","1550876012","train","none","cafe1_c00416","train","207.0","253.520004","3","chicken|cantaloupe|potatoes"
"dish_1550876055","cafe1","1550876055","train","none","cafe1_c00417","train","207.0","253.520004","3","potatoes|chicken|cantaloupe"
"dish_1550876249","cafe1","1550876249","train","none","cafe1_c00418","train","50.0","82.5","1","chicken"
"dish_1550876298","cafe1","1550876298","train","none","cafe1_c00419","train","39.0","62.400002","1","avocado"
"dish_1550876376","cafe1","1550876376","train","none","cafe1_c00420","train","31.0","14.57","1","orange"
"dish_1550876416","cafe1","1550876416","train","none","cafe1_c00421","train","111.0","159.470001","3","chicken|avocado|orange"
"dish_1550876467","cafe1","1550876467","train","none","cafe1_c00422","dev","111.0","159.470001","3","orange|avocado|chicken"
"dish_1550876619","cafe1","1550876619","train","none","cafe1_c00423","train","30.0","10.2","1","tomatoes"
"dish_1550876748","cafe1","1550876748","train","none","cafe1_c00424","train","19.0","30.4","1","avocado"
"dish_1550876819","cafe1","1550876819","train","none","cafe1_c00425","train","17.0","68.339996","1","cheese"
"dish_1550876892","cafe1","1550876892","train","none","cafe1_c00426","train","58.0","108.939995","3","tomatoes|avocado|cheese"
"dish_1550876969","cafe1","1550876969","train","none","cafe1_c00427","train","57.0","108.939995","3","tomatoes|avocado|cheese"
"dish_1551122493","cafe1","1551122493","train","none","cafe1_c00428","train","88.0","59.84","1","oatmeal"
"dish_1551122567","cafe1","1551122567","train","none","cafe1_c00429","train","59.0","45.43","1","potatoes"
"dish_1551122614","cafe1","1551122614","train","none","cafe1_c00430","dev","78.0","33.540001","1","brussels sprouts"
"dish_1551122662","cafe1","1551122662","train","none","cafe1_c00431","train","221.0","138.809998","3","potatoes|oatmeal|brussels sprouts"
"dish_1551122713","cafe1","1551122713","train","none","cafe1_c00432","train","220.0","138.809998","3","oatmeal|potatoes|brussels sprouts"
"dish_1551122795","cafe1","1551122795","train","none","cafe1_c00433","train","129.0","87.720001","1","oatmeal"
"dish_1551122844","cafe1","1551122844","train","none","cafe1_c00434","train","18.0","97.379997","1","bacon"
"dish_1551122871","cafe1","1551122871","train","none","cafe1_c00435","train","18.0","5.04","1","mixed greens"
"dish_1551122914","cafe1","1551122914","train","none","cafe1_c00436","train","160.0","190.139999","3","oatmeal|bacon|mixed greens"
"dish_1551122952","cafe1","1551122952","train","none","cafe1_c00437","train","160.0","190.139999","3","oatmeal|bacon|mixed greens"
"dish_1551123023","cafe1","1551123023","train","none","cafe1_c00438","train","72.0","48.959999","1","oatmeal"
"dish_1551123072","cafe1","1551123072","train","none","cafe1_c00439","train","56.0","19.040001","1","cantaloupe"
"dish_1551123396","cafe1","1551123396","train","none","cafe1_c00440","train","65.0","32.5","1","pineapple"
"dish_1551123455","cafe1","1551123455","train","none","cafe1_c00441","train","188.0","100.5","3","cantaloupe|pineapple|oatmeal"
"dish_1551123633","cafe1","1551123633","train","none","cafe1_c00442","dev","188.0","100.5","3","pineapple|oatmeal|cantaloupe"
"dish_1551123904","cafe1","1551123904","train","none","cafe1_c00443","train","65.0","44.200001","1","oatmeal"
"dish_1551123986","cafe1","1551123986","train","none","cafe1_c00444","train","47.0","15.98","1","tomatoes"
"dish_1551124062","cafe1","1551124062","train","none","cafe1_c00445","train","56.0","82.880005","1","scrambled eggs"
"dish_1551124116","cafe1","1551124116","train","none","cafe1_c00446","train","164.0","143.059998","3","scrambled eggs|oatmeal|tomatoes"
"dish_1551124157","cafe1","1551124157","train","none","cafe1_c00447","train","164.0","143.059998","3","oatmeal|tomatoes|scrambled eggs"
"dish_1551124221","cafe1","1551124221","train","none","cafe1_c00448","train","67.0","99.160004","1","scrambled eggs"
"dish_1551124267","cafe1","1551124267","train","none","cafe1_c00449","train","89.0","38.27","1","brussels sprouts"
"dish_1551124322","cafe1","1551124322","train","none","cafe1_c00450","train","14.0","3.92","1","mixed greens"
"dish_1551124362","cafe1","1551124362","train","none","cafe1_c00451","dev","166.0","141.350006","3","scrambled eggs|brussels sprouts|mixed greens"
"dish_1551124407","cafe1","1551124407","test","none","cafe1_c00452","test","166.0","141.350006","3","brussels sprouts|scrambled eggs|mixed greens"
"dish_1551124481","cafe1","1551124481","train","none","cafe1_c00453","train","48.0","36.959999","1","potatoes"
"dish_1551124591","cafe1","1551124591","train","none","cafe1_c00454","train","63.0","21.42","1","tomatoes"
"dish_1551124637","cafe1","1551124637","train","none","cafe1_c00455","train","20.0","108.199997","1","bacon"
"dish_1551124687","cafe1","1551124687","train","none","cafe1_c00456","train","129.0","166.579987","3","tomatoes|bacon|potatoes"
"dish_1551124723","cafe1","1551124723","train","none","cafe1_c00457","train","129.0","166.580002","3","potatoes|bacon|tomatoes"
"dish_1551125258","cafe1","1551125258","test","none","cafe1_c00458","test","60.0","25.800001","1","brussels sprouts"
"dish_1551125305","cafe1","1551125305","test","none","cafe1_c00459","test","16.0","4.48","1","mixed greens"
"dish_1551125357","cafe1","1551125357","test","none","cafe1_c00460","test","68.0","23.120001","1","tomatoes"
"dish_1551125384","cafe1","1551125384","test","none","cafe1_c00461","test","142.0","53.400002","3","tomatoes|mixed greens|brussels sprouts"
"dish_1551125436","cafe1","1551125436","train","none","cafe1_c00462","train","142.0","53.400002","3","tomatoes|mixed greens|brussels sprouts"
"dish_1551133789","cafe1","1551133789","train","none","cafe1_c00463","train","89.0","44.5","1","pineapple"
"dish_1551133870","cafe1","1551133870","train","none","cafe1_c00464","dev","62.0","21.08","1","cantaloupe"
"dish_1551134053","cafe1","1551134053","train","none","cafe1_c00465","train","87.0","128.759995","1","scrambled eggs"
"dish_1551134138","cafe1","1551134138","train","none","cafe1_c00466","train","228.0","194.339996","3","cantaloupe|pineapple|scrambled eggs"
"dish_1551134208","cafe1","1551134208","train","none","cafe1_c00467","train","272.0","194.339996","3","pineapple|scrambled eggs|cantaloupe"
"dish_1551134442","cafe1","1551134442","train","none","cafe1_c00468","train","70.0","30.1","1","brussels sprouts"
"dish_1551134622","cafe1","1551134622","train","none","cafe1_c00469","train","41.0","56.579998","1","noodles"
"dish_1551134757","cafe1","1551134757","train","none","cafe1_c00470","train","42.0","32.34","1","potatoes"
"dish_1551134824","cafe1","1551134824","train","none","cafe1_c00471","train","150.0","119.019997","3","potatoes|noodles|brussels sprouts"
"dish_1551134895","cafe1","1551134895","train","none","cafe1_c00472","train","150.0","119.019997","3","potatoes|noodles|brussels sprouts"
"dish_1551134987","cafe1","1551134987","train","none","cafe1_c00473","train","73.0","116.800003","1","avocado"
"dish_1551135179","cafe1","1551135179","train","none","cafe1_c00474","train","55.0","145.970001","1","bread"
"dish_1551135297","cafe1","1551135297","train","none","cafe1_c00475","dev","75.0","25.5","1","tomatoes"
"dish_1551135363","cafe1","1551135363","train","none","cafe1_c00476","train","200.0","288.27002","3","avocado|bread|tomatoes"
"dish_1551135415","cafe1","1551135415","train","none","cafe1_c00477","train","200.0","288.27002","3","avocado|bread|tomatoes"
"dish_1551135536","cafe1","1551135536","train","none","cafe1_c00478","train","71.0","63.899998","1","fish"
"dish_1551135590","cafe1","1551135590","train","none","cafe1_c00479","train","25.0","10.0","1","bell peppers"
"dish_1551135656","cafe1","1551135656","train","none","cafe1_c00480","train","47.0","15.98","1","tomatoes"
"dish_1551135718","cafe1","1551135718","train","none","cafe1_c00481","train","140.0","89.879997","3","bell peppers|tomatoes|fish"
"dish_1551135767","cafe1","1551135767","train","none","cafe1_c00482","train","140.0","89.879997","3","bell peppers|tomatoes|fish"
"dish_1551135896","cafe1","1551135896","train","none","cafe1_c00483","train","58.0","24.940001","1","brussels sprouts"
"dish_1551136043","cafe1","1551136043","train","none","cafe1_c00484","train","41.0","59.450001","1","ham"
"dish_1551136264","cafe1","1551136264","train","none","cafe1_c00485","train","72.0","115.200005","1","avocado"
"dish_1551136315","cafe1","1551136315","train","none","cafe1_c00486","dev","170.0","199.589996","3","brussels sprouts|avocado|ham"
"dish_1551136396","cafe1","1551136396","test","none","cafe1_c00487","test","170.0","199.589996","3","brussels sprouts|avocado|ham"
"dish_1551136531","cafe1","1551136531","train","none","cafe1_c00488","train","55.0","81.400002","1","scrambled eggs"
"dish_1551136610","cafe1","1551136610","train","none","cafe1_c00489","train","47.0","64.860001","1","noodles"
"dish_1551136683","cafe1","1551136683","train","none","cafe1_c00490","train","13.0","70.330002","1","bacon"
"dish_1551136769","cafe1","1551136769","train","none","cafe1_c00491","train","112.0","216.590012","3","scrambled eggs|bacon|noodles"
"dish_1551136814","cafe1","1551136814","train","none","cafe1_c00492","train","112.0","216.589996","3","noodles|bacon|scrambled eggs"
"dish_1551136891","cafe1","1551136891","train","none","cafe1_c00493","train","52.0","40.040001","1","potatoes"
"dish_1551137091","cafe1","1551137091","train","none","cafe1_c00494","train","60.0","159.240005","1","bread"
"dish_1551137173","cafe1","1551137173","train","none","cafe1_c00495","train","12.0","3.36","1","mixed greens"
"dish_1551137277","cafe1","1551137277","train","none","cafe1_c00496","train","122.0","202.639999","3","bread|potatoes|mixed greens"
"dish_1551137348","cafe1","1551137348","train","none","cafe1_c00497","dev","121.0","202.639999","3","bread|potatoes|mixed greens"
"dish_1551137431","cafe1","1551137431","train","none","cafe1_c00498","train","27.0","71.658005","1","bread"
"dish_1551138110","cafe1","1551138110","train","none","cafe1_c00499","train","89.0","44.5","1","pineapple"
"dish_1551138180","cafe1","1551138180","train","none","cafe1_c00500","train","67.0","22.780001","1","tomatoes"
"dish_1551138237","cafe1","1551138237","train","none","cafe1_c00501","train","7974.0","138.938004","3","bread|tomatoes|pineapple"
"dish_1551138312","cafe1","1551138312","test","none","cafe1_c00502","test","180.0","138.938004","3","pineapple|tomatoes|bread"
"dish_1551139066","cafe1","1551139066","train","none","cafe1_c00503","train","29.0","42.050003","1","ham"
"dish_1551139192","cafe1","1551139192","train","none","cafe1_c00504","train","63.0","31.5","1","pineapple"
"dish_1551139260","cafe1","1551139260","train","none","cafe1_c00505","train","15.0","4.2","1","mixed greens"
"dish_1551139325","cafe1","1551139325","train","none","cafe1_c00506","train","105.0","77.75","3","pineapple|mixed greens|ham"
"dish_1551139367","cafe1","1551139367","train","none","cafe1_c00507","train","105.0","77.75","3","ham|pineapple|mixed greens"
"dish_1551139415","cafe1","1551139415","train","none","cafe1_c00508","train","63.0","21.42","1","cantaloupe"
"dish_1551139487","cafe1","1551139487","train","none","cafe1_c00509","train","56.0","24.08","1","brussels sprouts"
"dish_1551139535","cafe1","1551139535","train","none","cafe1_c00510","train","34.0","13.6","1","bell peppers"
"dish_1551139576","cafe1","1551139576","train","none","cafe1_c00511","dev","150.0","59.099998","3","cantaloupe|brussels sprouts|bell peppers"
"dish_1551139606","cafe1","1551139606","train","none","cafe1_c00512","train","150.0","59.099998","3","cantaloupe|brussels sprouts|bell peppers"
"dish_1551139675","cafe1","1551139675","train","none","cafe1_c00513","train","49.0","44.099998","1","fish"
"dish_1551139764","cafe1","1551139764","train","none","cafe1_c00514","train","21.0","55.734001","1","bread"
"dish_1551139831","cafe1","1551139831","train","none","cafe1_c00515","train","84.0","134.400009","1","avocado"
"dish_1551139874","cafe1","1551139874","train","none","cafe1_c00516","train","152.0","234.234009","3","fish|bread|avocado"
"dish_1551139956","cafe1","1551139956","train","none","cafe1_c00517","train","152.0","234.234009","3","avocado|fish|bread"
"dish_1551141628","cafe1","1551141628","train","none","cafe1_c00518","train","46.0","63.48","1","noodles"
"dish_1551141670","cafe1","1551141670","train","none","cafe1_c00519","dev","41.0","16.4","1","bell peppers"
"dish_1551141710","cafe1","1551141710","train","none","cafe1_c00520","train","61.0","54.899998","1","fish"
"dish_1551141747","cafe1","1551141747","train","none","cafe1_c00521","train","148.0","134.779999","3","fish|noodles|bell peppers"
"dish_1551141779","cafe1","1551141779","train","none","cafe1_c00522","train","148.0","134.779999","3","fish|noodles|bell peppers"
"dish_1551141849","cafe1","1551141849","train","none","cafe1_c00523","train","85.0","125.800003","1","scrambled eggs"
"dish_1551141892","cafe1","1551141892","train","none","cafe1_c00524","train","18.0","5.04","1","mixed greens"
"dish_1551141931","cafe1","1551141931","train","none","cafe1_c00525","dev","62.0","21.08","1","cantaloupe"
"dish_1551142001","cafe1","1551142001","train","none","cafe1_c00526","train","163.0","151.919998","3","scrambled eggs|mixed greens|cantaloupe"
"dish_1551142046","cafe1","1551142046","train","none","cafe1_c00527","train","163.0","151.919998","3","mixed greens|cantaloupe|scrambled eggs"
"dish_1551142128","cafe1","1551142128","train","none","cafe1_c00528","train","87.0","43.5","1","pineapple"
"dish_1551142459","cafe1","1551142459","train","none","cafe1_c00529","train","67.0","97.150002","1","ham"
"dish_1551142509","cafe1","1551142509","train","none","cafe1_c00530","train","64.0","49.279999","1","potatoes"
"dish_1551142547","cafe1","1551142547","train","none","cafe1_c00531","train","216.0","189.929993","3","ham|potatoes|pineapple"
"dish_1551142589","cafe1","1551142589","train","none","cafe1_c00532","train","216.0","189.929993","3","potatoes|pineapple|ham"
"dish_1551221581","cafe1","1551221581","train","none","cafe1_c00533","train","34.0","74.120003","1","tortilla"
"dish_1551221801","cafe1","1551221801","train","none","cafe1_c00534","train","45.0","40.5","1","fish"
"dish_1551221853","cafe1","1551221853","train","none","cafe1_c00535","train","97.0","24.25","1","cauliflower"
"dish_1551221892","cafe1","1551221892","train","none","cafe1_c00536","train","174.0","138.869995","3","tortilla|cauliflower|fish"
"dish_1551221935","cafe1","1551221935","train","none","cafe1_c00537","train","174.0","138.869995","3","tortilla|cauliflower|fish"
"dish_1551222036","cafe1","1551222036","train","none","cafe1_c00538","train","65.0","141.699997","1","tortilla"
"dish_1551222068","cafe1","1551222068","train","none","cafe1_c00539","dev","51.0","5.1","1","cucumbers"
"dish_1551222188","cafe1","1551222188","train","none","cafe1_c00540","train","22.0","9.02","1","carrot"
"dish_1551222225","cafe1","1551222225","train","none","cafe1_c00541","train","136.0","155.819992","3","cucumbers|carrot|tortilla"
"dish_1551222311","cafe1","1551222311","test","none","cafe1_c00542","test","136.0","155.820007","3","tortilla|cucumbers|carrot"
"dish_1551222363","cafe1","1551222363","train","none","cafe1_c00543","dev","45.0","62.099998","1","noodles"
"dish_1551222472","cafe1","1551222472","train","none","cafe1_c00544","train","24.0","5.28","1","mushroom"
"dish_1551222527","cafe1","1551222527","train","none","cafe1_c00545","train","60.0","15.0","1","cauliflower"
"dish_1551222558","cafe1","1551222558","train","none","cafe1_c00546","train","128.0","82.379997","3","cauliflower|mushroom|noodles"
"dish_1551222587","cafe1","1551222587","train","none","cafe1_c00547","dev","128.0","82.379997","3","cauliflower|mushroom|noodles"
"dish_1551222638","cafe1","1551222638","train","none","cafe1_c00548","train","18.0","39.240002","1","tortilla"
"dish_1551222712","cafe1","1551222712","train","none","cafe1_c00549","dev","51.0","21.93","1","brussels sprouts"
"dish_1551222759","cafe1","1551222759","train","none","cafe1_c00550","train","37.0","14.8","1","bell peppers"
"dish_1551222791","cafe1","1551222791","train","none","cafe1_c00551","train","104.0","75.970001","3","tortilla|brussels sprouts|bell peppers"
"dish_1551222833","cafe1","1551222833","train","none","cafe1_c00552","train","104.0","75.970001","3","brussels sprouts|tortilla|bell peppers"
"dish_1551222877","cafe1","1551222877","train","none","cafe1_c00553","train","48.0","104.639999","1","tortilla"
"dish_1551222935","cafe1","1551222935","train","none","cafe1_c00554","train","16.0","6.56","1","carrot"
"dish_1551222982","cafe1","1551222982","train","none","cafe1_c00555","train","38.0","13.3","1","broccoli"
"dish_1551223023","cafe1","1551223023","train","none","cafe1_c00556","train","100.0","124.5","3","tortilla|carrot|broccoli"
"dish_1551223114","cafe1","1551223114","test","none","cafe1_c00557","test","100.0","124.5","3","tortilla|carrot|broccoli"
"dish_1551223195","cafe1","1551223195","train","none","cafe1_c00558","train","54.0","143.31601","1","bread"
"dish_1551223249","cafe1","1551223249","train","none","cafe1_c00559","train","60.0","82.800003","1","noodles"
"dish_1551223311","cafe1","1551223311","train","none","cafe1_c00560","train","33.0","3.3","1","cucumbers"
"dish_1551223346","cafe1","1551223346","train","none","cafe1_c00561","train","146.0","229.416016","3","bread|noodles|cucumbers"
"dish_1551223394","cafe1","1551223394","train","none","cafe1_c00562","train","145.0","229.416016","3","bread|noodles|cucumbers"
"dish_1551224001","cafe1","1551224001","train","none","cafe1_c00563","dev","78.0","33.540001","1","brussels sprouts"
"dish_1551224089","cafe1","1551224089","train","none","cafe1_c00564","train","29.0","6.38","1","mushroom"
"dish_1551224138","cafe1","1551224138","train","none","cafe1_c00565","train","55.0","22.0","1","bell peppers"
"dish_1551224175","cafe1","1551224175","train","none","cafe1_c00566","train","161.0","61.920002","3","mushroom|bell peppers|brussels sprouts"
"dish_1551224208","cafe1","1551224208","test","none","cafe1_c00567","test","161.0","61.920002","3","mushroom|bell peppers|brussels sprouts"
"dish_1551224283","cafe1","1551224283","train","none","cafe1_c00568","train","107.0","26.75","1","cauliflower"
"dish_1551224380","cafe1","1551224380","train","none","cafe1_c00569","train","29.0","76.966003","1","bread"
"dish_1551224447","cafe1","1551224447","train","none","cafe1_c00570","train","93.0","83.699997","1","fish"
"dish_1551224483","cafe1","1551224483","train","none","cafe1_c00571","train","228.0","187.416","3","cauliflower|bread|fish"
"dish_1551224534","cafe1","1551224534","train","none","cafe1_c00572","dev","228.0","187.416","3","bread|fish|cauliflower"
"dish_1551224647","cafe1","1551224647","test","none","cafe1_c00573","test","252.0","131.039993","1","apple"
"dish_1551224689","cafe1","1551224689","test","none","cafe1_c00574","test","42.0","4.2","1","cucumbers"
"dish_1551224751","cafe1","1551224751","test","none","cafe1_c00575","test","37.0","15.91","1","brussels sprouts"
"dish_1551224787","cafe1","1551224787","test","none","cafe1_c00576","test","330.0","151.149994","3","brussels sprouts|cucumbers|apple"
"dish_1551224833","cafe1","1551224833","train","none","cafe1_c00577","dev","330.0","151.149994","3","apple|cucumbers|brussels sprouts"
"dish_1551224928","cafe1","1551224928","train","none","cafe1_c00578","train","129.0","67.079994","1","apple"
"dish_1551225021","cafe1","1551225021","train","none","cafe1_c00579","train","76.0","19.0","1","cauliflower"
"dish_1551225067","cafe1","1551225067","train","none","cafe1_c00580","train","46.0","63.48","1","noodles"
"dish_1551225106","cafe1","1551225106","train","none","cafe1_c00581","dev","250.0","149.559998","3","apple|noodles|cauliflower"
"dish_1551225155","cafe1","1551225155","train","none","cafe1_c00582","train","250.0","149.559998","3","apple|cauliflower|noodles"
"dish_1551225281","cafe1","1551225281","train","none","cafe1_c00583","train","46.0","122.084","1","bread"
"dish_1551225381","cafe1","1551225381","train","none","cafe1_c00584","train","111.0","57.719997","1","apple"
"dish_1551225467","cafe1","1551225467","train","none","cafe1_c00585","train","70.0","63.0","1","fish"
"dish_1551225501","cafe1","1551225501","train","none","cafe1_c00586","train","225.0","242.804001","3","apple|fish|bread"
"dish_1551225541","cafe1","1551225541","train","none","cafe1_c00587","train","225.0","242.804001","3","apple|fish|bread"
"dish_1551225609","cafe1","1551225609","train","none","cafe1_c00588","train","62.0","32.239998","1","apple"
"dish_1551225666","cafe1","1551225666","train","none","cafe1_c00589","train","25.0","5.5","1","mushroom"
"dish_1551225714","cafe1","1551225714","train","none","cafe1_c00590","train","31.0","67.580002","1","tortilla"
"dish_1551225764","cafe1","1551225764","train","none","cafe1_c00591","train","117.0","105.32","3","mushroom|tortilla|apple"
"dish_1551225793","cafe1","1551225793","train","none","cafe1_c00592","train","117.0","105.32","3","mushroom|tortilla|apple"
"dish_1551225836","cafe1","1551225836","train","none","cafe1_c00593","train","87.0","189.660004","1","tortilla"
"dish_1551225948","cafe1","1551225948","train","none","cafe1_c00594","train","15.0","6.15","1","carrot"
"dish_1551226013","cafe1","1551226013","train","none","cafe1_c00595","train","64.0","27.52","1","brussels sprouts"
"dish_1551226049","cafe1","1551226049","train","none","cafe1_c00596","train","165.0","223.330002","3","brussels sprouts|tortilla|carrot"
"dish_1551226101","cafe1","1551226101","train","none","cafe1_c00597","train","165.0","223.330002","3","tortilla|carrot|brussels sprouts"
"dish_1551226308","cafe1","1551226308","train","none","cafe1_c00598","train","21.0","45.780003","1","tortilla"
"dish_1551226363","cafe1","1551226363","train","none","cafe1_c00599","train","49.0","17.15","1","broccoli"
"dish_1551226409","cafe1","1551226409","train","none","cafe1_c00600","train","57.0","24.51","1","brussels sprouts"
"dish_1551226442","cafe1","1551226442","train","none","cafe1_c00601","train","126.0","87.440002","3","tortilla|broccoli|brussels sprouts"
"dish_1551226475","cafe1","1551226475","train","none","cafe1_c00602","train","126.0","87.440002","3","tortilla|broccoli|brussels sprouts"
"dish_1551226840","cafe1","1551226840","train","none","cafe1_c00603","train","122.0","109.799995","1","fish"
"dish_1551226892","cafe1","1551226892","train","none","cafe1_c00604","train","31.0","67.580002","1","tortilla"
"dish_1551226948","cafe1","1551226948","train","none","cafe1_c00605","dev","47.0","18.800001","1","bell peppers"
"dish_1551226999","cafe1","1551226999","train","none","cafe1_c00606","train","199.0","196.180008","3","tortilla|fish|bell peppers"
"dish_1551227050","cafe1","1551227050","train","none","cafe1_c00607","train","198.0","196.180008","3","fish|tortilla|bell peppers"
"dish_1551227165","cafe1","1551227165","train","none","cafe1_c00608","train","29.0","76.966003","1","bread"
"dish_1551227216","cafe1","1551227216","train","none","cafe1_c00609","train","24.0","5.28","1","mushroom"
"dish_1551227280","cafe1","1551227280","train","none","cafe1_c00610","train","49.0","4.9","1","cucumbers"
"dish_1551227325","cafe1","1551227325","train","none","cafe1_c00611","train","102.0","87.146004","3","bread|mushroom|cucumbers"
"dish_1551227380","cafe1","1551227380","test","none","cafe1_c00612","test","102.0","87.146004","3","bread|mushroom|cucumbers"
"dish_1551227435","cafe1","1551227435","train","none","cafe1_c00613","train","87.0","37.41","1","brussels sprouts"
"dish_1551227539","cafe1","1551227539","train","none","cafe1_c00614","train","126.0","31.5","1","cauliflower"
"dish_1551227581","cafe1","1551227581","train","none","cafe1_c00615","train","31.0","12.400001","1","bell peppers"
"dish_1551227628","cafe1","1551227628","train","none","cafe1_c00616","train","243.0","81.309998","3","bell peppers|brussels sprouts|cauliflower"
"dish_1551227669","cafe1","1551227669","train","none","cafe1_c00617","train","243.0","81.310005","3","brussels sprouts|cauliflower|bell peppers"
"dish_1551228296","cafe1","1551228296","train","none","cafe1_c00618","train","94.0","48.879997","1","apple"
"dish_1551228355","cafe1","1551228355","train","none","cafe1_c00619","train","28.0","38.639999","1","noodles"
"dish_1551228396","cafe1","1551228396","train","none","cafe1_c00620","train","31.0","3.1","1","cucumbers"
"dish_1551228438","cafe1","1551228438","train","none","cafe1_c00621","train","153.0","90.619995","3","noodles|cucumbers|apple"
"dish_1551228478","cafe1","1551228478","test","none","cafe1_c00622","test","153.0","90.619995","3","apple|cucumbers|noodles"
"dish_1551228551","cafe1","1551228551","train","none","cafe1_c00623","train","25.0","5.5","1","mushroom"
"dish_1551228582","cafe1","1551228582","train","none","cafe1_c00624","train","36.0","32.399998","1","fish"
"dish_1551228630","cafe1","1551228630","train","none","cafe1_c00625","train","37.0","80.660004","1","tortilla"
"dish_1551228669","cafe1","1551228669","train","none","cafe1_c00626","dev","98.0","118.559998","3","tortilla|mushroom|fish"
"dish_1551228715","cafe1","1551228715","train","none","cafe1_c00627","dev","98.0","118.559998","3","tortilla|fish|mushroom"
"dish_1551228830","cafe1","1551228830","train","none","cafe1_c00628","train","29.0","40.02","1","noodles"
"dish_1551228876","cafe1","1551228876","train","none","cafe1_c00629","train","17.0","6.97","1","carrot"
"dish_1551228930","cafe1","1551228930","train","none","cafe1_c00630","train","36.0","14.400001","1","bell peppers"
"dish_1551228971","cafe1","1551228971","train","none","cafe1_c00631","train","82.0","61.389999","3","carrot|bell peppers|noodles"
"dish_1551229028","cafe1","1551229028","train","none","cafe1_c00632","train","82.0","61.390003","3","noodles|bell peppers|carrot"
"dish_1551232627","cafe1","1551232627","train","none","cafe1_c00633","train","73.0","65.699997","1","fish"
"dish_1551232686","cafe1","1551232686","train","none","cafe1_c00634","dev","49.0","71.050003","1","ham"
"dish_1551232713","cafe1","1551232713","train","none","cafe1_c00635","dev","78.0","33.540001","1","brussels sprouts"
"dish_1551232748","cafe1","1551232748","train","none","cafe1_c00636","train","199.0","170.290009","3","fish|brussels sprouts|ham"
"dish_1551232782","cafe1","1551232782","train","none","cafe1_c00637","dev","199.0","170.290009","3","ham|fish|brussels sprouts"
"dish_1551232851","cafe1","1551232851","train","none","cafe1_c00638","dev","126.0","31.5","1","cauliflower"
"dish_1551232905","cafe1","1551232905","train","none","cafe1_c00639","train","45.0","62.099998","1","noodles"
"dish_1551232936","cafe1","1551232936","train","none","cafe1_c00640","dev","35.0","14.0","1","bell peppers"
"dish_1551232973","cafe1","1551232973","train","none","cafe1_c00641","train","7975.0","107.599998","3","bell peppers|cauliflower|noodles"
"dish_1551233007","cafe1","1551233007","train","none","cafe1_c00642","train","205.0","107.599998","3","bell peppers|cauliflower|noodles"
"dish_1551233095","cafe1","1551233095","train","none","cafe1_c00643","dev","14.0","3.08","1","mushroom"
"dish_1551233150","cafe1","1551233150","train","none","cafe1_c00644","train","55.0","75.900002","1","noodles"
"dish_1551233180","cafe1","1551233180","train","none","cafe1_c00645","dev","36.0","52.200001","1","ham"
"dish_1551233210","cafe1","1551233210","train","none","cafe1_c00646","train","103.0","131.179993","3","ham|mushroom|noodles"
"dish_1551233248","cafe1","1551233248","train","none","cafe1_c00647","train","103.0","131.179993","3","ham|mushroom|noodles"
"dish_1551233313","cafe1","1551233313","train","none","cafe1_c00648","train","24.0","5.28","1","mushroom"
"dish_1551233345","cafe1","1551233345","train","none","cafe1_c00649","train","27.0","2.7","1","cucumbers"
"dish_1551233375","cafe1","1551233375","train","none","cafe1_c00650","train","55.0","19.25","1","broccoli"
"dish_1551233403","cafe1","1551233403","train","none","cafe1_c00651","train","105.0","27.23","3","cucumbers|mushroom|broccoli"
"dish_1551233434","cafe1","1551233434","train","none","cafe1_c00652","train","104.0","27.23","3","mushroom|cucumbers|broccoli"
"dish_1551233491","cafe1","1551233491","train","none","cafe1_c00653","dev","71.0","17.75","1","cauliflower"
"dish_1551233523","cafe1","1551233523","train","none","cafe1_c00654","train","20.0","43.600002","1","tortilla"
"dish_1551233573","cafe1","1551233573","train","none","cafe1_c00655","train","65.0","33.799999","1","apple"
"dish_1551233610","cafe1","1551233610","train","none","cafe1_c00656","train","156.0","95.150002","3","tortilla|cauliflower|apple"
"dish_1551233633","cafe1","1551233633","train","none","cafe1_c00657","train","200.0","95.150002","3","cauliflower|tortilla|apple"
"dish_1551233708","cafe1","1551233708","train","none","cafe1_c00658","dev","41.0","108.814003","1","bread"
"dish_1551233745","cafe1","1551233745","train","none","cafe1_c00659","train","47.0","68.150002","1","ham"
"dish_1551233802","cafe1","1551233802","train","none","cafe1_c00660","train","69.0","35.879997","1","apple"
"dish_1551233827","cafe1","1551233827","train","none","cafe1_c00661","train","156.0","212.843994","3","bread|apple|ham"
"dish_1551233859","cafe1","1551233859","train","none","cafe1_c00662","train","156.0","212.843994","3","bread|apple|ham"
"dish_1551233938","cafe1","1551233938","train","none","cafe1_c00663","train","34.0","49.300003","1","ham"
"dish_1551233982","cafe1","1551233982","train","none","cafe1_c00664","dev","36.0","78.480003","1","tortilla"
"dish_1551234017","cafe1","1551234017","train","none","cafe1_c00665","dev","31.0","12.400001","1","bell peppers"
"dish_1551234046","cafe1","1551234046","train","none","cafe1_c00666","train","101.0","140.180008","3","bell peppers|ham|tortilla"
"dish_1551234106","cafe1","1551234106","train","none","cafe1_c00667","train","101.0","140.180008","3","bell peppers|tortilla|ham"
"dish_1551234185","cafe1","1551234185","test","none","cafe1_c00668","test","17.0","3.74","1","mushroom"
"dish_1551234214","cafe1","1551234214","test","none","cafe1_c00669","test","29.0","2.9","1","cucumbers"
"dish_1551234252","cafe1","1551234252","test","none","cafe1_c00670","test","44.0","15.4","1","broccoli"
"dish_1551234288","cafe1","1551234288","test","none","cafe1_c00671","test","89.0","22.040001","3","mushroom|cucumbers|broccoli"
"dish_1551234316","cafe1","1551234316","test","none","cafe1_c00672","test","89.0","22.040001","3","mushroom|cucumbers|broccoli"
"dish_1551235109","cafe1","1551235109","train","none","cafe1_c00673","train","59.0","156.585999","1","bread"
"dish_1551235171","cafe1","1551235171","train","none","cafe1_c00674","train","14.0","3.92","1","mixed greens"
"dish_1551235211","cafe1","1551235211","train","none","cafe1_c00675","train","39.0","156.779999","1","cheese"
"dish_1551235240","cafe1","1551235240","train","none","cafe1_c00676","train","111.0","317.286011","3","cheese|mixed greens|bread"
"dish_1551235270","cafe1","1551235270","train","none","cafe1_c00677","train","111.0","317.286011","3","bread|mixed greens|cheese"
"dish_1551235561","cafe1","1551235561","test","none","cafe1_c00678","test","69.0","172.5","1","beef"
"dish_1551235600","cafe1","1551235600","test","none","cafe1_c00679","test","178.0","83.659996","1","orange"
"dish_1551235669","cafe1","1551235669","test","none","cafe1_c00680","test","17.0","68.339996","1","cheese"
"dish_1551235699","cafe1","1551235699","test","none","cafe1_c00681","test","262.0","324.5","3","beef|orange|cheese"
"dish_1551235759","cafe1","1551235759","train","none","cafe1_c00682","train","262.0","324.5","3","beef|orange|cheese"
"dish_1551235868","cafe1","1551235868","train","none","cafe1_c00683","dev","178.0","83.659996","1","orange"
"dish_1551235946","cafe1","1551235946","train","none","cafe1_c00684","train","12.0","3.36","1","mixed greens"
"dish_1551235983","cafe1","1551235983","train","none","cafe1_c00685","train","118.0","194.699997","1","chicken"
"dish_1551236011","cafe1","1551236011","train","none","cafe1_c00686","train","307.0","281.720001","3","orange|mixed greens|chicken"
"dish_1551236159","cafe1","1551236159","train","none","cafe1_c00687","train","248.0","281.720001","3","mixed greens|chicken|orange"
"dish_1551236417","cafe1","1551236417","train","none","cafe1_c00688","train","47.0","68.150002","1","ham"
"dish_1551236466","cafe1","1551236466","train","none","cafe1_c00689","train","20.0","80.400002","1","cheese"
"dish_1551236495","cafe1","1551236495","train","none","cafe1_c00690","train","112.0","297.248016","1","bread"
"dish_1551236521","cafe1","1551236521","train","none","cafe1_c00691","train","178.0","445.798004","3","ham|bread|cheese"
"dish_1551236550","cafe1","1551236550","train","none","cafe1_c00692","train","178.0","445.798035","3","cheese|ham|bread"
"dish_1551236621","cafe1","1551236621","train","none","cafe1_c00693","train","77.0","192.5","1","beef"
"dish_1551236657","cafe1","1551236657","train","none","cafe1_c00694","train","30.0","6.6","1","mushroom"
"dish_1551236712","cafe1","1551236712","train","none","cafe1_c00695","train","69.0","32.43","1","orange"
"dish_1551236775","cafe1","1551236775","train","none","cafe1_c00696","dev","175.0","231.529999","3","beef|mushroom|orange"
"dish_1551236827","cafe1","1551236827","train","none","cafe1_c00697","train","175.0","231.529999","3","orange|mushroom|beef"
"dish_1551236949","cafe1","1551236949","train","none","cafe1_c00698","train","102.0","43.860001","1","brussels sprouts"
"dish_1551236981","cafe1","1551236981","train","none","cafe1_c00699","train","107.0","176.550003","1","chicken"
"dish_1551237016","cafe1","1551237016","train","none","cafe1_c00700","train","37.0","92.5","1","beef"
"dish_1551237046","cafe1","1551237046","train","none","cafe1_c00701","train","245.0","312.910004","3","beef|brussels sprouts|chicken"
"dish_1551237079","cafe1","1551237079","test","none","cafe1_c00702","test","245.0","312.910004","3","brussels sprouts|chicken|beef"
"dish_1551237180","cafe1","1551237180","test","none","cafe1_c00703","test","216.0","101.519997","1","orange"
"dish_1551237231","cafe1","1551237231","test","none","cafe1_c00704","test","33.0","47.850002","1","ham"
"dish_1551237274","cafe1","1551237274","test","none","cafe1_c00705","test","23.0","9.2","1","bell peppers"
"dish_1551237321","cafe1","1551237321","test","none","cafe1_c00706","test","271.0","158.569992","3","orange|bell peppers|ham"
"dish_1551237348","cafe1","1551237348","train","none","cafe1_c00707","train","271.0","158.569992","3","orange|bell peppers|ham"
"dish_1551237436","cafe1","1551237436","train","none","cafe1_c00708","train","69.0","35.879997","1","apple"
"dish_1551237463","cafe1","1551237463","train","none","cafe1_c00709","train","41.0","14.349999","1","broccoli"
"dish_1551237498","cafe1","1551237498","train","none","cafe1_c00710","dev","128.0","176.639999","1","noodles"
"dish_1551237527","cafe1","1551237527","train","none","cafe1_c00711","train","168.0","226.869995","3","broccoli|noodles|apple"
"dish_1551237558","cafe1","1551237558","train","none","cafe1_c00712","dev","168.0","226.869995","3","noodles|apple|broccoli"
"dish_1551237607","cafe1","1551237607","train","none","cafe1_c00713","train","39.0","53.82","1","noodles"
"dish_1551237710","cafe1","1551237710","train","none","cafe1_c00714","train","73.0","182.5","1","beef"
"dish_1551237778","cafe1","1551237778","train","none","cafe1_c00715","train","47.0","102.460007","1","tortilla"
"dish_1551237814","cafe1","1551237814","train","none","cafe1_c00716","train","158.0","338.779999","3","tortilla|noodles|beef"
"dish_1551237854","cafe1","1551237854","train","none","cafe1_c00717","train","158.0","338.779999","3","tortilla|noodles|beef"
"dish_1551303168","cafe1","1551303168","train","none","cafe1_c00718","train","55.0","54.450001","1","shrimp"
"dish_1551303285","cafe1","1551303285","train","none","cafe1_c00719","dev","61.0","79.299995","1","white rice"
"dish_1551303338","cafe1","1551303338","train","none","cafe1_c00720","train","65.0","91.0","1","bean(seed)"
"dish_1551303437","cafe1","1551303437","train","none","cafe1_c00721","dev","178.0","224.75","3","shrimp|white rice|bean(seed)"
"dish_1551303476","cafe1","1551303476","train","none","cafe1_c00722","train","177.0","224.75","3","shrimp|white rice|bean(seed)"
"dish_1551303644","cafe1","1551303644","train","none","cafe1_c00723","train","15.0","80.400002","1","potato chips"
"dish_1551303727","cafe1","1551303727","train","none","cafe1_c00724","train","62.0","26.66","1","brussels sprouts"
"dish_1551303770","cafe1","1551303770","train","none","cafe1_c00725","train","12.0","64.919998","1","bacon"
"dish_1551303822","cafe1","1551303822","train","none","cafe1_c00726","train","88.0","171.980011","3","brussels sprouts|bacon|potato chips"
"dish_1551303866","cafe1","1551303866","train","none","cafe1_c00727","train","88.0","171.980011","3","brussels sprouts|bacon|potato chips"
"dish_1551303912","cafe1","1551303912","train","none","cafe1_c00728","train","50.0","70.0","1","bean(seed)"
"dish_1551303984","cafe1","1551303984","train","none","cafe1_c00729","train","92.0","46.0","1","pineapple"
"dish_1551304110","cafe1","1551304110","train","none","cafe1_c00730","train","40.0","39.599998","1","shrimp"
"dish_1551304155","cafe1","1551304155","train","none","cafe1_c00731","train","180.0","155.600006","3","bean(seed)|shrimp|pineapple"
"dish_1551304197","cafe1","1551304197","train","none","cafe1_c00732","dev","180.0","155.600006","3","pineapple|shrimp|bean(seed)"
"dish_1551304349","cafe1","1551304349","train","none","cafe1_c00733","dev","121.0","30.25","1","cauliflower"
"dish_1551304456","cafe1","1551304456","train","none","cafe1_c00734","train","22.0","117.920006","1","potato chips"
"dish_1551304571","cafe1","1551304571","train","none","cafe1_c00735","train","82.0","121.360001","1","scrambled eggs"
"dish_1551304608","cafe1","1551304608","train","none","cafe1_c00736","train","223.0","269.530029","3","potato chips|cauliflower|scrambled eggs"
"dish_1551304741","cafe1","1551304741","train","none","cafe1_c00737","train","223.0","269.529999","3","cauliflower|scrambled eggs|potato chips"
"dish_1551304854","cafe1","1551304854","train","none","cafe1_c00738","train","134.0","91.120003","1","oatmeal"
"dish_1551304973","cafe1","1551304973","train","none","cafe1_c00739","train","27.0","5.94","1","mushroom"
"dish_1551305168","cafe1","1551305168","train","none","cafe1_c00740","dev","33.0","31.679998","1","corn"
"dish_1551305209","cafe1","1551305209","train","none","cafe1_c00741","train","192.0","128.740005","3","corn|mushroom|oatmeal"
"dish_1551305257","cafe1","1551305257","train","none","cafe1_c00742","train","193.0","128.740005","3","corn|mushroom|oatmeal"
"dish_1551305410","cafe1","1551305410","train","none","cafe1_c00743","dev","62.0","80.599998","1","white rice"
"dish_1551306241","cafe1","1551306241","train","none","cafe1_c00744","train","19.0","102.789993","1","bacon"
"dish_1551306290","cafe1","1551306290","train","none","cafe1_c00745","dev","27.0","25.92","1","corn"
"dish_1551306339","cafe1","1551306339","train","none","cafe1_c00746","dev","106.0","209.309998","3","corn|white rice|bacon"
"dish_1551306375","cafe1","1551306375","train","none","cafe1_c00747","dev","106.0","209.309982","3","white rice|bacon|corn"
"dish_1551306452","cafe1","1551306452","train","none","cafe1_c00748","dev","70.0","98.0","1","bean(seed)"
"dish_1551306491","cafe1","1551306491","train","none","cafe1_c00749","train","62.0","15.5","1","cauliflower"
"dish_1551306561","cafe1","1551306561","train","none","cafe1_c00750","train","38.0","8.36","1","mushroom"
"dish_1551306647","cafe1","1551306647","train","none","cafe1_c00751","train","168.0","121.860001","3","bean(seed)|cauliflower|mushroom"
"dish_1551306691","cafe1","1551306691","train","none","cafe1_c00752","dev","168.0","121.860001","3","bean(seed)|cauliflower|mushroom"
"dish_1551306798","cafe1","1551306798","train","none","cafe1_c00753","train","20.0","107.200005","1","potato chips"
"dish_1551306860","cafe1","1551306860","train","none","cafe1_c00754","dev","11.0","59.509998","1","bacon"
"dish_1551306958","cafe1","1551306958","train","none","cafe1_c00755","train","22.0","4.84","1","mushroom"
"dish_1551307013","cafe1","1551307013","train","none","cafe1_c00756","train","52.0","171.550003","3","bacon|mushroom|potato chips"
"dish_1551307090","cafe1","1551307090","train","none","cafe1_c00757","train","52.0","171.550003","3","potato chips|bacon|mushroom"
"dish_1551307170","cafe1","1551307170","train","none","cafe1_c00758","train","48.0","20.639999","1","brussels sprouts"
"dish_1551307258","cafe1","1551307258","train","none","cafe1_c00759","train","45.0","43.200001","1","corn"
"dish_1551307325","cafe1","1551307325","train","none","cafe1_c00760","train","72.0","106.559998","1","scrambled eggs"
"dish_1551307361","cafe1","1551307361","train","none","cafe1_c00761","dev","164.0","170.399994","3","scrambled eggs|brussels sprouts|corn"
"dish_1551307394","cafe1","1551307394","test","none","cafe1_c00762","test","164.0","170.399994","3","brussels sprouts|corn|scrambled eggs"
"dish_1551313782","cafe1","1551313782","train","none","cafe1_c00763","train","81.0","49.41","1","kiwi"
"dish_1551313822","cafe1","1551313822","train","none","cafe1_c00764","train","63.0","18.269999","1","lemon"
"dish_1551313872","cafe1","1551313872","train","none","cafe1_c00765","train","46.0","64.400002","1","bean(seed)"
"dish_1551313896","cafe1","1551313896","train","none","cafe1_c00766","train","189.0","132.080002","3","lemon|kiwi|bean(seed)"
"dish_1551313924","cafe1","1551313924","train","none","cafe1_c00767","train","189.0","132.080002","3","kiwi|lemon|bean(seed)"
"dish_1551314022","cafe1","1551314022","test","none","cafe1_c00768","test","39.0","23.790001","1","kiwi"
"dish_1551314048","cafe1","1551314048","test","none","cafe1_c00769","test","29.0","27.84","1","corn"
"dish_1551314095","cafe1","1551314095","test","none","cafe1_c00770","test","45.0","21.15","1","orange"
"dish_1551314121","cafe1","1551314121","test","none","cafe1_c00771","test","112.0","72.779999","3","corn|orange|kiwi"
"dish_1551314163","cafe1","1551314163","train","none","cafe1_c00772","train","111.0","72.779999","3","kiwi|corn|orange"
"dish_1551314254","cafe1","1551314254","train","none","cafe1_c00773","train","41.0","11.889999","1","lemon"
"dish_1551314290","cafe1","1551314290","train","none","cafe1_c00774","train","31.0","14.57","1","orange"
"dish_1551314337","cafe1","1551314337","train","none","cafe1_c00775","train","67.0","33.5","1","pineapple"
"dish_1551314360","cafe1","1551314360","train","none","cafe1_c00776","train","137.0","59.959999","3","pineapple|lemon|orange"
"dish_1551314390","cafe1","1551314390","train","none","cafe1_c00777","train","137.0","59.959999","3","pineapple|lemon|orange"
"dish_1551314442","cafe1","1551314442","train","none","cafe1_c00778","train","23.0","5.06","1","mushroom"
"dish_1551314496","cafe1","1551314496","train","none","cafe1_c00779","dev","44.0","26.84","1","kiwi"
"dish_1551314531","cafe1","1551314531","train","none","cafe1_c00780","train","17.0","91.120003","1","potato chips"
"dish_1551314560","cafe1","1551314560","train","none","cafe1_c00781","train","83.0","123.020004","3","mushroom|kiwi|potato chips"
"dish_1551314589","cafe1","1551314589","test","none","cafe1_c00782","test","83.0","123.020004","3","kiwi|mushroom|potato chips"
"dish_1551314669","cafe1","1551314669","train","none","cafe1_c00783","train","91.0","26.389999","1","lemon"
"dish_1551314810","cafe1","1551314810","train","none","cafe1_c00784","dev","15.0","81.149994","1","bacon"
"dish_1551314855","cafe1","1551314855","train","none","cafe1_c00785","dev","36.0","34.559998","1","corn"
"dish_1551314927","cafe1","1551314927","train","none","cafe1_c00786","train","139.0","142.099991","3","corn|bacon|lemon"
"dish_1551314967","cafe1","1551314967","train","none","cafe1_c00787","train","139.0","142.099991","3","corn|bacon|lemon"
"dish_1551316737","cafe1","1551316737","test","none","cafe1_c00788","test","70.0","91.0","1","white rice"
"dish_1551316788","cafe1","1551316788","test","none","cafe1_c00789","test","70.0","32.900002","1","orange"
"dish_1551316838","cafe1","1551316838","test","none","cafe1_c00790","test","50.0","21.5","1","brussels sprouts"
"dish_1551316878","cafe1","1551316878","test","none","cafe1_c00791","test","188.0","145.399994","3","brussels sprouts|white rice|orange"
"dish_1551317350","cafe1","1551317350","train","none","cafe1_c00792","train","187.0","145.399994","3","white rice|orange|brussels sprouts"
"dish_1551317449","cafe1","1551317449","train","none","cafe1_c00793","train","50.0","65.0","1","white rice"
"dish_1551317508","cafe1","1551317508","train","none","cafe1_c00794","train","100.0","29.0","1","lemon"
"dish_1551317589","cafe1","1551317589","train","none","cafe1_c00795","train","32.0","44.799999","1","bean(seed)"
"dish_1551317628","cafe1","1551317628","train","none","cafe1_c00796","train","181.0","138.800003","3","white rice|lemon|bean(seed)"
"dish_1551317743","cafe1","1551317743","train","none","cafe1_c00797","train","181.0","138.800003","3","white rice|lemon|bean(seed)"
"dish_1551317998","cafe1","1551317998","train","none","cafe1_c00798","dev","47.0","28.67","1","kiwi"
"dish_1551318068","cafe1","1551318068","train","none","cafe1_c00799","train","33.0","31.679998","1","corn"
"dish_1551318183","cafe1","1551318183","train","none","cafe1_c00800","train","17.0","91.120003","1","potato chips"
"dish_1551318377","cafe1","1551318377","train","none","cafe1_c00801","train","95.0","151.470001","3","kiwi|potato chips|corn"
"dish_1551318422","cafe1","1551318422","train","none","cafe1_c00802","dev","95.0","151.470001","3","kiwi|potato chips|corn"
"dish_1551318504","cafe1","1551318504","train","none","cafe1_c00803","train","68.0","17.0","1","cauliflower"
"dish_1551318543","cafe1","1551318543","train","none","cafe1_c00804","dev","59.0","17.109999","1","lemon"
"dish_1551318603","cafe1","1551318603","train","none","cafe1_c00805","train","124.0","84.32","1","oatmeal"
"dish_1551318673","cafe1","1551318673","train","none","cafe1_c00806","train","249.0","118.43","3","lemon|oatmeal|cauliflower"
"dish_1551318716","cafe1","1551318716","train","none","cafe1_c00807","train","249.0","118.43","3","oatmeal|cauliflower|lemon"
"dish_1551319895","cafe1","1551319895","train","none","cafe1_c00808","dev","129.0","60.630001","1","orange"
"dish_1551320684","cafe1","1551320684","train","none","cafe1_c00809","train","54.0","75.599998","1","bean(seed)"
"dish_1551321715","cafe1","1551321715","train","none","cafe1_c00810","train","42.0","25.620001","1","kiwi"
"dish_1551321757","cafe1","1551321757","train","none","cafe1_c00811","train","223.0","161.850006","3","bean(seed)|kiwi|orange"
"dish_1551321793","cafe1","1551321793","train","none","cafe1_c00812","dev","223.0","161.849991","3","orange|bean(seed)|kiwi"
"dish_1551322577","cafe1","1551322577","train","none","cafe1_c00813","train","79.0","37.130001","1","orange"
"dish_1551322652","cafe1","1551322652","train","none","cafe1_c00814","train","65.0","18.85","1","lemon"
"dish_1551322714","cafe1","1551322714","train","none","cafe1_c00815","train","34.0","32.639999","1","corn"
"dish_1551322755","cafe1","1551322755","train","none","cafe1_c00816","train","177.0","88.620003","3","corn|orange|lemon"
"dish_1551322804","cafe1","1551322804","train","none","cafe1_c00817","train","178.0","88.620003","3","orange|lemon|corn"
"dish_1551322890","cafe1","1551322890","train","none","cafe1_c00818","train","93.0","137.639999","1","scrambled eggs"
"dish_1551322934","cafe1","1551322934","train","none","cafe1_c00819","train","34.0","7.48","1","mushroom"
"dish_1551322988","cafe1","1551322988","train","none","cafe1_c00820","train","74.0","96.199997","1","white rice"
"dish_1551323035","cafe1","1551323035","train","none","cafe1_c00821","train","199.0","241.320007","3","mushroom|white rice|scrambled eggs"
"dish_1551323073","cafe1","1551323073","train","none","cafe1_c00822","train","198.0","241.319992","3","scrambled eggs|white rice|mushroom"
"dish_1551323219","cafe1","1551323219","train","none","cafe1_c00823","train","43.0","26.230001","1","kiwi"
"dish_1551323262","cafe1","1551323262","train","none","cafe1_c00824","train","84.0","42.0","1","pineapple"
"dish_1551323309","cafe1","1551323309","train","none","cafe1_c00825","train","16.0","85.760002","1","potato chips"
"dish_1551323342","cafe1","1551323342","train","none","cafe1_c00826","train","142.0","153.990005","3","kiwi|pineapple|potato chips"
"dish_1551323381","cafe1","1551323381","train","none","cafe1_c00827","train","142.0","153.990005","3","kiwi|pineapple|potato chips"
"dish_1551323433","cafe1","1551323433","train","none","cafe1_c00828","train","24.0","33.599998","1","bean(seed)"
"dish_1551323487","cafe1","1551323487","train","none","cafe1_c00829","dev","79.0","78.209999","1","shrimp"
"dish_1551323574","cafe1","1551323574","train","none","cafe1_c00830","train","91.0","61.880001","1","oatmeal"
"dish_1551323618","cafe1","1551323618","train","none","cafe1_c00831","dev","192.0","173.690002","3","oatmeal|bean(seed)|shrimp"
"dish_1551323662","cafe1","1551323662","train","none","cafe1_c00832","train","192.0","173.690002","3","bean(seed)|shrimp|oatmeal"
"dish_1551323794","cafe1","1551323794","train","none","cafe1_c00833","train","89.0","25.809999","1","lemon"
"dish_1551323866","cafe1","1551323866","train","none","cafe1_c00834","train","41.0","40.59","1","shrimp"
"dish_1551323937","cafe1","1551323937","train","none","cafe1_c00835","train","74.0","31.82","1","brussels sprouts"
"dish_1551323969","cafe1","1551323969","train","none","cafe1_c00836","train","202.0","98.220001","3","brussels sprouts|shrimp|lemon"
"dish_1551324010","cafe1","1551324010","train","none","cafe1_c00837","dev","202.0","98.220001","3","brussels sprouts|lemon|shrimp"
"dish_1551324079","cafe1","1551324079","train","none","cafe1_c00838","train","59.0","58.41","1","shrimp"
"dish_1551324180","cafe1","1551324180","train","none","cafe1_c00839","train","118.0","29.5","1","cauliflower"
"dish_1551324246","cafe1","1551324246","train","none","cafe1_c00840","train","14.0","75.739998","1","bacon"
"dish_1551324284","cafe1","1551324284","train","none","cafe1_c00841","train","189.0","163.649994","3","bacon|shrimp|cauliflower"
"dish_1551324331","cafe1","1551324331","train","none","cafe1_c00842","dev","189.0","163.649994","3","bacon|shrimp|cauliflower"
"dish_1551373181","cafe1","1551373181","train","none","cafe1_c00843","train","88.0","78.32","1","banana"
"dish_1551373253","cafe1","1551373253","train","none","cafe1_c00844","train","32.0","128.639999","1","cheese"
"dish_1551373647","cafe1","1551373647","train","none","cafe1_c00845","train","69.0","32.43","1","orange"
"dish_1551373738","cafe1","1551373738","train","none","cafe1_c00846","train","188.0","239.389984","3","banana|cheese|orange"
"dish_1551373813","cafe1","1551373813","train","none","cafe1_c00847","train","188.0","239.389984","3","banana|cheese|orange"
"dish_1551374021","cafe1","1551374021","train","none","cafe1_c00848","dev","85.0","48.450001","1","berries"
"dish_1551374155","cafe1","1551374155","train","none","cafe1_c00849","train","63.0","38.43","1","kiwi"
"dish_1551374189","cafe1","1551374189","train","none","cafe1_c00850","train","73.0","94.899994","1","white rice"
"dish_1551374222","cafe1","1551374222","train","none","cafe1_c00851","train","221.0","181.779984","3","kiwi|white rice|berries"
"dish_1551374332","cafe1","1551374332","train","none","cafe1_c00852","dev","221.0","181.779984","3","kiwi|white rice|berries"
"dish_1551374440","cafe1","1551374440","train","none","cafe1_c00853","train","54.0","48.059998","1","banana"
"dish_1551374463","cafe1","1551374463","train","none","cafe1_c00854","dev","39.0","13.65","1","broccoli"
"dish_1551374502","cafe1","1551374502","train","none","cafe1_c00855","dev","101.0","34.34","1","cantaloupe"
"dish_1551374527","cafe1","1551374527","train","none","cafe1_c00856","train","195.0","96.050003","3","banana|broccoli|cantaloupe"
"dish_1551374560","cafe1","1551374560","train","none","cafe1_c00857","train","195.0","96.049995","3","broccoli|cantaloupe|banana"
"dish_1551374604","cafe1","1551374604","test","none","cafe1_c00858","test","112.0","32.48","1","lemon"
"dish_1551374665","cafe1","1551374665","test","none","cafe1_c00859","test","97.0","86.330002","1","banana"
"dish_1551374712","cafe1","1551374712","test","none","cafe1_c00860","test","59.0","14.75","1","cauliflower"
"dish_1551374746","cafe1","1551374746","test","none","cafe1_c00861","test","267.0","133.559998","3","banana|cauliflower|lemon"
"dish_1551374783","cafe1","1551374783","test","none","cafe1_c00862","test","267.0","133.559998","3","lemon|banana|cauliflower"
"dish_1551374831","cafe1","1551374831","train","none","cafe1_c00863","train","13.0","70.330002","1","bacon"
"dish_1551374895","cafe1","1551374895","train","none","cafe1_c00864","train","52.0","18.199999","1","broccoli"
"dish_1551374946","cafe1","1551374946","train","none","cafe1_c00865","train","100.0","61.0","1","kiwi"
"dish_1551374982","cafe1","1551374982","train","none","cafe1_c00866","train","164.0","149.529999","3","bacon|broccoli|kiwi"
"dish_1551375027","cafe1","1551375027","train","none","cafe1_c00867","train","164.0","149.529999","3","broccoli|kiwi|bacon"
"dish_1551375086","cafe1","1551375086","train","none","cafe1_c00868","train","89.0","41.829998","1","orange"
"dish_1551375142","cafe1","1551375142","train","none","cafe1_c00869","train","82.0","46.739998","1","berries"
"dish_1551375189","cafe1","1551375189","train","none","cafe1_c00870","train","48.0","20.639999","1","brussels sprouts"
"dish_1551375218","cafe1","1551375218","train","none","cafe1_c00871","train","218.0","109.209991","3","brussels sprouts|orange|berries"
"dish_1551375252","cafe1","1551375252","test","none","cafe1_c00872","test","218.0","109.209991","3","brussels sprouts|orange|berries"
"dish_1551375297","cafe1","1551375297","train","none","cafe1_c00873","train","55.0","31.35","1","berries"
"dish_1551375366","cafe1","1551375366","train","none","cafe1_c00874","train","40.0","39.599998","1","shrimp"
"dish_1551375411","cafe1","1551375411","train","none","cafe1_c00875","dev","83.0","28.220001","1","cantaloupe"
"dish_1551375443","cafe1","1551375443","train","none","cafe1_c00876","train","177.0","99.169998","3","cantaloupe|shrimp|berries"
"dish_1551375480","cafe1","1551375480","train","none","cafe1_c00877","dev","176.0","99.169998","3","cantaloupe|shrimp|berries"
"dish_1551375596","cafe1","1551375596","train","none","cafe1_c00878","train","30.0","29.700001","1","shrimp"
"dish_1551375650","cafe1","1551375650","train","none","cafe1_c00879","dev","61.0","90.279999","1","scrambled eggs"
"dish_1551375715","cafe1","1551375715","train","none","cafe1_c00880","dev","76.0","25.84","1","cantaloupe"
"dish_1551375747","cafe1","1551375747","train","none","cafe1_c00881","train","166.0","145.819992","3","shrimp|scrambled eggs|cantaloupe"
"dish_1551375783","cafe1","1551375783","test","none","cafe1_c00882","test","166.0","145.819992","3","scrambled eggs|shrimp|cantaloupe"
"dish_1551375848","cafe1","1551375848","train","none","cafe1_c00883","train","37.0","224.590012","1","nuts"
"dish_1551375933","cafe1","1551375933","train","none","cafe1_c00884","train","55.0","71.5","1","white rice"
"dish_1551375981","cafe1","1551375981","train","none","cafe1_c00885","dev","55.0","19.25","1","broccoli"
"dish_1551376575","cafe1","1551376575","train","none","cafe1_c00886","train","147.0","315.340027","3","broccoli|white rice|nuts"
"dish_1551376623","cafe1","1551376623","test","none","cafe1_c00887","test","147.0","315.340027","3","broccoli|nuts|white rice"
"dish_1551376692","cafe1","1551376692","train","none","cafe1_c00888","train","43.0","41.279999","1","corn"
"dish_1551376850","cafe1","1551376850","train","none","cafe1_c00889","train","78.0","44.459999","1","berries"
"dish_1551376892","cafe1","1551376892","train","none","cafe1_c00890","dev","65.0","39.650002","1","kiwi"
"dish_1551376933","cafe1","1551376933","train","none","cafe1_c00891","train","184.0","125.389999","3","berries|kiwi|corn"
"dish_1551376970","cafe1","1551376970","train","none","cafe1_c00892","train","184.0","125.389999","3","kiwi|corn|berries"
"dish_1551377052","cafe1","1551377052","train","none","cafe1_c00893","train","51.0","50.490002","1","shrimp"
"dish_1551377094","cafe1","1551377094","train","none","cafe1_c00894","train","79.0","37.130001","1","orange"
"dish_1551377135","cafe1","1551377135","train","none","cafe1_c00895","dev","19.0","4.18","1","mushroom"
"dish_1551377177","cafe1","1551377177","train","none","cafe1_c00896","dev","147.0","91.800003","3","mushroom|shrimp|orange"
"dish_1551377209","cafe1","1551377209","train","none","cafe1_c00897","train","147.0","91.800003","3","mushroom|shrimp|orange"
"dish_1551377316","cafe1","1551377316","train","none","cafe1_c00898","dev","67.0","66.330002","1","shrimp"
"dish_1551377388","cafe1","1551377388","train","none","cafe1_c00899","dev","35.0","31.15","1","banana"
"dish_1551377438","cafe1","1551377438","train","none","cafe1_c00900","dev","28.0","112.559998","1","cheese"
"dish_1551377473","cafe1","1551377473","train","none","cafe1_c00901","dev","128.0","210.039993","3","banana|cheese|shrimp"
"dish_1551377521","cafe1","1551377521","test","none","cafe1_c00902","test","128.0","210.039993","3","banana|cheese|shrimp"
"dish_1551377674","cafe1","1551377674","train","none","cafe1_c00903","train","71.0","40.470001","1","berries"
"dish_1551377737","cafe1","1551377737","train","none","cafe1_c00904","train","18.0","96.480003","1","potato chips"
"dish_1551377782","cafe1","1551377782","train","none","cafe1_c00905","train","127.0","86.360001","1","oatmeal"
"dish_1551377828","cafe1","1551377828","train","none","cafe1_c00906","dev","213.0","223.310013","3","potato chips|berries|oatmeal"
"dish_1551377874","cafe1","1551377874","train","none","cafe1_c00907","dev","213.0","223.309998","3","potato chips|oatmeal|berries"
"dish_1551378018","cafe1","1551378018","train","none","cafe1_c00908","train","22.0","4.488","1","asparagus"
"dish_1551378054","cafe1","1551378054","train","none","cafe1_c00909","dev","50.0","303.5","1","nuts"
"dish_1551378099","cafe1","1551378099","train","none","cafe1_c00910","train","65.0","18.85","1","lemon"
"dish_1551378151","cafe1","1551378151","train","none","cafe1_c00911","train","136.0","326.838013","3","nuts|asparagus|lemon"
"dish_1551378179","cafe1","1551378179","train","none","cafe1_c00912","train","136.0","326.838013","3","nuts|lemon|asparagus"
"dish_1551378291","cafe1","1551378291","train","none","cafe1_c00913","train","36.0","7.344","1","asparagus"
"dish_1551378344","cafe1","1551378344","train","none","cafe1_c00914","dev","73.0","64.970001","1","banana"
"dish_1551378397","cafe1","1551378397","train","none","cafe1_c00915","train","32.0","44.799999","1","bean(seed)"
"dish_1551378449","cafe1","1551378449","train","none","cafe1_c00916","train","138.0","117.113998","3","bean(seed)|asparagus|banana"
"dish_1551378490","cafe1","1551378490","train","none","cafe1_c00917","dev","138.0","117.113998","3","asparagus|banana|bean(seed)"
"dish_1551378584","cafe1","1551378584","train","none","cafe1_c00918","train","15.0","3.06","1","asparagus"
"dish_1551378635","cafe1","1551378635","train","none","cafe1_c00919","train","80.0","27.200001","1","cantaloupe"
"dish_1551378684","cafe1","1551378684","train","none","cafe1_c00920","dev","59.0","25.370001","1","brussels sprouts"
"dish_1551378719","cafe1","1551378719","train","none","cafe1_c00921","train","153.0","55.630001","3","asparagus|cantaloupe|brussels sprouts"
"dish_1551378762","cafe1","1551378762","test","none","cafe1_c00922","test","153.0","55.630001","3","asparagus|brussels sprouts|cantaloupe"
"dish_1551378829","cafe1","1551378829","train","none","cafe1_c00923","train","31.0","6.324","1","asparagus"
"dish_1551378898","cafe1","1551378898","train","none","cafe1_c00924","train","109.0","31.609999","1","lemon"
"dish_1551378955","cafe1","1551378955","train","none","cafe1_c00925","train","125.0","85.0","1","oatmeal"
"dish_1551378996","cafe1","1551378996","train","none","cafe1_c00926","train","263.0","122.933998","3","asparagus|oatmeal|lemon"
"dish_1551379045","cafe1","1551379045","train","none","cafe1_c00927","train","263.0","122.933998","3","asparagus|oatmeal|lemon"
"dish_1551379162","cafe1","1551379162","train","none","cafe1_c00928","train","75.0","42.75","1","berries"
"dish_1551379252","cafe1","1551379252","train","none","cafe1_c00929","train","59.0","20.65","1","broccoli"
"dish_1551379331","cafe1","1551379331","train","none","cafe1_c00930","train","36.0","35.639999","1","shrimp"
"dish_1551379379","cafe1","1551379379","train","none","cafe1_c00931","train","167.0","99.040001","3","broccoli|shrimp|berries"
"dish_1551379408","cafe1","1551379408","train","none","cafe1_c00932","train","166.0","99.040001","3","broccoli|berries|shrimp"
"dish_1551379478","cafe1","1551379478","train","none","cafe1_c00933","train","70.0","62.299999","1","banana"
"dish_1551379524","cafe1","1551379524","train","none","cafe1_c00934","dev","68.0","23.120001","1","cantaloupe"
"dish_1551379566","cafe1","1551379566","train","none","cafe1_c00935","train","36.0","144.720001","1","cheese"
"dish_1551379605","cafe1","1551379605","train","none","cafe1_c00936","train","172.0","230.139999","3","cantaloupe|cheese|banana"
"dish_1551379654","cafe1","1551379654","train","none","cafe1_c00937","train","172.0","230.139999","3","cantaloupe|banana|cheese"
"dish_1551379741","cafe1","1551379741","train","none","cafe1_c00938","dev","114.0","28.5","1","cauliflower"
"dish_1551379788","cafe1","1551379788","train","none","cafe1_c00939","train","43.0","261.01001","1","nuts"
"dish_1551379852","cafe1","1551379852","train","none","cafe1_c00940","train","11.0","58.960003","1","potato chips"
"dish_1551379881","cafe1","1551379881","train","none","cafe1_c00941","train","166.0","348.470001","3","potato chips|nuts|cauliflower"
"dish_1551379922","cafe1","1551379922","train","none","cafe1_c00942","train","166.0","348.470032","3","potato chips|cauliflower|nuts"
"dish_1551380856","cafe1","1551380856","train","none","cafe1_c00943","train","59.0","128.62001","1","tortilla"
"dish_1551380910","cafe1","1551380910","train","none","cafe1_c00944","train","22.0","4.84","1","mushroom"
"dish_1551380950","cafe1","1551380950","train","none","cafe1_c00945","train","21.0","84.419998","1","cheese"
"dish_1551381050","cafe1","1551381050","train","none","cafe1_c00946","train","102.0","217.880005","3","tortilla|mushroom|cheese"
"dish_1551381103","cafe1","1551381103","train","none","cafe1_c00947","dev","102.0","217.880005","3","tortilla|mushroom|cheese"
"dish_1551381173","cafe1","1551381173","train","none","cafe1_c00948","train","32.0","69.760002","1","tortilla"
"dish_1551381208","cafe1","1551381208","train","none","cafe1_c00949","train","71.0","17.75","1","cauliflower"
"dish_1551381249","cafe1","1551381249","train","none","cafe1_c00950","dev","71.0","20.59","1","lemon"
"dish_1551381285","cafe1","1551381285","train","none","cafe1_c00951","train","173.0","108.100006","3","tortilla|cauliflower|lemon"
"dish_1551381321","cafe1","1551381321","train","none","cafe1_c00952","train","173.0","108.100006","3","tortilla|lemon|cauliflower"
"dish_1551381365","cafe1","1551381365","train","none","cafe1_c00953","train","16.0","34.880001","1","tortilla"
"dish_1551381404","cafe1","1551381404","train","none","cafe1_c00954","train","36.0","50.399998","1","bean(seed)"
"dish_1551381450","cafe1","1551381450","train","none","cafe1_c00955","train","26.0","104.519997","1","cheese"
"dish_1551381496","cafe1","1551381496","train","none","cafe1_c00956","dev","77.0","189.799988","3","tortilla|cheese|bean(seed)"
"dish_1551381555","cafe1","1551381555","train","none","cafe1_c00957","train","77.0","189.799988","3","tortilla|cheese|bean(seed)"
"dish_1551381661","cafe1","1551381661","train","none","cafe1_c00958","dev","43.0","93.740005","1","tortilla"
"dish_1551381730","cafe1","1551381730","train","none","cafe1_c00959","train","41.0","39.360001","1","corn"
"dish_1551381829","cafe1","1551381829","train","none","cafe1_c00960","train","13.0","2.652","1","asparagus"
"dish_1551381877","cafe1","1551381877","train","none","cafe1_c00961","train","96.0","135.751999","3","tortilla|corn|asparagus"
"dish_1551381921","cafe1","1551381921","test","none","cafe1_c00962","test","96.0","135.752014","3","corn|asparagus|tortilla"
"dish_1551381990","cafe1","1551381990","train","none","cafe1_c00963","train","3324.0","678.096008","1","asparagus"
"dish_1551382060","cafe1","1551382060","train","none","cafe1_c00964","train","65.0","44.200001","1","oatmeal"
"dish_1551382115","cafe1","1551382115","train","none","cafe1_c00965","train","46.0","59.799999","1","white rice"
"dish_1551382149","cafe1","1551382149","train","none","cafe1_c00966","train","134.0","782.096008","3","oatmeal|asparagus|white rice"
"dish_1551382179","cafe1","1551382179","test","none","cafe1_c00967","test","134.0","782.096008","3","asparagus|white rice|oatmeal"
"dish_1551382255","cafe1","1551382255","train","none","cafe1_c00968","train","36.0","7.344","1","asparagus"
"dish_1551384024","cafe1","1551384024","train","none","cafe1_c00969","train","82.0","46.739998","1","berries"
"dish_1551384080","cafe1","1551384080","train","none","cafe1_c00970","dev","92.0","46.0","1","pineapple"
"dish_1551384115","cafe1","1551384115","train","none","cafe1_c00971","train","205.0","100.084","3","asparagus|berries|pineapple"
"dish_1551384167","cafe1","1551384167","train","none","cafe1_c00972","train","205.0","100.084","3","asparagus|pineapple|berries"
"dish_1551388984","cafe1","1551388984","train","none","cafe1_c00973","train","21.0","4.284","1","asparagus"
"dish_1551389118","cafe1","1551389118","train","none","cafe1_c00974","train","23.0","36.799999","1","avocado"
"dish_1551389176","cafe1","1551389176","train","none","cafe1_c00975","dev","64.0","94.720001","1","scrambled eggs"
"dish_1551389218","cafe1","1551389218","train","none","cafe1_c00976","train","108.0","135.804001","3","avocado|asparagus|scrambled eggs"
"dish_1551389268","cafe1","1551389268","train","none","cafe1_c00977","train","108.0","135.804001","3","asparagus|avocado|scrambled eggs"
"dish_1551389387","cafe1","1551389387","train","none","cafe1_c00978","dev","18.0","28.800001","1","avocado"
"dish_1551389458","cafe1","1551389458","train","none","cafe1_c00979","train","7974.0","2312.459961","1","lemon"
"dish_1551389506","cafe1","1551389506","train","none","cafe1_c00980","train","62.0","59.52","1","corn"
"dish_1551389551","cafe1","1551389551","train","none","cafe1_c00981","train","133.0","2400.780029","3","corn|lemon|avocado"
"dish_1551389588","cafe1","1551389588","train","none","cafe1_c00982","train","133.0","2400.780029","3","corn|avocado|lemon"
"dish_1551389684","cafe1","1551389684","train","none","cafe1_c00983","train","33.0","6.732","1","asparagus"
"dish_1551389749","cafe1","1551389749","train","none","cafe1_c00984","train","44.0","57.199997","1","white rice"
"dish_1551390006","cafe1","1551390006","train","none","cafe1_c00985","train","80.0","58.400002","1","tofu"
"dish_1551390051","cafe1","1551390051","train","none","cafe1_c00986","train","156.0","122.332001","3","white rice|asparagus|tofu"
"dish_1551390087","cafe1","1551390087","train","none","cafe1_c00987","train","157.0","122.332001","3","asparagus|white rice|tofu"
"dish_1551390215","cafe1","1551390215","train","none","cafe1_c00988","train","43.0","15.05","1","broccoli"
"dish_1551390265","cafe1","1551390265","train","none","cafe1_c00989","train","56.0","92.400002","1","chicken"
"dish_1551390304","cafe1","1551390304","train","none","cafe1_c00990","train","65.0","39.650002","1","kiwi"
"dish_1551390341","cafe1","1551390341","train","none","cafe1_c00991","train","165.0","147.100006","3","broccoli|kiwi|chicken"
"dish_1551390382","cafe1","1551390382","train","none","cafe1_c00992","train","165.0","147.100006","3","broccoli|kiwi|chicken"
"dish_1551390429","cafe1","1551390429","train","none","cafe1_c00993","train","100.0","61.0","1","kiwi"
"dish_1551390474","cafe1","1551390474","train","none","cafe1_c00994","train","51.0","37.23","1","tofu"
"dish_1551390528","cafe1","1551390528","train","none","cafe1_c00995","train","63.0","15.75","1","cauliflower"
"dish_1551390560","cafe1","1551390560","train","none","cafe1_c00996","train","215.0","113.979996","3","kiwi|tofu|cauliflower"
"dish_1551390594","cafe1","1551390594","train","none","cafe1_c00997","train","215.0","113.979996","3","kiwi|tofu|cauliflower"
"dish_1551390651","cafe1","1551390651","train","none","cafe1_c00998","train","85.0","21.25","1","cauliflower"
"dish_1551390758","cafe1","1551390758","train","none","cafe1_c00999","train","27.0","58.860001","1","tortilla"
"dish_1551390802","cafe1","1551390802","train","none","cafe1_c01000","train","94.0","44.18","1","orange"
"dish_1551390837","cafe1","1551390837","train","none","cafe1_c01001","train","206.0","124.290001","3","tortilla|cauliflower|orange"
"dish_1551390872","cafe1","1551390872","train","none","cafe1_c01002","train","206.0","124.290001","3","cauliflower|orange|tortilla"
"dish_1551390930","cafe1","1551390930","test","none","cafe1_c01003","test","119.0","86.870003","1","tofu"
"dish_1551390979","cafe1","1551390979","test","none","cafe1_c01004","test","91.0","55.510002","1","kiwi"
"dish_1551391034","cafe1","1551391034","test","none","cafe1_c01005","test","72.0","48.959999","1","oatmeal"
"dish_1551391083","cafe1","1551391083","test","none","cafe1_c01006","test","282.0","191.339996","3","tofu|kiwi|oatmeal"
"dish_1551391122","cafe1","1551391122","train","none","cafe1_c01007","train","282.0","191.339996","3","tofu|kiwi|oatmeal"
"dish_1551391197","cafe1","1551391197","train","none","cafe1_c01008","train","40.0","39.599998","1","shrimp"
"dish_1551391257","cafe1","1551391257","train","none","cafe1_c01009","dev","79.0","130.349991","1","chicken"
"dish_1551391302","cafe1","1551391302","train","none","cafe1_c01010","train","79.0","26.860001","1","cantaloupe"
"dish_1551391337","cafe1","1551391337","train","none","cafe1_c01011","train","197.0","196.809982","3","shrimp|chicken|cantaloupe"
"dish_1551391379","cafe1","1551391379","train","none","cafe1_c01012","train","197.0","196.809998","3","cantaloupe|shrimp|chicken"
"dish_1551391438","cafe1","1551391438","test","none","cafe1_c01013","test","26.0","25.74","1","shrimp"
"dish_1551391477","cafe1","1551391477","test","none","cafe1_c01014","test","55.0","19.25","1","broccoli"
"dish_1551391505","cafe1","1551391505","test","none","cafe1_c01015","test","54.0","327.779999","1","nuts"
"dish_1551391543","cafe1","1551391543","test","none","cafe1_c01016","test","133.0","372.769989","3","broccoli|shrimp|nuts"
"dish_1551391586","cafe1","1551391586","train","none","cafe1_c01017","train","133.0","372.769989","3","shrimp|nuts|broccoli"
"dish_1551391672","cafe1","1551391672","test","none","cafe1_c01018","test","76.0","22.039999","1","lemon"
"dish_1551391710","cafe1","1551391710","test","none","cafe1_c01019","test","19.0","102.789993","1","bacon"
"dish_1551391733","cafe1","1551391733","test","none","cafe1_c01020","test","46.0","33.580002","1","tofu"
"dish_1551391758","cafe1","1551391758","test","none","cafe1_c01021","test","142.0","158.410004","3","lemon|bacon|tofu"
"dish_1551391795","cafe1","1551391795","train","none","cafe1_c01022","train","142.0","158.410004","3","lemon|bacon|tofu"
"dish_1551392271","cafe1","1551392271","train","none","cafe1_c01023","dev","32.0","23.360001","1","tofu"
"dish_1551392316","cafe1","1551392316","train","none","cafe1_c01024","train","30.0","6.12","1","asparagus"
"dish_1551392347","cafe1","1551392347","train","none","cafe1_c01025","train","57.0","32.489998","1","berries"
"dish_1551392376","cafe1","1551392376","train","none","cafe1_c01026","train","119.0","61.969997","3","tofu|asparagus|berries"
"dish_1551392424","cafe1","1551392424","train","none","cafe1_c01027","train","119.0","61.969997","3","berries|tofu|asparagus"
"dish_1551392519","cafe1","1551392519","train","none","cafe1_c01028","dev","77.0","56.210003","1","tofu"
"dish_1551392557","cafe1","1551392557","train","none","cafe1_c01029","train","12.0","64.32","1","potato chips"
"dish_1551392590","cafe1","1551392590","train","none","cafe1_c01030","train","23.0","5.06","1","mushroom"
"dish_1551392654","cafe1","1551392654","train","none","cafe1_c01031","train","111.0","125.589996","3","tofu|potato chips|mushroom"
"dish_1551392701","cafe1","1551392701","train","none","cafe1_c01032","train","111.0","125.589996","3","tofu|potato chips|mushroom"
"dish_1551392752","cafe1","1551392752","train","none","cafe1_c01033","train","25.0","35.0","1","bean(seed)"
"dish_1551392833","cafe1","1551392833","train","none","cafe1_c01034","train","32.0","13.76","1","brussels sprouts"
"dish_1551392884","cafe1","1551392884","train","none","cafe1_c01035","train","29.0","27.84","1","corn"
"dish_1551392919","cafe1","1551392919","train","none","cafe1_c01036","train","85.0","76.600006","3","bean(seed)|brussels sprouts|corn"
"dish_1551392958","cafe1","1551392958","train","none","cafe1_c01037","train","85.0","76.599998","3","corn|bean(seed)|brussels sprouts"
"dish_1551393021","cafe1","1551393021","train","none","cafe1_c01038","train","69.0","50.370003","1","tofu"
"dish_1551393069","cafe1","1551393069","train","none","cafe1_c01039","train","63.0","81.899994","1","white rice"
"dish_1551393113","cafe1","1551393113","train","none","cafe1_c01040","dev","58.0","352.059998","1","nuts"
"dish_1551393161","cafe1","1551393161","train","none","cafe1_c01041","train","190.0","484.329987","3","white rice|tofu|nuts"
"dish_1551393210","cafe1","1551393210","train","none","cafe1_c01042","train","190.0","484.329987","3","white rice|tofu|nuts"
"dish_1551394614","cafe1","1551394614","train","none","cafe1_c01043","train","50.0","23.5","1","orange"
"dish_1551394781","cafe1","1551394781","train","none","cafe1_c01044","train","36.0","26.280001","1","tofu"
"dish_1551394835","cafe1","1551394835","train","none","cafe1_c01045","train","27.0","16.470001","1","kiwi"
"dish_1551394874","cafe1","1551394874","train","none","cafe1_c01046","train","114.0","66.25","3","tofu|kiwi|orange"
"dish_1551394927","cafe1","1551394927","train","none","cafe1_c01047","dev","114.0","66.25","3","orange|tofu|kiwi"
"dish_1551395022","cafe1","1551395022","train","none","cafe1_c01048","train","43.0","70.949997","1","chicken"
"dish_1551395088","cafe1","1551395088","train","none","cafe1_c01049","train","28.0","26.879999","1","corn"
"dish_1551395194","cafe1","1551395194","train","none","cafe1_c01050","train","42.0","41.580002","1","shrimp"
"dish_1551395233","cafe1","1551395233","train","none","cafe1_c01051","train","113.0","139.410004","3","chicken|corn|shrimp"
"dish_1551395269","cafe1","1551395269","train","none","cafe1_c01052","train","113.0","139.410004","3","shrimp|chicken|corn"
"dish_1551395396","cafe1","1551395396","train","none","cafe1_c01053","train","20.0","4.08","1","asparagus"
"dish_1551395512","cafe1","1551395512","train","none","cafe1_c01054","dev","51.0","25.5","1","pineapple"
"dish_1551395580","cafe1","1551395580","train","none","cafe1_c01055","train","47.0","61.099998","1","white rice"
"dish_1551395766","cafe1","1551395766","train","none","cafe1_c01056","train","118.0","90.68","3","asparagus|pineapple|white rice"
"dish_1551395800","cafe1","1551395800","train","none","cafe1_c01057","train","118.0","90.68","3","white rice|asparagus|pineapple"
"dish_1551395909","cafe1","1551395909","test","none","cafe1_c01058","test","15.0","3.06","1","asparagus"
"dish_1551395987","cafe1","1551395987","test","none","cafe1_c01059","test","24.0","52.32","1","tortilla"
"dish_1551396061","cafe1","1551396061","test","none","cafe1_c01060","test","36.0","218.520004","1","nuts"
"dish_1551396096","cafe1","1551396096","test","none","cafe1_c01061","test","76.0","273.899994","3","asparagus|tortilla|nuts"
"dish_1551396309","cafe1","1551396309","train","none","cafe1_c01062","dev","77.0","273.899994","3","nuts|asparagus|tortilla"
"dish_1551396629","cafe1","1551396629","train","none","cafe1_c01063","train","80.0","48.800003","1","kiwi"
"dish_1551396678","cafe1","1551396678","train","none","cafe1_c01064","train","22.0","4.488","1","asparagus"
"dish_1551397543","cafe1","1551397543","train","none","cafe1_c01065","dev","63.0","45.990002","1","tofu"
"dish_1551397591","cafe1","1551397591","train","none","cafe1_c01066","train","166.0","99.278008","3","tofu|kiwi|asparagus"
"dish_1551397629","cafe1","1551397629","train","none","cafe1_c01067","train","166.0","99.278","3","kiwi|asparagus|tofu"
"dish_1551397714","cafe1","1551397714","train","none","cafe1_c01068","dev","82.0","23.779999","1","lemon"
"dish_1551397752","cafe1","1551397752","train","none","cafe1_c01069","train","51.0","84.150002","1","chicken"
"dish_1551399031","cafe1","1551399031","train","none","cafe1_c01070","train","12.0","48.239998","1","cheese"
"dish_1551399100","cafe1","1551399100","train","none","cafe1_c01071","train","145.0","156.169998","3","chicken|cheese|lemon"
"dish_1551399151","cafe1","1551399151","train","none","cafe1_c01072","train","145.0","156.169998","3","chicken|cheese|lemon"
"dish_1551399293","cafe1","1551399293","train","none","cafe1_c01073","dev","18.0","109.260002","1","nuts"
"dish_1551399340","cafe1","1551399340","train","none","cafe1_c01074","dev","50.0","48.0","1","corn"
"dish_1551399402","cafe1","1551399402","train","none","cafe1_c01075","train","22.0","117.920006","1","potato chips"
"dish_1551399449","cafe1","1551399449","train","none","cafe1_c01076","train","92.0","275.180023","3","nuts|corn|potato chips"
"dish_1551399484","cafe1","1551399484","train","none","cafe1_c01077","train","92.0","275.179993","3","potato chips|nuts|corn"
"dish_1551485983","cafe1","1551485983","train","none","cafe1_c01078","dev","57.0","34.77","1","kiwi"
"dish_1551486108","cafe1","1551486108","train","none","cafe1_c01079","train","45.0","65.25","1","ham"
"dish_1551486158","cafe1","1551486158","train","none","cafe1_c01080","train","36.0","41.399998","1","olives"
"dish_1551486217","cafe1","1551486217","train","none","cafe1_c01081","train","140.0","141.419998","3","kiwi|ham|olives"
"dish_1551486277","cafe1","1551486277","train","none","cafe1_c01082","train","140.0","141.419998","3","olives|ham|kiwi"
"dish_1551486372","cafe1","1551486372","train","none","cafe1_c01083","train","79.0","90.849998","1","olives"
"dish_1551486411","cafe1","1551486411","train","none","cafe1_c01084","dev","14.0","5.74","1","carrot"
"dish_1551486571","cafe1","1551486571","train","none","cafe1_c01085","train","33.0","31.679998","1","corn"
"dish_1551486628","cafe1","1551486628","train","none","cafe1_c01086","train","127.0","128.269989","3","carrot|olives|corn"
"dish_1551486680","cafe1","1551486680","train","none","cafe1_c01087","train","127.0","128.270004","3","olives|corn|carrot"
"dish_1551487117","cafe1","1551487117","train","none","cafe1_c01088","train","15.0","7.05","1","orange"
"dish_1551487158","cafe1","1551487158","train","none","cafe1_c01089","train","82.0","94.299995","1","olives"
"dish_1551487288","cafe1","1551487288","train","none","cafe1_c01090","train","42.0","30.66","1","tofu"
"dish_1551487472","cafe1","1551487472","train","none","cafe1_c01091","train","139.0","132.009995","3","orange|olives|tofu"
"dish_1551487560","cafe1","1551487560","train","none","cafe1_c01092","dev","139.0","132.009995","3","orange|olives|tofu"
"dish_1551487735","cafe1","1551487735","train","none","cafe1_c01093","train","20.0","4.08","1","asparagus"
"dish_1551487779","cafe1","1551487779","train","none","cafe1_c01094","train","40.0","58.0","1","ham"
"dish_1551488103","cafe1","1551488103","train","none","cafe1_c01095","train","19.0","7.79","1","carrot"
"dish_1551488137","cafe1","1551488137","train","none","cafe1_c01096","train","77.0","69.870003","3","asparagus|ham|carrot"
"dish_1551488197","cafe1","1551488197","train","none","cafe1_c01097","dev","77.0","69.870003","3","ham|carrot|asparagus"
"dish_1551488324","cafe1","1551488324","train","none","cafe1_c01098","train","40.0","46.0","1","olives"
"dish_1551488371","cafe1","1551488371","train","none","cafe1_c01099","train","29.0","42.050003","1","ham"
"dish_1551488415","cafe1","1551488415","train","none","cafe1_c01100","train","10.0","4.7","1","orange"
"dish_1551488448","cafe1","1551488448","train","none","cafe1_c01101","dev","78.0","92.75","3","olives|ham|orange"
"dish_1551488485","cafe1","1551488485","test","none","cafe1_c01102","test","78.0","92.75","3","ham|orange|olives"
"dish_1551488572","cafe1","1551488572","train","none","cafe1_c01103","train","23.0","139.610001","1","nuts"
"dish_1551488691","cafe1","1551488691","train","none","cafe1_c01104","train","53.0","32.330002","1","kiwi"
"dish_1551488737","cafe1","1551488737","train","none","cafe1_c01105","train","48.0","22.559999","1","orange"
"dish_1551488776","cafe1","1551488776","train","none","cafe1_c01106","train","124.0","194.5","3","nuts|orange|kiwi"
"dish_1551488807","cafe1","1551488807","train","none","cafe1_c01107","train","125.0","194.5","3","kiwi|nuts|orange"
"dish_1551488861","cafe1","1551488861","train","none","cafe1_c01108","train","63.0","217.098007","1","sausage"
"dish_1551489812","cafe1","1551489812","train","none","cafe1_c01109","dev","65.0","74.75","1","olives"
"dish_1551489885","cafe1","1551489885","train","none","cafe1_c01110","train","30.0","43.5","1","ham"
"dish_1551489931","cafe1","1551489931","train","none","cafe1_c01111","dev","157.0","335.348022","3","sausage|ham|olives"
"dish_1551489961","cafe1","1551489961","train","none","cafe1_c01112","train","157.0","335.348022","3","sausage|ham|olives"
"dish_1551490399","cafe1","1551490399","train","none","cafe1_c01113","train","48.0","165.408005","1","sausage"
"dish_1551490433","cafe1","1551490433","train","none","cafe1_c01114","train","34.0","6.936","1","asparagus"
"dish_1551490469","cafe1","1551490469","train","none","cafe1_c01115","dev","16.0","6.56","1","carrot"
"dish_1551490503","cafe1","1551490503","train","none","cafe1_c01116","train","97.0","178.904007","3","sausage|asparagus|carrot"
"dish_1551490544","cafe1","1551490544","train","none","cafe1_c01117","train","97.0","178.904007","3","sausage|asparagus|carrot"
"dish_1551490670","cafe1","1551490670","train","none","cafe1_c01118","train","45.0","51.75","1","olives"
"dish_1551490701","cafe1","1551490701","train","none","cafe1_c01119","train","92.0","317.032013","1","sausage"
"dish_1551490740","cafe1","1551490740","train","none","cafe1_c01120","train","45.0","65.25","1","ham"
"dish_1551490767","cafe1","1551490767","train","none","cafe1_c01121","train","181.0","434.032013","3","sausage|ham|olives"
"dish_1551490819","cafe1","1551490819","train","none","cafe1_c01122","train","181.0","434.032013","3","sausage|ham|olives"
"dish_1551490896","cafe1","1551490896","train","none","cafe1_c01123","train","36.0","12.599999","1","broccoli"
"dish_1551490962","cafe1","1551490962","train","none","cafe1_c01124","train","42.0","48.299999","1","olives"
"dish_1551491020","cafe1","1551491020","train","none","cafe1_c01125","dev","41.0","29.93","1","tofu"
"dish_1551491048","cafe1","1551491048","train","none","cafe1_c01126","train","118.0","90.829994","3","olives|tofu|broccoli"
"dish_1551491090","cafe1","1551491090","train","none","cafe1_c01127","train","118.0","90.830002","3","broccoli|tofu|olives"
"dish_1551491179","cafe1","1551491179","train","none","cafe1_c01128","train","97.0","334.262024","1","sausage"
"dish_1551491216","cafe1","1551491216","train","none","cafe1_c01129","train","66.0","97.68","1","scrambled eggs"
"dish_1551491271","cafe1","1551491271","train","none","cafe1_c01130","train","30.0","43.5","1","ham"
"dish_1551491297","cafe1","1551491297","train","none","cafe1_c01131","train","192.0","475.442017","3","ham|sausage|scrambled eggs"
"dish_1551491326","cafe1","1551491326","train","none","cafe1_c01132","train","192.0","475.442017","3","sausage|scrambled eggs|ham"
"dish_1551491413","cafe1","1551491413","test","none","cafe1_c01133","test","39.0","44.849998","1","olives"
"dish_1551491452","cafe1","1551491452","test","none","cafe1_c01134","test","27.0","5.508","1","asparagus"
"dish_1551492023","cafe1","1551492023","test","none","cafe1_c01135","test","19.0","27.550001","1","ham"
"dish_1551492056","cafe1","1551492056","test","none","cafe1_c01136","test","85.0","77.907997","3","asparagus|olives|ham"
"dish_1551492093","cafe1","1551492093","train","none","cafe1_c01137","train","85.0","77.907997","3","olives|asparagus|ham"
"dish_1551492252","cafe1","1551492252","train","none","cafe1_c01138","train","60.0","69.0","1","olives"
"dish_1551492287","cafe1","1551492287","train","none","cafe1_c01139","dev","62.0","15.5","1","cauliflower"
"dish_1551492318","cafe1","1551492318","train","none","cafe1_c01140","train","79.0","130.349991","1","chicken"
"dish_1551492348","cafe1","1551492348","train","none","cafe1_c01141","train","199.0","214.849991","3","cauliflower|chicken|olives"
"dish_1551492369","cafe1","1551492369","train","none","cafe1_c01142","train","199.0","214.849991","3","olives|cauliflower|chicken"
"dish_1551492468","cafe1","1551492468","train","none","cafe1_c01143","train","87.0","299.802002","1","sausage"
"dish_1551492506","cafe1","1551492506","train","none","cafe1_c01144","train","45.0","51.75","1","olives"
"dish_1551492534","cafe1","1551492534","train","none","cafe1_c01145","train","29.0","6.38","1","mushroom"
"dish_1551492561","cafe1","1551492561","train","none","cafe1_c01146","dev","159.0","357.932007","3","olives|mushroom|sausage"
"dish_1551492590","cafe1","1551492590","train","none","cafe1_c01147","dev","160.0","357.932007","3","olives|sausage|mushroom"
"dish_1551492666","cafe1","1551492666","train","none","cafe1_c01148","train","41.0","29.93","1","tofu"
"dish_1551492702","cafe1","1551492702","train","none","cafe1_c01149","train","114.0","28.5","1","cauliflower"
"dish_1551492732","cafe1","1551492732","train","none","cafe1_c01150","train","39.0","44.849998","1","olives"
"dish_1551492762","cafe1","1551492762","train","none","cafe1_c01151","dev","194.0","103.279999","3","cauliflower|tofu|olives"
"dish_1551492790","cafe1","1551492790","train","none","cafe1_c01152","train","194.0","103.279999","3","tofu|olives|cauliflower"
"dish_1551492866","cafe1","1551492866","train","none","cafe1_c01153","train","28.0","26.879999","1","corn"
"dish_1551492908","cafe1","1551492908","train","none","cafe1_c01154","train","77.0","127.049995","1","chicken"
"dish_1551492935","cafe1","1551492935","train","none","cafe1_c01155","train","73.0","105.850006","1","ham"
"dish_1551492975","cafe1","1551492975","train","none","cafe1_c01156","train","177.0","259.779999","3","corn|chicken|ham"
"dish_1551493005","cafe1","1551493005","train","none","cafe1_c01157","train","177.0","259.779999","3","corn|chicken|ham"
"dish_1551493123","cafe1","1551493123","train","none","cafe1_c01158","dev","66.0","40.260002","1","kiwi"
"dish_1551493159","cafe1","1551493159","train","none","cafe1_c01159","dev","96.0","330.81601","1","sausage"
"dish_1551493236","cafe1","1551493236","train","none","cafe1_c01160","train","36.0","46.799999","1","white rice"
"dish_1551493278","cafe1","1551493278","train","none","cafe1_c01161","train","198.0","417.876007","3","white rice|kiwi|sausage"
"dish_1551493311","cafe1","1551493311","test","none","cafe1_c01162","test","198.0","417.876007","3","kiwi|sausage|white rice"
"dish_1551493680","cafe1","1551493680","train","none","cafe1_c01163","train","53.0","24.91","1","orange"
"dish_1551493698","cafe1","1551493698","train","none","cafe1_c01163","train","58.0","66.699997","1","olives"
"dish_1551493723","cafe1","1551493723","train","none","cafe1_c01164","train","52.0","179.192001","1","sausage"
"dish_1551493749","cafe1","1551493749","train","none","cafe1_c01165","train","162.0","270.802002","3","orange|olives|sausage"
"dish_1551493773","cafe1","1551493773","train","none","cafe1_c01166","train","162.0","270.802002","3","sausage|orange|olives"
"dish_1551493823","cafe1","1551493823","train","none","cafe1_c01167","train","44.0","15.4","1","broccoli"
"dish_1551493854","cafe1","1551493854","train","none","cafe1_c01168","train","116.0","399.736023","1","sausage"
"dish_1551493883","cafe1","1551493883","train","none","cafe1_c01169","train","15.0","6.15","1","carrot"
"dish_1551493916","cafe1","1551493916","train","none","cafe1_c01170","train","175.0","421.286011","3","broccoli|sausage|carrot"
"dish_1551493942","cafe1","1551493942","test","none","cafe1_c01171","test","175.0","421.286011","3","broccoli|sausage|carrot"
"dish_1551494035","cafe1","1551494035","train","none","cafe1_c01172","train","67.0","146.059998","1","tortilla"
"dish_1551494058","cafe1","1551494058","train","none","cafe1_c01173","train","94.0","108.099998","1","olives"
"dish_1551494095","cafe1","1551494095","train","none","cafe1_c01174","train","70.0","115.5","1","chicken"
"dish_1551494147","cafe1","1551494147","train","none","cafe1_c01175","dev","230.0","369.660004","3","tortilla|chicken|olives"
"dish_1551494178","cafe1","1551494178","train","none","cafe1_c01176","train","230.0","369.660004","3","tortilla|chicken|olives"
"dish_1551562881","cafe1","1551562881","train","none","cafe1_c01177","train","38.0","43.700001","1","olives"
"dish_1551563001","cafe1","1551563001","train","none","cafe1_c01178","dev","42.0","60.900002","1","ham"
"dish_1551563119","cafe1","1551563119","train","none","cafe1_c01179","dev","57.0","32.489998","1","berries"
"dish_1551563170","cafe1","1551563170","train","none","cafe1_c01180","train","137.0","137.089996","3","ham|olives|berries"
"dish_1551563213","cafe1","1551563213","train","none","cafe1_c01181","train","137.0","137.089996","3","ham|berries|olives"
"dish_1551563294","cafe1","1551563294","train","none","cafe1_c01182","train","28.0","32.200001","1","olives"
"dish_1551563337","cafe1","1551563337","train","none","cafe1_c01183","train","81.0","279.126007","1","sausage"
"dish_1551563370","cafe1","1551563370","train","none","cafe1_c01184","train","16.0","6.56","1","carrot"
"dish_1551563400","cafe1","1551563400","train","none","cafe1_c01185","dev","126.0","317.886017","3","olives|carrot|sausage"
"dish_1551563429","cafe1","1551563429","train","none","cafe1_c01186","train","126.0","317.886017","3","sausage|carrot|olives"
"dish_1551563511","cafe1","1551563511","train","none","cafe1_c01187","train","37.0","10.73","1","lemon"
"dish_1551563550","cafe1","1551563550","train","none","cafe1_c01188","train","42.0","30.66","1","tofu"
"dish_1551563591","cafe1","1551563591","train","none","cafe1_c01189","train","27.0","35.099998","1","white rice"
"dish_1551563627","cafe1","1551563627","train","none","cafe1_c01190","train","106.0","76.48999","3","tofu|white rice|lemon"
"dish_1551563660","cafe1","1551563660","train","none","cafe1_c01191","train","106.0","76.489998","3","tofu|lemon|white rice"
"dish_1551563723","cafe1","1551563723","train","none","cafe1_c01192","dev","56.0","28.0","1","pineapple"
"dish_1551563773","cafe1","1551563773","train","none","cafe1_c01193","train","64.0","92.800003","1","ham"
"dish_1551563824","cafe1","1551563824","train","none","cafe1_c01194","train","43.0","70.949997","1","chicken"
"dish_1551563853","cafe1","1551563853","train","none","cafe1_c01195","dev","164.0","191.75","3","ham|chicken|pineapple"
"dish_1551563890","cafe1","1551563890","train","none","cafe1_c01196","train","163.0","191.75","3","pineapple|ham|chicken"
"dish_1551563925","cafe1","1551563925","train","none","cafe1_c01197","train","41.0","59.450001","1","ham"
"dish_1551563964","cafe1","1551563964","train","none","cafe1_c01198","train","44.0","50.599998","1","olives"
"dish_1551564016","cafe1","1551564016","train","none","cafe1_c01199","train","64.0","43.52","1","oatmeal"
"dish_1551564053","cafe1","1551564053","train","none","cafe1_c01200","train","150.0","153.570007","3","ham|olives|oatmeal"
"dish_1551564084","cafe1","1551564084","test","none","cafe1_c01201","test","150.0","153.570007","3","ham|oatmeal|olives"
"dish_1551564131","cafe1","1551564131","test","none","cafe1_c01202","test","48.0","32.639999","1","oatmeal"
"dish_1551564176","cafe1","1551564176","test","none","cafe1_c01203","test","55.0","40.150002","1","tofu"
"dish_1551564221","cafe1","1551564221","test","none","cafe1_c01204","test","52.0","31.720001","1","kiwi"
"dish_1551564255","cafe1","1551564255","test","none","cafe1_c01205","test","153.0","104.510002","3","oatmeal|tofu|kiwi"
"dish_1551564282","cafe1","1551564282","train","none","cafe1_c01206","train","153.0","104.510002","3","oatmeal|kiwi|tofu"
"dish_1551564352","cafe1","1551564352","test","none","cafe1_c01207","test","66.0","31.02","1","orange"
"dish_1551564381","cafe1","1551564381","test","none","cafe1_c01208","test","56.0","64.400002","1","olives"
"dish_1551564423","cafe1","1551564423","test","none","cafe1_c01209","test","18.0","7.38","1","carrot"
"dish_1551564456","cafe1","1551564456","test","none","cafe1_c01210","test","140.0","102.800003","3","carrot|orange|olives"
"dish_1551564480","cafe1","1551564480","test","none","cafe1_c01211","test","140.0","102.800003","3","carrot|orange|olives"
"dish_1551564543","cafe1","1551564543","train","none","cafe1_c01212","train","38.0","43.700001","1","olives"
"dish_1551564577","cafe1","1551564577","train","none","cafe1_c01213","train","25.0","54.5","1","tortilla"
"dish_1551564637","cafe1","1551564637","train","none","cafe1_c01214","train","49.0","17.15","1","broccoli"
"dish_1551564857","cafe1","1551564857","train","none","cafe1_c01215","train","112.0","115.349998","3","tortilla|olives|broccoli"
"dish_1551564907","cafe1","1551564907","train","none","cafe1_c01216","train","112.0","115.349998","3","olives|tortilla|broccoli"
"dish_1551564947","cafe1","1551564947","test","none","cafe1_c01217","test","14.0","30.52","1","tortilla"
"dish_1551564992","cafe1","1551564992","test","none","cafe1_c01218","test","49.0","71.050003","1","ham"
"dish_1551565034","cafe1","1551565034","test","none","cafe1_c01219","test","19.0","7.79","1","carrot"
"dish_1551565068","cafe1","1551565068","test","none","cafe1_c01220","test","81.0","109.360008","3","tortilla|ham|carrot"
"dish_1551565096","cafe1","1551565096","train","none","cafe1_c01221","train","81.0","109.360001","3","carrot|ham|tortilla"
"dish_1551565168","cafe1","1551565168","train","none","cafe1_c01222","train","102.0","25.5","1","cauliflower"
"dish_1551565204","cafe1","1551565204","train","none","cafe1_c01223","train","49.0","56.349998","1","olives"
"dish_1551565237","cafe1","1551565237","train","none","cafe1_c01224","train","22.0","6.38","1","lemon"
"dish_1551565289","cafe1","1551565289","train","none","cafe1_c01225","train","172.0","88.229996","3","cauliflower|olives|lemon"
"dish_1551565321","cafe1","1551565321","train","none","cafe1_c01226","dev","172.0","88.229996","3","cauliflower|olives|lemon"
"dish_1551565379","cafe1","1551565379","train","none","cafe1_c01227","dev","28.0","40.600002","1","ham"
"dish_1551565425","cafe1","1551565425","train","none","cafe1_c01228","dev","45.0","15.75","1","broccoli"
"dish_1551565464","cafe1","1551565464","train","none","cafe1_c01229","train","42.0","19.74","1","orange"
"dish_1551565495","cafe1","1551565495","train","none","cafe1_c01230","dev","115.0","76.090004","3","ham|broccoli|orange"
"dish_1551565529","cafe1","1551565529","train","none","cafe1_c01231","dev","115.0","76.090004","3","orange|ham|broccoli"
"dish_1551565570","cafe1","1551565570","train","none","cafe1_c01232","train","42.0","60.900002","1","ham"
"dish_1551565613","cafe1","1551565613","train","none","cafe1_c01233","train","53.0","13.25","1","cauliflower"
"dish_1551565653","cafe1","1551565653","train","none","cafe1_c01234","train","37.0","48.099998","1","white rice"
"dish_1551565720","cafe1","1551565720","train","none","cafe1_c01235","train","131.0","122.25","3","cauliflower|white rice|ham"
"dish_1551565752","cafe1","1551565752","train","none","cafe1_c01236","dev","131.0","122.25","3","cauliflower|white rice|ham"
"dish_1551565797","cafe1","1551565797","train","none","cafe1_c01237","train","39.0","44.849998","1","olives"
"dish_1551565845","cafe1","1551565845","train","none","cafe1_c01238","train","96.0","27.84","1","lemon"
"dish_1551565884","cafe1","1551565884","train","none","cafe1_c01239","train","44.0","25.08","1","berries"
"dish_1551565909","cafe1","1551565909","train","none","cafe1_c01240","train","178.0","97.769997","3","lemon|berries|olives"
"dish_1551565945","cafe1","1551565945","test","none","cafe1_c01241","test","178.0","97.769997","3","lemon|berries|olives"
"dish_1551565996","cafe1","1551565996","train","none","cafe1_c01242","train","88.0","303.248016","1","sausage"
"dish_1551566047","cafe1","1551566047","train","none","cafe1_c01243","train","75.0","37.5","1","pineapple"
"dish_1551566083","cafe1","1551566083","train","none","cafe1_c01244","train","43.0","20.209999","1","orange"
"dish_1551566130","cafe1","1551566130","train","none","cafe1_c01245","dev","206.0","360.958008","3","sausage|pineapple|orange"
"dish_1551566159","cafe1","1551566159","test","none","cafe1_c01246","test","206.0","360.958008","3","orange|sausage|pineapple"
"dish_1551566208","cafe1","1551566208","train","none","cafe1_c01247","dev","28.0","32.200001","1","olives"
"dish_1551566236","cafe1","1551566236","train","none","cafe1_c01248","train","45.0","155.070007","1","sausage"
"dish_1551566277","cafe1","1551566277","train","none","cafe1_c01249","train","19.0","41.420002","1","tortilla"
"dish_1551566316","cafe1","1551566316","train","none","cafe1_c01250","train","91.0","228.690002","3","olives|tortilla|sausage"
"dish_1551566356","cafe1","1551566356","train","none","cafe1_c01251","train","91.0","228.690002","3","sausage|tortilla|olives"
"dish_1551566421","cafe1","1551566421","train","none","cafe1_c01252","train","11.0","23.980001","1","tortilla"
"dish_1551566464","cafe1","1551566464","train","none","cafe1_c01253","train","45.0","11.25","1","cauliflower"
"dish_1551566499","cafe1","1551566499","train","none","cafe1_c01254","dev","34.0","56.099998","1","chicken"
"dish_1551566524","cafe1","1551566524","train","none","cafe1_c01255","train","89.0","91.330002","3","cauliflower|chicken|tortilla"
"dish_1551566547","cafe1","1551566547","train","none","cafe1_c01256","dev","88.0","91.330002","3","tortilla|chicken|cauliflower"
"dish_1551566592","cafe1","1551566592","train","none","cafe1_c01257","train","57.0","94.049995","1","chicken"
"dish_1551566642","cafe1","1551566642","train","none","cafe1_c01258","train","14.0","5.74","1","carrot"
"dish_1551566687","cafe1","1551566687","train","none","cafe1_c01259","train","63.0","42.84","1","oatmeal"
"dish_1551566753","cafe1","1551566753","train","none","cafe1_c01260","train","132.0","142.630005","3","chicken|oatmeal|carrot"
"dish_1551566781","cafe1","1551566781","test","none","cafe1_c01261","test","132.0","142.630005","3","carrot|oatmeal|chicken"
"dish_1551566851","cafe1","1551566851","test","none","cafe1_c01262","test","21.0","8.61","1","carrot"
"dish_1551566887","cafe1","1551566887","test","none","cafe1_c01263","test","33.0","37.950001","1","olives"
"dish_1551566922","cafe1","1551566922","test","none","cafe1_c01264","test","33.0","24.09","1","tofu"
"dish_1551566974","cafe1","1551566974","test","none","cafe1_c01265","test","85.0","70.650002","3","olives|tofu|carrot"
"dish_1551567004","cafe1","1551567004","train","none","cafe1_c01266","dev","85.0","70.650002","3","olives|tofu|carrot"
"dish_1551567084","cafe1","1551567084","test","none","cafe1_c01267","test","56.0","16.24","1","lemon"
"dish_1551567106","cafe1","1551567106","test","none","cafe1_c01268","test","37.0","224.590012","1","nuts"
"dish_1551567141","cafe1","1551567141","test","none","cafe1_c01269","test","17.0","3.468","1","asparagus"
"dish_1551567170","cafe1","1551567170","test","none","cafe1_c01270","test","108.0","244.298004","3","asparagus|lemon|nuts"
"dish_1551567230","cafe1","1551567230","train","none","cafe1_c01271","train","108.0","244.298019","3","lemon|nuts|asparagus"
"dish_1551567293","cafe1","1551567293","train","none","cafe1_c01272","train","35.0","25.550001","1","tofu"
"dish_1551567329","cafe1","1551567329","train","none","cafe1_c01273","train","70.0","101.5","1","ham"
"dish_1551567368","cafe1","1551567368","train","none","cafe1_c01274","train","44.0","15.4","1","broccoli"
"dish_1551567396","cafe1","1551567396","train","none","cafe1_c01275","train","147.0","142.449997","3","tofu|ham|broccoli"
"dish_1551567426","cafe1","1551567426","train","none","cafe1_c01276","train","147.0","142.449997","3","broccoli|tofu|ham"
"dish_1551567471","cafe1","1551567471","test","none","cafe1_c01277","test","49.0","71.050003","1","ham"
"dish_1551567508","cafe1","1551567508","test","none","cafe1_c01278","test","7974.0","9170.099609","1","olives"
"dish_1551567541","cafe1","1551567541","test","none","cafe1_c01279","test","71.0","244.666","1","sausage"
"dish_1551567573","cafe1","1551567573","test","none","cafe1_c01280","test","159.0","9485.81543","3","olives|sausage|ham"
"dish_1551567604","cafe1","1551567604","train","none","cafe1_c01281","train","159.0","9485.81543","3","ham|sausage|olives"
"dish_1551567650","cafe1","1551567650","train","none","cafe1_c01282","train","24.0","4.896","1","asparagus"
"dish_1551567694","cafe1","1551567694","train","none","cafe1_c01283","train","60.0","30.0","1","pineapple"
"dish_1551567731","cafe1","1551567731","train","none","cafe1_c01284","train","37.0","42.549999","1","olives"
"dish_1551567775","cafe1","1551567775","train","none","cafe1_c01285","dev","119.0","77.445999","3","olives|asparagus|pineapple"
"dish_1551567805","cafe1","1551567805","train","none","cafe1_c01286","train","119.0","77.445999","3","asparagus|pineapple|olives"
"dish_1551567848","cafe1","1551567848","test","none","cafe1_c01287","test","63.0","72.449997","1","olives"
"dish_1551567896","cafe1","1551567896","test","none","cafe1_c01288","test","51.0","17.85","1","broccoli"
"dish_1551567937","cafe1","1551567937","test","none","cafe1_c01289","test","56.0","14.0","1","cauliflower"
"dish_1551567964","cafe1","1551567964","test","none","cafe1_c01290","test","167.0","104.299995","3","olives|broccoli|cauliflower"
"dish_1551567992","cafe1","1551567992","train","none","cafe1_c01291","train","167.0","104.299995","3","broccoli|cauliflower|olives"
"dish_1551568059","cafe1","1551568059","train","none","cafe1_c01292","train","123.0","35.669998","1","lemon"
"dish_1551568156","cafe1","1551568156","train","none","cafe1_c01293","train","80.0","54.400002","1","oatmeal"
"dish_1551568200","cafe1","1551568200","train","none","cafe1_c01294","train","67.0","38.189999","1","berries"
"dish_1551568240","cafe1","1551568240","train","none","cafe1_c01295","train","267.0","128.259995","3","lemon|oatmeal|berries"
"dish_1551568285","cafe1","1551568285","train","none","cafe1_c01296","train","267.0","128.26001","3","berries|lemon|oatmeal"
"dish_1556572657","cafe1","1556572657","train","train","cafe1_c01297","train","36.0","41.399998","1","olives"
"dish_1556573514","cafe1","1556573514","train","train","cafe1_c01298","train","23.0","6.44","1","mixed greens"
"dish_1556575014","cafe1","1556575014","train","train","cafe1_c01299","train","62.0","71.299995","1","olives"
"dish_1556575083","cafe1","1556575083","train","train","cafe1_c01300","train","64.0","27.52","1","brussels sprouts"
"dish_1556575124","cafe1","1556575124","train","train","cafe1_c01301","train","28.0","4.48","1","celery"
"dish_1556575273","cafe1","1556575273","train","train","cafe1_c01302","train","152.0","103.300003","3","celery|olives|brussels sprouts"
"dish_1556575327","cafe1","1556575327","test","test","cafe1_c01303","test","152.0","103.300003","3","celery|olives|brussels sprouts"
"dish_1556575386","cafe1","1556575386","train","train","cafe1_c01304","train","152.0","103.299995","3","olives|brussels sprouts|celery"
"dish_1556575446","cafe1","1556575446","train","train","cafe1_c01305","train","152.0","103.299995","3","olives|brussels sprouts|celery"
"dish_1556575499","cafe1","1556575499","train","train","cafe1_c01306","dev","152.0","103.299995","3","olives|brussels sprouts|celery"
"dish_1556575558","cafe1","1556575558","train","train","cafe1_c01307","train","151.0","103.300003","3","celery|olives|brussels sprouts"
"dish_1556575700","cafe1","1556575700","train","train","cafe1_c01308","train","86.0","0.0","1","plate only"
"dish_1557853154","cafe1","1557853154","train","train","cafe1_c01309","train","57.0","18.810001","1","strawberries"
"dish_1557853229","cafe1","1557853229","train","train","cafe1_c01310","train","126.0","195.929993","1","eggs"
"dish_1557853314","cafe1","1557853314","train","train","cafe1_c01311","train","93.0","115.413002","1","yam"
"dish_1557853429","cafe1","1557853429","train","train","cafe1_c01312","train","276.0","330.152985","3","strawberries|eggs|yam"
"dish_1557861216","cafe1","1557861216","test","test","cafe1_c01313","test","1.0","0.0","1","plate only"
"dish_1557861605","cafe1","1557861605","train","train","cafe1_c01314","train","39.0","35.099998","1","fish"
"dish_1557861697","cafe1","1557861697","train","train","cafe1_c01315","train","53.0","13.144","1","eggplant"
"dish_1557861795","cafe1","1557861795","train","train","cafe1_c01316","train","31.0","13.64","1","caesar salad"
"dish_1557861837","cafe1","1557861837","train","train","cafe1_c01317","train","123.0","61.883999","3","eggplant|caesar salad|fish"
"dish_1557862345","cafe1","1557862345","test","test","cafe1_c01318","test","63.0","103.949997","1","chicken"
"dish_1557862384","cafe1","1557862384","train","train","cafe1_c01319","dev","77.0","19.25","1","cauliflower"
"dish_1557862696","cafe1","1557862696","test","test","cafe1_c01320","test","77.0","19.25","1","cauliflower"
"dish_1557862738","cafe1","1557862738","test","test","cafe1_c01321","test","118.0","319.779999","1","steak"
"dish_1557862783","cafe1","1557862783","test","test","cafe1_c01322","test","258.0","442.97998","3","cauliflower|steak|chicken"
"dish_1557862829","cafe1","1557862829","train","train","cafe1_c01323","train","24.0","5.52","1","spinach (raw)"
"dish_1557863012","cafe1","1557863012","train","train","cafe1_c01324","train","31.0","3.1","1","cucumbers"
"dish_1557863056","cafe1","1557863056","train","train","cafe1_c01325","train","47.0","75.200005","1","avocado"
"dish_1557863104","cafe1","1557863104","train","train","cafe1_c01326","train","40.0","46.0","1","olives"
"dish_1557863170","cafe1","1557863170","train","train","cafe1_c01327","train","142.0","129.820007","4","avocado|spinach (raw)|cucumbers|olives"
"dish_1557936555","cafe1","1557936555","test","test","cafe1_c01328","test","96.0","149.279999","1","eggs"
"dish_1557936599","cafe1","1557936599","test","test","cafe1_c01329","test","63.0","22.049999","1","broccoli"
"dish_1557936645","cafe1","1557936645","test","test","cafe1_c01330","test","36.0","11.88","1","strawberries"
"dish_1557937037","cafe1","1557937037","test","test","cafe1_c01331","test","49.0","25.969999","1","raspberries"
"dish_1557937079","cafe1","1557937079","test","test","cafe1_c01332","test","27.0","146.069992","1","bacon"
"dish_1557937157","cafe1","1557937157","test","test","cafe1_c01333","test","271.0","355.25","5","strawberries|broccoli|raspberries|eggs|bacon"
"dish_1557937335","cafe1","1557937335","test","test","cafe1_c01334","test","38.0","47.158001","1","yam"
"dish_1557937427","cafe1","1557937427","test","test","cafe1_c01335","test","17.0","26.434999","1","eggs"
"dish_1557937574","cafe1","1557937574","test","test","cafe1_c01336","test","13.0","5.59","1","blackberries"
"dish_1557937615","cafe1","1557937615","test","test","cafe1_c01337","test","21.0","6.93","1","strawberries"
"dish_1557937715","cafe1","1557937715","test","test","cafe1_c01338","test","39.0","20.669998","1","raspberries"
"dish_1557937758","cafe1","1557937758","test","test","cafe1_c01339","test","128.0","106.782997","5","blackberries|strawberries|yam|raspberries|eggs"
"dish_1558026623","cafe1","1558026623","train","train","cafe1_c01340","train","83.0","29.880001","1","honeydew melons"
"dish_1558026684","cafe1","1558026684","train","train","cafe1_c01341","train","71.0","24.139999","1","cantaloupe"
"dish_1558026714","cafe1","1558026714","train","train","cafe1_c01342","dev","24.0","129.839996","1","bacon"
"dish_1558026756","cafe1","1558026756","train","train","cafe1_c01343","train","178.0","183.860001","3","honeydew melons|cantaloupe|bacon"
"dish_1558027001","cafe1","1558027001","train","train","cafe1_c01344","train","68.0","20.400002","1","deprecated"
"dish_1558027057","cafe1","1558027057","train","train","cafe1_c01345","train","65.0","80.665001","1","yam"
"dish_1558027164","cafe1","1558027164","train","train","cafe1_c01346","train","30.0","162.299988","1","bacon"
"dish_1558027243","cafe1","1558027243","train","train","cafe1_c01347","train","163.0","263.36499","3","deprecated|bacon|yam"
"dish_1558028007","cafe1","1558028007","train","train","cafe1_c01348","train","71.0","54.669998","1","potatoes"
"dish_1558028057","cafe1","1558028057","train","train","cafe1_c01349","train","28.0","151.479996","1","bacon"
"dish_1558028142","cafe1","1558028142","train","train","cafe1_c01350","dev","73.0","21.900002","1","deprecated"
"dish_1558028194","cafe1","1558028194","train","train","cafe1_c01351","dev","172.0","228.050003","3","bacon|deprecated|potatoes"
"dish_1558028492","cafe1","1558028492","train","train","cafe1_c01352","train","61.0","20.74","1","cantaloupe"
"dish_1558028606","cafe1","1558028606","train","train","cafe1_c01353","train","65.0","19.5","1","deprecated"
"dish_1558028690","cafe1","1558028690","train","train","cafe1_c01354","train","66.0","23.76","1","honeydew melons"
"dish_1558028772","cafe1","1558028772","train","train","cafe1_c01355","train","192.0","64.0","3","deprecated|honeydew melons|cantaloupe"
"dish_1558029148","cafe1","1558029148","train","train","cafe1_c01356","train","108.0","38.880001","1","honeydew melons"
"dish_1558029230","cafe1","1558029230","train","train","cafe1_c01357","train","115.0","88.549995","1","potatoes"
"dish_1558029278","cafe1","1558029278","train","train","cafe1_c01358","train","27.0","146.069992","1","bacon"
"dish_1558029324","cafe1","1558029324","train","train","cafe1_c01359","train","250.0","273.5","3","potatoes|bacon|honeydew melons"
"dish_1558029518","cafe1","1558029518","train","train","cafe1_c01360","train","111.0","137.751007","1","yam"
"dish_1558029686","cafe1","1558029686","train","train","cafe1_c01361","train","22.0","119.019997","1","bacon"
"dish_1558029842","cafe1","1558029842","train","train","cafe1_c01362","train","67.0","22.780001","1","cantaloupe"
"dish_1558029923","cafe1","1558029923","train","train","cafe1_c01363","train","200.0","279.550995","3","bacon|yam|cantaloupe"
"dish_1558030182","cafe1","1558030182","test","test","cafe1_c01364","test","88.0","67.759995","1","potatoes"
"dish_1558030289","cafe1","1558030289","test","test","cafe1_c01365","test","107.0","38.52","1","honeydew melons"
"dish_1558030383","cafe1","1558030383","test","test","cafe1_c01366","test","26.0","140.660004","1","bacon"
"dish_1558030435","cafe1","1558030435","test","test","cafe1_c01367","test","221.0","246.940002","3","honeydew melons|potatoes|bacon"
"dish_1558030724","cafe1","1558030724","train","train","cafe1_c01368","train","61.0","18.300001","1","deprecated"
"dish_1558030832","cafe1","1558030832","train","train","cafe1_c01369","train","72.0","89.352005","1","yam"
"dish_1558030910","cafe1","1558030910","train","train","cafe1_c01370","train","15.0","81.149994","1","bacon"
"dish_1558030971","cafe1","1558030971","train","train","cafe1_c01371","train","49.0","17.640001","1","honeydew melons"
"dish_1558031019","cafe1","1558031019","train","train","cafe1_c01372","dev","197.0","206.442001","4","yam|bacon|deprecated|honeydew melons"
"dish_1558031133","cafe1","1558031133","test","test","cafe1_c01373","test","110.0","136.51001","1","yam"
"dish_1558031237","cafe1","1558031237","test","test","cafe1_c01374","test","93.0","31.620001","1","cantaloupe"
"dish_1558031302","cafe1","1558031302","test","test","cafe1_c01375","test","74.0","56.98","1","potatoes"
"dish_1558031351","cafe1","1558031351","test","test","cafe1_c01376","test","41.0","12.3","1","deprecated"
"dish_1558031394","cafe1","1558031394","test","test","cafe1_c01377","test","318.0","237.410004","4","cantaloupe|deprecated|potatoes|yam"
"dish_1558031526","cafe1","1558031526","train","train","cafe1_c01378","train","62.0","76.942001","1","yam"
"dish_1558031566","cafe1","1558031566","train","train","cafe1_c01379","train","26.0","140.660004","1","bacon"
"dish_1558031628","cafe1","1558031628","train","train","cafe1_c01380","train","92.0","31.280001","1","cantaloupe"
"dish_1558031675","cafe1","1558031675","train","train","cafe1_c01381","train","180.0","248.882004","3","yam|bacon|cantaloupe"
"dish_1558032156","cafe1","1558032156","train","train","cafe1_c01382","train","26.0","140.660004","1","bacon"
"dish_1558109511","cafe1","1558109511","train","train","cafe1_c01383","train","37.0","213.897003","1","almonds"
"dish_1558109714","cafe1","1558109714","train","train","cafe1_c01384","train","37.0","213.897003","1","almonds"
"dish_1558109864","cafe1","1558109864","train","train","cafe1_c01385","train","37.0","213.897003","1","almonds"
"dish_1558109907","cafe1","1558109907","train","train","cafe1_c01386","train","63.0","43.470001","1","grapes"
"dish_1558109945","cafe1","1558109945","train","train","cafe1_c01387","train","143.0","74.360001","1","deprecated"
"dish_1558109986","cafe1","1558109986","train","train","cafe1_c01388","dev","75.0","258.450012","1","sausage"
"dish_1558110245","cafe1","1558110245","train","train","cafe1_c01389","train","51.0","29.07","1","berries"
"dish_1558110297","cafe1","1558110297","test","test","cafe1_c01390","test","51.0","29.07","1","berries"
"dish_1558110335","cafe1","1558110335","test","test","cafe1_c01391","test","7.0","37.869999","1","bacon"
"dish_1558110385","cafe1","1558110385","test","test","cafe1_c01392","test","34.0","52.869999","1","eggs"
"dish_1558110436","cafe1","1558110436","test","test","cafe1_c01393","test","69.0","85.629005","1","yam"
"dish_1558110478","cafe1","1558110478","test","test","cafe1_c01394","test","161.0","205.438995","4","eggs|berries|bacon|yam"
"dish_1558113154","cafe1","1558113154","train","train","cafe1_c01395","train","54.0","37.259998","1","grapes"
"dish_1558113204","cafe1","1558113204","train","train","cafe1_c01396","train","31.0","179.210999","1","almonds"
"dish_1558113255","cafe1","1558113255","train","train","cafe1_c01397","train","90.0","30.6","1","cantaloupe"
"dish_1558113304","cafe1","1558113304","train","train","cafe1_c01398","train","175.0","247.070999","3","grapes|cantaloupe|almonds"
"dish_1558113430","cafe1","1558113430","test","test","cafe1_c01399","test","28.0","7.84","1","mixed greens"
"dish_1558113477","cafe1","1558113477","test","test","cafe1_c01400","test","50.0","289.050018","1","almonds"
"dish_1558113941","cafe1","1558113941","test","test","cafe1_c01401","test","78.0","296.890015","2","mixed greens|almonds"
"dish_1558114086","cafe1","1558114086","test","test","cafe1_c01402","test","143.0","74.360001","1","deprecated"
"dish_1558114145","cafe1","1558114145","test","test","cafe1_c01403","test","83.0","57.27","1","grapes"
"dish_1558114209","cafe1","1558114209","test","test","cafe1_c01404","test","90.0","30.6","1","cantaloupe"
"dish_1558114284","cafe1","1558114284","test","test","cafe1_c01405","test","316.0","162.230011","3","deprecated|grapes|cantaloupe"
"dish_1558114441","cafe1","1558114441","train","train","cafe1_c01406","train","75.0","258.450012","1","sausage"
"dish_1558114484","cafe1","1558114484","train","train","cafe1_c01407","train","28.0","151.479996","1","bacon"
"dish_1558114523","cafe1","1558114523","train","train","cafe1_c01408","train","18.0","104.057999","1","almonds"
"dish_1558114569","cafe1","1558114569","train","train","cafe1_c01409","train","39.0","26.91","1","grapes"
"dish_1558114609","cafe1","1558114609","train","train","cafe1_c01410","dev","160.0","540.89801","4","grapes|sausage|almonds|bacon"
"dish_1558114875","cafe1","1558114875","train","train","cafe1_c01411","train","143.0","74.360001","1","deprecated"
"dish_1558114937","cafe1","1558114937","train","train","cafe1_c01412","train","49.0","13.72","1","mixed greens"
"dish_1558115011","cafe1","1558115011","train","train","cafe1_c01413","train","20.0","115.620003","1","almonds"
"dish_1558115047","cafe1","1558115047","train","train","cafe1_c01414","train","212.0","203.699997","3","mixed greens|almonds|deprecated"
"dish_1558115169","cafe1","1558115169","train","train","cafe1_c01415","train","28.0","151.479996","1","bacon"
"dish_1558115241","cafe1","1558115241","train","train","cafe1_c01416","train","111.0","85.470001","1","potatoes"
"dish_1558115282","cafe1","1558115282","train","train","cafe1_c01417","train","144.0","74.879997","1","deprecated"
"dish_1558115320","cafe1","1558115320","train","train","cafe1_c01418","train","30.0","173.430008","1","almonds"
"dish_1558115364","cafe1","1558115364","train","train","cafe1_c01419","train","313.0","485.26001","4","potatoes|deprecated|almonds|bacon"
"dish_1558115448","cafe1","1558115448","train","train","cafe1_c01420","train","94.0","64.860001","1","grapes"
"dish_1558115512","cafe1","1558115512","train","train","cafe1_c01421","train","126.0","434.196014","1","sausage"
"dish_1558115601","cafe1","1558115601","train","train","cafe1_c01422","train","111.0","85.470001","1","potatoes"
"dish_1558115641","cafe1","1558115641","train","train","cafe1_c01423","dev","331.0","584.526001","3","grapes|sausage|potatoes"
"dish_1558115764","cafe1","1558115764","train","train","cafe1_c01424","train","28.0","151.479996","1","bacon"
"dish_1558115825","cafe1","1558115825","train","train","cafe1_c01425","train","62.0","42.779999","1","grapes"
"dish_1558115867","cafe1","1558115867","train","train","cafe1_c01426","train","23.0","132.962997","1","almonds"
"dish_1558115915","cafe1","1558115915","train","train","cafe1_c01427","train","59.0","203.314011","1","sausage"
"dish_1558115960","cafe1","1558115960","train","train","cafe1_c01428","train","51.0","39.27","1","potatoes"
"dish_1558116001","cafe1","1558116001","train","train","cafe1_c01429","train","223.0","569.807007","5","almonds|grapes|sausage|bacon|potatoes"
"dish_1558116090","cafe1","1558116090","train","train","cafe1_c01430","train","91.0","30.940001","1","cantaloupe"
"dish_1558116146","cafe1","1558116146","train","train","cafe1_c01431","train","111.0","76.589996","1","grapes"
"dish_1558116201","cafe1","1558116201","train","train","cafe1_c01432","train","91.0","313.585999","1","sausage"
"dish_1558116260","cafe1","1558116260","train","train","cafe1_c01433","dev","75.0","433.575012","1","almonds"
"dish_1558116298","cafe1","1558116298","train","train","cafe1_c01434","train","368.0","854.690979","4","cantaloupe|almonds|grapes|sausage"
"dish_1558116399","cafe1","1558116399","train","train","cafe1_c01435","train","25.0","7.0","1","mixed greens"
"dish_1558116436","cafe1","1558116436","train","train","cafe1_c01436","train","17.0","91.970001","1","bacon"
"dish_1558116486","cafe1","1558116486","train","train","cafe1_c01437","train","57.0","39.329998","1","grapes"
"dish_1558116547","cafe1","1558116547","train","train","cafe1_c01438","train","144.0","74.879997","1","deprecated"
"dish_1558122583","cafe1","1558122583","train","train","cafe1_c01439","train","61.0","46.969997","1","potatoes"
"dish_1558122740","cafe1","1558122740","train","train","cafe1_c01440","train","304.0","260.149994","5","grapes|mixed greens|deprecated|potatoes|bacon"
"dish_1558372433","cafe1","1558372433","train","train","cafe1_c01441","train","143.0","74.360001","1","deprecated"
"dish_1558372525","cafe1","1558372525","train","train","cafe1_c01442","train","42.0","242.802002","1","almonds"
"dish_1558372650","cafe1","1558372650","train","train","cafe1_c01443","train","83.0","57.27","1","grapes"
"dish_1558372695","cafe1","1558372695","train","train","cafe1_c01444","train","43.0","148.178009","1","sausage"
"dish_1558372771","cafe1","1558372771","train","train","cafe1_c01445","train","311.0","522.609985","4","deprecated|grapes|sausage|almonds"
"dish_1558372948","cafe1","1558372948","test","test","cafe1_c01446","test","119.0","687.939026","1","almonds"
"dish_1558373008","cafe1","1558373008","test","test","cafe1_c01447","test","73.0","251.558014","1","sausage"
"dish_1558373074","cafe1","1558373074","test","test","cafe1_c01448","test","142.0","73.839996","1","deprecated"
"dish_1558373159","cafe1","1558373159","test","test","cafe1_c01449","test","334.0","1013.337036","3","sausage|deprecated|almonds"
"dish_1558373284","cafe1","1558373284","train","train","cafe1_c01450","train","113.0","389.39801","1","sausage"
"dish_1558373352","cafe1","1558373352","train","train","cafe1_c01451","train","100.0","69.0","1","grapes"
"dish_1558373405","cafe1","1558373405","train","train","cafe1_c01452","train","40.0","13.6","1","cantaloupe"
"dish_1558373449","cafe1","1558373449","train","train","cafe1_c01453","train","72.0","416.231995","1","almonds"
"dish_1558373492","cafe1","1558373492","train","train","cafe1_c01454","train","325.0","888.22998","4","cantaloupe|almonds|sausage|grapes"
"dish_1558373639","cafe1","1558373639","train","train","cafe1_c01455","train","20.0","5.6","1","mixed greens"
"dish_1558373687","cafe1","1558373687","train","train","cafe1_c01456","train","89.0","306.694","1","sausage"
"dish_1558375506","cafe1","1558375506","train","train","cafe1_c01457","train","142.0","73.839996","1","deprecated"
"dish_1558375583","cafe1","1558375583","train","train","cafe1_c01458","train","251.0","386.134003","3","mixed greens|sausage|deprecated"
"dish_1558375667","cafe1","1558375667","test","test","cafe1_c01459","test","119.0","687.939026","1","almonds"
"dish_1558375732","cafe1","1558375732","test","test","cafe1_c01460","test","66.0","45.540001","1","grapes"
"dish_1558375833","cafe1","1558375833","test","test","cafe1_c01461","test","92.0","317.032013","1","sausage"
"dish_1558375886","cafe1","1558375886","test","test","cafe1_c01462","test","277.0","1050.511108","3","almonds|sausage|grapes"
"dish_1558376212","cafe1","1558376212","test","test","cafe1_c01463","test","52.0","300.612","1","almonds"
"dish_1558376306","cafe1","1558376306","test","test","cafe1_c01464","test","108.0","372.167999","1","sausage"
"dish_1558376364","cafe1","1558376364","test","test","cafe1_c01465","test","71.0","48.990002","1","grapes"
"dish_1558376437","cafe1","1558376437","test","test","cafe1_c01466","test","39.0","13.26","1","cantaloupe"
"dish_1558376483","cafe1","1558376483","test","test","cafe1_c01467","test","270.0","735.030029","4","cantaloupe|almonds|grapes|sausage"
"dish_1558376734","cafe1","1558376734","test","test","cafe1_c01468","test","60.0","206.76001","1","sausage"
"dish_1558376768","cafe1","1558376768","test","test","cafe1_c01469","test","143.0","74.360001","1","deprecated"
"dish_1558376801","cafe1","1558376801","test","test","cafe1_c01470","test","15.0","4.2","1","mixed greens"
"dish_1558376874","cafe1","1558376874","test","test","cafe1_c01471","test","58.0","335.298004","1","almonds"
"dish_1558376938","cafe1","1558376938","test","test","cafe1_c01472","test","74.0","51.060001","1","grapes"
"dish_1558376984","cafe1","1558376984","test","test","cafe1_c01473","test","350.0","671.67804","5","almonds|deprecated|sausage|mixed greens|grapes"
"dish_1558377105","cafe1","1558377105","train","train","cafe1_c01474","train","113.0","389.39801","1","sausage"
"dish_1558378516","cafe1","1558378516","train","train","cafe1_c01475","dev","134.0","92.459999","1","grapes"
"dish_1558378553","cafe1","1558378553","train","train","cafe1_c01476","train","68.0","393.108002","1","almonds"
"dish_1558378634","cafe1","1558378634","train","train","cafe1_c01477","train","315.0","874.966003","3","grapes|almonds|sausage"
"dish_1558379128","cafe1","1558379128","train","train","cafe1_c01478","train","53.0","36.57","1","grapes"
"dish_1558379182","cafe1","1558379182","train","train","cafe1_c01479","dev","56.0","323.736023","1","almonds"
"dish_1558379273","cafe1","1558379273","train","train","cafe1_c01480","train","66.0","227.436005","1","sausage"
"dish_1558379324","cafe1","1558379324","train","train","cafe1_c01481","train","48.0","16.32","1","cantaloupe"
"dish_1558379391","cafe1","1558379391","train","train","cafe1_c01482","train","223.0","604.062073","4","cantaloupe|sausage|almonds|grapes"
"dish_1558379588","cafe1","1558379588","train","train","cafe1_c01483","train","143.0","74.360001","1","deprecated"
"dish_1558379639","cafe1","1558379639","train","train","cafe1_c01484","train","112.0","385.952026","1","sausage"
"dish_1558379712","cafe1","1558379712","train","train","cafe1_c01485","train","119.0","687.939026","1","almonds"
"dish_1558379876","cafe1","1558379876","train","train","cafe1_c01486","train","374.0","1148.250977","3","deprecated|sausage|almonds"
"dish_1558380014","cafe1","1558380014","train","train","cafe1_c01487","dev","134.0","92.459999","1","grapes"
"dish_1558380058","cafe1","1558380058","train","train","cafe1_c01488","dev","36.0","208.115997","1","almonds"
"dish_1558380152","cafe1","1558380152","train","train","cafe1_c01489","train","143.0","74.360001","1","deprecated"
"dish_1558380181","cafe1","1558380181","train","train","cafe1_c01490","train","313.0","374.936005","3","almonds|deprecated|grapes"
"dish_1558380414","cafe1","1558380414","train","train","cafe1_c01491","train","52.0","35.880001","1","grapes"
"dish_1558380464","cafe1","1558380464","train","train","cafe1_c01492","dev","48.0","277.488007","1","almonds"
"dish_1558380527","cafe1","1558380527","train","train","cafe1_c01493","train","112.0","385.952026","1","sausage"
"dish_1558380557","cafe1","1558380557","train","train","cafe1_c01494","train","212.0","699.320068","3","grapes|almonds|sausage"
"dish_1558380804","cafe1","1558380804","train","train","cafe1_c01495","train","27.0","7.56","1","mixed greens"
"dish_1558381032","cafe1","1558381032","train","train","cafe1_c01496","train","20.0","115.620003","1","almonds"
"dish_1558381084","cafe1","1558381084","train","train","cafe1_c01497","train","53.0","36.57","1","grapes"
"dish_1558381143","cafe1","1558381143","train","train","cafe1_c01498","train","53.0","182.638","1","sausage"
"dish_1558381206","cafe1","1558381206","train","train","cafe1_c01499","train","153.0","342.388","4","grapes|almonds|sausage|mixed greens"
"dish_1558381665","cafe1","1558381665","train","train","cafe1_c01500","dev","51.0","17.85","1","broccoli"
"dish_1558381708","cafe1","1558381708","train","train","cafe1_c01501","dev","53.0","16.43","1","green beans"
"dish_1558381742","cafe1","1558381742","train","train","cafe1_c01502","dev","68.0","78.199997","1","olives"
"dish_1558381819","cafe1","1558381819","train","train","cafe1_c01503","train","65.0","22.1","1","tomatoes"
"dish_1558381840","cafe1","1558381840","train","train","cafe1_c01504","train","69.0","113.849998","1","chicken"
"dish_1558381860","cafe1","1558381860","train","train","cafe1_c01504","train","59.0","94.400002","1","avocado"
"dish_1558381943","cafe1","1558381943","train","train","cafe1_c01505","train","60.0","13.8","1","spinach (raw)"
"dish_1558382263","cafe1","1558382263","train","train","cafe1_c01506","train","425.0","356.629974","7","olives|chicken|avocado|spinach (raw)|tomatoes|broccoli|green beans"
"dish_1558457415","cafe1","1558457415","train","train","cafe1_c01507","train","80.0","60.799999","1","sweet potato"
"dish_1558457468","cafe1","1558457468","train","train","cafe1_c01508","train","70.0","23.800001","1","cantaloupe"
"dish_1558457530","cafe1","1558457530","train","train","cafe1_c01509","train","64.0","16.0","1","cauliflower"
"dish_1558457577","cafe1","1558457577","train","train","cafe1_c01510","train","111.0","172.604996","1","eggs"
"dish_1558457665","cafe1","1558457665","train","train","cafe1_c01511","train","325.0","273.204987","4","cantaloupe|sweet potato|eggs|cauliflower"
"dish_1558458438","cafe1","1558458438","train","train","cafe1_c01512","train","14.0","3.22","1","spinach (raw)"
"dish_1558458496","cafe1","1558458496","train","train","cafe1_c01513","train","77.0","53.130001","1","grapes"
"dish_1558458541","cafe1","1558458541","train","train","cafe1_c01514","train","51.0","294.830994","1","almonds"
"dish_1558458584","cafe1","1558458584","train","train","cafe1_c01515","train","142.0","351.181","3","spinach (raw)|grapes|almonds"
"dish_1558458737","cafe1","1558458737","train","train","cafe1_c01516","dev","32.0","41.599998","1","white rice"
"dish_1558458847","cafe1","1558458847","train","train","cafe1_c01517","dev","143.0","74.360001","1","apple"
"dish_1558458903","cafe1","1558458903","train","train","cafe1_c01518","dev","20.0","115.620003","1","almonds"
"dish_1558459020","cafe1","1558459020","train","train","cafe1_c01519","train","61.0","10.98","1","cherry tomatoes"
"dish_1558459059","cafe1","1558459059","train","train","cafe1_c01520","train","42.0","28.98","1","grapes"
"dish_1558459115","cafe1","1558459115","train","train","cafe1_c01521","dev","298.0","271.540009","5","almonds|apple|white rice|cherry tomatoes|grapes"
"dish_1558459276","cafe1","1558459276","train","train","cafe1_c01522","train","79.0","102.699997","1","white rice"
"dish_1558459395","cafe1","1558459395","train","train","cafe1_c01523","train","36.0","208.115997","1","almonds"
"dish_1558459462","cafe1","1558459462","train","train","cafe1_c01524","train","85.0","58.650002","1","grapes"
"dish_1558459528","cafe1","1558459528","train","train","cafe1_c01525","train","64.0","11.52","1","cherry tomatoes"
"dish_1558459602","cafe1","1558459602","train","train","cafe1_c01526","dev","9.0","2.07","1","spinach (raw)"
"dish_1558459664","cafe1","1558459664","train","train","cafe1_c01527","train","273.0","383.055969","5","white rice|almonds|spinach (raw)|cherry tomatoes|grapes"
"dish_1558459945","cafe1","1558459945","train","train","cafe1_c01528","train","142.0","73.839996","1","apple"
"dish_1558459994","cafe1","1558459994","train","train","cafe1_c01529","train","37.0","25.530001","1","grapes"
"dish_1558460061","cafe1","1558460061","train","train","cafe1_c01530","train","59.0","40.709999","1","grapes"
"dish_1558460138","cafe1","1558460138","train","train","cafe1_c01531","train","56.0","10.08","1","cherry tomatoes"
"dish_1558460205","cafe1","1558460205","train","train","cafe1_c01532","dev","8.0","1.84","1","spinach (raw)"
"dish_1558460908","cafe1","1558460908","train","train","cafe1_c01533","train","302.0","151.999985","4","apple|grapes|cherry tomatoes|spinach (raw)"
"dish_1558461431","cafe1","1558461431","test","test","cafe1_c01534","test","5.0","1.15","1","spinach (raw)"
"dish_1558461607","cafe1","1558461607","test","test","cafe1_c01535","test","127.0","87.629997","1","grapes"
"dish_1558461692","cafe1","1558461692","test","test","cafe1_c01536","test","40.0","231.240005","1","almonds"
"dish_1558461760","cafe1","1558461760","test","test","cafe1_c01537","test","61.0","10.98","1","cherry tomatoes"
"dish_1558461792","cafe1","1558461792","test","test","cafe1_c01538","test","233.0","331.0","4","grapes|spinach (raw)|cherry tomatoes|almonds"
"dish_1558462036","cafe1","1558462036","train","train","cafe1_c01539","train","13.0","2.99","1","spinach (raw)"
"dish_1558462106","cafe1","1558462106","train","train","cafe1_c01540","train","37.0","25.530001","1","grapes"
"dish_1558462228","cafe1","1558462228","train","train","cafe1_c01541","train","17.0","22.099998","1","white rice"
"dish_1558462531","cafe1","1558462531","train","train","cafe1_c01542","train","72.0","12.960001","1","cherry tomatoes"
"dish_1558463113","cafe1","1558463113","train","train","cafe1_c01543","train","139.0","63.579998","4","white rice|grapes|cherry tomatoes|spinach (raw)"
"dish_1558463362","cafe1","1558463362","train","train","cafe1_c01544","train","116.0","20.880001","1","cherry tomatoes"
"dish_1558463429","cafe1","1558463429","train","train","cafe1_c01545","train","61.0","42.09","1","grapes"
"dish_1558463562","cafe1","1558463562","train","train","cafe1_c01546","train","64.0","369.984009","1","almonds"
"dish_1558463690","cafe1","1558463690","train","train","cafe1_c01547","train","241.0","432.95401","3","grapes|cherry tomatoes|almonds"
"dish_1558468285","cafe1","1558468285","train","train","cafe1_c01548","dev","44.0","12.32","1","mixed greens"
"dish_1558468401","cafe1","1558468401","train","train","cafe1_c01549","dev","47.0","75.200005","1","avocado"
"dish_1558468435","cafe1","1558468435","train","train","cafe1_c01550","train","80.0","28.0","1","broccoli"
"dish_1558468494","cafe1","1558468494","train","train","cafe1_c01551","train","77.0","15.785","1","squash"
"dish_1558468547","cafe1","1558468547","train","train","cafe1_c01552","train","34.0","6.97","1","squash"
"dish_1558468589","cafe1","1558468589","train","train","cafe1_c01553","train","55.0","12.1","1","mushroom"
"dish_1558468632","cafe1","1558468632","train","train","cafe1_c01554","train","103.0","169.949997","1","chicken"
"dish_1558468731","cafe1","1558468731","train","train","cafe1_c01555","train","440.0","320.325012","6","mixed greens|avocado|chicken|mushroom|broccoli|squash"
"dish_1558544427","cafe1","1558544427","train","train","cafe1_c01556","train","103.0","160.164993","1","eggs"
"dish_1558544482","cafe1","1558544482","train","train","cafe1_c01557","train","67.0","38.189999","1","berries"
"dish_1558544663","cafe1","1558544663","test","test","cafe1_c01558","test","208.0","141.440002","1","oatmeal"
"dish_1558544870","cafe1","1558544870","train","train","cafe1_c01559","train","170.0","198.354996","2","eggs|berries"
"dish_1558545738","cafe1","1558545738","test","test","cafe1_c01560","test","142.0","73.839996","1","apple"
"dish_1558546434","cafe1","1558546434","test","test","cafe1_c01561","test","11.0","2.53","1","spinach (raw)"
"dish_1558546558","cafe1","1558546558","test","test","cafe1_c01562","test","44.0","254.364014","1","almonds"
"dish_1558546663","cafe1","1558546663","test","test","cafe1_c01563","test","197.0","330.734009","3","spinach (raw)|almonds|apple"
"dish_1558546918","cafe1","1558546918","train","train","cafe1_c01564","train","54.0","70.199997","1","white rice"
"dish_1558547008","cafe1","1558547008","train","train","cafe1_c01565","train","96.0","73.919998","1","potatoes"
"dish_1558547068","cafe1","1558547068","train","train","cafe1_c01566","train","11.0","2.53","1","spinach (raw)"
"dish_1558547124","cafe1","1558547124","train","train","cafe1_c01567","train","25.0","144.525009","1","almonds"
"dish_1558547205","cafe1","1558547205","train","train","cafe1_c01568","train","186.0","291.174988","4","potatoes|almonds|spinach (raw)|white rice"
"dish_1558548666","cafe1","1558548666","train","train","cafe1_c01569","train","75.0","97.5","1","white rice"
"dish_1558548958","cafe1","1558548958","train","train","cafe1_c01570","train","10.0","2.3","1","spinach (raw)"
"dish_1558549008","cafe1","1558549008","train","train","cafe1_c01571","train","115.0","20.700001","1","cherry tomatoes"
"dish_1558549086","cafe1","1558549086","train","train","cafe1_c01572","train","95.0","73.150002","1","potatoes"
"dish_1558549150","cafe1","1558549150","train","train","cafe1_c01573","train","66.0","45.540001","1","grapes"
"dish_1558549214","cafe1","1558549214","train","train","cafe1_c01574","train","361.0","239.190002","5","white rice|potatoes|spinach (raw)|cherry tomatoes|grapes"
"dish_1558549413","cafe1","1558549413","test","test","cafe1_c01575","test","118.0","682.15802","1","almonds"
"dish_1558549605","cafe1","1558549605","test","test","cafe1_c01576","test","75.0","97.5","1","white rice"
"dish_1558549773","cafe1","1558549773","test","test","cafe1_c01577","test","10.0","2.3","1","spinach (raw)"
"dish_1558549806","cafe1","1558549806","test","test","cafe1_c01578","test","203.0","781.958008","3","almonds|white rice|spinach (raw)"
"dish_1558550079","cafe1","1558550079","train","train","cafe1_c01579","train","142.0","73.839996","1","apple"
"dish_1558550127","cafe1","1558550127","train","train","cafe1_c01580","train","22.0","127.182007","1","almonds"
"dish_1558550181","cafe1","1558550181","train","train","cafe1_c01581","train","42.0","28.98","1","grapes"
"dish_1558550218","cafe1","1558550218","train","train","cafe1_c01582","dev","206.0","230.001999","3","almonds|grapes|apple"
"dish_1558628339","cafe1","1558628339","train","train","cafe1_c01583","train","13.0","70.330002","1","bacon"
"dish_1558628515","cafe1","1558628515","train","train","cafe1_c01584","train","56.0","31.92","1","berries"
"dish_1558628711","cafe1","1558628711","train","train","cafe1_c01585","train","129.0","129.064499","2","yam|sweet potato"
"dish_1558628760","cafe1","1558628760","train","train","cafe1_c01586","train","198.0","231.314499","4","berries|yam|sweet potato|bacon"
"dish_1558628888","cafe1","1558628888","train","train","cafe1_c01587","train","72.0","111.959999","1","eggs"
"dish_1558628921","cafe1","1558628921","train","train","cafe1_c01588","dev","60.0","24.6","1","carrot"
"dish_1558628956","cafe1","1558628956","train","train","cafe1_c01589","dev","14.0","9.044001","1","garden salad"
"dish_1558629013","cafe1","1558629013","train","train","cafe1_c01590","train","80.0","26.400002","1","strawberries"
"dish_1558629041","cafe1","1558629041","train","train","cafe1_c01591","train","226.0","172.004013","4","eggs|strawberries|carrot|garden salad"
"dish_1558629398","cafe1","1558629398","train","train","cafe1_c01592","train","64.0","21.76","1","tomatoes"
"dish_1558629444","cafe1","1558629444","train","train","cafe1_c01593","train","39.0","225.459","1","almonds"
"dish_1558629488","cafe1","1558629488","train","train","cafe1_c01594","train","64.0","16.0","1","cauliflower"
"dish_1558629517","cafe1","1558629517","train","train","cafe1_c01595","train","167.0","263.218994","3","cauliflower|tomatoes|almonds"
"dish_1558629578","cafe1","1558629578","train","train","cafe1_c01596","train","90.0","22.5","1","cauliflower"
"dish_1558629644","cafe1","1558629644","train","train","cafe1_c01597","train","15.0","4.2","1","mixed greens"
"dish_1558629677","cafe1","1558629677","train","train","cafe1_c01598","train","142.0","73.839996","1","apple"
"dish_1558629715","cafe1","1558629715","train","train","cafe1_c01599","train","247.0","100.539993","3","apple|cauliflower|mixed greens"
"dish_1558629818","cafe1","1558629818","train","train","cafe1_c01600","train","27.0","156.087006","1","almonds"
"dish_1558629878","cafe1","1558629878","train","train","cafe1_c01601","dev","142.0","73.839996","1","apple"
"dish_1558630006","cafe1","1558630006","train","train","cafe1_c01602","dev","75.0","51.75","1","grapes"
"dish_1558630038","cafe1","1558630038","train","train","cafe1_c01603","train","51.0","12.75","1","cauliflower"
"dish_1558630072","cafe1","1558630072","train","train","cafe1_c01604","dev","295.0","294.427002","4","apple|almonds|grapes|cauliflower"
"dish_1558630176","cafe1","1558630176","test","test","cafe1_c01605","test","142.0","73.839996","1","apple"
"dish_1558630207","cafe1","1558630207","test","test","cafe1_c01606","test","116.0","670.596008","1","almonds"
"dish_1558630288","cafe1","1558630288","test","test","cafe1_c01607","test","11.0","7.106","1","garden salad"
"dish_1558630325","cafe1","1558630325","test","test","cafe1_c01608","test","269.0","751.541992","3","apple|garden salad|almonds"
"dish_1558630450","cafe1","1558630450","train","train","cafe1_c01609","train","125.0","86.25","1","grapes"
"dish_1558630488","cafe1","1558630488","train","train","cafe1_c01610","train","88.0","29.92","1","cantaloupe"
"dish_1558630600","cafe1","1558630600","train","train","cafe1_c01611","train","142.0","73.839996","1","apple"
"dish_1558630649","cafe1","1558630649","train","train","cafe1_c01612","train","355.0","190.009995","3","cantaloupe|grapes|apple"
"dish_1558630737","cafe1","1558630737","train","train","cafe1_c01613","train","89.0","22.25","1","cauliflower"
"dish_1558630814","cafe1","1558630814","train","train","cafe1_c01614","train","34.0","196.554001","1","almonds"
"dish_1558630867","cafe1","1558630867","train","train","cafe1_c01615","train","142.0","73.839996","1","apple"
"dish_1558630932","cafe1","1558630932","train","train","cafe1_c01616","train","265.0","292.643982","3","apple|cauliflower|almonds"
"dish_1558631825","cafe1","1558631825","train","train","cafe1_c01617","train","112.0","118.832001","1","corn on the cob"
"dish_1558631872","cafe1","1558631872","train","train","cafe1_c01618","train","89.0","16.02","1","cherry tomatoes"
"dish_1558631904","cafe1","1558631904","train","train","cafe1_c01619","train","154.0","80.079994","1","apple"
"dish_1558631932","cafe1","1558631932","train","train","cafe1_c01620","train","355.0","214.931992","3","apple|corn on the cob|cherry tomatoes"
"dish_1558632080","cafe1","1558632080","train","train","cafe1_c01621","train","68.0","72.148003","1","corn on the cob"
"dish_1558632130","cafe1","1558632130","train","train","cafe1_c01622","train","99.0","33.66","1","cantaloupe"
"dish_1558632198","cafe1","1558632198","train","train","cafe1_c01623","train","26.0","16.796001","1","garden salad"
"dish_1558632233","cafe1","1558632233","train","train","cafe1_c01624","train","193.0","122.604004","3","garden salad|corn on the cob|cantaloupe"
"dish_1558632445","cafe1","1558632445","train","train","cafe1_c01625","train","91.0","526.070984","1","almonds"
"dish_1558632475","cafe1","1558632475","train","train","cafe1_c01626","train","112.0","118.832001","1","corn on the cob"
"dish_1558632799","cafe1","1558632799","train","train","cafe1_c01627","dev","19.0","20.159","1","corn on the cob"
"dish_1558632921","cafe1","1558632921","train","train","cafe1_c01628","dev","155.0","80.599998","1","apple"
"dish_1558632959","cafe1","1558632959","train","train","cafe1_c01629","train","89.0","16.02","1","cherry tomatoes"
"dish_1558632990","cafe1","1558632990","train","train","cafe1_c01630","train","101.0","25.25","1","cauliflower"
"dish_1558633158","cafe1","1558633158","train","train","cafe1_c01631","train","85.0","34.849998","1","carrot"
"dish_1558633221","cafe1","1558633221","train","train","cafe1_c01632","train","449.0","176.878998","5","corn on the cob|cherry tomatoes|apple|cauliflower|carrot"
"dish_1558635400","cafe1","1558635400","test","test","cafe1_c01633","test","100.0","25.0","1","cauliflower"
"dish_1558635489","cafe1","1558635489","test","test","cafe1_c01634","test","74.0","78.514","1","corn on the cob"
"dish_1558635523","cafe1","1558635523","test","test","cafe1_c01635","test","43.0","55.899998","1","white rice"
"dish_1558635546","cafe1","1558635546","test","test","cafe1_c01636","test","117.0","60.839996","1","apple"
"dish_1558635618","cafe1","1558635618","test","test","cafe1_c01637","test","334.0","220.253998","4","corn on the cob|apple|white rice|cauliflower"
"dish_1558635865","cafe1","1558635865","train","train","cafe1_c01638","train","19.0","20.159","1","corn on the cob"
"dish_1558635933","cafe1","1558635933","train","train","cafe1_c01639","train","98.0","33.32","1","cantaloupe"
"dish_1558635962","cafe1","1558635962","train","train","cafe1_c01640","train","9.0","52.028999","1","almonds"
"dish_1558635994","cafe1","1558635994","train","train","cafe1_c01641","train","136.0","93.839996","1","grapes"
"dish_1558636028","cafe1","1558636028","train","train","cafe1_c01642","train","262.0","199.347992","4","grapes|corn on the cob|cantaloupe|almonds"
"dish_1558636388","cafe1","1558636388","train","train","cafe1_c01643","train","96.0","24.0","1","cauliflower"
"dish_1558636483","cafe1","1558636483","train","train","cafe1_c01644","train","154.0","80.079994","1","apple"
"dish_1558636514","cafe1","1558636514","train","train","cafe1_c01645","train","89.0","16.02","1","cherry tomatoes"
"dish_1558636544","cafe1","1558636544","train","train","cafe1_c01646","dev","71.0","410.451019","1","almonds"
"dish_1558636582","cafe1","1558636582","train","train","cafe1_c01647","dev","410.0","530.551025","4","cherry tomatoes|apple|cauliflower|almonds"
"dish_1558636763","cafe1","1558636763","train","train","cafe1_c01648","train","117.0","60.839996","1","apple"
"dish_1558636813","cafe1","1558636813","train","train","cafe1_c01649","train","88.0","60.720001","1","grapes"
"dish_1558636868","cafe1","1558636868","train","train","cafe1_c01650","train","8.0","46.248001","1","almonds"
"dish_1558636902","cafe1","1558636902","train","train","cafe1_c01651","train","95.0","38.950001","1","carrot"
"dish_1558636928","cafe1","1558636928","train","train","cafe1_c01652","train","89.0","16.02","1","cherry tomatoes"
"dish_1558636980","cafe1","1558636980","train","train","cafe1_c01653","train","397.0","222.778","5","apple|grapes|carrot|cherry tomatoes|almonds"
"dish_1558637214","cafe1","1558637214","train","train","cafe1_c01654","train","16.0","11.04","1","grapes"
"dish_1558637247","cafe1","1558637247","train","train","cafe1_c01655","train","111.0","117.770996","1","corn on the cob"
"dish_1558637351","cafe1","1558637351","train","train","cafe1_c01656","train","154.0","80.079994","1","apple"
"dish_1558637393","cafe1","1558637393","train","train","cafe1_c01657","train","128.0","739.968018","1","almonds"
"dish_1558637423","cafe1","1558637423","train","train","cafe1_c01658","train","409.0","948.859009","4","corn on the cob|grapes|apple|almonds"
"dish_1558637698","cafe1","1558637698","train","train","cafe1_c01659","train","49.0","12.25","1","cauliflower"
"dish_1558637769","cafe1","1558637769","train","train","cafe1_c01660","train","154.0","80.079994","1","apple"
"dish_1558637865","cafe1","1558637865","train","train","cafe1_c01661","train","67.0","71.086998","1","corn on the cob"
"dish_1558637896","cafe1","1558637896","train","train","cafe1_c01662","train","123.0","84.870003","1","grapes"
"dish_1558637932","cafe1","1558637932","train","train","cafe1_c01663","dev","393.0","248.286987","4","corn on the cob|apple|cauliflower|grapes"
"dish_1558638137","cafe1","1558638137","train","train","cafe1_c01664","train","117.0","60.839996","1","apple"
"dish_1558638163","cafe1","1558638163","train","train","cafe1_c01665","train","99.0","40.59","1","carrot"
"dish_1558638216","cafe1","1558638216","train","train","cafe1_c01666","train","43.0","55.899998","1","white rice"
"dish_1558638246","cafe1","1558638246","train","none","cafe1_c01667","dev","97.0","32.98","1","cantaloupe"
"dish_1558638292","cafe1","1558638292","train","train","cafe1_c01668","train","356.0","190.309982","4","cantaloupe|apple|white rice|carrot"
"dish_1558638844","cafe1","1558638844","train","train","cafe1_c01669","train","154.0","80.079994","1","apple"
"dish_1558638896","cafe1","1558638896","train","train","cafe1_c01670","train","126.0","22.68","1","cherry tomatoes"
"dish_1558638924","cafe1","1558638924","train","train","cafe1_c01671","train","25.0","6.25","1","cauliflower"
"dish_1558638954","cafe1","1558638954","train","train","cafe1_c01672","train","129.0","89.010002","1","grapes"
"dish_1558638983","cafe1","1558638983","train","train","cafe1_c01673","train","56.0","59.416","1","corn on the cob"
"dish_1558639012","cafe1","1558639012","train","train","cafe1_c01674","train","490.0","257.436005","5","cherry tomatoes|corn on the cob|cauliflower|apple|grapes"
"dish_1558639045","cafe1","1558639045","train","none","cafe1_c01675","train","110.0","116.709999","1","corn on the cob"
"dish_1558639089","cafe1","1558639089","train","train","cafe1_c01676","train","28.0","19.32","1","grapes"
"dish_1558639138","cafe1","1558639138","train","train","cafe1_c01677","dev","54.0","22.139999","1","carrot"
"dish_1558639167","cafe1","1558639167","train","train","cafe1_c01678","train","154.0","80.079994","1","apple"
"dish_1558639195","cafe1","1558639195","train","train","cafe1_c01679","train","346.0","238.25","4","grapes|carrot|corn on the cob|apple"
"dish_1558639221","cafe1","1558639221","train","train","cafe1_c01680","train","98.0","24.5","1","cauliflower"
"dish_1558639266","cafe1","1558639266","train","train","cafe1_c01681","train","29.0","30.768999","1","corn on the cob"
"dish_1558639306","cafe1","1558639306","train","train","cafe1_c01682","train","99.0","40.59","1","carrot"
"dish_1558639335","cafe1","1558639335","train","train","cafe1_c01683","train","116.0","60.32","1","apple"
"dish_1558639362","cafe1","1558639362","train","train","cafe1_c01684","train","342.0","156.179001","4","cauliflower|apple|carrot|corn on the cob"
"dish_1558639412","cafe1","1558639412","test","test","cafe1_c01685","test","97.0","32.98","1","cantaloupe"
"dish_1558639440","cafe1","1558639440","test","test","cafe1_c01686","test","116.0","60.32","1","apple"
"dish_1558639482","cafe1","1558639482","test","test","cafe1_c01687","test","29.0","30.768999","1","corn on the cob"
"dish_1558639526","cafe1","1558639526","test","test","cafe1_c01688","test","78.0","31.98","1","carrot"
"dish_1558639555","cafe1","1558639555","test","test","cafe1_c01689","test","320.0","156.049011","4","cantaloupe|corn on the cob|carrot|apple"
"dish_1558639588","cafe1","1558639588","train","train","cafe1_c01690","train","21.0","121.401001","1","almonds"
"dish_1558639630","cafe1","1558639630","train","train","cafe1_c01691","train","110.0","116.709999","1","corn on the cob"
"dish_1558639662","cafe1","1558639662","train","train","cafe1_c01692","train","89.0","16.02","1","cherry tomatoes"
"dish_1558639673","cafe1","1558639673","train","train","cafe1_c01692","train","89.0","16.02","1","cherry tomatoes"
"dish_1558639683","cafe1","1558639683","train","train","cafe1_c01692","train","89.0","16.02","1","cherry tomatoes"
"dish_1558639752","cafe1","1558639752","train","train","cafe1_c01693","train","220.0","254.130997","3","corn on the cob|cherry tomatoes|almonds"
"dish_1558639787","cafe1","1558639787","test","test","cafe1_c01694","test","99.0","24.75","1","cauliflower"
"dish_1558639818","cafe1","1558639818","test","test","cafe1_c01695","test","59.0","20.059999","1","cantaloupe"
"dish_1558639849","cafe1","1558639849","test","test","cafe1_c01696","test","57.0","23.369999","1","carrot"
"dish_1558639876","cafe1","1558639876","test","test","cafe1_c01697","test","215.0","68.18","3","carrot|cantaloupe|cauliflower"
"dish_1558639907","cafe1","1558639907","train","train","cafe1_c01698","train","58.0","10.440001","1","cherry tomatoes"
"dish_1558639949","cafe1","1558639949","train","train","cafe1_c01699","train","64.0","21.76","1","cantaloupe"
"dish_1558639979","cafe1","1558639979","train","train","cafe1_c01700","train","90.0","520.290039","1","almonds"
"dish_1558640008","cafe1","1558640008","train","train","cafe1_c01701","train","212.0","552.490051","3","cherry tomatoes|cantaloupe|almonds"
"dish_1558640039","cafe1","1558640039","train","train","cafe1_c01702","train","98.0","40.18","1","carrot"
"dish_1558640074","cafe1","1558640074","train","train","cafe1_c01703","train","116.0","60.32","1","apple"
"dish_1558640105","cafe1","1558640105","train","train","cafe1_c01704","train","73.0","77.453003","1","corn on the cob"
"dish_1558640145","cafe1","1558640145","train","train","cafe1_c01705","train","287.0","177.953003","3","carrot|apple|corn on the cob"
"dish_1558640190","cafe1","1558640190","train","train","cafe1_c01706","train","58.0","19.719999","1","cantaloupe"
"dish_1558640238","cafe1","1558640238","train","train","cafe1_c01707","train","126.0","22.68","1","cherry tomatoes"
"dish_1558640267","cafe1","1558640267","train","train","cafe1_c01708","dev","92.0","63.48","1","grapes"
"dish_1558640294","cafe1","1558640294","train","train","cafe1_c01709","train","184.0","42.400002","2","cantaloupe|cherry tomatoes"
"dish_1558640311","cafe1","1558640311","train","train","cafe1_c01709","train","276.0","105.879997","3","grapes|cantaloupe|cherry tomatoes"
"dish_1558640373","cafe1","1558640373","train","train","cafe1_c01710","train","276.0","105.880005","3","cherry tomatoes|grapes|cantaloupe"
"dish_1558640418","cafe1","1558640418","train","train","cafe1_c01711","train","35.0","14.349999","1","carrot"
"dish_1558640450","cafe1","1558640450","train","train","cafe1_c01712","train","154.0","80.079994","1","apple"
"dish_1558640477","cafe1","1558640477","train","train","cafe1_c01713","train","56.0","59.416","1","corn on the cob"
"dish_1558640513","cafe1","1558640513","train","train","cafe1_c01714","dev","245.0","153.845993","3","carrot|apple|corn on the cob"
"dish_1558640563","cafe1","1558640563","train","train","cafe1_c01715","train","23.0","4.14","1","cherry tomatoes"
"dish_1558640593","cafe1","1558640593","train","train","cafe1_c01716","train","116.0","60.32","1","apple"
"dish_1558640604","cafe1","1558640604","train","train","cafe1_c01716","train","117.0","60.839996","1","apple"
"dish_1558640614","cafe1","1558640614","train","train","cafe1_c01716","train","116.0","60.32","1","apple"
"dish_1558640671","cafe1","1558640671","train","train","cafe1_c01717","train","95.0","32.299999","1","cantaloupe"
"dish_1558640705","cafe1","1558640705","train","train","cafe1_c01718","train","234.0","96.759995","3","cherry tomatoes|apple|cantaloupe"
"dish_1558640748","cafe1","1558640748","train","train","cafe1_c01719","train","58.0","14.5","1","cauliflower"
"dish_1558640781","cafe1","1558640781","train","train","cafe1_c01720","dev","154.0","80.079994","1","apple"
"dish_1558640808","cafe1","1558640808","train","train","cafe1_c01721","train","26.0","10.66","1","carrot"
"dish_1558640849","cafe1","1558640849","train","train","cafe1_c01722","train","238.0","105.23999","3","apple|cauliflower|carrot"
"dish_1558640882","cafe1","1558640882","train","train","cafe1_c01723","dev","95.0","32.299999","1","cantaloupe"
"dish_1558640917","cafe1","1558640917","train","train","cafe1_c01724","train","21.0","5.25","1","cauliflower"
"dish_1558640941","cafe1","1558640941","train","train","cafe1_c01725","train","53.0","21.73","1","carrot"
"dish_1558640979","cafe1","1558640979","train","train","cafe1_c01726","train","169.0","59.279999","3","cantaloupe|cauliflower|carrot"
"dish_1558641007","cafe1","1558641007","train","train","cafe1_c01727","train","57.0","23.369999","1","carrot"
"dish_1558641037","cafe1","1558641037","train","train","cafe1_c01728","train","117.0","60.839996","1","apple"
"dish_1558641075","cafe1","1558641075","train","train","cafe1_c01729","train","69.0","12.42","1","cherry tomatoes"
"dish_1558641108","cafe1","1558641108","train","train","cafe1_c01730","train","243.0","96.62999","3","cherry tomatoes|apple|carrot"
"dish_1558641164","cafe1","1558641164","test","test","cafe1_c01731","test","154.0","80.079994","1","apple"
"dish_1558641200","cafe1","1558641200","test","test","cafe1_c01732","test","8.0","3.28","1","carrot"
"dish_1558641211","cafe1","1558641211","train","train","cafe1_c01732","train","8.0","3.28","1","carrot"
"dish_1558641253","cafe1","1558641253","test","test","cafe1_c01733","test","110.0","116.709999","1","corn on the cob"
"dish_1558641287","cafe1","1558641287","test","test","cafe1_c01734","test","64.0","11.52","1","cherry tomatoes"
"dish_1558641320","cafe1","1558641320","test","test","cafe1_c01735","test","336.0","211.589996","4","apple|carrot|corn on the cob|cherry tomatoes"
"dish_1558641358","cafe1","1558641358","train","train","cafe1_c01736","dev","97.0","24.25","1","cauliflower"
"dish_1558641391","cafe1","1558641391","train","train","cafe1_c01737","dev","58.0","19.719999","1","cantaloupe"
"dish_1558641416","cafe1","1558641416","train","train","cafe1_c01738","train","56.0","59.416","1","corn on the cob"
"dish_1558641442","cafe1","1558641442","train","train","cafe1_c01739","train","211.0","103.386002","3","cauliflower|cantaloupe|corn on the cob"
"dish_1558641897","cafe1","1558641897","train","train","cafe1_c01740","train","110.0","116.709999","1","corn on the cob"
"dish_1558641926","cafe1","1558641926","train","train","cafe1_c01741","train","154.0","80.079994","1","apple"
"dish_1558641954","cafe1","1558641954","train","train","cafe1_c01742","dev","102.0","18.360001","1","cherry tomatoes"
"dish_1558641989","cafe1","1558641989","train","train","cafe1_c01743","train","55.0","13.75","1","cauliflower"
"dish_1558642021","cafe1","1558642021","train","train","cafe1_c01744","dev","421.0","228.899994","4","apple|corn on the cob|cherry tomatoes|cauliflower"
"dish_1558642089","cafe1","1558642089","train","train","cafe1_c01745","train","96.0","39.360001","1","carrot"
"dish_1558642420","cafe1","1558642420","train","train","cafe1_c01746","train","95.0","38.950001","1","carrot"
"dish_1558642458","cafe1","1558642458","train","train","cafe1_c01747","train","92.0","23.0","1","cauliflower"
"dish_1558642490","cafe1","1558642490","train","train","cafe1_c01748","train","187.0","61.950001","2","carrot|cauliflower"
"dish_1558717604","cafe1","1558717604","test","test","cafe1_c01749","test","142.0","73.839996","1","apple"
"dish_1558717886","cafe1","1558717886","train","train","cafe1_c01750","train","142.0","73.839996","1","apple"
"dish_1558717969","cafe1","1558717969","train","none","cafe1_c01751","dev","90.0","95.489998","1","corn on the cob"
"dish_1558718009","cafe1","1558718009","train","train","cafe1_c01752","dev","76.0","25.84","1","cantaloupe"
"dish_1558718051","cafe1","1558718051","train","train","cafe1_c01753","dev","97.0","24.25","1","cauliflower"
"dish_1558718088","cafe1","1558718088","train","train","cafe1_c01754","train","405.0","219.419983","4","apple|corn on the cob|cantaloupe|cauliflower"
"dish_1558718587","cafe1","1558718587","test","test","cafe1_c01755","test","41.0","10.25","1","cauliflower"
"dish_1558718610","cafe1","1558718610","test","test","cafe1_c01756","test","107.0","113.527","1","corn on the cob"
"dish_1558718649","cafe1","1558718649","test","test","cafe1_c01757","test","76.0","25.84","1","cantaloupe"
"dish_1558718680","cafe1","1558718680","test","test","cafe1_c01758","test","23.0","132.962997","1","almonds"
"dish_1558718906","cafe1","1558718906","test","test","cafe1_c01759","test","247.0","282.580017","4","corn on the cob|cantaloupe|cauliflower|almonds"
"dish_1558718974","cafe1","1558718974","train","train","cafe1_c01760","train","73.0","422.013","1","almonds"
"dish_1558719040","cafe1","1558719040","train","train","cafe1_c01761","train","94.0","31.960001","1","cantaloupe"
"dish_1558719066","cafe1","1558719066","train","train","cafe1_c01762","train","142.0","73.839996","1","apple"
"dish_1558719097","cafe1","1558719097","train","train","cafe1_c01763","train","107.0","19.26","1","cherry tomatoes"
"dish_1558719145","cafe1","1558719145","train","train","cafe1_c01764","dev","416.0","547.072998","4","cantaloupe|cherry tomatoes|almonds|apple"
"dish_1558719215","cafe1","1558719215","train","none","cafe1_c01765","train","96.0","17.280001","1","cherry tomatoes"
"dish_1558719298","cafe1","1558719298","train","train","cafe1_c01766","train","46.0","265.925995","1","almonds"
"dish_1558719336","cafe1","1558719336","train","train","cafe1_c01767","train","97.0","24.25","1","cauliflower"
"dish_1558719377","cafe1","1558719377","train","train","cafe1_c01768","train","142.0","73.839996","1","apple"
"dish_1558719401","cafe1","1558719401","train","train","cafe1_c01769","train","49.0","51.988998","1","corn on the cob"
"dish_1558719514","cafe1","1558719514","train","train","cafe1_c01770","train","430.0","433.285004","5","almonds|apple|corn on the cob|cherry tomatoes|cauliflower"
"dish_1558719570","cafe1","1558719570","test","test","cafe1_c01771","test","143.0","74.360001","1","apple"
"dish_1558719994","cafe1","1558719994","test","test","cafe1_c01772","test","133.0","768.873047","1","almonds"
"dish_1558720097","cafe1","1558720097","test","test","cafe1_c01773","test","74.0","30.34","1","carrot"
"dish_1558720133","cafe1","1558720133","test","test","cafe1_c01774","test","57.0","14.25","1","cauliflower"
"dish_1558720236","cafe1","1558720236","test","test","cafe1_c01775","test","407.0","887.823059","4","apple|carrot|cauliflower|almonds"
"dish_1558720289","cafe1","1558720289","train","train","cafe1_c01776","train","80.0","20.0","1","cauliflower"
"dish_1558720335","cafe1","1558720335","train","train","cafe1_c01777","train","46.0","15.64","1","cantaloupe"
"dish_1558720364","cafe1","1558720364","train","train","cafe1_c01778","train","142.0","73.839996","1","apple"
"dish_1558720396","cafe1","1558720396","train","train","cafe1_c01779","train","90.0","95.489998","1","corn on the cob"
"dish_1558720427","cafe1","1558720427","train","none","cafe1_c01780","train","358.0","204.970001","4","cantaloupe|cauliflower|apple|corn on the cob"
"dish_1558721272","cafe1","1558721272","train","train","cafe1_c01781","dev","72.0","29.52","1","carrot"
"dish_1558721323","cafe1","1558721323","train","train","cafe1_c01782","train","93.0","31.620001","1","cantaloupe"
"dish_1558721345","cafe1","1558721345","train","train","cafe1_c01783","train","78.0","19.5","1","cauliflower"
"dish_1558721380","cafe1","1558721380","train","train","cafe1_c01784","train","107.0","19.26","1","cherry tomatoes"
"dish_1558721434","cafe1","1558721434","train","train","cafe1_c01785","train","350.0","99.900002","4","cherry tomatoes|carrot|cauliflower|cantaloupe"
"dish_1558721484","cafe1","1558721484","train","train","cafe1_c01786","train","62.0","11.160001","1","cherry tomatoes"
"dish_1558721533","cafe1","1558721533","train","train","cafe1_c01787","train","55.0","18.700001","1","cantaloupe"
"dish_1558721559","cafe1","1558721559","train","train","cafe1_c01788","train","92.0","37.720001","1","carrot"
"dish_1558721587","cafe1","1558721587","train","train","cafe1_c01789","train","90.0","95.489998","1","corn on the cob"
"dish_1558721636","cafe1","1558721636","train","train","cafe1_c01790","train","299.0","163.069992","4","carrot|corn on the cob|cantaloupe|cherry tomatoes"
"dish_1558721669","cafe1","1558721669","train","train","cafe1_c01791","train","97.0","24.25","1","cauliflower"
"dish_1558721700","cafe1","1558721700","train","train","cafe1_c01792","train","56.0","19.040001","1","cantaloupe"
"dish_1558721726","cafe1","1558721726","train","train","cafe1_c01793","train","143.0","74.360001","1","apple"
"dish_1558721757","cafe1","1558721757","train","train","cafe1_c01794","train","133.0","768.873047","1","almonds"
"dish_1558721827","cafe1","1558721827","train","train","cafe1_c01795","train","429.0","886.523071","4","cantaloupe|apple|cauliflower|almonds"
"dish_1558721904","cafe1","1558721904","train","train","cafe1_c01796","train","143.0","74.360001","1","apple"
"dish_1558721931","cafe1","1558721931","train","train","cafe1_c01797","train","53.0","13.25","1","cauliflower"
"dish_1558721959","cafe1","1558721959","train","train","cafe1_c01798","train","62.0","11.160001","1","cherry tomatoes"
"dish_1558721980","cafe1","1558721980","train","train","cafe1_c01799","train","79.0","26.860001","1","cantaloupe"
"dish_1558722068","cafe1","1558722068","train","train","cafe1_c01800","train","31.0","179.210999","1","almonds"
"dish_1558722103","cafe1","1558722103","train","train","cafe1_c01801","train","368.0","304.841003","5","cherry tomatoes|cauliflower|apple|cantaloupe|almonds"
"dish_1558722125","cafe1","1558722125","test","test","cafe1_c01802","test","86.0","497.166016","1","almonds"
"dish_1558722171","cafe1","1558722171","test","test","cafe1_c01803","test","97.0","24.25","1","cauliflower"
"dish_1558722207","cafe1","1558722207","test","test","cafe1_c01804","test","160.0","83.199997","1","apple"
"dish_1558722247","cafe1","1558722247","test","test","cafe1_c01805","test","343.0","604.616028","3","almonds|cauliflower|apple"
"dish_1558722322","cafe1","1558722322","train","train","cafe1_c01806","train","92.0","37.720001","1","carrot"
"dish_1558722370","cafe1","1558722370","train","train","cafe1_c01807","train","79.0","19.75","1","cauliflower"
"dish_1558722398","cafe1","1558722398","train","train","cafe1_c01808","train","161.0","83.719994","1","apple"
"dish_1558722434","cafe1","1558722434","train","train","cafe1_c01809","train","47.0","8.46","1","cherry tomatoes"
"dish_1558722473","cafe1","1558722473","train","train","cafe1_c01810","train","379.0","149.649994","4","cherry tomatoes|cauliflower|apple|carrot"
"dish_1558722636","cafe1","1558722636","train","train","cafe1_c01811","train","75.0","30.75","1","carrot"
"dish_1558722665","cafe1","1558722665","train","train","cafe1_c01812","train","60.0","15.0","1","cauliflower"
"dish_1558722685","cafe1","1558722685","train","train","cafe1_c01812","train","76.0","25.84","1","cantaloupe"
"dish_1558722707","cafe1","1558722707","train","train","cafe1_c01813","train","107.0","19.26","1","cherry tomatoes"
"dish_1558722748","cafe1","1558722748","train","train","cafe1_c01814","dev","49.0","51.988998","1","corn on the cob"
"dish_1558722780","cafe1","1558722780","train","train","cafe1_c01815","train","367.0","142.838989","5","cauliflower|carrot|corn on the cob|cantaloupe|cherry tomatoes"
"dish_1558722842","cafe1","1558722842","train","train","cafe1_c01816","dev","58.0","10.440001","1","cherry tomatoes"
"dish_1558722871","cafe1","1558722871","train","train","cafe1_c01817","train","60.0","15.0","1","cauliflower"
"dish_1558722883","cafe1","1558722883","train","train","cafe1_c01817","train","60.0","15.0","1","cauliflower"
"dish_1558722906","cafe1","1558722906","train","train","cafe1_c01818","dev","90.0","95.489998","1","corn on the cob"
"dish_1558722931","cafe1","1558722931","train","train","cafe1_c01819","train","76.0","439.356018","1","almonds"
"dish_1558722968","cafe1","1558722968","train","train","cafe1_c01820","train","284.0","560.286011","4","cherry tomatoes|cauliflower|almonds|corn on the cob"
"dish_1558723015","cafe1","1558723015","train","none","cafe1_c01821","train","76.0","31.16","1","carrot"
"dish_1558723047","cafe1","1558723047","train","train","cafe1_c01822","train","93.0","31.620001","1","cantaloupe"
"dish_1558723073","cafe1","1558723073","train","train","cafe1_c01823","train","90.0","16.200001","1","cherry tomatoes"
"dish_1558723096","cafe1","1558723096","train","train","cafe1_c01824","train","66.0","16.5","1","cauliflower"
"dish_1558723123","cafe1","1558723123","train","train","cafe1_c01825","train","49.0","51.988998","1","corn on the cob"
"dish_1558723414","cafe1","1558723414","train","train","cafe1_c01826","train","49.0","51.988998","1","corn on the cob"
"dish_1558723449","cafe1","1558723449","train","train","cafe1_c01827","train","143.0","74.360001","1","apple"
"dish_1558723475","cafe1","1558723475","train","train","cafe1_c01828","train","67.0","22.780001","1","cantaloupe"
"dish_1558723512","cafe1","1558723512","train","train","cafe1_c01829","train","39.0","15.99","1","carrot"
"dish_1558723537","cafe1","1558723537","train","train","cafe1_c01830","dev","58.0","14.5","1","cauliflower"
"dish_1558723568","cafe1","1558723568","train","train","cafe1_c01831","train","356.0","179.618988","5","cantaloupe|corn on the cob|carrot|cauliflower|apple"
"dish_1558723639","cafe1","1558723639","train","train","cafe1_c01832","dev","41.0","10.25","1","cauliflower"
"dish_1558723671","cafe1","1558723671","train","train","cafe1_c01833","train","93.0","38.130001","1","carrot"
"dish_1558723695","cafe1","1558723695","train","train","cafe1_c01834","train","90.0","95.489998","1","corn on the cob"
"dish_1558723719","cafe1","1558723719","train","train","cafe1_c01835","train","40.0","231.240005","1","almonds"
"dish_1558723742","cafe1","1558723742","train","train","cafe1_c01836","train","264.0","375.109985","4","carrot|almonds|corn on the cob|cauliflower"
"dish_1558723777","cafe1","1558723777","train","train","cafe1_c01837","train","143.0","74.360001","1","apple"
"dish_1558723818","cafe1","1558723818","train","train","cafe1_c01838","train","107.0","113.527","1","corn on the cob"
"dish_1558723847","cafe1","1558723847","train","train","cafe1_c01839","train","96.0","554.976013","1","almonds"
"dish_1558723866","cafe1","1558723866","train","train","cafe1_c01839","train","59.0","14.75","1","cauliflower"
"dish_1558723894","cafe1","1558723894","train","train","cafe1_c01840","train","405.0","757.612976","4","almonds|cauliflower|corn on the cob|apple"
"dish_1558723926","cafe1","1558723926","train","train","cafe1_c01841","train","107.0","19.26","1","cherry tomatoes"
"dish_1558723960","cafe1","1558723960","train","train","cafe1_c01842","train","52.0","13.0","1","cauliflower"
"dish_1558723982","cafe1","1558723982","train","train","cafe1_c01843","train","51.0","294.830994","1","almonds"
"dish_1558724005","cafe1","1558724005","train","train","cafe1_c01844","train","93.0","31.620001","1","cantaloupe"
"dish_1558724031","cafe1","1558724031","train","train","cafe1_c01845","dev","303.0","358.710999","4","cherry tomatoes|cantaloupe|almonds|cauliflower"
"dish_1558724574","cafe1","1558724574","train","train","cafe1_c01846","train","118.0","50.740002","1","brussels sprouts"
"dish_1558724607","cafe1","1558724607","train","train","cafe1_c01847","train","152.0","54.720001","1","honeydew melons"
"dish_1558724633","cafe1","1558724633","train","train","cafe1_c01848","train","94.0","32.899998","1","broccoli"
"dish_1558724658","cafe1","1558724658","train","train","cafe1_c01849","train","364.0","138.360001","3","brussels sprouts|honeydew melons|broccoli"
"dish_1558724689","cafe1","1558724689","train","train","cafe1_c01850","train","79.0","19.75","1","cauliflower"
"dish_1558724723","cafe1","1558724723","train","train","cafe1_c01851","train","112.0","39.200001","1","broccoli"
"dish_1558724766","cafe1","1558724766","train","train","cafe1_c01852","train","161.0","83.719994","1","apple"
"dish_1558724799","cafe1","1558724799","train","train","cafe1_c01853","train","352.0","142.669998","3","cauliflower|apple|broccoli"
"dish_1558724853","cafe1","1558724853","train","train","cafe1_c01854","train","118.0","50.740002","1","brussels sprouts"
"dish_1558724891","cafe1","1558724891","train","train","cafe1_c01855","train","161.0","83.719994","1","apple"
"dish_1558724912","cafe1","1558724912","train","train","cafe1_c01856","dev","75.0","30.75","1","carrot"
"dish_1558724932","cafe1","1558724932","train","train","cafe1_c01856","dev","72.0","416.231995","1","almonds"
"dish_1558724959","cafe1","1558724959","train","train","cafe1_c01857","train","426.0","581.441956","4","brussels sprouts|carrot|almonds|apple"
"dish_1558724992","cafe1","1558724992","train","train","cafe1_c01858","train","79.0","456.699005","1","almonds"
"dish_1558725049","cafe1","1558725049","train","train","cafe1_c01859","train","100.0","43.0","1","brussels sprouts"
"dish_1558725085","cafe1","1558725085","train","train","cafe1_c01860","train","151.0","54.360001","1","honeydew melons"
"dish_1558725112","cafe1","1558725112","train","train","cafe1_c01861","train","330.0","554.059021","3","almonds|brussels sprouts|honeydew melons"
"dish_1558725193","cafe1","1558725193","train","train","cafe1_c01862","train","132.0","763.092041","1","almonds"
"dish_1558725226","cafe1","1558725226","train","train","cafe1_c01863","train","79.0","19.75","1","cauliflower"
"dish_1558725253","cafe1","1558725253","train","train","cafe1_c01864","train","97.0","33.950001","1","broccoli"
"dish_1558725286","cafe1","1558725286","train","train","cafe1_c01865","train","308.0","816.792053","3","broccoli|almonds|cauliflower"
"dish_1558725353","cafe1","1558725353","train","train","cafe1_c01866","dev","94.0","40.420002","1","brussels sprouts"
"dish_1558725403","cafe1","1558725403","train","train","cafe1_c01867","train","50.0","289.050018","1","almonds"
"dish_1558725576","cafe1","1558725576","train","train","cafe1_c01868","dev","79.0","19.75","1","cauliflower"
"dish_1558725621","cafe1","1558725621","train","train","cafe1_c01869","train","223.0","349.220032","3","brussels sprouts|almonds|cauliflower"
"dish_1558725702","cafe1","1558725702","train","train","cafe1_c01870","train","117.0","50.310001","1","brussels sprouts"
"dish_1558725734","cafe1","1558725734","train","train","cafe1_c01871","train","75.0","30.75","1","carrot"
"dish_1558725760","cafe1","1558725760","train","train","cafe1_c01872","dev","161.0","83.719994","1","apple"
"dish_1558725786","cafe1","1558725786","train","train","cafe1_c01873","train","107.0","113.527","1","corn on the cob"
"dish_1558725829","cafe1","1558725829","train","train","cafe1_c01874","train","460.0","278.307007","4","brussels sprouts|carrot|corn on the cob|apple"
"dish_1559059924","cafe1","1559059924","train","train","cafe1_c01875","dev","20.0","108.199997","1","bacon"
"dish_1559059954","cafe1","1559059954","train","train","cafe1_c01876","train","20.0","108.199997","1","bacon"
"dish_1559059992","cafe1","1559059992","train","train","cafe1_c01877","train","94.0","71.440002","1","sweet potato"
"dish_1559060055","cafe1","1559060055","train","train","cafe1_c01878","train","81.0","26.730001","1","strawberries"
"dish_1559060106","cafe1","1559060106","train","train","cafe1_c01879","train","195.0","206.369995","3","bacon|sweet potato|strawberries"
"dish_1559061675","cafe1","1559061675","train","train","cafe1_c01880","train","83.0","24.900002","1","watermelon"
"dish_1559061752","cafe1","1559061752","train","train","cafe1_c01881","train","124.0","192.819992","1","eggs"
"dish_1559062005","cafe1","1559062005","train","train","cafe1_c01882","train","30.0","113.909996","1","turkey bacon"
"dish_1559062051","cafe1","1559062051","train","train","cafe1_c01883","train","74.0","56.239998","1","sweet potato"
"dish_1559062082","cafe1","1559062082","train","train","cafe1_c01884","train","311.0","387.869995","4","watermelon|eggs|turkey bacon|sweet potato"
"dish_1559149615","cafe1","1559149615","train","train","cafe1_c01885","dev","23.0","124.429993","1","bacon"
"dish_1559149650","cafe1","1559149650","train","train","cafe1_c01886","train","64.0","26.24","1","carrot"
"dish_1559149688","cafe1","1559149688","train","train","cafe1_c01887","train","181.0","281.454987","1","eggs"
"dish_1559149719","cafe1","1559149719","train","train","cafe1_c01888","train","268.0","432.125","3","bacon|carrot|eggs"
"dish_1559157454","cafe1","1559157454","test","test","cafe1_c01889","test","28.0","34.564575","9","arugula|chard|vinegar|pepper|walnuts|salt|mustard|olive oil|blueberries"
"dish_1559157777","cafe1","1559157777","test","test","cafe1_c01890","test","11.0","2.53","1","spinach (raw)"
"dish_1559157919","cafe1","1559157919","test","test","cafe1_c01891","test","39.0","37.094574","10","pepper|spinach (raw)|arugula|blueberries|vinegar|chard|mustard|olive oil|walnuts|salt"
"dish_1559158263","cafe1","1559158263","train","train","cafe1_c01892","train","33.0","40.73682","9","blueberries|arugula|vinegar|chard|pepper|walnuts|salt|mustard|olive oil"
"dish_1559158354","cafe1","1559158354","train","train","cafe1_c01893","dev","60.0","21.0","1","broccoli"
"dish_1559158425","cafe1","1559158425","train","train","cafe1_c01894","train","13.0","2.99","1","spinach (raw)"
"dish_1559172356","cafe1","1559172356","train","train","cafe1_c01895","train","176.0","313.103912","7","salt|brown rice|arugula|pepper|salmon|thyme|olive oil"
"dish_1559232986","cafe1","1559232986","train","train","cafe1_c01896","train","35.0","189.349991","1","bacon"
"dish_1559233055","cafe1","1559233055","train","train","cafe1_c01897","train","39.0","25.194","1","garden salad"
"dish_1559233102","cafe1","1559233102","train","train","cafe1_c01898","train","124.0","183.520004","1","scrambled eggs"
"dish_1559233144","cafe1","1559233144","train","train","cafe1_c01899","train","198.0","398.063995","3","garden salad|scrambled eggs|bacon"
"dish_1559233445","cafe1","1559233445","test","test","cafe1_c01900","test","49.0","24.5","1","pineapple"
"dish_1559233570","cafe1","1559233570","test","test","cafe1_c01901","test","51.0","16.83","1","strawberries"
"dish_1559233627","cafe1","1559233627","test","test","cafe1_c01902","test","12.0","64.919998","1","bacon"
"dish_1559233715","cafe1","1559233715","test","test","cafe1_c01903","test","110.0","83.599998","1","sweet potato"
"dish_1559233756","cafe1","1559233756","test","test","cafe1_c01904","test","222.0","189.850006","4","strawberries|bacon|sweet potato|pineapple"
"dish_1559235639","cafe1","1559235639","train","train","cafe1_c01905","train","103.0","33.990002","1","strawberries"
"dish_1559235690","cafe1","1559235690","train","train","cafe1_c01906","train","111.0","172.604996","1","eggs"
"dish_1559235771","cafe1","1559235771","train","train","cafe1_c01907","train","54.0","145.800003","2","cream cheese|bagels"
"dish_1559235815","cafe1","1559235815","train","train","cafe1_c01908","train","268.0","352.39502","4","cream cheese|bagels|strawberries|eggs"
"dish_1559238435","cafe1","1559238435","train","train","cafe1_c01909","train","202.0","115.544006","1","pears"
"dish_1559238481","cafe1","1559238481","train","train","cafe1_c01910","train","127.0","59.689999","1","orange"
"dish_1559238566","cafe1","1559238566","train","train","cafe1_c01911","train","109.0","62.130001","1","berries"
"dish_1559238608","cafe1","1559238608","train","train","cafe1_c01912","train","438.0","237.364014","3","berries|orange|pears"
"dish_1559238993","cafe1","1559238993","test","test","cafe1_c01913","test","108.0","61.559998","1","berries"
"dish_1559239151","cafe1","1559239151","test","test","cafe1_c01914","test","40.0","9.2","1","spinach (raw)"
"dish_1559239256","cafe1","1559239256","test","test","cafe1_c01915","test","128.0","60.16","1","orange"
"dish_1559239369","cafe1","1559239369","test","test","cafe1_c01916","test","276.0","130.919998","3","berries|spinach (raw)|orange"
"dish_1559239753","cafe1","1559239753","train","train","cafe1_c01917","train","54.0","26.545507","4","carrot|salt|pepper|olive oil"
"dish_1559239912","cafe1","1559239912","train","train","cafe1_c01918","train","128.0","60.16","1","orange"
"dish_1559239985","cafe1","1559239985","train","train","cafe1_c01919","train","203.0","116.116005","1","pears"
"dish_1559240089","cafe1","1559240089","train","train","cafe1_c01920","dev","385.0","202.821503","6","salt|pepper|olive oil|carrot|orange|pears"
"dish_1559240216","cafe1","1559240216","train","none","cafe1_c01921","train","58.0","14.5","1","cauliflower"
"dish_1559240256","cafe1","1559240256","train","train","cafe1_c01922","train","54.0","18.9","1","broccoli"
"dish_1559240382","cafe1","1559240382","train","train","cafe1_c01923","train","42.0","20.646505","4","salt|pepper|carrot|olive oil"
"dish_1559240441","cafe1","1559240441","train","train","cafe1_c01924","train","59.0","19.470001","1","strawberries"
"dish_1559240510","cafe1","1559240510","train","train","cafe1_c01925","dev","213.0","73.51651","7","salt|pepper|olive oil|cauliflower|strawberries|carrot|broccoli"
"dish_1559240875","cafe1","1559240875","train","train","cafe1_c01926","train","203.0","116.116005","1","pears"
"dish_1559240908","cafe1","1559240908","train","train","cafe1_c01927","train","128.0","60.16","1","orange"
"dish_1559240987","cafe1","1559240987","train","train","cafe1_c01928","train","51.0","25.070757","4","carrot|salt|pepper|olive oil"
"dish_1559241099","cafe1","1559241099","train","train","cafe1_c01929","train","382.0","201.346771","6","salt|pepper|olive oil|carrot|orange|pears"
"dish_1559242066","cafe1","1559242066","train","train","cafe1_c01930","train","53.0","26.053925","4","salt|pepper|carrot|olive oil"
"dish_1559242155","cafe1","1559242155","train","train","cafe1_c01931","train","203.0","116.116005","1","pears"
"dish_1559242221","cafe1","1559242221","train","train","cafe1_c01932","train","114.0","659.033997","1","almonds"
"dish_1559242324","cafe1","1559242324","train","none","cafe1_c01933","dev","54.0","18.9","1","broccoli"
"dish_1559242568","cafe1","1559242568","train","train","cafe1_c01934","train","203.0","116.116005","1","pears"
"dish_1559243139","cafe1","1559243139","train","train","cafe1_c01935","train","53.0","26.053925","4","carrot|salt|pepper|olive oil"
"dish_1559243704","cafe1","1559243704","train","train","cafe1_c01936","dev","203.0","116.116005","1","pears"
"dish_1559243887","cafe1","1559243887","train","train","cafe1_c01937","dev","50.0","289.050018","1","almonds"
"dish_1559243974","cafe1","1559243974","train","train","cafe1_c01938","train","306.0","431.21994","6","almonds|olive oil|pepper|pears|salt|carrot"
"dish_1559244305","cafe1","1559244305","train","train","cafe1_c01939","dev","64.0","113.066399","8","arugula|pepper|vinegar|chickpeas|salt|parsley|olive oil|mustard greens"
"dish_1559244417","cafe1","1559244417","train","train","cafe1_c01940","train","59.0","72.832504","9","pepper|chard|blueberries|vinegar|arugula|olive oil|mustard|walnuts|salt"
"dish_1559244546","cafe1","1559244546","train","train","cafe1_c01941","train","281.0","469.942139","11","salt|chard|brown rice|garlic|olive oil|rosemary|basil|chive|parsley|lemon juice|chicken"
"dish_1559244598","cafe1","1559244598","train","train","cafe1_c01942","train","51.0","250.919998","1","cookies"
"dish_1559244649","cafe1","1559244649","train","train","cafe1_c01943","train","455.0","906.761047","20","pepper|chive|olive oil|mustard greens|walnuts|basil|rosemary|garlic|brown rice|arugula|blueberries|chicken|chickpeas|lemon juice|vinegar|parsley|mustard|chard|cookies|salt"
"dish_1559245340","cafe1","1559245340","train","none","cafe1_c01944","train","35.0","22.610001","1","garden salad"
"dish_1559245589","cafe1","1559245589","train","train","cafe1_c01945","train","52.0","25.562342","4","carrot|salt|pepper|olive oil"
"dish_1559245654","cafe1","1559245654","train","train","cafe1_c01946","train","202.0","115.544006","1","pears"
"dish_1559245697","cafe1","1559245697","train","train","cafe1_c01947","dev","289.0","163.716354","6","salt|olive oil|pepper|pears|garden salad|carrot"
"dish_1559245801","cafe1","1559245801","train","train","cafe1_c01948","train","107.0","60.989998","1","berries"
"dish_1559245848","cafe1","1559245848","train","train","cafe1_c01949","train","127.0","59.689999","1","orange"
"dish_1559245920","cafe1","1559245920","train","train","cafe1_c01950","train","57.0","14.25","1","cauliflower"
"dish_1559245979","cafe1","1559245979","train","train","cafe1_c01951","train","203.0","116.116005","1","pears"
"dish_1559246053","cafe1","1559246053","train","train","cafe1_c01952","train","494.0","251.04599","4","cauliflower|orange|berries|pears"
"dish_1559319826","cafe1","1559319826","train","train","cafe1_c01953","train","79.0","45.029999","1","berries"
"dish_1559319860","cafe1","1559319860","train","train","cafe1_c01954","train","13.0","70.330002","1","bacon"
"dish_1559319902","cafe1","1559319902","train","train","cafe1_c01955","train","17.0","8.5","1","pineapple"
"dish_1559319971","cafe1","1559319971","train","train","cafe1_c01956","train","96.0","72.959999","1","sweet potato"
"dish_1559320019","cafe1","1559320019","train","train","cafe1_c01957","train","205.0","196.820007","4","pineapple|sweet potato|bacon|berries"
"dish_1559332418","cafe1","1559332418","train","train","cafe1_c01958","dev","271.0","482.108826","7","thyme|salmon|olive oil|pepper|brown rice|arugula|salt"
"dish_1559332487","cafe1","1559332487","train","train","cafe1_c01959","train","98.0","19.110001","2","zucchini|chayote squash"
"dish_1559332795","cafe1","1559332795","train","train","cafe1_c01960","dev","39.0","39.368401","10","cucumbers|olive oil|salt|mixed greens|lime|lettuce|pepper|cherry tomatoes|vinegar|onions"
"dish_1559332822","cafe1","1559332822","train","train","cafe1_c01961","dev","408.0","540.587341","16","cherry tomatoes|arugula|vinegar|cucumbers|zucchini|thyme|olive oil|pepper|salt|lettuce|salmon|lime|brown rice|chayote squash|onions|mixed greens"
"dish_1559578551","cafe1","1559578551","test","test","cafe1_c01962","test","23.0","124.429993","1","bacon"
"dish_1559578579","cafe1","1559578579","test","test","cafe1_c01963","test","78.0","142.579987","2","bacon|strawberries"
"dish_1559578599","cafe1","1559578599","test","test","cafe1_c01963","test","193.0","229.97998","3","bacon|strawberries|sweet potato"
"dish_1559581198","cafe1","1559581198","train","none","cafe1_c01964","train","152.0","236.359985","1","eggs"
"dish_1559581236","cafe1","1559581236","train","train","cafe1_c01965","train","212.0","296.926727","11","mixed greens|lime|lettuce|olive oil|cucumbers|onions|salt|vinegar|pepper|eggs|cherry tomatoes"
"dish_1559581333","cafe1","1559581333","train","train","cafe1_c01966","train","234.0","415.946747","12","olive oil|vinegar|bacon|eggs|cherry tomatoes|lettuce|lime|salt|mixed greens|pepper|onions|cucumbers"
"dish_1559581356","cafe1","1559581356","train","train","cafe1_c01967","train","294.0","436.946686","13","vinegar|broccoli|bacon|salt|mixed greens|eggs|lime|lettuce|cherry tomatoes|pepper|olive oil|cucumbers|onions"
"dish_1559581378","cafe1","1559581378","train","train","cafe1_c01968","train","372.0","705.734741","14","onions|cucumbers|olive oil|mixed greens|cherry tomatoes|lime|lettuce|eggs|salt|pepper|sausage|broccoli|vinegar|bacon"
"dish_1559585533","cafe1","1559585533","train","train","cafe1_c01969","train","37.0","12.95","1","broccoli"
"dish_1559589873","cafe1","1559589873","train","train","cafe1_c01970","train","54.0","11.88","1","mushroom"
"dish_1559589902","cafe1","1559589902","train","train","cafe1_c01971","dev","76.0","16.368","2","mushroom|asparagus"
"dish_1559589942","cafe1","1559589942","train","train","cafe1_c01972","train","179.0","290.348022","3","mushroom|asparagus|pizza"
"dish_1559590005","cafe1","1559590005","train","train","cafe1_c01973","train","241.0","360.832489","11","asparagus|salt|pizza|onions|cranberries|mustard|vinegar|mushroom|spinach (raw)|olive oil|apple"
"dish_1559590031","cafe1","1559590031","train","train","cafe1_c01974","train","269.0","402.746216","16","asparagus|quinoa|pepper|spinach (raw)|olive oil|onions|mustard|pumpkin seeds|vinegar|mushroom|blueberries|kale|pizza|cranberries|salt|apple"
"dish_1559590099","cafe1","1559590099","train","none","cafe1_c01975","train","39.0","7.956","1","asparagus"
"dish_1559590130","cafe1","1559590130","train","train","cafe1_c01976","train","152.0","194.405991","2","asparagus|chicken"
"dish_1559590157","cafe1","1559590157","train","train","cafe1_c01977","train","234.0","230.485992","3","chicken|asparagus|caesar salad"
"dish_1559590202","cafe1","1559590202","train","train","cafe1_c01978","dev","311.0","316.725983","4","couscous|caesar salad|chicken|asparagus"
"dish_1559593646","cafe1","1559593646","train","train","cafe1_c01979","train","37.0","55.385956","9","vinegar|mustard|blueberries|pepper|quinoa|salt|pumpkin seeds|olive oil|kale"
"dish_1559593722","cafe1","1559593722","train","train","cafe1_c01980","train","106.0","140.562927","12","kale|vinegar|blueberries|chard|salt|pepper|quinoa|pumpkin seeds|walnuts|olive oil|arugula|mustard"
"dish_1559593746","cafe1","1559593746","train","train","cafe1_c01981","train","186.0","156.962936","13","kale|blueberries|vinegar|chard|walnuts|pepper|quinoa|pumpkin seeds|salt|squash|olive oil|arugula|mustard"
"dish_1559593794","cafe1","1559593794","train","train","cafe1_c01982","dev","380.0","450.561432","21","garlic|quinoa|chard|chicken thighs|eggplant|squash|kale|salt|wine|walnuts|spinach (cooked)|pepper|vinegar|arugula|mushroom|olive oil|blueberries|lemon juice|mustard|pumpkin seeds|shallots"
"dish_1559667948","cafe1","1559667948","train","train","cafe1_c01983","train","57.0","153.900009","2","cream cheese|bagels"
"dish_1559667973","cafe1","1559667973","train","train","cafe1_c01984","train","179.0","334.460022","3","bagels|cream cheese|scrambled eggs"
"dish_1559667994","cafe1","1559667994","train","train","cafe1_c01985","dev","213.0","445.299988","4","scrambled eggs|hash browns|bagels|cream cheese"
"dish_1559668016","cafe1","1559668016","train","train","cafe1_c01986","train","279.0","469.059998","5","scrambled eggs|hash browns|bagels|cream cheese|honeydew melons"
"dish_1559668238","cafe1","1559668238","train","train","cafe1_c01987","train","89.0","290.139984","1","hash browns"
"dish_1559668272","cafe1","1559668272","train","train","cafe1_c01988","train","239.0","512.140015","2","scrambled eggs|hash browns"
"dish_1559668314","cafe1","1559668314","train","train","cafe1_c01989","train","300.0","551.546021","3","scrambled eggs|garden salad|hash browns"
"dish_1559674074","cafe1","1559674074","train","train","cafe1_c01990","train","53.0","140.980011","1","pizza"
"dish_1559674689","cafe1","1559674689","train","train","cafe1_c01991","train","177.0","63.720001","1","honeydew melons"
"dish_1559674781","cafe1","1559674781","train","train","cafe1_c01992","train","203.0","81.660004","2","grapes|honeydew melons"
"dish_1559674866","cafe1","1559674866","train","train","cafe1_c01993","train","303.0","125.660004","3","honeydew melons|grapes|caesar salad"
"dish_1559675101","cafe1","1559675101","train","train","cafe1_c01994","train","31.0","13.33","1","brussels sprouts"
"dish_1559675146","cafe1","1559675146","train","train","cafe1_c01995","train","45.0","19.07","2","brussels sprouts|carrot"
"dish_1559675178","cafe1","1559675178","train","train","cafe1_c01996","train","100.0","28.970001","3","carrot|cherry tomatoes|brussels sprouts"
"dish_1559675234","cafe1","1559675234","train","train","cafe1_c01997","train","120.0","36.970001","4","carrot|bell peppers|cherry tomatoes|brussels sprouts"
"dish_1559675268","cafe1","1559675268","train","train","cafe1_c01998","train","144.0","39.370003","5","cherry tomatoes|carrot|bell peppers|brussels sprouts|cucumbers"
"dish_1559678083","cafe1","1559678083","train","train","cafe1_c01999","train","66.0","75.812004","9","olive oil|cucumbers|salt|parsley|carrot|mixed greens|garlic|cherry tomatoes|vinegar"
"dish_1559678104","cafe1","1559678104","train","train","cafe1_c02000","train","135.0","99.962006","10","cucumbers|olive oil|parsley|garlic|carrot|mixed greens|salt|cherry tomatoes|broccoli|vinegar"
"dish_1559678127","cafe1","1559678127","train","train","cafe1_c02001","dev","170.0","108.642006","11","vinegar|parsley|eggplant|cherry tomatoes|salt|garlic|carrot|mixed greens|olive oil|broccoli|cucumbers"
"dish_1559678146","cafe1","1559678146","train","train","cafe1_c02001","dev","284.0","348.57666","17","carrot|vinegar|olive oil|parsley|onions|mixed greens|garlic|bok choy|millet|beef|cherry tomatoes|shallots|eggplant|cucumbers|broccoli|salt|spinach (cooked)"
"dish_1559678330","cafe1","1559678330","train","train","cafe1_c02002","train","150.0","169.694122","9","olive oil|spinach (raw)|vinegar|tomatoes|garlic|cucumbers|salt|mustard|mustard greens"
"dish_1559678367","cafe1","1559678367","train","train","cafe1_c02003","train","215.0","192.444122","10","salt|garlic|tomatoes|mustard|cucumbers|olive oil|mustard greens|broccoli|spinach (raw)|vinegar"
"dish_1559678405","cafe1","1559678405","train","train","cafe1_c02004","dev","386.0","552.346069","16","bok choy|garlic|vinegar|onions|shallots|olive oil|mustard|tomatoes|mustard greens|salt|cucumbers|beef|spinach (raw)|broccoli|spinach (cooked)|millet"
"dish_1559678457","cafe1","1559678457","train","train","cafe1_c02005","dev","465.0","624.236084","17","garlic|shallots|wheat berry|olive oil|cucumbers|spinach (cooked)|bok choy|beef|spinach (raw)|vinegar|mustard greens|mustard|onions|salt|broccoli|tomatoes|millet"
"dish_1559678629","cafe1","1559678629","train","train","cafe1_c02006","train","80.0","89.376663","12","shallots|bell peppers|lime|onions|kale|salt|olive oil|ketchup|jalapenos|cilantro|fish|white rice"
"dish_1559678651","cafe1","1559678651","train","train","cafe1_c02007","train","122.0","107.856659","13","ketchup|jalapenos|fish|salt|bell peppers|white rice|cilantro|shallots|lime|olive oil|kale|onions|caesar salad"
"dish_1559700851","cafe1","1559700851","train","train","cafe1_c02008","train","54.0","61.089886","9","spinach (raw)|vinegar|tomatoes|salt|mustard|garlic|olive oil|mustard greens|cucumbers"
"dish_1559751458","cafe1","1559751458","train","train","cafe1_c02009","train","123.0","152.643005","1","yam"
"dish_1559751552","cafe1","1559751552","train","train","cafe1_c02010","train","254.0","227.313004","2","yam|berries"
"dish_1559751710","cafe1","1559751710","train","train","cafe1_c02011","train","66.0","37.619999","1","berries"
"dish_1559751744","cafe1","1559751744","train","train","cafe1_c02012","train","188.0","227.329987","2","eggs|berries"
"dish_1559751775","cafe1","1559751775","train","train","cafe1_c02013","train","254.0","309.235992","3","berries|eggs|yam"
"dish_1559751801","cafe1","1559751801","train","train","cafe1_c02014","train","343.0","451.635986","4","berries|yam|eggs|chicken apple sausage"
"dish_1559838214","cafe1","1559838214","train","train","cafe1_c02015","dev","8.0","43.279999","1","bacon"
"dish_1559838279","cafe1","1559838279","train","train","cafe1_c02016","train","114.0","103.699997","2","bacon|berries"
"dish_1559838402","cafe1","1559838402","train","train","cafe1_c02017","train","233.0","222.759506","4","bacon|sweet potato|yam|berries"
"dish_1559841023","cafe1","1559841023","train","train","cafe1_c02018","train","46.0","73.599998","1","chicken apple sausage"
"dish_1559841061","cafe1","1559841061","train","train","cafe1_c02019","train","99.0","96.389999","2","blackberries|chicken apple sausage"
"dish_1559841091","cafe1","1559841091","train","train","cafe1_c02020","train","166.0","163.423492","4","blackberries|chicken apple sausage|sweet potato|yam"
"dish_1559841127","cafe1","1559841127","train","train","cafe1_c02021","train","285.0","339.543488","5","scrambled eggs|yam|chicken apple sausage|sweet potato|blackberries"
"dish_1559841163","cafe1","1559841163","train","train","cafe1_c02022","dev","335.0","357.043518","6","blackberries|scrambled eggs|yam|sweet potato|chicken apple sausage|broccoli"
"dish_1559841571","cafe1","1559841571","train","train","cafe1_c02023","train","5.0","18.799999","1","cereal"
"dish_1559841781","cafe1","1559841781","train","train","cafe1_c02024","train","43.0","45.019997","2","grapes|cereal"
"dish_1559841808","cafe1","1559841808","train","train","cafe1_c02025","dev","96.0","73.110001","3","grapes|mandarin oranges|cereal"
"dish_1559841870","cafe1","1559841870","train","train","cafe1_c02026","train","201.0","114.972008","1","pears"
"dish_1559841891","cafe1","1559841891","train","train","cafe1_c02027","dev","272.0","163.962006","2","grapes|pears"
"dish_1559841908","cafe1","1559841908","train","train","cafe1_c02027","dev","304.0","175.162018","3","grapes|broccoli|pears"
"dish_1559841950","cafe1","1559841950","test","test","cafe1_c02028","test","32.0","11.2","1","broccoli"
"dish_1559841979","cafe1","1559841979","test","test","cafe1_c02029","test","85.0","39.289997","2","broccoli|mandarin oranges"
"dish_1559842047","cafe1","1559842047","test","test","cafe1_c02030","test","285.0","153.690002","3","broccoli|pears|mandarin oranges"
"dish_1559842136","cafe1","1559842136","test","none","cafe1_c02031","test","338.0","460.083038","4","almonds|broccoli|pears|mandarin oranges"
"dish_1559842274","cafe1","1559842274","train","train","cafe1_c02032","train","53.0","306.393005","1","almonds"
"dish_1559842326","cafe1","1559842326","train","train","cafe1_c02033","train","106.0","334.483002","2","almonds|mandarin oranges"
"dish_1559842374","cafe1","1559842374","train","train","cafe1_c02034","train","137.0","345.333008","3","almonds|mandarin oranges|broccoli"
"dish_1559842409","cafe1","1559842409","train","train","cafe1_c02035","train","179.0","359.192993","4","strawberries|mandarin oranges|broccoli|almonds"
"dish_1559843030","cafe1","1559843030","train","train","cafe1_c02036","train","77.0","25.410002","1","strawberries"
"dish_1559843052","cafe1","1559843052","train","train","cafe1_c02037","train","130.0","53.5","2","strawberries|mandarin oranges"
"dish_1559843185","cafe1","1559843185","train","train","cafe1_c02038","train","161.0","64.349998","3","strawberries|mandarin oranges|broccoli"
"dish_1559843222","cafe1","1559843222","train","train","cafe1_c02039","train","229.0","111.269997","4","grapes|broccoli|mandarin oranges|strawberries"
"dish_1559843335","cafe1","1559843335","train","train","cafe1_c02040","train","77.0","25.410002","1","strawberries"
"dish_1559843492","cafe1","1559843492","train","train","cafe1_c02041","train","95.0","31.710001","2","broccoli|strawberries"
"dish_1559843690","cafe1","1559843690","train","train","cafe1_c02042","train","134.0","61.740002","3","strawberries|potatoes|broccoli"
"dish_1559843715","cafe1","1559843715","train","train","cafe1_c02043","train","334.0","176.140015","4","strawberries|potatoes|broccoli|pears"
"dish_1559844030","cafe1","1559844030","train","train","cafe1_c02044","train","77.0","25.410002","1","strawberries"
"dish_1559844063","cafe1","1559844063","train","train","cafe1_c02045","train","277.0","139.810013","2","strawberries|pears"
"dish_1559844090","cafe1","1559844090","train","train","cafe1_c02046","train","331.0","168.430008","3","strawberries|pears|mandarin oranges"
"dish_1559844113","cafe1","1559844113","train","train","cafe1_c02047","train","356.0","312.955017","4","strawberries|pears|mandarin oranges|almonds"
"dish_1559844272","cafe1","1559844272","test","test","cafe1_c02048","test","80.0","462.480011","1","almonds"
"dish_1559844323","cafe1","1559844323","test","test","cafe1_c02049","test","161.0","518.369995","2","grapes|almonds"
"dish_1559844366","cafe1","1559844366","test","test","cafe1_c02050","test","192.0","529.220032","3","almonds|broccoli|grapes"
"dish_1559844458","cafe1","1559844458","test","test","cafe1_c02051","test","81.0","55.889999","1","grapes"
"dish_1559844479","cafe1","1559844479","train","train","cafe1_c02052","train","133.0","83.449997","2","mandarin oranges|grapes"
"dish_1559844490","cafe1","1559844490","test","test","cafe1_c02052","test","180.0","108.360001","2","grapes|mandarin oranges"
"dish_1559844506","cafe1","1559844506","train","train","cafe1_c02052","train","180.0","98.959999","3","mandarin oranges|grapes|strawberries"
"dish_1559844611","cafe1","1559844611","train","train","cafe1_c02053","train","81.0","55.889999","1","grapes"
"dish_1559844657","cafe1","1559844657","train","train","cafe1_c02054","train","167.0","122.110001","2","potatoes|grapes"
"dish_1559844683","cafe1","1559844683","train","train","cafe1_c02055","train","198.0","132.959991","3","broccoli|potatoes|grapes"
"dish_1559844928","cafe1","1559844928","train","train","cafe1_c02056","train","86.0","66.220001","1","potatoes"
"dish_1559844951","cafe1","1559844951","train","train","cafe1_c02057","dev","122.0","274.335999","2","almonds|potatoes"
"dish_1559845018","cafe1","1559845018","train","train","cafe1_c02058","train","175.0","302.425995","3","almonds|mandarin oranges|potatoes"
"dish_1559845046","cafe1","1559845046","train","train","cafe1_c02059","train","207.0","313.625977","4","potatoes|mandarin oranges|broccoli|almonds"
"dish_1559845290","cafe1","1559845290","train","train","cafe1_c02060","train","86.0","66.220001","1","potatoes"
"dish_1559845370","cafe1","1559845370","train","train","cafe1_c02061","train","139.0","94.309998","2","potatoes|mandarin oranges"
"dish_1559845399","cafe1","1559845399","train","train","cafe1_c02062","train","178.0","107.18","3","potatoes|mandarin oranges|strawberries"
"dish_1559845513","cafe1","1559845513","train","train","cafe1_c02063","dev","379.0","222.152008","4","potatoes|pears|mandarin oranges|strawberries"
"dish_1559845637","cafe1","1559845637","train","none","cafe1_c02064","train","121.0","93.169998","1","potatoes"
"dish_1559845745","cafe1","1559845745","train","train","cafe1_c02065","dev","322.0","208.141998","2","pears|potatoes"
"dish_1559845767","cafe1","1559845767","train","train","cafe1_c02066","train","375.0","236.23201","3","pears|mandarin oranges|potatoes"
"dish_1559846034","cafe1","1559846034","train","train","cafe1_c02067","train","32.0","11.2","1","broccoli"
"dish_1559846073","cafe1","1559846073","train","train","cafe1_c02068","train","85.0","39.289997","2","mandarin oranges|broccoli"
"dish_1559846099","cafe1","1559846099","train","train","cafe1_c02069","train","114.0","206.938995","3","mandarin oranges|almonds|broccoli"
"dish_1559846311","cafe1","1559846311","train","train","cafe1_c02070","dev","201.0","114.972008","1","pears"
"dish_1559846334","cafe1","1559846334","train","train","cafe1_c02071","train","233.0","126.172005","2","pears|broccoli"
"dish_1559846363","cafe1","1559846363","train","train","cafe1_c02072","train","286.0","154.262009","3","broccoli|pears|mandarin oranges"
"dish_1559846450","cafe1","1559846450","train","train","cafe1_c02073","dev","201.0","114.972008","1","pears"
"dish_1559846504","cafe1","1559846504","train","train","cafe1_c02074","dev","233.0","126.172005","2","broccoli|pears"
"dish_1559846528","cafe1","1559846528","train","train","cafe1_c02075","train","267.0","322.726013","3","pears|broccoli|almonds"
"dish_1559846585","cafe1","1559846585","train","train","cafe1_c02076","train","201.0","114.972008","1","pears"
"dish_1559846688","cafe1","1559846688","test","test","cafe1_c02077","test","73.0","82.832451","9","vinegar|beets|arugula|onions|mustard|carrot|olive oil|salt|lettuce"
"dish_1559846825","cafe1","1559846825","train","train","cafe1_c02078","dev","95.0","252.700012","1","pizza"
"dish_1559848857","cafe1","1559848857","train","train","cafe1_c02079","dev","53.0","28.089998","1","mandarin oranges"
"dish_1559848882","cafe1","1559848882","train","train","cafe1_c02080","train","254.0","143.062012","2","mandarin oranges|pears"
"dish_1559848929","cafe1","1559848929","train","train","cafe1_c02081","train","321.0","189.292007","3","pears|grapes|mandarin oranges"
"dish_1559849020","cafe1","1559849020","test","test","cafe1_c02082","test","67.0","46.23","1","grapes"
"dish_1559849053","cafe1","1559849053","test","test","cafe1_c02083","test","125.0","381.528015","2","grapes|almonds"
"dish_1559849097","cafe1","1559849097","test","test","cafe1_c02084","test","325.0","495.928009","3","almonds|pears|grapes"
"dish_1559849412","cafe1","1559849412","test","test","cafe1_c02085","test","61.0","352.641022","1","almonds"
"dish_1559849466","cafe1","1559849466","test","test","cafe1_c02086","test","262.0","467.613037","2","pears|almonds"
"dish_1559849497","cafe1","1559849497","test","test","cafe1_c02087","test","340.0","521.433044","3","almonds|pears|grapes"
"dish_1559849537","cafe1","1559849537","test","test","cafe1_c02088","test","393.0","549.52301","4","grapes|pears|mandarin oranges|almonds"
"dish_1559850283","cafe1","1559850283","test","test","cafe1_c02089","test","47.0","271.707001","1","almonds"
"dish_1559850314","cafe1","1559850314","test","test","cafe1_c02090","test","100.0","296.617004","2","almonds|orange"
"dish_1559850338","cafe1","1559850338","test","test","cafe1_c02091","test","130.0","307.117004","3","almonds|orange|broccoli"
"dish_1559925037","cafe1","1559925037","train","train","cafe1_c02092","train","10.0","54.099998","1","bacon"
"dish_1559925083","cafe1","1559925083","train","train","cafe1_c02093","train","81.0","125.135506","3","yam|sweet potato|bacon"
"dish_1559925174","cafe1","1559925174","train","train","cafe1_c02094","train","155.0","88.349998","1","berries"
"dish_1559932674","cafe1","1559932674","train","train","cafe1_c02095","train","124.0","58.279999","1","orange"
"dish_1559933793","cafe1","1559933793","train","train","cafe1_c02096","train","111.0","56.676903","4","salt|pepper|olive oil|brussels sprouts"
"dish_1559933818","cafe1","1559933818","train","train","cafe1_c02097","train","154.0","115.066795","11","salt|olives|garlic|mustard|vinegar|brussels sprouts|olive oil|goat cheese|mixed greens|pears|pepper"
"dish_1559933834","cafe1","1559933834","train","train","cafe1_c02097","train","458.0","775.029236","22","pepper|salmon|pears|parsley|lemon juice|lentils|vinegar|arugula|olive oil|brussels sprouts|chive|pickles|olives|mayonnaise|shallots|kale|mustard|cherry tomatoes|garlic|mixed greens|goat cheese|salt"
"dish_1559934477","cafe1","1559934477","test","test","cafe1_c02098","test","57.0","25.08","1","caesar salad"
"dish_1559934645","cafe1","1559934645","train","train","cafe1_c02099","train","56.0","24.639999","1","caesar salad"
"dish_1559934679","cafe1","1559934679","train","train","cafe1_c02100","train","146.0","160.845459","13","quinoa|wine|eggplant|mushroom|chicken thighs|squash|salt|lemon juice|shallots|caesar salad|spinach (cooked)|garlic|olive oil"
"dish_1559934708","cafe1","1559934708","train","train","cafe1_c02101","dev","178.0","202.445465","14","garlic|quinoa|salt|mushroom|olive oil|chicken thighs|eggplant|squash|white rice|lemon juice|wine|shallots|spinach (cooked)|caesar salad"
"dish_1560203400","cafe1","1560203400","test","test","cafe1_c02102","test","104.0","293.279999","1","pepperoni pizza"
"dish_1560203424","cafe1","1560203424","test","test","cafe1_c02103","test","138.0","451.753998","2","pepperoni pizza|brownies"
"dish_1560270537","cafe1","1560270537","train","train","cafe1_c02104","train","48.0","24.0","1","pineapple"
"dish_1560270585","cafe1","1560270585","train","train","cafe1_c02105","train","114.0","43.800003","2","pineapple|watermelon"
"dish_1560270630","cafe1","1560270630","train","train","cafe1_c02106","train","215.0","120.560005","3","pineapple|watermelon|sweet potato"
"dish_1560356314","cafe1","1560356314","train","train","cafe1_c02107","train","27.0","30.544943","9","spinach (raw)|vinegar|olive oil|tomatoes|salt|garlic|mustard|cucumbers|mustard greens"
"dish_1560356337","cafe1","1560356337","train","train","cafe1_c02108","train","119.0","144.716934","10","cucumbers|mustard greens|olive oil|garlic|tomatoes|salt|yam|mustard|spinach (raw)|vinegar"
"dish_1560356355","cafe1","1560356355","train","train","cafe1_c02108","train","148.0","301.606934","11","bacon|spinach (raw)|vinegar|olive oil|mustard greens|mustard|cucumbers|yam|tomatoes|garlic|salt"
"dish_1560356523","cafe1","1560356523","train","train","cafe1_c02109","train","92.0","497.719971","1","bacon"
"dish_1560356566","cafe1","1560356566","train","train","cafe1_c02110","train","213.0","676.799988","2","scrambled eggs|bacon"
"dish_1560356627","cafe1","1560356627","train","train","cafe1_c02111","train","301.0","980.047974","3","scrambled eggs|bacon|sausage"
"dish_1560357267","cafe1","1560357267","train","train","cafe1_c02112","train","383.0","566.840027","1","scrambled eggs"
"dish_1560357297","cafe1","1560357297","train","train","cafe1_c02113","train","492.0","942.454041","2","sausage|scrambled eggs"
"dish_1560357427","cafe1","1560357427","train","train","cafe1_c02114","train","241.0","93.749001","1","grapefruit juice"
"dish_1560357792","cafe1","1560357792","train","train","cafe1_c02115","train","50.0","145.150009","1","waffles"
"dish_1560357832","cafe1","1560357832","train","train","cafe1_c02116","train","82.0","181.351425","10","mustard|waffles|vinegar|cucumbers|spinach (raw)|mustard greens|olive oil|salt|garlic|tomatoes"
"dish_1560360030","cafe1","1560360030","train","train","cafe1_c02117","train","131.0","193.880005","1","scrambled eggs"
"dish_1560360055","cafe1","1560360055","train","train","cafe1_c02118","train","180.0","362.734009","2","sausage|scrambled eggs"
"dish_1560360102","cafe1","1560360102","train","train","cafe1_c02119","train","248.0","401.494019","3","berries|scrambled eggs|sausage"
"dish_1560360112","cafe1","1560360112","train","train","cafe1_c02119","train","248.0","401.494019","3","berries|scrambled eggs|sausage"
"dish_1560360148","cafe1","1560360148","train","train","cafe1_c02120","train","317.0","587.794006","5","scrambled eggs|sausage|cream cheese|berries|bagels"
"dish_1560366389","cafe1","1560366389","train","train","cafe1_c02121","train","38.0","46.909065","9","mustard|olive oil|walnuts|salt|pepper|chard|vinegar|blueberries|arugula"
"dish_1560366410","cafe1","1560366410","train","train","cafe1_c02122","dev","96.0","58.741066","10","blueberries|mustard|walnuts|salt|pepper|asparagus|olive oil|arugula|chard|vinegar"
"dish_1560366438","cafe1","1560366438","train","train","cafe1_c02123","train","136.0","71.93322","11","asparagus|salt|mustard|eggplant|pepper|blueberries|arugula|vinegar|chard|olive oil|walnuts"
"dish_1560366460","cafe1","1560366460","train","train","cafe1_c02124","train","255.0","330.740997","21","basil|chard|vinegar|arugula|eggplant|broccoli|salt|walnuts|olive oil|onions|blueberries|pork|garlic|brown rice|cherry tomatoes|pepper|asparagus|shallots|lemon juice|mustard|parsley"
"dish_1560366963","cafe1","1560366963","train","train","cafe1_c02125","dev","42.0","7.56","1","cherry tomatoes"
"dish_1560366998","cafe1","1560366998","train","train","cafe1_c02126","train","131.0","39.600002","2","honeydew melons|cherry tomatoes"
"dish_1560367085","cafe1","1560367085","train","train","cafe1_c02127","train","183.0","77.559998","3","honeydew melons|tofu|cherry tomatoes"
"dish_1560367116","cafe1","1560367116","train","train","cafe1_c02128","train","211.0","108.409973","10","green onions|salt|tofu|country rice|onions|garlic|honeydew melons|olive oil|fish|cherry tomatoes"
"dish_1560367153","cafe1","1560367153","train","train","cafe1_c02129","train","254.0","117.181976","11","honeydew melons|onions|country rice|green onions|garlic|salt|olive oil|tofu|fish|cherry tomatoes|asparagus"
"dish_1560367193","cafe1","1560367193","train","train","cafe1_c02130","train","317.0","131.041962","12","onions|olive oil|salt|honeydew melons|green onions|garlic|cherry tomatoes|fish|asparagus|mushroom|country rice|tofu"
"dish_1560367258","cafe1","1560367258","train","train","cafe1_c02131","train","341.0","157.99173","16","tofu|fish|asparagus|garlic|cucumbers|green onions|country rice|olive oil|onions|beets|vinegar|mushroom|cherry tomatoes|honeydew melons|mixed greens|salt"
"dish_1560367296","cafe1","1560367296","train","train","cafe1_c02132","dev","362.0","184.383316","21","beets|mustard|tofu|vinegar|fish|lettuce|asparagus|mixed greens|country rice|garlic|salt|green onions|onions|olive oil|arugula|mushroom|cherry tomatoes|pumpkin seeds|honeydew melons|carrot|cucumbers"
"dish_1560367333","cafe1","1560367333","train","train","cafe1_c02133","dev","427.0","291.633301","22","olive oil|mushroom|vinegar|fish|chicken|carrot|mixed greens|garlic|cucumbers|country rice|arugula|beets|tofu|cherry tomatoes|asparagus|pumpkin seeds|honeydew melons|green onions|onions|salt|lettuce|mustard"
"dish_1560367676","cafe1","1560367676","train","train","cafe1_c02134","train","198.0","430.621216","14","olive oil|shallots|broccoli|onions|parsley|garlic|basil|lemon juice|vinegar|pork|brown rice|salt|cherry tomatoes|pepper"
"dish_1560367698","cafe1","1560367698","train","train","cafe1_c02135","train","295.0","556.721252","15","olive oil|vinegar|cherry tomatoes|shallots|parsley|basil|lemon juice|brown rice|pepper|white rice|garlic|onions|salt|broccoli|pork"
"dish_1560367715","cafe1","1560367715","train","train","cafe1_c02135","train","305.0","597.531189","16","broccoli|brown rice|vinegar|pork|olive oil|lemon juice|salt|croutons|white rice|cherry tomatoes|pepper|onions|parsley|shallots|garlic|basil"
"dish_1560367733","cafe1","1560367733","train","train","cafe1_c02135","train","388.0","661.441162","17","vinegar|cherry tomatoes|white rice|croutons|garlic|broccoli|lemon juice|olive oil|pork|brown rice|pepper|potatoes|shallots|onions|basil|parsley|salt"
"dish_1560367904","cafe1","1560367904","test","test","cafe1_c02136","test","69.0","76.023148","7","olive oil|garlic|salt|green onions|onions|fish|country rice"
"dish_1560367926","cafe1","1560367926","test","test","cafe1_c02137","test","194.0","408.523132","8","onions|fish|garlic|salt|green onions|olive oil|pizza|country rice"
"dish_1560367952","cafe1","1560367952","test","test","cafe1_c02138","test","221.0","414.733154","9","fish|spinach (raw)|pizza|onions|country rice|olive oil|salt|garlic|green onions"
"dish_1560367980","cafe1","1560367980","test","test","cafe1_c02139","test","254.0","421.465118","10","asparagus|salt|onions|country rice|olive oil|green onions|pizza|spinach (raw)|fish|garlic"
"dish_1560368019","cafe1","1560368019","test","test","cafe1_c02140","test","301.0","436.965942","11","pizza|salt|green onions|onions|olive oil|country rice|eggplant|spinach (raw)|fish|asparagus|garlic"
"dish_1560368110","cafe1","1560368110","train","train","cafe1_c02141","dev","89.0","16.02","1","cherry tomatoes"
"dish_1560368138","cafe1","1560368138","train","train","cafe1_c02142","train","123.0","23.5","2","cherry tomatoes|mushroom"
"dish_1560368162","cafe1","1560368162","train","train","cafe1_c02143","train","178.0","41.639214","5","olive oil|cherry tomatoes|mushroom|salt|eggplant"
"dish_1560368395","cafe1","1560368395","test","test","cafe1_c02144","test","137.0","49.320004","1","honeydew melons"
"dish_1560368464","cafe1","1560368464","test","test","cafe1_c02145","test","275.0","349.449951","15","olive oil|brown rice|vinegar|cherry tomatoes|honeydew melons|shallots|parsley|basil|lemon juice|onions|pork|pepper|garlic|broccoli|salt"
"dish_1560368506","cafe1","1560368506","test","test","cafe1_c02146","test","378.0","462.933777","18","brown rice|fish|shallots|honeydew melons|broccoli|lemon juice|parsley|pork|vinegar|cherry tomatoes|pepper|garlic|salt|country rice|basil|olive oil|onions|green onions"
"dish_1560368570","cafe1","1560368570","test","test","cafe1_c02147","test","452.0","555.932739","24","honeydew melons|pepper|cherry tomatoes|lettuce|mixed greens|pork|mustard|olive oil|lemon juice|onions|carrot|broccoli|green onions|shallots|arugula|vinegar|brown rice|fish|pumpkin seeds|basil|parsley|country rice|salt|garlic"
"dish_1560368691","cafe1","1560368691","train","train","cafe1_c02148","train","112.0","140.755188","9","carrot|lettuce|pumpkin seeds|salt|mustard|olive oil|vinegar|arugula|mixed greens"
"dish_1560368712","cafe1","1560368712","train","train","cafe1_c02149","train","142.0","146.875183","10","asparagus|mustard|lettuce|pumpkin seeds|salt|carrot|mixed greens|vinegar|arugula|olive oil"
"dish_1560368738","cafe1","1560368738","train","train","cafe1_c02150","train","225.0","174.248901","11","olive oil|mustard|salt|lettuce|pumpkin seeds|mixed greens|carrot|asparagus|eggplant|arugula|vinegar"
"dish_1560368764","cafe1","1560368764","train","train","cafe1_c02151","train","270.0","207.098907","12","olive oil|mustard|pumpkin seeds|carrot|mixed greens|lettuce|salt|asparagus|tofu|arugula|eggplant|vinegar"
"dish_1560368815","cafe1","1560368815","train","train","cafe1_c02152","train","442.0","400.337677","16","mixed greens|carrot|arugula|mustard|garlic|radishes|blueberries|eggplant|vinegar|tofu|spinach (raw)|olive oil|pumpkin seeds|asparagus|salt|lettuce"
"dish_1560368944","cafe1","1560368944","train","train","cafe1_c02153","train","66.0","143.540421","14","pork|basil|lemon juice|olive oil|garlic|shallots|salt|broccoli|cherry tomatoes|pepper|vinegar|parsley|onions|brown rice"
"dish_1560368972","cafe1","1560368972","train","train","cafe1_c02154","train","107.0","196.840424","15","pork|cherry tomatoes|garlic|shallots|white rice|salt|onions|basil|olive oil|brown rice|vinegar|pepper|broccoli|lemon juice|parsley"
"dish_1560368990","cafe1","1560368990","train","train","cafe1_c02154","train","119.0","211.92131","21","shallots|salt|pumpkin seeds|parsley|olive oil|brown rice|vinegar|pepper|arugula|white rice|garlic|carrot|broccoli|lettuce|onions|basil|lemon juice|mustard|pork|cherry tomatoes|mixed greens"
"dish_1560369008","cafe1","1560369008","train","train","cafe1_c02154","train","146.0","223.801331","22","pork|brown rice|shallots|mixed greens|carrot|broccoli|salt|lemon juice|basil|parsley|vinegar|cherry tomatoes|pepper|arugula|white rice|garlic|lettuce|mustard|pumpkin seeds|olive oil|onions|caesar salad"
"dish_1560369080","cafe1","1560369080","train","train","cafe1_c02155","train","49.0","55.050571","8","garlic|salt|mustard|olive oil|blueberries|radishes|spinach (raw)|vinegar"
"dish_1560369102","cafe1","1560369102","train","train","cafe1_c02156","train","121.0","69.738571","9","garlic|mustard|salt|olive oil|blueberries|spinach (raw)|vinegar|radishes|asparagus"
"dish_1560369122","cafe1","1560369122","train","train","cafe1_c02156","train","183.0","92.058571","10","garlic|asparagus|salt|mustard|olive oil|blueberries|spinach (raw)|radishes|vinegar|honeydew melons"
"dish_1560369146","cafe1","1560369146","train","train","cafe1_c02157","train","359.0","474.832947","20","cherry tomatoes|shallots|lemon juice|basil|onions|brown rice|pepper|radishes|garlic|honeydew melons|olive oil|vinegar|mustard|spinach (raw)|parsley|blueberries|pork|asparagus|salt|broccoli"
"dish_1560369255","cafe1","1560369255","train","train","cafe1_c02158","dev","61.0","132.666138","14","brown rice|pork|salt|vinegar|cherry tomatoes|pepper|basil|garlic|parsley|shallots|onions|broccoli|lemon juice|olive oil"
"dish_1560369273","cafe1","1560369273","train","train","cafe1_c02158","dev","221.0","308.951691","17","vinegar|brown rice|olive oil|onions|basil|salt|garlic|fish|cherry tomatoes|pepper|pork|country rice|lemon juice|parsley|broccoli|green onions|shallots"
"dish_1560369294","cafe1","1560369294","train","train","cafe1_c02159","train","342.0","333.635681","18","shallots|garlic|country rice|parsley|basil|onions|fish|brown rice|vinegar|green onions|broccoli|salt|lemon juice|olive oil|pork|cherry tomatoes|pepper|asparagus"
"dish_1560369313","cafe1","1560369313","train","train","cafe1_c02159","train","387.0","392.135712","19","olive oil|fish|pepper|vinegar|white rice|garlic|shallots|country rice|lemon juice|onions|green onions|pork|brown rice|cherry tomatoes|asparagus|salt|broccoli|parsley|basil"
"dish_1560369403","cafe1","1560369403","train","train","cafe1_c02160","train","405.0","411.967804","19","shallots|asparagus|fish|white rice|brown rice|pork|cherry tomatoes|pepper|vinegar|country rice|parsley|olive oil|basil|lemon juice|salt|broccoli|onions|green onions|garlic"
"dish_1560369421","cafe1","1560369421","train","train","cafe1_c02160","train","411.0","413.946655","20","pork|eggplant|pepper|fish|country rice|salt|garlic|broccoli|basil|shallots|green onions|olive oil|vinegar|brown rice|cherry tomatoes|white rice|asparagus|onions|parsley|lemon juice"
"dish_1560370114","cafe1","1560370114","train","train","cafe1_c02161","dev","39.0","7.956","1","asparagus"
"dish_1560370137","cafe1","1560370137","train","train","cafe1_c02162","train","104.0","89.644272","10","vinegar|arugula|asparagus|salt|mixed greens|carrot|lettuce|pumpkin seeds|mustard|olive oil"
"dish_1560370804","cafe1","1560370804","train","train","cafe1_c02163","dev","6.0","25.134001","1","ice cream cones"
"dish_1560370833","cafe1","1560370833","train","train","cafe1_c02164","train","99.0","177.003006","2","ice cream cones|frozen yogurt"
"dish_1560441247","cafe1","1560441247","train","train","cafe1_c02165","train","17.0","2.21","1","bok choy"
"dish_1560441270","cafe1","1560441270","train","train","cafe1_c02166","train","46.0","24.540001","2","bok choy|potatoes"
"dish_1560441288","cafe1","1560441288","train","train","cafe1_c02166","train","72.0","165.200012","3","bok choy|potatoes|bacon"
"dish_1560441311","cafe1","1560441311","train","train","cafe1_c02167","train","93.0","190.400009","4","bok choy|bacon|quinoa|potatoes"
"dish_1560441339","cafe1","1560441339","train","train","cafe1_c02168","train","154.0","280.679993","5","bacon|quinoa|potatoes|bok choy|scrambled eggs"
"dish_1560441464","cafe1","1560441464","train","train","cafe1_c02169","train","50.0","28.5","1","berries"
"dish_1560441487","cafe1","1560441487","train","train","cafe1_c02170","train","88.0","41.419998","2","berries|cantaloupe"
"dish_1560441511","cafe1","1560441511","train","train","cafe1_c02171","dev","123.0","51.919998","3","watermelon|cantaloupe|berries"
"dish_1560441529","cafe1","1560441529","train","train","cafe1_c02171","dev","152.0","66.419998","4","cantaloupe|berries|watermelon|pineapple"
"dish_1560442226","cafe1","1560442226","train","train","cafe1_c02172","train","147.0","83.790001","1","berries"
"dish_1560442258","cafe1","1560442258","train","train","cafe1_c02173","train","185.0","289.369995","2","bacon|berries"
"dish_1560442279","cafe1","1560442279","train","train","cafe1_c02174","train","222.0","333.769989","3","quinoa|berries|bacon"
"dish_1560442303","cafe1","1560442303","train","train","cafe1_c02175","dev","297.0","444.769989","4","scrambled eggs|berries|quinoa|bacon"
"dish_1560442374","cafe1","1560442374","train","train","cafe1_c02176","train","233.0","90.637001","1","grapefruit juice"
"dish_1560442450","cafe1","1560442450","train","train","cafe1_c02177","train","149.0","87.761002","1","yogurt"
"dish_1560443437","cafe1","1560443437","train","train","cafe1_c02178","train","204.0","116.279999","1","berries"
"dish_1560443474","cafe1","1560443474","train","train","cafe1_c02179","train","317.0","172.779999","2","pineapple|berries"
"dish_1560443537","cafe1","1560443537","train","train","cafe1_c02180","train","411.0","237.639999","3","berries|pineapple|grapes"
"dish_1560443565","cafe1","1560443565","train","train","cafe1_c02181","dev","475.0","260.679993","4","berries|honeydew melons|pineapple|grapes"
"dish_1560443607","cafe1","1560443607","train","train","cafe1_c02182","dev","706.0","380.799988","5","grapes|honeydew melons|egg whites|berries|pineapple"
"dish_1560444570","cafe1","1560444570","train","train","cafe1_c02183","train","114.0","168.720001","1","scrambled eggs"
"dish_1560444592","cafe1","1560444592","train","train","cafe1_c02184","train","175.0","244.421005","2","scrambled eggs|yam"
"dish_1560444616","cafe1","1560444616","train","train","cafe1_c02185","train","240.0","265.871002","3","scrambled eggs|yam|strawberries"
"dish_1560444637","cafe1","1560444637","train","train","cafe1_c02186","train","285.0","509.321014","4","bacon|yam|strawberries|scrambled eggs"
"dish_1560444701","cafe1","1560444701","train","train","cafe1_c02187","train","170.0","51.000004","1","watermelon"
"dish_1560444724","cafe1","1560444724","train","train","cafe1_c02188","train","343.0","113.280006","2","watermelon|honeydew melons"
"dish_1560444756","cafe1","1560444756","train","train","cafe1_c02189","train","418.0","150.779999","3","honeydew melons|pineapple|watermelon"
"dish_1560444785","cafe1","1560444785","train","train","cafe1_c02190","train","448.0","313.079987","4","bacon|watermelon|honeydew melons|pineapple"
"dish_1560444815","cafe1","1560444815","train","train","cafe1_c02191","dev","571.0","495.119995","5","honeydew melons|watermelon|scrambled eggs|bacon|pineapple"
"dish_1560444869","cafe1","1560444869","test","test","cafe1_c02192","test","39.0","14.040001","1","honeydew melons"
"dish_1560444892","cafe1","1560444892","test","test","cafe1_c02193","test","90.0","39.540001","2","honeydew melons|pineapple"
"dish_1560444914","cafe1","1560444914","test","test","cafe1_c02194","test","166.0","62.340004","3","honeydew melons|pineapple|watermelon"
"dish_1560444931","cafe1","1560444931","test","test","cafe1_c02194","test","200.0","112.660004","4","watermelon|honeydew melons|pineapple|scrambled eggs"
"dish_1560444948","cafe1","1560444948","test","test","cafe1_c02194","test","231.0","171.316879","12","cucumbers|watermelon|pineapple|scrambled eggs|radishes|salt|garlic|honeydew melons|olive oil|bell peppers|mustard|vinegar"
"dish_1560444967","cafe1","1560444967","test","test","cafe1_c02194","test","252.0","197.377884","13","garlic|cucumbers|olive oil|mustard|honeydew melons|salt|bell peppers|yam|scrambled eggs|pineapple|radishes|watermelon|vinegar"
"dish_1560444985","cafe1","1560444985","test","test","cafe1_c02194","test","264.0","198.937866","14","honeydew melons|pineapple|radishes|bok choy|vinegar|watermelon|yam|mustard|olive oil|cucumbers|garlic|bell peppers|salt|scrambled eggs"
"dish_1560445004","cafe1","1560445004","test","test","cafe1_c02194","test","290.0","339.5979","15","bell peppers|olive oil|mustard|cucumbers|vinegar|watermelon|scrambled eggs|bok choy|bacon|salt|garlic|honeydew melons|pineapple|yam|radishes"
"dish_1560445069","cafe1","1560445069","train","train","cafe1_c02195","train","243.0","94.527","1","grapefruit juice"
"dish_1560453132","cafe1","1560453132","train","train","cafe1_c02196","train","108.0","142.09024","9","mustard|spinach (raw)|olive oil|almonds|carrot|salt|parsley|blueberries|vinegar"
"dish_1560453150","cafe1","1560453150","train","train","cafe1_c02196","train","141.0","152.320267","10","vinegar|spinach (raw)|mustard|blueberries|parsley|green beans|salt|olive oil|carrot|almonds"
"dish_1560453174","cafe1","1560453174","train","train","cafe1_c02197","train","256.0","329.716248","20","basil|rosemary|carrot|olive oil|almonds|lemon juice|parsley|green beans|blueberries|chicken|pepper|salt|garlic|vinegar|zucchini|mustard|spinach (raw)|thyme|wheat berry|squash"
"dish_1560453275","cafe1","1560453275","train","train","cafe1_c02198","train","60.0","92.554443","14","lemon juice|spinach (raw)|thyme|rosemary|garlic|salt|basil|parsley|pepper|olive oil|chicken|wheat berry|squash|zucchini"
"dish_1560453294","cafe1","1560453294","train","train","cafe1_c02198","train","138.0","115.954453","15","kimchi|pepper|chicken|wheat berry|basil|garlic|thyme|salt|spinach (raw)|squash|parsley|zucchini|lemon juice|rosemary|olive oil"
"dish_1560453328","cafe1","1560453328","train","train","cafe1_c02199","train","264.0","340.108368","18","kimchi|brown rice|squash|wheat berry|rosemary|parsley|chicken|garlic|salmon|pepper|arugula|spinach (raw)|thyme|olive oil|basil|lemon juice|zucchini|salt"
"dish_1560453356","cafe1","1560453356","train","train","cafe1_c02200","train","408.0","389.068359","19","chicken|brown rice|thyme|olive oil|basil|lemon juice|arugula|salmon|pepper|kimchi|spinach (raw)|squash|wheat berry|tomatoes|rosemary|parsley|zucchini|salt|garlic"
"dish_1560453380","cafe1","1560453380","train","train","cafe1_c02201","dev","480.0","411.388397","20","zucchini|brown rice|arugula|green beans|wheat berry|rosemary|tomatoes|chicken|pepper|kimchi|spinach (raw)|squash|salmon|thyme|olive oil|basil|lemon juice|parsley|salt|garlic"
"dish_1560453412","cafe1","1560453412","train","train","cafe1_c02202","train","631.0","591.07843","21","salmon|kimchi|olive oil|spinach (raw)|squash|wheat berry|thyme|basil|rosemary|zucchini|tomatoes|chicken|garlic|green beans|pepper|arugula|brown rice|wild rice|parsley|lemon juice|salt"
"dish_1560454488","cafe1","1560454488","train","train","cafe1_c02203","train","42.0","48.244003","9","mixed greens|garlic|salt|cucumbers|parsley|olive oil|vinegar|cherry tomatoes|carrot"
"dish_1560454513","cafe1","1560454513","train","train","cafe1_c02204","train","62.0","54.444004","10","garlic|olive oil|cucumbers|mixed greens|carrot|green beans|salt|cherry tomatoes|parsley|vinegar"
"dish_1560454539","cafe1","1560454539","train","train","cafe1_c02205","train","119.0","122.274002","11","green beans|vinegar|wild rice|cherry tomatoes|parsley|carrot|salt|mixed greens|garlic|olive oil|cucumbers"
"dish_1560454562","cafe1","1560454562","train","train","cafe1_c02206","dev","299.0","318.821899","20","corn|arugula|green beans|fish|vinegar|cherry tomatoes|wild rice|pepper|olive oil|cucumbers|chive|sour cream|garlic|carrot|jicama|parsley|nopales|lime|salt|mixed greens"
"dish_1560454970","cafe1","1560454970","train","train","cafe1_c02207","train","55.0","9.900001","1","cherry tomatoes"
"dish_1560455000","cafe1","1560455000","train","train","cafe1_c02208","train","84.0","12.800001","2","cherry tomatoes|cucumbers"
"dish_1560455030","cafe1","1560455030","train","train","cafe1_c02209","train","103.0","20.59","3","cherry tomatoes|cucumbers|baby carrots"
"dish_1560455059","cafe1","1560455059","train","train","cafe1_c02210","train","134.0","25.550001","4","cherry tomatoes|baby carrots|celery|cucumbers"
"dish_1560455090","cafe1","1560455090","train","train","cafe1_c02211","train","155.0","60.200001","5","celery|chicken|cucumbers|cherry tomatoes|baby carrots"
"dish_1560455158","cafe1","1560455158","train","train","cafe1_c02212","train","55.0","69.12085","9","olive oil|arugula|vinegar|carrot|mixed greens|mustard|lettuce|pumpkin seeds|salt"
"dish_1560455179","cafe1","1560455179","train","train","cafe1_c02213","train","150.0","103.320847","10","carrot|honeydew melons|pumpkin seeds|lettuce|mustard|salt|olive oil|arugula|vinegar|mixed greens"
"dish_1560455203","cafe1","1560455203","train","train","cafe1_c02214","dev","188.0","115.100845","11","mixed greens|carrot|lettuce|pumpkin seeds|mustard|olive oil|vinegar|arugula|green beans|honeydew melons|salt"
"dish_1560455224","cafe1","1560455224","train","train","cafe1_c02215","dev","244.0","181.740845","12","arugula|mustard|vinegar|mixed greens|carrot|pumpkin seeds|lettuce|salt|honeydew melons|green beans|wild rice|olive oil"
"dish_1560455263","cafe1","1560455263","train","train","cafe1_c02216","train","360.0","360.679474","24","mustard|basil|thyme|parsley|carrot|mixed greens|salt|pepper|chicken|rosemary|lemon juice|wild rice|green beans|vinegar|spinach (raw)|zucchini|olive oil|honeydew melons|lettuce|pumpkin seeds|garlic|squash|wheat berry|arugula"
"dish_1560455343","cafe1","1560455343","train","train","cafe1_c02217","train","41.0","53.941677","9","carrot|salt|parsley|mustard|olive oil|almonds|vinegar|blueberries|spinach (raw)"
"dish_1560455380","cafe1","1560455380","train","train","cafe1_c02218","train","78.0","60.97168","10","vinegar|almonds|olive oil|carrot|salt|chard|blueberries|parsley|mustard|spinach (raw)"
"dish_1560455399","cafe1","1560455399","train","train","cafe1_c02218","train","149.0","138.498901","20","pepper|fish|chard|blueberries|almonds|olive oil|parsley|nopales|lime|salt|corn|arugula|jicama|vinegar|spinach (raw)|mustard|chive|sour cream|garlic|carrot"
"dish_1560455421","cafe1","1560455421","train","train","cafe1_c02219","train","189.0","180.938934","21","almonds|parsley|lime|sour cream|carrot|corn on the cob|arugula|vinegar|chard|blueberries|jicama|olive oil|spinach (raw)|nopales|mustard|salt|chive|garlic|corn|fish|pepper"
"dish_1560455442","cafe1","1560455442","train","train","cafe1_c02220","train","293.0","457.578918","22","sour cream|nopales|mustard|parsley|chard|vinegar|corn on the cob|corn|pepper|chive|salt|garlic|lime|carrot|olive oil|almonds|pizza|arugula|spinach (raw)|blueberries|jicama|fish"
"dish_1560456305","cafe1","1560456305","test","test","cafe1_c02221","test","21.0","26.391596","9","mixed greens|lettuce|pumpkin seeds|mustard|salt|olive oil|vinegar|arugula|carrot"
"dish_1560456326","cafe1","1560456326","test","test","cafe1_c02222","test","138.0","206.872757","21","thyme|zucchini|lemon juice|salt|garlic|rosemary|parsley|chicken|vinegar|arugula|pepper|wheat berry|olive oil|squash|basil|mustard|lettuce|mixed greens|pumpkin seeds|carrot|spinach (raw)"
"dish_1560456348","cafe1","1560456348","test","test","cafe1_c02223","test","149.0","210.282761","22","parsley|pumpkin seeds|garlic|olive oil|thyme|zucchini|spinach (raw)|vinegar|pepper|salt|mixed greens|carrot|green beans|lemon juice|mustard|arugula|rosemary|wheat berry|squash|chicken|basil|lettuce"
"dish_1560456370","cafe1","1560456370","test","test","cafe1_c02224","test","186.0","258.382751","23","green beans|garlic|zucchini|lemon juice|pumpkin seeds|salt|thyme|carrot|chicken|rosemary|basil|vinegar|spinach (raw)|white rice|olive oil|squash|parsley|mustard|lettuce|mixed greens|pepper|wheat berry|arugula"
"dish_1560456794","cafe1","1560456794","train","train","cafe1_c02225","train","188.0","205.283386","14","salt|parsley|chive|nopales|lime|olive oil|carrot|garlic|corn|pepper|arugula|fish|sour cream|jicama"
"dish_1560456814","cafe1","1560456814","train","train","cafe1_c02225","train","283.0","318.333374","15","olive oil|chive|lime|fish|corn|jicama|sour cream|parsley|nopales|carrot|garlic|salt|pepper|wild rice|arugula"
"dish_1560456833","cafe1","1560456833","train","train","cafe1_c02225","train","378.0","351.583435","16","nopales|sour cream|broccoli|garlic|carrot|fish|jicama|olive oil|wild rice|parsley|salt|lime|chive|corn|pepper|arugula"
"dish_1560456853","cafe1","1560456853","train","train","cafe1_c02225","train","501.0","405.703369","17","parsley|salt|broccoli|fish|jicama|olive oil|sour cream|nopales|lime|chive|carrot|corn|garlic|caesar salad|pepper|arugula|wild rice"
"dish_1560526408","cafe1","1560526408","test","test","cafe1_c02226","test","51.0","67.098175","9","blueberries|parsley|mustard|salt|carrot|almonds|spinach (raw)|vinegar|olive oil"
"dish_1560526447","cafe1","1560526447","test","test","cafe1_c02227","test","70.0","88.592773","13","salt|carrot|cucumbers|almonds|mustard greens|olive oil|mustard|parsley|vinegar|spinach (raw)|blueberries|garlic|tomatoes"
"dish_1560526472","cafe1","1560526472","test","test","cafe1_c02228","test","114.0","113.672775","14","salt|carrot|tomatoes|olive oil|almonds|mustard|parsley|mustard greens|vinegar|blueberries|spinach (raw)|cucumbers|berries|garlic"
"dish_1560526490","cafe1","1560526490","test","test","cafe1_c02228","test","170.0","141.67276","15","parsley|cucumbers|blueberries|mustard greens|almonds|olive oil|mustard|spinach (raw)|pineapple|salt|carrot|tomatoes|garlic|berries|vinegar"
"dish_1560526514","cafe1","1560526514","test","test","cafe1_c02229","test","224.0","183.252747","16","potatoes|cucumbers|mustard greens|olive oil|almonds|carrot|berries|pineapple|blueberries|parsley|mustard|garlic|salt|tomatoes|spinach (raw)|vinegar"
"dish_1560526530","cafe1","1560526530","test","test","cafe1_c02229","test","242.0","245.280746","17","berries|mustard greens|parsley|tomatoes|cucumbers|vinegar|almonds|olive oil|mustard|sausage|salt|carrot|potatoes|garlic|pineapple|spinach (raw)|blueberries"
"dish_1560526552","cafe1","1560526552","test","test","cafe1_c02230","test","319.0","359.240814","18","salt|sausage|pineapple|blueberries|spinach (raw)|parsley|mustard greens|potatoes|berries|tomatoes|scrambled eggs|vinegar|mustard|cucumbers|almonds|olive oil|garlic|carrot"
"dish_1560527070","cafe1","1560527070","train","train","cafe1_c02231","train","69.0","53.129997","1","potatoes"
"dish_1560527105","cafe1","1560527105","train","train","cafe1_c02232","train","104.0","92.725296","10","olive oil|mustard greens|cucumbers|tomatoes|mustard|potatoes|salt|garlic|spinach (raw)|vinegar"
"dish_1560527140","cafe1","1560527140","train","train","cafe1_c02233","train","138.0","276.665314","11","salt|tomatoes|garlic|mustard greens|potatoes|olive oil|cucumbers|spinach (raw)|vinegar|bacon|mustard"
"dish_1560527168","cafe1","1560527168","train","train","cafe1_c02234","dev","219.0","322.835297","12","tomatoes|garlic|potatoes|olive oil|cucumbers|mustard greens|salt|mustard|spinach (raw)|vinegar|berries|bacon"
"dish_1560527191","cafe1","1560527191","train","train","cafe1_c02235","dev","318.0","663.989319","13","mustard greens|cucumbers|bacon|berries|tomatoes|garlic|potatoes|salt|sausage|mustard|vinegar|spinach (raw)|olive oil"
"dish_1560527225","cafe1","1560527225","train","train","cafe1_c02236","train","503.0","937.789368","14","garlic|tomatoes|mustard greens|potatoes|olive oil|cucumbers|vinegar|spinach (raw)|mustard|bacon|sausage|scrambled eggs|berries|salt"
"dish_1560527745","cafe1","1560527745","train","train","cafe1_c02237","train","149.0","87.761002","1","yogurt"
"dish_1560527950","cafe1","1560527950","train","train","cafe1_c02238","dev","77.0","23.1","1","watermelon"
"dish_1560529804","cafe1","1560529804","train","train","cafe1_c02239","train","51.0","15.3","1","watermelon"
"dish_1560529825","cafe1","1560529825","train","train","cafe1_c02240","dev","117.0","52.919998","2","watermelon|berries"
"dish_1560529844","cafe1","1560529844","train","train","cafe1_c02240","dev","168.0","91.68","3","berries|sweet potato|watermelon"
"dish_1560539314","cafe1","1560539314","train","train","cafe1_c02241","train","158.0","165.738342","12","fish|quinoa|tomatillo|jalapenos|arugula|lemon juice|onions|salt|cilantro|olive oil|garlic|pepper"
"dish_1560539340","cafe1","1560539340","train","train","cafe1_c02242","train","228.0","196.53833","13","pepper|garlic|cilantro|olive oil|caesar salad|onions|lemon juice|arugula|jalapenos|salt|tomatillo|quinoa|fish"
"dish_1560539368","cafe1","1560539368","train","train","cafe1_c02243","train","314.0","238.814514","14","quinoa|cilantro|salt|garlic|lemon juice|onions|arugula|jalapenos|olive oil|carrot|caesar salad|fish|pepper|tomatillo"
"dish_1560539396","cafe1","1560539396","train","train","cafe1_c02244","dev","417.0","384.044525","15","fish|quinoa|garlic|pepper|onions|arugula|caesar salad|carrot|olive oil|cilantro|lemon juice|jalapenos|roasted potatoes|salt|tomatillo"
"dish_1560541680","cafe1","1560541680","train","train","cafe1_c02245","train","77.0","95.052574","9","salt|walnuts|olive oil|mustard|chard|arugula|vinegar|blueberries|pepper"
"dish_1560541706","cafe1","1560541706","train","train","cafe1_c02246","train","140.0","110.802574","10","walnuts|salt|mustard|olive oil|vinegar|chard|blueberries|arugula|pepper|cauliflower"
"dish_1560541760","cafe1","1560541760","train","train","cafe1_c02247","train","372.0","465.58374","19","vinegar|chard|ginger|garlic|white rice|mustard|olive oil|spinach (raw)|blueberries|green beans|arugula|pepper|cauliflower|chicken|broccoli|salt|walnuts|green onions|soy sauce"
"dish_1560541793","cafe1","1560541793","train","train","cafe1_c02248","train","462.0","509.826233","20","carrot|chicken|chard|vinegar|blueberries|mustard|olive oil|broccoli|pepper|white rice|cauliflower|green beans|arugula|spinach (raw)|ginger|soy sauce|garlic|walnuts|green onions|salt"
"dish_1560543465","cafe1","1560543465","train","train","cafe1_c02249","train","77.0","33.880001","1","caesar salad"
"dish_1560543505","cafe1","1560543505","train","train","cafe1_c02250","train","172.0","66.18","2","tomatoes|caesar salad"
"dish_1560543525","cafe1","1560543525","train","train","cafe1_c02250","train","187.0","83.43","3","olives|tomatoes|caesar salad"
"dish_1560543557","cafe1","1560543557","train","train","cafe1_c02251","train","191.0","87.869995","4","tomatoes|brown rice|olives|caesar salad"
"dish_1560543583","cafe1","1560543583","train","train","cafe1_c02252","train","350.0","254.657333","16","olives|fish|pepper|tomatoes|quinoa|arugula|lemon juice|cilantro|salt|tomatillo|jalapenos|brown rice|onions|olive oil|garlic|caesar salad"
"dish_1560543605","cafe1","1560543605","train","train","cafe1_c02253","train","501.0","485.570892","25","pepper|tomatillo|salt|olives|chicken|brown rice|jalapenos|arugula|olive oil|onions|vinegar|garlic|broccoli|green onions|tomatoes|white rice|green beans|spinach (raw)|ginger|lemon juice|soy sauce|caesar salad|quinoa|cilantro|fish"
"dish_1560543625","cafe1","1560543625","train","train","cafe1_c02253","train","554.0","560.300903","26","chicken|ginger|tomatillo|brown rice|spinach (raw)|roasted potatoes|olive oil|onions|vinegar|broccoli|green onions|green beans|olives|caesar salad|arugula|pepper|quinoa|fish|garlic|jalapenos|soy sauce|tomatoes|lemon juice|white rice|salt|cilantro"
"dish_1560543682","cafe1","1560543682","train","train","cafe1_c02254","train","86.0","121.259995","1","roasted potatoes"
"dish_1560543704","cafe1","1560543704","train","train","cafe1_c02255","dev","161.0","140.009995","2","roasted potatoes|cauliflower"
"dish_1560543729","cafe1","1560543729","train","train","cafe1_c02256","dev","213.0","219.529907","14","broccoli|cauliflower|garlic|olive oil|vinegar|green beans|spinach (raw)|ginger|salt|soy sauce|green onions|roasted potatoes|white rice|chicken"
"dish_1560543755","cafe1","1560543755","train","train","cafe1_c02257","dev","264.0","257.924927","19","green onions|chicken|cauliflower|green beans|spinach (raw)|ginger|olive oil|roasted potatoes|mixed greens|carrot|broccoli|salt|white rice|vinegar|rice noodles|cabbage|radishes|soy sauce|garlic"
"dish_1560787696","cafe1","1560787696","train","train","cafe1_c02258","train","7.0","37.869999","1","bacon"
"dish_1560787754","cafe1","1560787754","train","train","cafe1_c02259","train","68.0","72.639999","2","bacon|berries"
"dish_1560787781","cafe1","1560787781","train","train","cafe1_c02260","train","97.0","108.628998","3","bacon|berries|yam"
"dish_1560787817","cafe1","1560787817","train","train","cafe1_c02261","train","165.0","292.229004","5","berries|yam|bagels|bacon|cream cheese"
"dish_1560788338","cafe1","1560788338","train","train","cafe1_c02262","train","121.0","71.268997","1","yogurt"
"dish_1560788349","cafe1","1560788349","train","train","cafe1_c02262","train","134.0","78.925995","1","yogurt"
"dish_1560788384","cafe1","1560788384","train","train","cafe1_c02263","dev","242.0","111.198997","2","yogurt|strawberries"
"dish_1560798656","cafe1","1560798656","train","train","cafe1_c02264","train","108.0","287.171997","1","cheese pizza"
"dish_1560798707","cafe1","1560798707","train","train","cafe1_c02265","train","139.0","298.022003","2","broccoli|cheese pizza"
"dish_1560798744","cafe1","1560798744","train","train","cafe1_c02266","train","220.0","357.152008","3","broccoli|cheese pizza|tofu"
"dish_1560798785","cafe1","1560798785","train","train","cafe1_c02267","train","310.0","379.652008","4","cheese pizza|tofu|cauliflower|broccoli"
"dish_1560798815","cafe1","1560798815","train","train","cafe1_c02268","train","341.0","404.963837","8","cheese pizza|broccoli|kale|caesar dressing|tofu|parmesan cheese|croutons|cauliflower"
"dish_1560798854","cafe1","1560798854","train","train","cafe1_c02269","train","372.0","455.506744","16","olive oil|spinach (raw)|tofu|broccoli|lemon juice|cranberries|croutons|parmesan cheese|raisins|cauliflower|sunflower seeds|carrot|cheese pizza|salt|kale|caesar dressing"
"dish_1560798928","cafe1","1560798928","train","train","cafe1_c02270","train","399.0","485.038239","23","raisins|vinegar|spinach (raw)|cranberries|caesar dressing|lemon juice|cherry tomatoes|salt|broccoli|sunflower seeds|carrot|cauliflower|mixed greens|parmesan cheese|tofu|croutons|pears|olive oil|kale|mustard|onions|cheese pizza|garlic"
"dish_1560798960","cafe1","1560798960","train","train","cafe1_c02271","train","429.0","493.720886","24","cauliflower|croutons|sunflower seeds|garlic|onions|tofu|parmesan cheese|spinach (raw)|caesar dressing|olive oil|mustard|kale|lemon juice|broccoli|carrot|salt|mixed greens|pears|cherry tomatoes|squash|vinegar|cranberries|cheese pizza|raisins"
"dish_1560799113","cafe1","1560799113","train","train","cafe1_c02272","train","37.0","98.420006","1","pizza"
"dish_1560799277","cafe1","1560799277","train","train","cafe1_c02273","train","73.0","111.020004","2","pizza|broccoli"
"dish_1560799368","cafe1","1560799368","train","train","cafe1_c02274","train","53.0","108.403069","10","white rice|rosemary|parsley|onions|zucchini|olive oil|salt|pork|arugula|garlic"
"dish_1560799407","cafe1","1560799407","train","train","cafe1_c02275","train","122.0","220.901733","16","pork|spinach (raw)|sunflower seeds|white rice|parsley|lemon juice|olive oil|cranberries|arugula|raisins|garlic|carrot|onions|salt|rosemary|zucchini"
"dish_1560799558","cafe1","1560799558","train","train","cafe1_c02276","train","74.0","196.840012","1","pizza"
"dish_1560799590","cafe1","1560799590","train","train","cafe1_c02277","train","163.0","298.019379","9","spinach (raw)|vinegar|apple|salt|olive oil|mustard|onions|pizza|cranberries"
"dish_1560799615","cafe1","1560799615","train","train","cafe1_c02278","train","283.0","332.749847","10","spinach (raw)|onions|squash|apple|salt|olive oil|pizza|cranberries|mustard|vinegar"
"dish_1560799647","cafe1","1560799647","train","train","cafe1_c02279","train","474.0","723.409973","17","garlic|spinach (raw)|squash|pork|mustard|pizza|parsley|salt|rosemary|white rice|apple|arugula|vinegar|olive oil|cranberries|zucchini|onions"
"dish_1560800836","cafe1","1560800836","train","train","cafe1_c02280","train","170.0","479.399994","1","pepperoni pizza"
"dish_1560800918","cafe1","1560800918","test","test","cafe1_c02281","test","40.0","70.825645","8","parsley|pepper|chickpeas|bulgur|salt|lemon juice|kale|olive oil"
"dish_1560800951","cafe1","1560800951","test","test","cafe1_c02282","test","168.0","102.825645","9","parsley|cauliflower|kale|lemon juice|olive oil|pepper|bulgur|chickpeas|salt"
"dish_1560800988","cafe1","1560800988","test","test","cafe1_c02283","test","230.0","314.865662","9","pepper|cauliflower|chickpeas|salt|bulgur|olive oil|kale|lemon juice|parsley"
"dish_1560801020","cafe1","1560801020","test","test","cafe1_c02284","test","250.0","346.339966","16","cauliflower|garlic|spinach (raw)|parmesan cheese|wheat berry|chickpeas|pepper|chicken breast|cherry tomatoes|thyme|lemon juice|olive oil|parsley|kale|bulgur|salt"
"dish_1560801041","cafe1","1560801041","test","test","cafe1_c02285","test","292.0","432.244263","22","pork|zucchini|arugula|chicken breast|cherry tomatoes|rosemary|lemon juice|thyme|olive oil|onions|wheat berry|parmesan cheese|pepper|spinach (raw)|cauliflower|garlic|chickpeas|white rice|salt|bulgur|parsley|kale"
"dish_1560801773","cafe1","1560801773","test","test","cafe1_c02286","test","54.0","13.5","1","cauliflower"
"dish_1560801797","cafe1","1560801797","test","test","cafe1_c02287","test","96.0","25.655659","4","olive oil|squash|salt|cauliflower"
"dish_1560801829","cafe1","1560801829","test","test","cafe1_c02288","test","178.0","256.89563","5","squash|olive oil|pepperoni pizza|salt|cauliflower"
"dish_1560801859","cafe1","1560801859","test","test","cafe1_c02289","test","262.0","428.704285","13","squash|onions|pepperoni pizza|arugula|parsley|garlic|white rice|cauliflower|rosemary|salt|zucchini|pork|olive oil"
"dish_1560801883","cafe1","1560801883","test","test","cafe1_c02290","test","315.0","512.111267","19","arugula|chicken breast|cherry tomatoes|spinach (raw)|squash|wheat berry|parmesan cheese|garlic|rosemary|zucchini|parsley|salt|cauliflower|white rice|thyme|pepperoni pizza|pork|olive oil|onions"
"dish_1560802006","cafe1","1560802006","train","train","cafe1_c02291","dev","44.0","35.926495","4","parmesan cheese|croutons|kale|caesar dressing"
"dish_1560802048","cafe1","1560802048","train","train","cafe1_c02292","dev","83.0","47.213894","7","squash|olive oil|salt|parmesan cheese|croutons|kale|caesar dressing"
"dish_1560802092","cafe1","1560802092","train","train","cafe1_c02293","dev","128.0","118.031128","13","caesar dressing|squash|spinach (raw)|cherry tomatoes|chicken breast|croutons|thyme|garlic|salt|kale|wheat berry|olive oil|parmesan cheese"
"dish_1560802149","cafe1","1560802149","train","train","cafe1_c02294","train","249.0","365.517456","20","white rice|arugula|chicken breast|squash|caesar dressing|olive oil|thyme|rosemary|salt|garlic|cherry tomatoes|spinach (raw)|parmesan cheese|pork|wheat berry|croutons|parsley|zucchini|kale|onions"
"dish_1560802562","cafe1","1560802562","train","train","cafe1_c02295","train","5.0","8.853207","8","olive oil|lemon juice|bulgur|salt|kale|parsley|chickpeas|pepper"
"dish_1560802730","cafe1","1560802730","train","train","cafe1_c02296","train","64.0","101.702484","15","olive oil|chickpeas|kale|lemon juice|bulgur|salt|parsley|cherry tomatoes|pepper|spinach (raw)|thyme|garlic|chicken breast|parmesan cheese|wheat berry"
"dish_1560802764","cafe1","1560802764","train","train","cafe1_c02297","train","99.0","111.832207","16","garlic|cherry tomatoes|chicken breast|wheat berry|thyme|kale|bulgur|chickpeas|salt|pepper|spinach (raw)|parmesan cheese|squash|olive oil|parsley|lemon juice"
"dish_1560802853","cafe1","1560802853","train","train","cafe1_c02298","train","118.0","136.532196","17","pepper|parmesan cheese|spinach (raw)|squash|olive oil|parsley|lemon juice|salt|garlic|white rice|chicken breast|cherry tomatoes|wheat berry|thyme|kale|bulgur|chickpeas"
"dish_1560874548","cafe1","1560874548","train","train","cafe1_c02299","dev","72.0","41.040001","1","berries"
"dish_1560874667","cafe1","1560874667","train","train","cafe1_c02300","train","83.0","100.550003","2","berries|bacon"
"dish_1560874726","cafe1","1560874726","train","train","cafe1_c02301","dev","145.0","177.492004","3","berries|bacon|yam"
"dish_1560874751","cafe1","1560874751","train","train","cafe1_c02302","train","220.0","379.992004","5","bacon|berries|bagels|cream cheese|yam"
"dish_1560887408","cafe1","1560887408","train","train","cafe1_c02303","train","122.0","324.52002","1","pizza"
"dish_1560887435","cafe1","1560887435","train","train","cafe1_c02304","train","171.0","364.529053","5","pizza|parmesan cheese|croutons|kale|caesar dressing"
"dish_1560887457","cafe1","1560887457","train","train","cafe1_c02305","train","246.0","389.264343","8","caesar dressing|olive oil|pizza|kale|salt|croutons|parmesan cheese|eggplant"
"dish_1560887480","cafe1","1560887480","train","train","cafe1_c02306","train","374.0","668.084106","18","onions|caesar dressing|pizza|kale|broccoli|beef|vinegar|parmesan cheese|eggplant|olive oil|orange juice|salt|chili|garlic|soy sauce|white rice|croutons|green onions"
"dish_1560888817","cafe1","1560888817","train","train","cafe1_c02307","train","34.0","47.939999","1","roasted potatoes"
"dish_1560888849","cafe1","1560888849","train","train","cafe1_c02308","dev","107.0","168.964127","11","lemon juice|wheat berry|parsley|chicken|salt|olive oil|roasted potatoes|garlic|thyme|shallots|spinach (raw)"
"dish_1560888893","cafe1","1560888893","train","train","cafe1_c02309","train","141.0","213.164108","12","garlic|shallots|roasted potatoes|thyme|olive oil|lemon juice|parsley|spinach (raw)|wheat berry|chicken|white rice|salt"
"dish_1560888930","cafe1","1560888930","train","train","cafe1_c02310","train","151.0","224.931168","18","wheat berry|arugula|white rice|chicken|celery root|mustard|onions|olive oil|vinegar|spinach (raw)|shallots|garlic|roasted potatoes|cranberries|salt|parsley|lemon juice|thyme"
"dish_1560889008","cafe1","1560889008","train","train","cafe1_c02311","train","84.0","41.293011","4","carrot|olive oil|salt|pepper"
"dish_1560889032","cafe1","1560889032","train","train","cafe1_c02312","dev","208.0","246.868225","12","salt|thyme|carrot|garlic|olive oil|parsley|lemon juice|spinach (raw)|chicken|wheat berry|pepper|shallots"
"dish_1560889061","cafe1","1560889061","train","train","cafe1_c02313","dev","281.0","402.50766","18","shallots|blue cheese|pepper|vinegar|spinach (raw)|wheat berry|thyme|walnuts|lemon juice|garlic|salt|carrot|mustard|olive oil|parsley|lettuce|mixed greens|chicken"
"dish_1560961012","cafe1","1560961012","train","train","cafe1_c02314","train","71.0","191.699997","2","cream cheese|bagels"
"dish_1560961059","cafe1","1560961059","train","train","cafe1_c02315","train","172.0","268.459991","3","cream cheese|bagels|sweet potato"
"dish_1560961107","cafe1","1560961107","train","train","cafe1_c02316","train","320.0","352.820007","4","bagels|cream cheese|berries|sweet potato"
"dish_1560961179","cafe1","1560961179","train","train","cafe1_c02317","train","104.0","153.919998","1","scrambled eggs"
"dish_1560961202","cafe1","1560961202","train","train","cafe1_c02318","train","153.0","171.069992","2","scrambled eggs|broccoli"
"dish_1560961261","cafe1","1560961261","train","train","cafe1_c02319","train","218.0","192.519989","3","broccoli|strawberries|scrambled eggs"
"dish_1560961385","cafe1","1560961385","train","train","cafe1_c02320","train","293.0","249.519989","4","sweet potato|scrambled eggs|strawberries|broccoli"
"dish_1560973936","cafe1","1560973936","train","train","cafe1_c02321","train","44.0","75.243256","9","salt|pepper|orange|arugula|pecans|mustard|raisins|olive oil|lime"
"dish_1560973958","cafe1","1560973958","train","train","cafe1_c02322","train","121.0","145.313232","10","wheat berry|olive oil|mustard|pecans|lime|salt|raisins|pepper|arugula|orange"
"dish_1560973984","cafe1","1560973984","train","train","cafe1_c02323","dev","195.0","171.213257","11","mustard|arugula|orange|pepper|salt|lime|raisins|olive oil|broccoli|pecans|wheat berry"
"dish_1560974009","cafe1","1560974009","train","train","cafe1_c02324","train","409.0","482.983063","21","olive oil|chicken thighs|arugula|pepper|lemon juice|broccoli|tomatoes|bell peppers|pecans|garlic|orange|wheat berry|jalapenos|raisins|hominy|chili|cabbage|lime|mustard|salt|parsley"
"dish_1560974707","cafe1","1560974707","train","train","cafe1_c02325","train","60.0","55.025124","13","onions|spinach (raw)|cherry tomatoes|tortilla chips|corn|cheese|salt|chili|tomatoes|garlic|lime|sour cream|black beans"
"dish_1560974769","cafe1","1560974769","train","train","cafe1_c02326","dev","3051.0","3943.325195","14","spinach (raw)|tortilla chips|corn|cheese|white rice|cherry tomatoes|lime|tomatoes|chili|garlic|salt|sour cream|onions|black beans"
"dish_1560975346","cafe1","1560975346","train","train","cafe1_c02327","train","224.0","326.338562","13","bell peppers|lime|olive oil|chicken thighs|jalapenos|salt|cabbage|parsley|lemon juice|garlic|hominy|tomatoes|chili"
"dish_1560975491","cafe1","1560975491","test","test","cafe1_c02328","test","86.0","37.84","1","caesar salad"
"dish_1560975517","cafe1","1560975517","test","test","cafe1_c02329","test","99.0","42.389999","2","broccoli|caesar salad"
"dish_1560975572","cafe1","1560975572","test","test","cafe1_c02330","test","159.0","96.990005","3","caesar salad|wheat berry|broccoli"
"dish_1560975601","cafe1","1560975601","test","test","cafe1_c02331","test","253.0","233.935638","16","broccoli|hominy|parsley|salt|chicken thighs|olive oil|chili|jalapenos|wheat berry|cabbage|garlic|tomatoes|lemon juice|caesar salad|lime|bell peppers"
"dish_1560975628","cafe1","1560975628","test","test","cafe1_c02332","test","296.0","348.272644","17","broccoli|hominy|olive oil|bell peppers|garlic|parsley|caesar salad|jalapenos|cabbage|wheat berry|tomatoes|chili|lime|salt|cheese pizza|lemon juice|chicken thighs"
"dish_1560976044","cafe1","1560976044","train","train","cafe1_c02333","train","137.0","124.670006","1","wheat berry"
"dish_1561049320","cafe1","1561049320","train","train","cafe1_c02334","train","19.0","102.789993","1","bacon"
"dish_1561049373","cafe1","1561049373","train","train","cafe1_c02335","train","146.0","290.75","2","scrambled eggs|bacon"
"dish_1561049409","cafe1","1561049409","train","train","cafe1_c02336","train","197.0","317.779999","3","bacon|scrambled eggs|raspberries"
"dish_1561049435","cafe1","1561049435","train","train","cafe1_c02337","train","257.0","338.179993","4","raspberries|cantaloupe|scrambled eggs|bacon"
"dish_1561060448","cafe1","1561060448","train","train","cafe1_c02338","dev","41.0","109.018997","1","cheese pizza"
"dish_1561060477","cafe1","1561060477","train","train","cafe1_c02339","train","105.0","141.018997","2","pineapple|cheese pizza"
"dish_1561060503","cafe1","1561060503","train","train","cafe1_c02340","train","138.0","145.30899","3","pineapple|bok choy|cheese pizza"
"dish_1561060531","cafe1","1561060531","train","train","cafe1_c02341","train","177.0","162.078995","4","bok choy|brussels sprouts|cheese pizza|pineapple"
"dish_1561060558","cafe1","1561060558","train","train","cafe1_c02342","train","221.0","194.199005","5","pineapple|bok choy|brussels sprouts|tofu|cheese pizza"
"dish_1561060613","cafe1","1561060613","train","train","cafe1_c02343","train","304.0","323.673248","19","bok choy|salmon|pineapple|jalapenos|olive oil|chili|cilantro|salt|cheese pizza|ginger|tofu|spinach (raw)|brown rice|lemon juice|onions|lime|brussels sprouts|shallots|garlic"
"dish_1561060642","cafe1","1561060642","train","train","cafe1_c02344","train","387.0","468.412384","26","jalapenos|brown rice|salt|bok choy|lemon juice|shallots|garlic|chili|onions|thyme|olive oil|mushroom|pasta|beef|ginger|tofu|spinach (raw)|cream|pineapple|cilantro|salmon|cheese pizza|lime|sour cream|brussels sprouts|wine"
"dish_1561060703","cafe1","1561060703","train","train","cafe1_c02345","dev","445.0","538.466736","32","chili|ginger|onions|sour cream|thyme|wine|cucumbers|jalapenos|brown rice|spinach (raw)|mushroom|olive oil|brussels sprouts|cilantro|salt|lime|pasta|bok choy|pineapple|cream|lemon juice|garlic|figs|cherry tomatoes|salmon|mustard|tofu|chard|vinegar|cheese pizza|shallots|beef"
"dish_1561060787","cafe1","1561060787","train","train","cafe1_c02346","train","91.0","46.464848","4","brussels sprouts|olive oil|pepper|salt"
"dish_1561060925","cafe1","1561060925","train","train","cafe1_c02347","train","156.0","93.914848","5","brussels sprouts|salt|tofu|pepper|olive oil"
"dish_1561060976","cafe1","1561060976","train","train","cafe1_c02348","dev","266.0","265.507263","17","salmon|onions|jalapenos|tofu|brussels sprouts|cilantro|chili|pepper|salt|lime|ginger|brown rice|spinach (raw)|lemon juice|olive oil|garlic|shallots"
"dish_1561061123","cafe1","1561061123","train","train","cafe1_c02349","train","357.0","399.430664","23","arugula|tofu|ginger|jalapenos|brown rice|olive oil|mustard greens|onions|chili|lemon juice|garlic|parsley|salmon|apple|pepper|spinach (raw)|bulgur|brussels sprouts|lime|salt|cranberries|cilantro|shallots"
"dish_1561061593","cafe1","1561061593","train","train","cafe1_c02350","train","52.0","42.458584","4","caesar dressing|parmesan cheese|kale|croutons"
"dish_1561061630","cafe1","1561061630","train","train","cafe1_c02351","train","150.0","186.683746","15","apple|caesar dressing|olive oil|cranberries|bulgur|shallots|croutons|arugula|parmesan cheese|mustard greens|parsley|kale|lemon juice|salt|garlic"
"dish_1561061658","cafe1","1561061658","train","train","cafe1_c02352","dev","227.0","226.000137","17","croutons|pepper|parmesan cheese|brussels sprouts|mustard greens|garlic|kale|parsley|salt|shallots|arugula|olive oil|lemon juice|caesar dressing|cranberries|bulgur|apple"
"dish_1561061687","cafe1","1561061687","train","train","cafe1_c02353","dev","408.0","508.347748","26","shallots|garlic|croutons|jalapenos|onions|cranberries|mustard greens|kale|lemon juice|olive oil|salt|parsley|salmon|ginger|spinach (raw)|pepper|parmesan cheese|brown rice|arugula|cilantro|lime|caesar dressing|brussels sprouts|bulgur|chili|apple"
"dish_1561062171","cafe1","1561062171","train","train","cafe1_c02354","dev","58.0","101.142975","12","salt|garlic|thyme|sour cream|onions|olive oil|spinach (raw)|mushroom|cream|wine|pasta|beef"
"dish_1561062237","cafe1","1561062237","train","train","cafe1_c02355","train","110.0","182.259399","21","beef|wine|mushroom|onions|spinach (raw)|jalapenos|ginger|thyme|shallots|cilantro|chili|pasta|salmon|cream|brown rice|sour cream|lemon juice|olive oil|lime|garlic|salt"
"dish_1561062286","cafe1","1561062286","train","train","cafe1_c02356","train","167.0","256.359406","22","wine|ginger|jalapenos|brown rice|mushroom|cream|lemon juice|sour cream|onions|lime|salt|cilantro|beef|pasta|spinach (raw)|thyme|olive oil|white rice|chili|shallots|salmon|garlic"
"dish_1561062320","cafe1","1561062320","train","train","cafe1_c02357","train","202.0","307.868378","28","wine|shallots|cranberries|mushroom|spinach (raw)|jalapenos|cream|thyme|lemon juice|sour cream|parsley|white rice|salmon|cilantro|ginger|beef|pasta|brown rice|arugula|mustard greens|olive oil|apple|bulgur|lime|salt|onions|chili|garlic"
"dish_1561062555","cafe1","1561062555","train","train","cafe1_c02358","train","32.0","47.093922","11","apple|shallots|salt|bulgur|olive oil|cranberries|lemon juice|mustard greens|parsley|arugula|garlic"
"dish_1561062586","cafe1","1561062586","train","train","cafe1_c02359","train","89.0","121.193924","12","shallots|garlic|white rice|arugula|parsley|mustard greens|cranberries|olive oil|lemon juice|salt|bulgur|apple"
"dish_1561134102","cafe1","1561134102","train","train","cafe1_c02360","train","81.0","24.300001","1","watermelon"
"dish_1561134128","cafe1","1561134128","train","train","cafe1_c02361","train","141.0","58.5","2","berries|watermelon"
"dish_1561134156","cafe1","1561134156","train","train","cafe1_c02362","train","220.0","118.540001","3","watermelon|berries|sweet potato"
"dish_1561145732","cafe1","1561145732","train","train","cafe1_c02363","train","67.0","19.698","1","orange with peel"
"dish_1561146758","cafe1","1561146758","train","train","cafe1_c02364","train","93.0","232.5","1","bagels"
"dish_1561146781","cafe1","1561146781","train","train","cafe1_c02365","train","223.0","300.100006","2","bagels|apple"
"dish_1561147944","cafe1","1561147944","test","test","cafe1_c02366","test","34.0","42.371025","10","olive oil|mustard|carrot|salt|raspberries|almonds|arugula|vinegar|chard|blueberries"
"dish_1561147967","cafe1","1561147967","test","test","cafe1_c02367","test","85.0","177.980042","11","chard|vinegar|mustard|olive oil|carrot|salt|raspberries|cheese pizza|blueberries|arugula|almonds"
"dish_1561147997","cafe1","1561147997","test","test","cafe1_c02368","test","133.0","185.180023","12","chard|vinegar|arugula|blueberries|olive oil|cheese pizza|almonds|salt|raspberries|mustard|zucchini|carrot"
"dish_1561148021","cafe1","1561148021","test","test","cafe1_c02369","test","216.0","361.765411","23","garlic|mushroom|chard|chive|olive oil|onions|raspberries|mustard|salt|cheese pizza|kale|white rice|eggs|cream|vinegar|arugula|thyme|blueberries|almonds|zucchini|ground turkey|celery|carrot"
"dish_1561148042","cafe1","1561148042","test","test","cafe1_c02370","test","245.0","370.755463","24","raspberries|ground turkey|cream|green beans|celery|chard|garlic|zucchini|almonds|olive oil|carrot|thyme|kale|salt|white rice|eggs|blueberries|mustard|arugula|vinegar|mushroom|onions|cheese pizza|chive"
"dish_1561148303","cafe1","1561148303","train","train","cafe1_c02371","train","45.0","119.654999","1","cheese pizza"
"dish_1561148336","cafe1","1561148336","train","train","cafe1_c02372","train","68.0","128.098618","14","lime|tomatoes|cheese pizza|cilantro|lemon juice|olive oil|mustard greens|cucumbers|onions|jalapenos|cherry tomatoes|arugula|salt|mangos"
"dish_1561148481","cafe1","1561148481","train","train","cafe1_c02373","train","140.0","281.281128","25","lime|carrot|thyme|olive oil|cucumbers|lemon juice|onions|jalapenos|celery|cream|chive|white rice|garlic|tomatoes|cherry tomatoes|mangos|cheese pizza|salt|cilantro|mustard greens|mushroom|arugula|kale|ground turkey|eggs"
"dish_1561392386","cafe1","1561392386","train","train","cafe1_c02374","train","51.0","175.746002","1","sausage"
"dish_1561392410","cafe1","1561392410","train","train","cafe1_c02375","train","84.0","187.296005","2","sausage|broccoli"
"dish_1561392430","cafe1","1561392430","train","train","cafe1_c02375","train","149.0","208.746002","3","sausage|broccoli|strawberries"
"dish_1561392459","cafe1","1561392459","train","train","cafe1_c02376","train","275.0","395.225983","4","strawberries|sausage|scrambled eggs|broccoli"
"dish_1561392512","cafe1","1561392512","train","train","cafe1_c02377","train","75.0","42.75","1","berries"
"dish_1561392543","cafe1","1561392543","train","train","cafe1_c02378","train","119.0","126.004929","9","vinegar|radishes|garlic|bell peppers|salt|berries|mustard|cucumbers|olive oil"
"dish_1561392570","cafe1","1561392570","train","train","cafe1_c02379","train","187.0","149.804916","10","bell peppers|mustard|salt|berries|cucumbers|garlic|olive oil|broccoli|vinegar|radishes"
"dish_1561392593","cafe1","1561392593","train","train","cafe1_c02380","dev","325.0","354.044922","11","vinegar|olive oil|broccoli|berries|bell peppers|radishes|salt|garlic|scrambled eggs|mustard|cucumbers"
"dish_1561392632","cafe1","1561392632","train","train","cafe1_c02381","train","352.0","500.114899","12","olive oil|cucumbers|mustard|bacon|berries|salt|bell peppers|garlic|broccoli|scrambled eggs|radishes|vinegar"
"dish_1561392710","cafe1","1561392710","train","train","cafe1_c02382","train","106.0","31.800001","1","watermelon"
"dish_1561392734","cafe1","1561392734","train","train","cafe1_c02383","train","198.0","84.239998","2","watermelon|berries"
"dish_1561393550","cafe1","1561393550","train","train","cafe1_c02384","train","176.0","172.480011","1","cottage cheese"
"dish_1561393619","cafe1","1561393619","train","train","cafe1_c02385","train","284.0","234.040009","2","cottage cheese|berries"
"dish_1561393649","cafe1","1561393649","train","train","cafe1_c02386","train","359.0","271.540009","3","berries|pineapple|cottage cheese"
"dish_1561393715","cafe1","1561393715","test","test","cafe1_c02387","test","49.0","17.15","1","broccoli"
"dish_1561393741","cafe1","1561393741","test","test","cafe1_c02388","test","165.0","188.830002","2","broccoli|scrambled eggs"
"dish_1561393764","cafe1","1561393764","test","test","cafe1_c02389","test","182.0","280.799988","3","broccoli|scrambled eggs|bacon"
"dish_1561404438","cafe1","1561404438","train","train","cafe1_c02390","train","169.0","366.069214","7","wheat berry|cauliflower|garlic|olive oil|salt|steak|lime"
"dish_1561404458","cafe1","1561404458","train","train","cafe1_c02390","train","259.0","410.311737","9","lime|salt|cauliflower|pepper|olive oil|wheat berry|steak|carrot|garlic"
"dish_1561404485","cafe1","1561404485","train","train","cafe1_c02391","train","349.0","511.373352","14","cucumbers|garlic|mixed greens|salt|lime|vinegar|olive oil|beets|wheat berry|steak|pepper|cherry tomatoes|cauliflower|carrot"
"dish_1561404505","cafe1","1561404505","train","train","cafe1_c02391","train","442.0","543.92334","15","cherry tomatoes|garlic|olive oil|cucumbers|wheat berry|cauliflower|salt|carrot|mixed greens|vinegar|steak|beets|broccoli|lime|pepper"
"dish_1561404924","cafe1","1561404924","train","train","cafe1_c02392","train","39.0","31.843937","4","parmesan cheese|croutons|caesar dressing|kale"
"dish_1561404956","cafe1","1561404956","train","train","cafe1_c02393","dev","82.0","97.600792","16","green onions|white rice|vinegar|ginger|parmesan cheese|soy sauce|croutons|chicken|spinach (raw)|green beans|kale|caesar dressing|olive oil|salt|garlic|broccoli"
"dish_1561405008","cafe1","1561405008","train","train","cafe1_c02394","train","134.0","156.428101","20","garlic|soy sauce|vinegar|spinach (raw)|caesar dressing|mustard greens|cucumbers|tomatoes|green onions|broccoli|salt|white rice|chicken|mustard|croutons|ginger|parmesan cheese|green beans|olive oil|kale"
"dish_1561405034","cafe1","1561405034","train","train","cafe1_c02395","train","153.0","178.278091","21","mustard|soy sauce|salt|green onions|spinach (raw)|parmesan cheese|green beans|croutons|vinegar|chicken|garlic|tomatoes|broccoli|cucumbers|kale|caesar dressing|olive oil|mustard greens|ginger|olives|white rice"
"dish_1561405332","cafe1","1561405332","test","test","cafe1_c02396","test","53.0","18.549999","1","broccoli"
"dish_1561405356","cafe1","1561405356","test","test","cafe1_c02397","test","176.0","206.645203","12","ginger|vinegar|olive oil|garlic|soy sauce|broccoli|green onions|salt|chicken|white rice|spinach (raw)|green beans"
"dish_1561405389","cafe1","1561405389","test","test","cafe1_c02398","test","223.0","265.983459","18","white rice|chickpeas|soy sauce|arugula|ginger|spinach (raw)|parsley|pears|broccoli|garlic|salt|pepper|vinegar|green beans|olive oil|lemon juice|green onions|chicken"
"dish_1561405411","cafe1","1561405411","test","test","cafe1_c02399","test","282.0","332.063477","19","green beans|broccoli|salt|pears|chicken|lemon juice|vinegar|arugula|spinach (raw)|parsley|olive oil|garlic|soy sauce|green onions|chickpeas|pepper|couscous|white rice|ginger"
"dish_1561405836","cafe1","1561405836","train","train","cafe1_c02400","train","31.0","82.429001","1","cheese pizza"
"dish_1561405864","cafe1","1561405864","train","train","cafe1_c02401","dev","106.0","197.121201","13","olive oil|broccoli|green onions|garlic|cheese pizza|soy sauce|salt|vinegar|white rice|spinach (raw)|green beans|chicken|ginger"
"dish_1561405887","cafe1","1561405887","train","train","cafe1_c02402","train","139.0","213.343475","15","olive oil|soy sauce|salt|cheese pizza|chicken|white rice|vinegar|spinach (raw)|ginger|carrot|garlic|broccoli|green onions|pepper|green beans"
"dish_1561405912","cafe1","1561405912","train","train","cafe1_c02403","train","196.0","270.881866","21","mixed greens|lime|cherry tomatoes|spinach (raw)|vinegar|lettuce|cheese pizza|broccoli|chicken|garlic|soy sauce|white rice|pepper|green beans|ginger|onions|olive oil|cucumbers|green onions|salt|carrot"
"dish_1561405934","cafe1","1561405934","train","train","cafe1_c02404","train","243.0","287.331848","21","cucumbers|olive oil|soy sauce|green onions|salt|carrot|cheese pizza|pepper|chicken|lettuce|cherry tomatoes|green beans|spinach (raw)|ginger|lime|onions|mixed greens|garlic|broccoli|white rice|vinegar"
"dish_1561406762","cafe1","1561406762","train","train","cafe1_c02405","train","35.0","17.205421","4","carrot|salt|pepper|olive oil"
"dish_1561406789","cafe1","1561406789","train","train","cafe1_c02406","train","164.0","184.905411","5","white rice|carrot|salt|pepper|olive oil"
"dish_1561406817","cafe1","1561406817","train","train","cafe1_c02407","train","243.0","273.385437","6","carrot|olive oil|couscous|salt|pepper|white rice"
"dish_1561407208","cafe1","1561407208","train","train","cafe1_c02408","train","29.0","44.347641","12","broccoli|white rice|chicken|salt|vinegar|ginger|spinach (raw)|green beans|olive oil|soy sauce|garlic|green onions"
"dish_1561407249","cafe1","1561407249","train","train","cafe1_c02409","train","56.0","73.879166","17","mustard|olive oil|soy sauce|green onions|broccoli|salt|pears|white rice|vinegar|green beans|spinach (raw)|onions|mixed greens|garlic|cherry tomatoes|chicken|ginger"
"dish_1561407283","cafe1","1561407283","train","train","cafe1_c02410","train","86.0","88.626671","19","mixed greens|chicken|cherry tomatoes|ginger|spinach (raw)|vinegar|green beans|olive oil|mustard|onions|pears|salt|carrot|white rice|pepper|soy sauce|green onions|broccoli|garlic"
"dish_1561407312","cafe1","1561407312","train","train","cafe1_c02411","train","121.0","127.826668","20","chicken|white rice|onions|pepper|couscous|ginger|olive oil|green onions|mustard|garlic|carrot|cherry tomatoes|spinach (raw)|vinegar|green beans|salt|broccoli|pears|mixed greens|soy sauce"
"dish_1561480391","cafe1","1561480391","train","train","cafe1_c02412","train","113.0","64.409996","1","berries"
"dish_1561480414","cafe1","1561480414","train","train","cafe1_c02413","train","129.0","125.161995","2","turkey bacon|berries"
"dish_1561480439","cafe1","1561480439","train","train","cafe1_c02414","dev","189.0","155.161987","3","turkey bacon|pineapple|berries"
"dish_1561480460","cafe1","1561480460","train","train","cafe1_c02415","train","277.0","285.402008","4","pineapple|scrambled eggs|turkey bacon|berries"
"dish_1561481577","cafe1","1561481577","train","train","cafe1_c02416","train","37.0","200.169998","1","bacon"
"dish_1561481606","cafe1","1561481606","train","train","cafe1_c02417","train","141.0","354.089996","2","bacon|scrambled eggs"
"dish_1561481634","cafe1","1561481634","train","train","cafe1_c02418","train","228.0","462.057007","3","scrambled eggs|bacon|yam"
"dish_1561481673","cafe1","1561481673","train","train","cafe1_c02419","train","324.0","496.617004","4","honeydew melons|yam|bacon|scrambled eggs"
"dish_1561491121","cafe1","1561491121","train","train","cafe1_c02420","train","28.0","31.45747","8","salt|garlic|olive oil|mustard|blueberries|vinegar|spinach (raw)|radishes"
"dish_1561491154","cafe1","1561491154","train","train","cafe1_c02421","train","158.0","166.137466","16","cherry tomatoes|chive|garlic|olive oil|parsley|spinach (raw)|chard|vinegar|fish|shallots|mustard|lemon juice|blueberries|wheat berry|radishes|salt"
"dish_1561491180","cafe1","1561491180","train","train","cafe1_c02422","dev","217.0","236.347488","17","shallots|fish|spinach (raw)|blueberries|wheat berry|olive oil|lemon juice|mustard|salt|parsley|cherry tomatoes|chard|vinegar|radishes|wild rice|chive|garlic"
"dish_1561491210","cafe1","1561491210","train","train","cafe1_c02423","train","276.0","251.097473","18","chard|blueberries|cherry tomatoes|radishes|shallots|salt|chive|olive oil|wheat berry|vinegar|spinach (raw)|wild rice|fish|garlic|cauliflower|lemon juice|mustard|parsley"
"dish_1561492161","cafe1","1561492161","train","train","cafe1_c02424","train","43.0","48.309685","8","blueberries|vinegar|spinach (raw)|radishes|garlic|salt|olive oil|mustard"
"dish_1561492182","cafe1","1561492182","train","train","cafe1_c02425","train","171.0","250.165695","9","spinach (raw)|vinegar|radishes|fried rice|garlic|salt|mustard|olive oil|blueberries"
"dish_1561492204","cafe1","1561492204","train","train","cafe1_c02426","dev","334.0","488.636322","16","olive oil|blueberries|onions|tomatoes|salt|fried rice|chicken|pepper|mustard|garlic|bell peppers|millet|jalapenos|spinach (raw)|vinegar|radishes"
"dish_1561492228","cafe1","1561492228","train","train","cafe1_c02427","train","488.0","648.180298","24","cherry tomatoes|blueberries|jalapenos|vinegar|pepper|chicken|parsley|salt|lemon juice|tomatoes|mustard|olive oil|chive|shallots|spinach (raw)|chard|radishes|millet|bell peppers|garlic|fish|fried rice|onions|wheat berry"
"dish_1561492447","cafe1","1561492447","train","none","cafe1_c02428","dev","124.0","68.944","1","banana with peel"
"dish_1561492519","cafe1","1561492519","train","train","cafe1_c02429","train","206.0","271.320007","2","banana with peel|wheat bread"
"dish_1561492628","cafe1","1561492628","train","train","cafe1_c02430","train","31.0","13.64","1","caesar salad"
"dish_1561492665","cafe1","1561492665","train","train","cafe1_c02431","train","93.0","81.950653","8","green onions|salt|caesar salad|garlic|onions|olive oil|country rice|fish"
"dish_1561492687","cafe1","1561492687","train","train","cafe1_c02432","train","108.0","105.605652","9","olive oil|fish|garlic|caesar salad|fried rice|green onions|country rice|onions|salt"
"dish_1561492703","cafe1","1561492703","train","train","cafe1_c02432","train","134.0","113.130577","10","caesar salad|green onions|fried rice|country rice|olive oil|onions|squash|fish|salt|garlic"
"dish_1561493975","cafe1","1561493975","train","train","cafe1_c02433","train","106.0","130.851608","9","chard|vinegar|blueberries|pepper|salt|olive oil|walnuts|arugula|mustard"
"dish_1561494001","cafe1","1561494001","train","train","cafe1_c02434","train","216.0","162.687851","10","walnuts|salt|squash|mustard|olive oil|chard|arugula|vinegar|blueberries|pepper"
"dish_1561494032","cafe1","1561494032","train","train","cafe1_c02435","train","307.0","185.437851","11","salt|walnuts|mustard|olive oil|arugula|chard|blueberries|vinegar|squash|cauliflower|pepper"
"dish_1561567053","cafe1","1561567053","train","train","cafe1_c02436","train","87.0","26.1","1","watermelon"
"dish_1561567086","cafe1","1561567086","train","train","cafe1_c02437","dev","181.0","142.754013","2","watermelon|yam"
"dish_1561574215","cafe1","1561574215","train","train","cafe1_c02438","train","134.0","93.235489","8","olives|bell peppers|lettuce|cucumbers|onions|cherry tomatoes|feta cheese|vinaigrette"
"dish_1561574368","cafe1","1561574368","test","test","cafe1_c02439","test","50.0","22.0","1","caesar salad"
"dish_1561574394","cafe1","1561574394","test","test","cafe1_c02440","test","82.0","61.502373","10","walnuts|caesar salad|mustard|olive oil|vinegar|blueberries|chard|arugula|pepper|salt"
"dish_1561574428","cafe1","1561574428","test","test","cafe1_c02441","test","172.0","84.002373","11","walnuts|caesar salad|salt|mustard|olive oil|blueberries|chard|arugula|vinegar|pepper|cauliflower"
"dish_1561574456","cafe1","1561574456","test","test","cafe1_c02442","test","217.0","203.657364","12","caesar salad|walnuts|cheese pizza|salt|mustard|vinegar|blueberries|arugula|chard|olive oil|pepper|cauliflower"
"dish_1561574479","cafe1","1561574479","test","test","cafe1_c02443","test","293.0","363.61377","18","beef|walnuts|salt|onions|bok choy|olive oil|mustard|arugula|vinegar|blueberries|chard|millet|cauliflower|cheese pizza|spinach (cooked)|caesar salad|shallots|pepper"
"dish_1561574600","cafe1","1561574600","train","train","cafe1_c02444","train","100.0","32.980392","3","salt|olive oil|eggplant"
"dish_1561574623","cafe1","1561574623","train","train","cafe1_c02445","train","152.0","117.602783","18","arugula|eggplant|rosemary|salt|shallots|white wine|pepper|basil|lemon juice|oregano|olive oil|thyme|cream|butter|garlic|chicken|wheat berry|mushroom"
"dish_1561574783","cafe1","1561574783","test","test","cafe1_c02446","test","24.0","29.626781","9","salt|mustard|blueberries|pepper|arugula|chard|vinegar|olive oil|walnuts"
"dish_1561574815","cafe1","1561574815","test","test","cafe1_c02447","test","89.0","74.852959","17","olive oil|blueberries|vinaigrette|walnuts|salt|cucumbers|onions|olives|feta cheese|arugula|vinegar|chard|pepper|cherry tomatoes|bell peppers|lettuce|mustard"
"dish_1561574848","cafe1","1561574848","test","test","cafe1_c02448","test","155.0","182.258301","30","basil|feta cheese|pepper|shallots|cucumbers|olive oil|blueberries|wheat berry|vinegar|chard|chicken|cherry tomatoes|bell peppers|onions|mustard|white wine|lemon juice|cream|oregano|vinaigrette|olives|mushroom|arugula|walnuts|garlic|butter|salt|rosemary|lettuce|thyme"
"dish_1561574974","cafe1","1561574974","train","train","cafe1_c02449","dev","152.0","50.130196","3","eggplant|olive oil|salt"
"dish_1561575033","cafe1","1561575033","train","train","cafe1_c02450","train","339.0","354.445312","18","oregano|pepper|chicken|basil|lemon juice|garlic|salt|shallots|thyme|butter|olive oil|eggplant|mushroom|arugula|cream|white wine|rosemary|wheat berry"
"dish_1561575068","cafe1","1561575068","train","train","cafe1_c02451","train","436.0","421.936707","26","eggplant|thyme|lemon juice|rosemary|salt|white wine|basil|lettuce|chicken|cucumbers|cherry tomatoes|pepper|mushroom|oregano|wheat berry|olive oil|butter|onions|shallots|garlic|bell peppers|olives|vinaigrette|feta cheese|arugula|cream"
"dish_1561575170","cafe1","1561575170","train","train","cafe1_c02452","train","171.0","42.75","1","cauliflower"
"dish_1561575192","cafe1","1561575192","train","train","cafe1_c02453","train","236.0","122.989189","10","walnuts|salt|mustard|olive oil|arugula|vinegar|chard|blueberries|pepper|cauliflower"
"dish_1561575274","cafe1","1561575274","train","train","cafe1_c02454","train","145.0","305.180023","9","olive oil|onions|salt|shallots|spinach (cooked)|millet|bok choy|beef|vinegar"
"dish_1561575300","cafe1","1561575300","train","train","cafe1_c02455","train","199.0","326.780029","10","olive oil|onions|salt|bell peppers|shallots|spinach (cooked)|millet|bok choy|beef|vinegar"
"dish_1561575327","cafe1","1561575327","train","train","cafe1_c02456","train","289.0","453.680054","11","olive oil|onions|roasted potatoes|bell peppers|salt|spinach (cooked)|shallots|bok choy|millet|beef|vinegar"
"dish_1561575347","cafe1","1561575347","train","train","cafe1_c02456","train","327.0","554.760071","12","olive oil|roasted potatoes|bell peppers|onions|shallots|spinach (cooked)|salt|millet|bok choy|pizza|beef|vinegar"
"dish_1561575410","cafe1","1561575410","train","train","cafe1_c02457","train","64.0","16.0","1","cauliflower"
"dish_1561575445","cafe1","1561575445","train","train","cafe1_c02458","train","123.0","35.458431","4","salt|eggplant|cauliflower|olive oil"
"dish_1561575474","cafe1","1561575474","train","train","cafe1_c02459","train","183.0","120.058434","5","salt|eggplant|roasted potatoes|cauliflower|olive oil"
"dish_1561575506","cafe1","1561575506","train","train","cafe1_c02460","dev","393.0","562.043274","12","olive oil|onions|shallots|salt|roasted potatoes|bok choy|millet|cauliflower|spinach (cooked)|beef|vinegar|eggplant"
"dish_1561575613","cafe1","1561575613","train","train","cafe1_c02461","train","70.0","86.411438","9","walnuts|salt|mustard|olive oil|vinegar|chard|blueberries|arugula|pepper"
"dish_1561575661","cafe1","1561575661","train","train","cafe1_c02462","train","228.0","418.952423","15","olive oil|blueberries|onions|shallots|salt|walnuts|spinach (cooked)|beef|vinegar|chard|mustard|bok choy|millet|pepper|arugula"
"dish_1561575688","cafe1","1561575688","train","train","cafe1_c02463","train","362.0","607.892395","16","olive oil|chard|vinegar|millet|bok choy|shallots|salt|onions|blueberries|arugula|beef|pepper|walnuts|roasted potatoes|spinach (cooked)|mustard"
"dish_1561575908","cafe1","1561575908","train","train","cafe1_c02464","train","40.0","106.360001","1","cheese pizza"
"dish_1561575951","cafe1","1561575951","train","train","cafe1_c02465","train","91.0","213.699173","10","salt|onions|cheese pizza|spinach (cooked)|beef|millet|bok choy|shallots|vinegar|olive oil"
"dish_1561575977","cafe1","1561575977","train","train","cafe1_c02466","train","102.0","261.076172","11","shallots|millet|spinach (cooked)|parmesan cheese|onions|olive oil|vinegar|salt|beef|bok choy|cheese pizza"
"dish_1561575996","cafe1","1561575996","train","train","cafe1_c02466","train","128.0","290.976196","12","vinegar|parmesan cheese|millet|bok choy|olives|beef|cheese pizza|salt|shallots|spinach (cooked)|onions|olive oil"
"dish_1561576026","cafe1","1561576026","train","train","cafe1_c02467","train","156.0","330.456177","13","vinegar|parmesan cheese|millet|bok choy|olives|roasted potatoes|beef|cheese pizza|salt|shallots|spinach (cooked)|olive oil|onions"
"dish_1561576051","cafe1","1561576051","train","train","cafe1_c02468","train","179.0","367.885284","27","chicken|beef|garlic|butter|arugula|wheat berry|cream|olive oil|thyme|rosemary|salt|white wine|roasted potatoes|pepper|olives|millet|parmesan cheese|vinegar|mushroom|oregano|basil|lemon juice|bok choy|onions|cheese pizza|spinach (cooked)|shallots"
"dish_1561576074","cafe1","1561576074","train","train","cafe1_c02469","train","216.0","374.54538","28","beef|cheese pizza|white wine|olives|lemon juice|thyme|rosemary|arugula|olive oil|onions|mushroom|spinach (cooked)|roasted potatoes|shallots|oregano|garlic|bok choy|millet|chicken|pepper|wheat berry|vinegar|parmesan cheese|butter|cream|basil|cherry tomatoes|salt"
"dish_1561576212","cafe1","1561576212","train","train","cafe1_c02470","train","103.0","145.229996","1","roasted potatoes"
"dish_1561576257","cafe1","1561576257","train","train","cafe1_c02471","train","134.0","180.87999","2","olives|roasted potatoes"
"dish_1561576295","cafe1","1561576295","train","train","cafe1_c02472","train","232.0","249.067139","9","onions|cucumbers|lettuce|bell peppers|roasted potatoes|olives|vinaigrette|cherry tomatoes|feta cheese"
"dish_1561576320","cafe1","1561576320","train","train","cafe1_c02473","train","383.0","494.797546","26","vinaigrette|salt|chicken|white wine|wheat berry|rosemary|mushroom|cucumbers|onions|oregano|olive oil|lettuce|pepper|olives|cherry tomatoes|feta cheese|arugula|cream|butter|shallots|garlic|thyme|bell peppers|roasted potatoes|lemon juice|basil"
"dish_1561576449","cafe1","1561576449","train","train","cafe1_c02474","dev","308.0","77.0","1","cauliflower"
"dish_1561576483","cafe1","1561576483","train","train","cafe1_c02475","train","371.0","209.595428","10","vinegar|bok choy|millet|cauliflower|beef|salt|shallots|spinach (cooked)|olive oil|onions"
"dish_1561576590","cafe1","1561576590","train","train","cafe1_c02476","train","101.0","29.231468","3","squash|olive oil|salt"
"dish_1561576618","cafe1","1561576618","train","train","cafe1_c02477","train","188.0","57.924408","4","salt|olive oil|squash|eggplant"
"dish_1561576652","cafe1","1561576652","train","train","cafe1_c02478","train","322.0","91.424408","5","salt|cauliflower|olive oil|squash|eggplant"
"dish_1561576680","cafe1","1561576680","train","train","cafe1_c02479","train","455.0","307.862427","20","salt|cauliflower|chicken|squash|eggplant|white wine|mushroom|rosemary|arugula|thyme|butter|oregano|wheat berry|basil|pepper|lemon juice|garlic|shallots|olive oil|cream"
"dish_1561576707","cafe1","1561576707","train","train","cafe1_c02480","train","492.0","324.142426","21","cream|eggplant|arugula|mushroom|garlic|salt|shallots|caesar salad|oregano|chicken|cauliflower|wheat berry|squash|pepper|butter|lemon juice|rosemary|olive oil|thyme|basil|white wine"
"dish_1561576737","cafe1","1561576737","train","train","cafe1_c02481","train","519.0","357.472565","26","salt|chard|squash|oregano|eggplant|arugula|basil|butter|olive oil|vinegar|white wine|blueberries|pepper|chicken|cauliflower|walnuts|cream|mushroom|wheat berry|caesar salad|rosemary|lemon juice|thyme|garlic|shallots|mustard"
"dish_1561576767","cafe1","1561576767","train","train","cafe1_c02482","train","621.0","408.472565","27","pepper|olive oil|shallots|garlic|thyme|basil|rosemary|caesar salad|squash|wheat berry|arugula|eggplant|cauliflower|chicken|walnuts|blueberries|salt|white wine|butter|lemon juice|vinegar|mushroom|oregano|cream|pineapple|mustard|chard"
"dish_1561576794","cafe1","1561576794","train","train","cafe1_c02483","train","738.0","654.721252","32","vinegar|shallots|rosemary|thyme|olive oil|blueberries|wheat berry|chard|beef|chicken|spinach (cooked)|onions|lemon juice|cream|squash|eggplant|mushroom|pineapple|millet|walnuts|garlic|white wine|mustard|oregano|arugula|pepper|bok choy|cauliflower|caesar salad|salt|butter|basil"
"dish_1561576887","cafe1","1561576887","train","train","cafe1_c02484","train","47.0","15.500784","3","eggplant|olive oil|salt"
"dish_1561576916","cafe1","1561576916","train","train","cafe1_c02485","train","98.0","78.457687","10","chard|blueberries|eggplant|vinegar|pepper|walnuts|salt|olive oil|mustard|arugula"
"dish_1561576954","cafe1","1561576954","train","train","cafe1_c02486","train","262.0","345.343719","23","shallots|vinegar|mushroom|chard|blueberries|mustard|salt|basil|walnuts|lemon juice|white wine|chicken|pepper|cream|thyme|wheat berry|arugula|olive oil|eggplant|oregano|rosemary|butter|garlic"
"dish_1561576978","cafe1","1561576978","train","train","cafe1_c02487","train","341.0","511.614227","28","shallots|walnuts|oregano|chicken|arugula|olive oil|mustard|mushroom|rosemary|eggplant|chard|wheat berry|cream|white wine|beef|salt|spinach (cooked)|thyme|garlic|basil|lemon juice|onions|vinegar|blueberries|bok choy|millet|pepper|butter"
"dish_1561577083","cafe1","1561577083","train","train","cafe1_c02488","train","37.0","98.382996","1","cheese pizza"
"dish_1561577119","cafe1","1561577119","train","train","cafe1_c02489","train","78.0","128.312988","2","tofu|cheese pizza"
"dish_1561577146","cafe1","1561577146","train","train","cafe1_c02490","train","99.0","154.23642","11","vinegar|olive oil|mustard|cheese pizza|walnuts|salt|pepper|arugula|blueberries|tofu|chard"
"dish_1561577177","cafe1","1561577177","train","train","cafe1_c02491","dev","156.0","234.606445","12","tofu|chard|blueberries|vinegar|pepper|cheese pizza|walnuts|salt|roasted potatoes|olive oil|mustard|arugula"
"dish_1561577198","cafe1","1561577198","train","train","cafe1_c02492","train","174.0","240.542908","13","tofu|chard|blueberries|arugula|eggplant|roasted potatoes|salt|pepper|cheese pizza|olive oil|walnuts|mustard|vinegar"
"dish_1561577219","cafe1","1561577219","train","train","cafe1_c02493","train","216.0","308.891754","26","chard|tofu|vinegar|arugula|pepper|mushroom|thyme|chicken|oregano|salt|cheese pizza|garlic|mustard|shallots|butter|eggplant|blueberries|wheat berry|cream|walnuts|roasted potatoes|basil|lemon juice|white wine|rosemary|olive oil"
"dish_1561577549","cafe1","1561577549","train","train","cafe1_c02494","train","49.0","130.340012","1","pizza"
"dish_1561577573","cafe1","1561577573","train","train","cafe1_c02495","train","346.0","755.432922","10","onions|bok choy|millet|beef|salt|spinach (cooked)|shallots|olive oil|pizza|vinegar"
"dish_1561577598","cafe1","1561577598","train","train","cafe1_c02496","train","393.0","813.452026","16","blueberries|olive oil|spinach (cooked)|millet|bok choy|walnuts|salt|mustard|arugula|vinegar|chard|beef|pepper|shallots|onions|pizza"
"dish_1561577678","cafe1","1561577678","train","train","cafe1_c02497","train","104.0","218.887756","9","beef|shallots|spinach (cooked)|salt|olive oil|onions|vinegar|millet|bok choy"
"dish_1561577701","cafe1","1561577701","train","train","cafe1_c02498","dev","263.0","258.637756","10","olive oil|onions|salt|shallots|spinach (cooked)|cauliflower|bok choy|millet|beef|vinegar"
"dish_1561577731","cafe1","1561577731","train","train","cafe1_c02499","train","334.0","274.257721","11","shallots|mushroom|salt|onions|olive oil|cauliflower|vinegar|beef|spinach (cooked)|bok choy|millet"
"dish_1561577848","cafe1","1561577848","test","test","cafe1_c02500","test","254.0","413.34787","17","salt|white wine|cream|oregano|arugula|lemon juice|olive oil|pepper|chicken|mushroom|wheat berry|butter|rosemary|thyme|shallots|garlic|basil"
"dish_1561577947","cafe1","1561577947","test","test","cafe1_c02501","test","424.0","623.204285","22","olive oil|basil|arugula|blueberries|vinegar|mustard|walnuts|white wine|salt|rosemary|oregano|cream|mushroom|wheat berry|chard|pepper|chicken|shallots|garlic|butter|lemon juice|thyme"
"dish_1561578156","cafe1","1561578156","train","train","cafe1_c02502","train","97.0","31.990978","3","eggplant|olive oil|salt"
"dish_1561578188","cafe1","1561578188","train","train","cafe1_c02503","train","201.0","57.990978","4","cauliflower|eggplant|salt|olive oil"
"dish_1561578226","cafe1","1561578226","train","train","cafe1_c02504","train","289.0","119.220253","12","bell peppers|cucumbers|salt|lettuce|onions|vinaigrette|olive oil|eggplant|feta cheese|cherry tomatoes|cauliflower|olives"
"dish_1561578323","cafe1","1561578323","train","none","cafe1_c02505","dev","43.0","114.336998","1","cheese pizza"
"dish_1561578344","cafe1","1561578344","train","train","cafe1_c02506","train","86.0","144.255859","9","onions|cucumbers|cheese pizza|lettuce|olives|bell peppers|vinaigrette|cherry tomatoes|feta cheese"
"dish_1561578373","cafe1","1561578373","train","train","cafe1_c02507","train","132.0","164.49585","10","cheese pizza|bell peppers|caesar salad|lettuce|cucumbers|onions|feta cheese|olives|cherry tomatoes|vinaigrette"
"dish_1561578394","cafe1","1561578394","train","train","cafe1_c02508","train","185.0","276.044403","18","bok choy|olives|salt|lettuce|cheese pizza|spinach (cooked)|shallots|vinegar|millet|beef|vinaigrette|cherry tomatoes|feta cheese|olive oil|onions|cucumbers|caesar salad|bell peppers"
"dish_1561578417","cafe1","1561578417","train","train","cafe1_c02509","dev","240.0","289.794373","19","olive oil|cucumbers|onions|cauliflower|spinach (cooked)|caesar salad|millet|bok choy|vinaigrette|shallots|vinegar|cheese pizza|lettuce|bell peppers|olives|salt|beef|feta cheese|cherry tomatoes"
"dish_1561578441","cafe1","1561578441","train","train","cafe1_c02510","train","309.0","387.084412","20","caesar salad|bell peppers|spinach (cooked)|roasted potatoes|lettuce|beef|cherry tomatoes|salt|feta cheese|vinegar|cucumbers|onions|olive oil|cheese pizza|shallots|vinaigrette|cauliflower|millet|bok choy|olives"
"dish_1561578461","cafe1","1561578461","train","train","cafe1_c02510","train","392.0","522.154663","34","beef|salt|bell peppers|olive oil|cucumbers|lettuce|roasted potatoes|basil|thyme|garlic|rosemary|mushroom|arugula|pepper|cauliflower|olives|bok choy|cheese pizza|white wine|caesar salad|spinach (cooked)|butter|lemon juice|oregano|millet|vinaigrette|cherry tomatoes|shallots|onions|cream|feta cheese|vinegar|wheat berry|chicken"
"dish_1561578570","cafe1","1561578570","train","train","cafe1_c02511","train","65.0","136.804855","9","millet|spinach (cooked)|salt|onions|olive oil|vinegar|beef|shallots|bok choy"
"dish_1561578603","cafe1","1561578603","train","train","cafe1_c02512","train","96.0","180.514832","10","olive oil|onions|salt|roasted potatoes|spinach (cooked)|shallots|bok choy|millet|beef|vinegar"
"dish_1561578623","cafe1","1561578623","train","train","cafe1_c02512","train","208.0","208.514832","11","olive oil|onions|salt|millet|shallots|spinach (cooked)|roasted potatoes|bok choy|beef|cauliflower|vinegar"
"dish_1561578676","cafe1","1561578676","train","train","cafe1_c02513","train","224.0","212.034836","12","onions|olive oil|cauliflower|salt|roasted potatoes|millet|spinach (cooked)|shallots|bok choy|beef|mushroom|vinegar"
"dish_1561578775","cafe1","1561578775","test","test","cafe1_c02514","test","111.0","295.148987","1","cheese pizza"
"dish_1561578800","cafe1","1561578800","test","test","cafe1_c02515","test","146.0","338.354706","10","cheese pizza|salt|mustard|olive oil|blueberries|arugula|chard|vinegar|pepper|walnuts"
"dish_1561578839","cafe1","1561578839","test","test","cafe1_c02516","test","214.0","362.154694","11","vinegar|mustard|cheese pizza|salt|walnuts|broccoli|pepper|olive oil|chard|arugula|blueberries"
"dish_1561578865","cafe1","1561578865","test","test","cafe1_c02517","test","246.0","417.185303","17","cheese|pasta|spinach (raw)|olive oil|blueberries|salt|broccoli|pesto|vinegar|cherry tomatoes|pepper|arugula|chard|onions|mustard|cheese pizza|walnuts"
"dish_1561578898","cafe1","1561578898","test","none","cafe1_c02518","test","267.0","442.549774","19","cucumbers|onions|cheese pizza|cheese|walnuts|pesto|pepper|spinach (raw)|chard|blueberries|olive oil|mustard|figs|salt|broccoli|arugula|pasta|cherry tomatoes|vinegar"
"dish_1561579505","cafe1","1561579505","train","train","cafe1_c02519","train","126.0","31.5","1","cauliflower"
"dish_1561579576","cafe1","1561579576","train","train","cafe1_c02520","train","267.0","78.00235","4","cauliflower|olive oil|salt|eggplant"
"dish_1561579617","cafe1","1561579617","train","train","cafe1_c02521","dev","304.0","130.172348","5","salt|eggplant|olive oil|cauliflower|roasted potatoes"
"dish_1561579673","cafe1","1561579673","train","train","cafe1_c02522","dev","360.0","221.304153","20","thyme|basil|mushroom|pepper|cauliflower|roasted potatoes|garlic|lemon juice|rosemary|olive oil|eggplant|oregano|arugula|chicken|shallots|salt|butter|white wine|cream|wheat berry"
"dish_1561579706","cafe1","1561579706","train","train","cafe1_c02523","train","390.0","284.444855","26","olive oil|eggplant|arugula|mushroom|vinegar|beef|spinach (cooked)|roasted potatoes|white wine|garlic|salt|basil|lemon juice|thyme|bok choy|oregano|cream|wheat berry|onions|millet|pepper|chicken|cauliflower|shallots|butter|rosemary"
"dish_1561579824","cafe1","1561579824","train","train","cafe1_c02524","train","88.0","185.212708","9","salt|spinach (cooked)|shallots|olive oil|onions|vinegar|bok choy|millet|beef"
"dish_1561579845","cafe1","1561579845","train","train","cafe1_c02525","train","163.0","307.264221","23","wheat berry|rosemary|onions|butter|white wine|pepper|spinach (cooked)|garlic|millet|bok choy|beef|arugula|cream|oregano|thyme|olive oil|lemon juice|salt|shallots|chicken|mushroom|vinegar|basil"
"dish_1561579867","cafe1","1561579867","train","train","cafe1_c02526","train","217.0","369.364288","24","lemon juice|basil|mushroom|vinegar|beef|chicken|millet|spinach (cooked)|olives|rosemary|onions|olive oil|oregano|cream|arugula|wheat berry|pepper|bok choy|garlic|shallots|salt|butter|white wine|thyme"
"dish_1561579902","cafe1","1561579902","train","train","cafe1_c02527","dev","247.0","406.397736","28","olive oil|rosemary|lemon juice|butter|pepper|chard|spinach (cooked)|shallots|chicken|millet|bok choy|walnuts|mushroom|wheat berry|thyme|onions|basil|olives|salt|garlic|white wine|mustard|blueberries|beef|arugula|vinegar|oregano|cream"
"dish_1561579933","cafe1","1561579933","train","train","cafe1_c02528","train","306.0","447.449249","34","salt|cucumbers|olive oil|basil|onions|bell peppers|feta cheese|blueberries|chicken|shallots|spinach (cooked)|lemon juice|vinegar|chard|beef|white wine|walnuts|mustard|cream|wheat berry|oregano|cherry tomatoes|millet|bok choy|olives|lettuce|garlic|thyme|butter|arugula|mushroom|rosemary|vinaigrette|pepper"
"dish_1561580278","cafe1","1561580278","train","train","cafe1_c02529","train","53.0","23.32","1","caesar salad"
"dish_1561580322","cafe1","1561580322","train","train","cafe1_c02530","train","76.0","44.25","2","caesar salad|wheat berry"
"dish_1561580370","cafe1","1561580370","train","train","cafe1_c02531","train","124.0","126.795876","8","spinach (raw)|wheat berry|cheese|cherry tomatoes|pasta|pesto|caesar salad|onions"
"dish_1561580406","cafe1","1561580406","train","train","cafe1_c02532","train","171.0","203.281494","24","wheat berry|lemon juice|onions|white wine|salt|pepper|cheese|caesar salad|pesto|cherry tomatoes|shallots|spinach (raw)|cream|butter|thyme|olive oil|rosemary|basil|garlic|chicken|mushroom|pasta|arugula|oregano"
"dish_1561580431","cafe1","1561580431","train","train","cafe1_c02533","train","197.0","258.003418","29","rosemary|basil|spinach (raw)|vinegar|cheese|chicken|pepper|beef|shallots|spinach (cooked)|onions|cream|wheat berry|white wine|caesar salad|garlic|pesto|lemon juice|butter|mushroom|arugula|millet|cherry tomatoes|pasta|salt|thyme|olive oil|oregano|bok choy"
"dish_1561580552","cafe1","1561580552","train","train","cafe1_c02534","train","89.0","22.25","1","cauliflower"
"dish_1561580608","cafe1","1561580608","train","train","cafe1_c02535","train","81.0","20.25","1","cauliflower"
"dish_1561580628","cafe1","1561580628","train","train","cafe1_c02535","train","156.0","72.434044","9","olives|cauliflower|vinaigrette|cherry tomatoes|lettuce|bell peppers|cucumbers|onions|feta cheese"
"dish_1561580659","cafe1","1561580659","train","train","cafe1_c02536","train","480.0","754.353577","17","salt|olive oil|cherry tomatoes|beef|feta cheese|cauliflower|spinach (cooked)|olives|lettuce|bell peppers|millet|cucumbers|onions|shallots|vinegar|vinaigrette|bok choy"
"dish_1561654326","cafe1","1561654326","test","test","cafe1_c02537","test","46.0","59.79258","5","vinaigrette|granola|blackberries|mixed greens|raspberries"
"dish_1561654346","cafe1","1561654346","test","test","cafe1_c02537","test","84.0","79.195488","9","olive oil|vinaigrette|pepper|mixed greens|granola|blackberries|salt|raspberries|brussels sprouts"
"dish_1561654374","cafe1","1561654374","test","test","cafe1_c02538","test","251.0","326.35553","10","blackberries|mixed greens|raspberries|scrambled eggs|brussels sprouts|olive oil|pepper|salt|vinaigrette|granola"
"dish_1561654392","cafe1","1561654392","test","test","cafe1_c02538","test","282.0","494.065491","11","olive oil|bacon|raspberries|salt|mixed greens|granola|blackberries|vinaigrette|pepper|scrambled eggs|brussels sprouts"
"dish_1561654707","cafe1","1561654707","train","train","cafe1_c02539","train","135.0","199.800003","1","scrambled eggs"
"dish_1561654732","cafe1","1561654732","train","train","cafe1_c02540","train","191.0","242.360001","2","sweet potato|scrambled eggs"
"dish_1561654756","cafe1","1561654756","train","train","cafe1_c02541","train","225.0","256.980011","3","scrambled eggs|sweet potato|brussels sprouts"
"dish_1561661324","cafe1","1561661324","test","test","cafe1_c02542","test","75.0","33.0","1","caesar salad"
"dish_1561661347","cafe1","1561661347","test","test","cafe1_c02543","test","132.0","50.669998","2","green beans|caesar salad"
"dish_1561661377","cafe1","1561661377","test","test","cafe1_c02544","test","294.0","306.333679","14","garlic|chard|brown rice|green beans|chicken|salt|carrot|caesar salad|parsley|chive|rosemary|basil|lemon juice|olive oil"
"dish_1561661449","cafe1","1561661449","train","train","cafe1_c02545","train","115.0","237.075684","8","sugar|salt|soy sauce|garlic|white rice|pepper|bok choy|pork"
"dish_1561661479","cafe1","1561661479","train","train","cafe1_c02546","train","166.0","242.17569","9","salt|garlic|sugar|soy sauce|bok choy|pork|pepper|white rice|cucumbers"
"dish_1561661500","cafe1","1561661500","train","train","cafe1_c02547","dev","268.0","374.775665","9","garlic|salt|soy sauce|sugar|cucumbers|pork|pepper|bok choy|white rice"
"dish_1561661552","cafe1","1561661552","train","train","cafe1_c02548","train","325.0","394.725677","10","garlic|soy sauce|salt|bok choy|cucumbers|pork|broccoli|pepper|white rice|sugar"
"dish_1561661806","cafe1","1561661806","train","train","cafe1_c02549","train","89.0","183.475952","8","garlic|salt|sugar|white rice|soy sauce|pork|pepper|bok choy"
"dish_1561661850","cafe1","1561661850","train","train","cafe1_c02550","train","264.0","648.975952","9","sugar|salt|soy sauce|garlic|pizza|pork|white rice|bok choy|pepper"
"dish_1561661972","cafe1","1561661972","train","train","cafe1_c02551","train","39.0","12.09","1","green beans"
"dish_1561662022","cafe1","1561662022","train","train","cafe1_c02552","train","166.0","159.686279","10","mixed greens|salt|parsley|onions|lemon juice|olive oil|green beans|vinegar|millet|apple"
"dish_1561662054","cafe1","1561662054","train","train","cafe1_c02553","train","292.0","419.438782","17","pepper|white rice|mixed greens|garlic|soy sauce|millet|lemon juice|bok choy|olive oil|onions|vinegar|green beans|pork|apple|sugar|salt|parsley"
"dish_1561662160","cafe1","1561662160","test","test","cafe1_c02554","test","36.0","41.838322","9","lemon juice|olive oil|onions|mixed greens|salt|apple|millet|parsley|vinegar"
"dish_1561662190","cafe1","1561662190","test","test","cafe1_c02555","test","104.0","117.318321","10","salt|brown rice|mixed greens|olive oil|parsley|onions|lemon juice|vinegar|millet|apple"
"dish_1561662216","cafe1","1561662216","test","test","cafe1_c02556","test","193.0","300.794281","17","soy sauce|garlic|white rice|parsley|onions|brown rice|vinegar|apple|mixed greens|sugar|salt|lemon juice|olive oil|pork|bok choy|pepper|millet"
"dish_1561662358","cafe1","1561662358","train","train","cafe1_c02557","dev","91.0","96.551003","1","corn on the cob"
"dish_1561662458","cafe1","1561662458","train","train","cafe1_c02558","train","119.0","124.815498","11","lettuce|lime|salt|mixed greens|onions|cucumbers|vinegar|corn on the cob|olive oil|pepper|cherry tomatoes"
"dish_1561662501","cafe1","1561662501","train","train","cafe1_c02559","train","165.0","158.395508","12","olive oil|pepper|corn on the cob|vinegar|cherry tomatoes|salt|mixed greens|lettuce|lime|cucumbers|onions|tofu"
"dish_1561662532","cafe1","1561662532","train","train","cafe1_c02560","train","191.0","166.455505","13","tofu|onions|cucumbers|salt|lettuce|lime|mixed greens|cherry tomatoes|pepper|green beans|corn on the cob|vinegar|olive oil"
"dish_1561662562","cafe1","1561662562","train","train","cafe1_c02561","train","289.0","368.485199","19","lime|pork|olive oil|tofu|green beans|onions|corn on the cob|vinegar|bok choy|salt|lettuce|garlic|pepper|cherry tomatoes|white rice|cucumbers|soy sauce|mixed greens|sugar"
"dish_1561662814","cafe1","1561662814","test","test","cafe1_c02562","test","20.0","23.243509","9","olive oil|salt|lemon juice|onions|parsley|mixed greens|apple|millet|vinegar"
"dish_1561662842","cafe1","1561662842","test","test","cafe1_c02563","test","172.0","263.125488","17","apple|vinegar|parsley|onions|carrot|salt|chive|chicken|millet|garlic|chard|brown rice|lemon juice|rosemary|olive oil|basil|mixed greens"
"dish_1561662869","cafe1","1561662869","test","test","cafe1_c02564","test","192.0","284.34552","18","basil|chicken|apple|chard|brown rice|lemon juice|rosemary|onions|salt|chive|millet|corn on the cob|vinegar|parsley|garlic|olive oil|carrot|mixed greens"
"dish_1561662926","cafe1","1561662926","test","test","cafe1_c02565","test","213.0","288.335541","18","millet|rosemary|parsley|brown rice|lemon juice|vinegar|corn on the cob|garlic|salt|apple|chicken|chard|onions|basil|olive oil|mixed greens|carrot|chive"
"dish_1561662948","cafe1","1561662948","train","train","cafe1_c02566","train","230.0","293.605499","19","mixed greens|olive oil|parsley|lemon juice|brown rice|corn on the cob|vinegar|chicken|millet|chive|garlic|salt|carrot|onions|rosemary|basil|green beans|chard|apple"
"dish_1561663035","cafe1","1561663035","train","train","cafe1_c02567","train","99.0","263.240997","1","cheese pizza"
"dish_1561663068","cafe1","1561663068","train","train","cafe1_c02568","train","168.0","332.892792","11","lime|lettuce|mixed greens|olive oil|onions|cucumbers|vinegar|pepper|salt|cheese pizza|cherry tomatoes"
"dish_1561663541","cafe1","1561663541","test","test","cafe1_c02569","test","112.0","124.32","1","brown rice"
"dish_1561663580","cafe1","1561663580","test","test","cafe1_c02570","test","307.0","432.063416","12","chicken|chard|brown rice|salt|parsley|olive oil|rosemary|basil|lemon juice|chive|garlic|carrot"
"dish_1561663606","cafe1","1561663606","test","test","cafe1_c02571","test","347.0","474.503387","13","garlic|carrot|parsley|olive oil|basil|rosemary|lemon juice|brown rice|chard|salt|corn on the cob|chicken|chive"
"dish_1561663786","cafe1","1561663786","train","train","cafe1_c02572","dev","44.0","46.683998","1","corn on the cob"
"dish_1561663817","cafe1","1561663817","train","train","cafe1_c02573","train","86.0","95.495369","10","salt|mixed greens|olive oil|lemon juice|onions|parsley|corn on the cob|vinegar|millet|apple"
"dish_1561663855","cafe1","1561663855","train","train","cafe1_c02574","dev","139.0","179.138412","18","parsley|lemon juice|chive|garlic|millet|apple|brown rice|corn on the cob|vinegar|onions|olive oil|rosemary|basil|salt|chicken|mixed greens|carrot|chard"
"dish_1561663891","cafe1","1561663891","train","train","cafe1_c02575","train","172.0","247.168854","24","millet|soy sauce|white rice|vinegar|chard|brown rice|pork|pepper|sugar|chive|onions|basil|salt|garlic|mixed greens|apple|chicken|corn on the cob|olive oil|rosemary|lemon juice|parsley|bok choy|carrot"
"dish_1561663914","cafe1","1561663914","train","train","cafe1_c02576","train","205.0","257.398834","25","chicken|chive|garlic|vinegar|corn on the cob|soy sauce|pork|pepper|olive oil|white rice|carrot|apple|bok choy|chard|brown rice|green beans|basil|rosemary|salt|lemon juice|parsley|onions|sugar|mixed greens|millet"
"dish_1561663990","cafe1","1561663990","train","train","cafe1_c02577","train","115.0","181.4897","12","brown rice|rosemary|olive oil|parsley|carrot|chive|salt|chicken|garlic|lemon juice|chard|basil"
"dish_1561664013","cafe1","1561664013","train","train","cafe1_c02578","train","163.0","280.443024","18","chicken|garlic|white rice|pepper|brown rice|pork|olive oil|sugar|lemon juice|basil|carrot|bok choy|chard|parsley|rosemary|salt|chive|soy sauce"
"dish_1561664042","cafe1","1561664042","train","train","cafe1_c02579","train","209.0","285.042999","19","pepper|chard|brown rice|olive oil|soy sauce|lemon juice|basil|chive|garlic|salt|cucumbers|white rice|chicken|pork|rosemary|parsley|sugar|bok choy|carrot"
"dish_1561664061","cafe1","1561664061","train","train","cafe1_c02579","train","269.0","303.643036","20","bok choy|chicken|pepper|green beans|pork|olive oil|cucumbers|parsley|salt|carrot|garlic|soy sauce|chive|white rice|chard|brown rice|sugar|lemon juice|basil|rosemary"
"dish_1561664977","cafe1","1561664977","train","train","cafe1_c02580","train","47.0","14.57","1","green beans"
"dish_1561665024","cafe1","1561665024","train","train","cafe1_c02581","train","121.0","100.570984","10","lemon juice|onions|olive oil|mixed greens|parsley|salt|apple|millet|green beans|vinegar"
"dish_1561665065","cafe1","1561665065","train","train","cafe1_c02582","train","303.0","387.798126","18","millet|green beans|vinegar|brown rice|rosemary|salt|basil|mixed greens|carrot|apple|chicken|chard|olive oil|lemon juice|parsley|onions|chive|garlic"
"dish_1561665378","cafe1","1561665378","train","train","cafe1_c02583","train","70.0","74.269997","1","corn on the cob"
"dish_1561665422","cafe1","1561665422","train","train","cafe1_c02584","train","385.0","571.39386","13","carrot|lemon juice|parsley|brown rice|olive oil|rosemary|corn on the cob|chard|basil|garlic|chicken|salt|chive"
"dish_1561665452","cafe1","1561665452","train","train","cafe1_c02585","train","431.0","624.853943","18","chard|brown rice|vinegar|olive oil|basil|salt|millet|chive|carrot|apple|chicken|onions|corn on the cob|lemon juice|parsley|rosemary|garlic|mixed greens"
"dish_1561665626","cafe1","1561665626","train","train","cafe1_c02586","train","49.0","51.988998","1","corn on the cob"
"dish_1561665671","cafe1","1561665671","train","train","cafe1_c02587","train","89.0","158.389008","2","corn on the cob|pizza"
"dish_1561665706","cafe1","1561665706","train","train","cafe1_c02588","train","228.0","386.348969","3","chickpeas|corn on the cob|pizza"
"dish_1561665747","cafe1","1561665747","train","train","cafe1_c02589","train","314.0","486.296082","12","mixed greens|chickpeas|apple|lemon juice|pizza|onions|parsley|olive oil|corn on the cob|vinegar|millet|salt"
"dish_1561666619","cafe1","1561666619","train","train","cafe1_c02590","dev","52.0","35.880001","1","grapes"
"dish_1561666640","cafe1","1561666640","train","train","cafe1_c02591","train","90.0","48.800003","2","cantaloupe|grapes"
"dish_1561666761","cafe1","1561666761","train","train","cafe1_c02592","train","43.0","114.336998","1","cheese pizza"
"dish_1561666794","cafe1","1561666794","train","train","cafe1_c02593","train","97.0","138.097","2","cheese pizza|caesar salad"
"dish_1561666821","cafe1","1561666821","train","train","cafe1_c02594","train","170.0","211.78656","12","caesar salad|lettuce|onions|cheese pizza|cucumbers|lime|vinegar|pepper|cherry tomatoes|salt|olive oil|mixed greens"
"dish_1561666849","cafe1","1561666849","train","train","cafe1_c02595","train","298.0","347.594604","13","mixed greens|lime|cheese pizza|lettuce|cucumbers|onions|olive oil|corn on the cob|vinegar|pepper|cherry tomatoes|salt|caesar salad"
"dish_1561666875","cafe1","1561666875","train","train","cafe1_c02596","train","359.0","443.862976","23","chive|corn on the cob|vinegar|cherry tomatoes|brown rice|olive oil|basil|lemon juice|garlic|lime|caesar salad|carrot|pepper|chard|parsley|rosemary|cheese pizza|cucumbers|onions|salt|lettuce|chicken|mixed greens"
"dish_1561666897","cafe1","1561666897","train","train","cafe1_c02597","train","402.0","532.508606","28","carrot|chicken|basil|lemon juice|vinegar|pork|bok choy|parsley|salt|cucumbers|onions|sugar|mixed greens|caesar salad|garlic|cherry tomatoes|pepper|corn on the cob|brown rice|chard|white rice|olive oil|soy sauce|chive|rosemary|lettuce|cheese pizza|lime"
"dish_1561666923","cafe1","1561666923","train","train","cafe1_c02598","dev","425.0","539.63855","29","lettuce|parsley|olive oil|soy sauce|rosemary|cucumbers|onions|brown rice|corn on the cob|vinegar|pepper|cheese pizza|chicken|chive|sugar|caesar salad|lemon juice|chard|pork|bok choy|cherry tomatoes|salt|garlic|mixed greens|basil|green beans|white rice|carrot|lime"
"dish_1561667207","cafe1","1561667207","test","test","cafe1_c02599","test","121.0","249.444839","8","garlic|salt|sugar|bok choy|pork|pepper|white rice|soy sauce"
"dish_1561667238","cafe1","1561667238","test","test","cafe1_c02600","test","165.0","268.80484","9","caesar salad|salt|sugar|garlic|soy sauce|bok choy|white rice|pork|pepper"
"dish_1561667430","cafe1","1561667430","train","train","cafe1_c02601","train","166.0","342.213593","8","soy sauce|white rice|sugar|salt|pork|pepper|bok choy|garlic"
"dish_1561736715","cafe1","1561736715","train","train","cafe1_c02602","train","109.0","161.320007","1","scrambled eggs"
"dish_1561736736","cafe1","1561736736","train","train","cafe1_c02603","train","145.0","356.080017","2","scrambled eggs|bacon"
"dish_1561737176","cafe1","1561737176","train","train","cafe1_c02604","train","117.0","403.182007","1","sausage"
"dish_1561737200","cafe1","1561737200","train","train","cafe1_c02605","train","262.0","478.582001","2","egg whites|sausage"
"dish_1561737223","cafe1","1561737223","train","train","cafe1_c02606","train","334.0","503.782013","3","sausage|broccoli|egg whites"
"dish_1561737248","cafe1","1561737248","train","train","cafe1_c02607","dev","394.0","699.382019","4","sausage|egg whites|hash browns|broccoli"
"dish_1561737271","cafe1","1561737271","train","train","cafe1_c02608","train","520.0","762.381958","5","sausage|hash browns|pineapple|broccoli|egg whites"
"dish_1561737293","cafe1","1561737293","train","train","cafe1_c02609","train","636.0","801.822021","6","broccoli|cantaloupe|sausage|pineapple|egg whites|hash browns"
"dish_1561737776","cafe1","1561737776","train","train","cafe1_c02610","train","139.0","375.299988","2","bagels|cream cheese"
"dish_1561737839","cafe1","1561737839","train","train","cafe1_c02611","train","370.0","210.899994","1","berries"
"dish_1561739160","cafe1","1561739160","test","test","cafe1_c02612","test","61.0","34.77","1","berries"
"dish_1561739188","cafe1","1561739188","test","test","cafe1_c02613","test","143.0","97.089996","2","berries|sweet potato"
"dish_1561739212","cafe1","1561739212","test","test","cafe1_c02614","test","214.0","134.01001","3","berries|egg whites|sweet potato"
"dish_1561739238","cafe1","1561739238","test","test","cafe1_c02615","test","257.0","274.190002","4","egg whites|hash browns|berries|sweet potato"
"dish_1561739265","cafe1","1561739265","test","test","cafe1_c02616","test","308.0","292.040009","5","sweet potato|hash browns|broccoli|egg whites|berries"
"dish_1561739576","cafe1","1561739576","train","train","cafe1_c02617","train","84.0","63.84","1","sweet potato"
"dish_1561739623","cafe1","1561739623","train","train","cafe1_c02618","train","348.0","156.240005","2","broccoli|sweet potato"
"dish_1561739649","cafe1","1561739649","train","train","cafe1_c02619","train","388.0","208.233551","7","sweet potato|broccoli|raspberries|granola|blackberries|mixed greens|vinaigrette"
"dish_1561739719","cafe1","1561739719","train","train","cafe1_c02620","train","637.0","350.163513","8","sweet potato|broccoli|raspberries|berries|mixed greens|blackberries|granola|vinaigrette"
"dish_1561739760","cafe1","1561739760","train","train","cafe1_c02621","train","937.0","452.163513","9","vinaigrette|granola|blackberries|berries|mixed greens|broccoli|raspberries|cantaloupe|sweet potato"
"dish_1561739805","cafe1","1561739805","train","train","cafe1_c02622","train","1102.0","696.363525","10","raspberries|broccoli|berries|sweet potato|scrambled eggs|cantaloupe|vinaigrette|mixed greens|blackberries|granola"
"dish_1561739930","cafe1","1561739930","train","train","cafe1_c02623","train","79.0","60.040001","1","sweet potato"
"dish_1561739954","cafe1","1561739954","train","train","cafe1_c02624","train","225.0","276.119995","2","sweet potato|scrambled eggs"
"dish_1561739973","cafe1","1561739973","train","train","cafe1_c02624","train","280.0","295.369995","3","broccoli|scrambled eggs|sweet potato"
"dish_1561740321","cafe1","1561740321","train","train","cafe1_c02625","dev","28.0","52.980408","8","bell peppers|garlic|salt|olive oil|cucumbers|mustard|vinegar|radishes"
"dish_1561740353","cafe1","1561740353","train","train","cafe1_c02626","dev","96.0","75.42041","9","bell peppers|garlic|strawberries|cucumbers|mustard|salt|olive oil|vinegar|radishes"
"dish_1561740385","cafe1","1561740385","train","train","cafe1_c02627","train","139.0","99.374557","10","radishes|salt|broccoli|olive oil|mustard|cucumbers|vinegar|strawberries|garlic|bell peppers"
"dish_1561740411","cafe1","1561740411","train","train","cafe1_c02628","train","297.0","333.214539","11","bell peppers|strawberries|radishes|scrambled eggs|vinegar|mustard|olive oil|cucumbers|broccoli|salt|garlic"
"dish_1561741063","cafe1","1561741063","test","test","cafe1_c02629","test","135.0","132.300003","1","cottage cheese"
"dish_1561741090","cafe1","1561741090","test","test","cafe1_c02630","test","221.0","161.540009","2","cottage cheese|cantaloupe"
"dish_1561741139","cafe1","1561741139","train","train","cafe1_c02631","train","20.0","108.199997","1","bacon"
"dish_1561741174","cafe1","1561741174","train","train","cafe1_c02632","train","113.0","245.839996","2","scrambled eggs|bacon"
"dish_1561746876","cafe1","1561746876","train","train","cafe1_c02633","train","84.0","149.435959","7","arugula|salt|thyme|salmon|olive oil|pepper|brown rice"
"dish_1561746912","cafe1","1561746912","train","train","cafe1_c02634","train","210.0","264.095947","8","salt|thyme|olive oil|arugula|brown rice|wheat berry|pepper|salmon"
"dish_1561746970","cafe1","1561746970","train","train","cafe1_c02635","train","363.0","303.636078","14","garlic|salt|tatsoi|thyme|olive oil|kale|cucumbers|brown rice|arugula|lemon juice|parsley|wheat berry|pepper|salmon"
"dish_1561747075","cafe1","1561747075","train","train","cafe1_c02636","train","301.0","646.588074","10","garlic|tomatoes|onions|salt|tortilla|chili|olive oil|chicken thighs|cilantro|cheese"
"dish_1561748274","cafe1","1561748274","train","train","cafe1_c02637","train","260.0","558.514648","10","garlic|onions|chili|salt|tortilla|cilantro|olive oil|chicken thighs|cheese|tomatoes"
"dish_1561748862","cafe1","1561748862","train","train","cafe1_c02638","train","87.0","154.772949","7","arugula|brown rice|salmon|thyme|olive oil|pepper|salt"
"dish_1561748950","cafe1","1561748950","train","train","cafe1_c02639","train","205.0","197.252945","8","salt|olive oil|thyme|honeydew melons|brown rice|arugula|pepper|salmon"
"dish_1561749016","cafe1","1561749016","train","train","cafe1_c02640","train","272.0","280.118103","13","salmon|celery root|salt|mustard|cherry tomatoes|thyme|olive oil|vinegar|brown rice|arugula|pepper|mixed greens|honeydew melons"
"dish_1561749061","cafe1","1561749061","train","train","cafe1_c02641","train","360.0","302.860138","19","garlic|salmon|pepper|arugula|brown rice|cherry tomatoes|tatsoi|mustard|kale|lemon juice|parsley|celery root|mixed greens|honeydew melons|vinegar|thyme|olive oil|cucumbers|salt"
"dish_1561749348","cafe1","1561749348","train","train","cafe1_c02642","train","93.0","165.446945","7","brown rice|arugula|salmon|thyme|olive oil|pepper|salt"
"dish_1561749392","cafe1","1561749392","train","train","cafe1_c02643","train","210.0","416.778564","15","chicken thighs|olive oil|salt|garlic|cheese|salmon|pepper|cilantro|brown rice|arugula|thyme|tortilla|onions|tomatoes|chili"
"dish_1561749664","cafe1","1561749664","train","train","cafe1_c02644","train","162.0","288.197937","7","thyme|olive oil|salt|brown rice|arugula|pepper|salmon"
"dish_1561749711","cafe1","1561749711","train","train","cafe1_c02645","train","228.0","300.077911","8","salmon|salt|thyme|olive oil|arugula|brown rice|cherry tomatoes|pepper"
"dish_1561749750","cafe1","1561749750","train","train","cafe1_c02646","train","315.0","330.527924","9","cherry tomatoes|salt|broccoli|thyme|olive oil|arugula|brown rice|salmon|pepper"
"dish_1561749778","cafe1","1561749778","train","train","cafe1_c02647","train","340.0","334.527893","10","olive oil|thyme|salt|broccoli|salmon|cherry tomatoes|pepper|brown rice|arugula|radishes"
"dish_1561749818","cafe1","1561749818","train","train","cafe1_c02648","train","395.0","340.027893","11","brown rice|arugula|salmon|cherry tomatoes|pepper|salt|broccoli|radishes|olive oil|thyme|cucumbers"
"dish_1561749857","cafe1","1561749857","train","train","cafe1_c02649","train","447.0","366.579254","12","arugula|brown rice|cucumbers|salmon|cherry tomatoes|pepper|radishes|salt|broccoli|brussels sprouts|olive oil|thyme"
"dish_1561749908","cafe1","1561749908","train","train","cafe1_c02650","dev","472.0","377.262177","13","salt|cherry tomatoes|radishes|olive oil|thyme|cucumbers|arugula|brown rice|brussels sprouts|turnips|broccoli|salmon|pepper"
"dish_1561751897","cafe1","1561751897","train","train","cafe1_c02651","train","199.0","354.020905","7","brown rice|arugula|salmon|thyme|olive oil|pepper|salt"
"dish_1561751958","cafe1","1561751958","train","train","cafe1_c02652","train","293.0","381.226379","8","arugula|brown rice|squash|salmon|pepper|salt|olive oil|thyme"
"dish_1561752035","cafe1","1561752035","train","train","cafe1_c02653","train","374.0","454.936401","9","brown rice|arugula|wheat berry|pepper|salmon|salt|thyme|olive oil|squash"
"dish_1561752449","cafe1","1561752449","train","train","cafe1_c02654","dev","134.0","287.849854","10","tomatoes|garlic|onions|chili|tortilla|salt|olive oil|chicken thighs|cilantro|cheese"
"dish_1561752481","cafe1","1561752481","train","train","cafe1_c02655","train","169.0","297.979553","11","tortilla|tomatoes|cheese|garlic|squash|cilantro|chili|salt|onions|chicken thighs|olive oil"
"dish_1561752509","cafe1","1561752509","train","train","cafe1_c02656","train","224.0","321.482025","12","tortilla|onions|chicken thighs|squash|cheese|tomatoes|salt|chili|garlic|cilantro|olive oil|turnips"
"dish_1561752535","cafe1","1561752535","train","train","cafe1_c02657","train","307.0","358.001984","13","cilantro|garlic|chili|salt|tortilla|onions|tomatoes|olive oil|chicken thighs|squash|caesar salad|turnips|cheese"
"dish_1561752563","cafe1","1561752563","train","train","cafe1_c02658","train","367.0","373.507965","19","cheese|turnips|caesar salad|pepper|tatsoi|onions|cucumbers|kale|chili|lemon juice|garlic|parsley|squash|chicken thighs|olive oil|tortilla|salt|cilantro|tomatoes"
"dish_1561752680","cafe1","1561752680","train","train","cafe1_c02659","dev","175.0","465.324982","1","cheese pizza"
"dish_1561752970","cafe1","1561752970","train","train","cafe1_c02660","train","299.0","642.29187","10","garlic|onions|chili|tortilla|salt|olive oil|chicken thighs|cilantro|cheese|tomatoes"
"dish_1561752996","cafe1","1561752996","train","train","cafe1_c02661","train","415.0","848.655762","15","garlic|arugula|brown rice|thyme|salt|cilantro|cheese|salmon|pepper|chicken thighs|olive oil|tortilla|onions|tomatoes|chili"
"dish_1561753021","cafe1","1561753021","train","train","cafe1_c02662","train","573.0","918.175781","16","garlic|cheese|pepper|arugula|brown rice|caesar salad|chicken thighs|onions|olive oil|salt|cilantro|salmon|thyme|tortilla|tomatoes|chili"
"dish_1561753075","cafe1","1561753075","train","train","cafe1_c02663","train","668.0","945.670715","17","garlic|salmon|chicken thighs|onions|olive oil|chili|caesar salad|cilantro|cheese|pepper|brown rice|arugula|squash|thyme|tortilla|salt|tomatoes"
"dish_1561753168","cafe1","1561753168","train","train","cafe1_c02664","dev","138.0","245.501923","7","brown rice|arugula|salmon|thyme|olive oil|pepper|salt"
"dish_1561753203","cafe1","1561753203","train","train","cafe1_c02665","train","207.0","265.471954","8","brown rice|arugula|pepper|salmon|salt|thyme|olive oil|squash"
"dish_1561753238","cafe1","1561753238","train","train","cafe1_c02666","train","333.0","298.034393","14","olive oil|arugula|brown rice|pepper|squash|kale|salmon|parsley|garlic|lemon juice|salt|tatsoi|thyme|cucumbers"
"dish_1561753275","cafe1","1561753275","train","train","cafe1_c02667","train","397.0","330.034393","15","arugula|brown rice|squash|olive oil|cucumbers|lemon juice|parsley|garlic|pineapple|salmon|pepper|tatsoi|thyme|kale|salt"
"dish_1561753371","cafe1","1561753371","train","train","cafe1_c02668","train","103.0","221.257736","10","olive oil|chicken thighs|cheese|tomatoes|garlic|chili|salt|cilantro|tortilla|onions"
"dish_1561753400","cafe1","1561753400","train","train","cafe1_c02669","dev","178.0","354.682678","15","cheese|salmon|olive oil|tortilla|salt|garlic|pepper|brown rice|arugula|thyme|chicken thighs|onions|tomatoes|cilantro|chili"
"dish_1561753432","cafe1","1561753432","train","train","cafe1_c02670","train","238.0","380.321686","16","garlic|salmon|pepper|brown rice|olive oil|tomatoes|turnips|cilantro|cheese|arugula|thyme|chicken thighs|tortilla|onions|salt|chili"
"dish_1561753477","cafe1","1561753477","train","train","cafe1_c02671","train","280.0","432.267029","21","tomatoes|celery root|salmon|cheese|vinegar|brown rice|onions|turnips|olive oil|thyme|chili|cherry tomatoes|pepper|chicken thighs|mustard|arugula|tortilla|mixed greens|cilantro|salt|garlic"
"dish_1561753589","cafe1","1561753589","train","train","cafe1_c02672","train","78.0","138.761963","7","arugula|brown rice|salt|pepper|thyme|salmon|olive oil"
"dish_1561753623","cafe1","1561753623","train","train","cafe1_c02673","dev","149.0","159.310791","8","olive oil|thyme|squash|salt|salmon|pepper|arugula|brown rice"
"dish_1561753649","cafe1","1561753649","train","train","cafe1_c02674","train","196.0","164.010803","9","brown rice|squash|cucumbers|salmon|pepper|salt|thyme|olive oil|arugula"
"dish_1561996084","cafe1","1561996084","train","none","cafe1_c02675","train","38.0","205.579987","1","bacon"
"dish_1561996122","cafe1","1561996122","train","none","cafe1_c02676","train","173.0","405.380005","2","scrambled eggs|bacon"
"dish_1561996369","cafe1","1561996369","train","none","cafe1_c02677","train","271.0","401.080017","1","scrambled eggs"
"dish_1561996401","cafe1","1561996401","train","none","cafe1_c02678","train","548.0","611.600037","2","sweet potato|scrambled eggs"
"dish_1561996428","cafe1","1561996428","train","none","cafe1_c02679","dev","674.0","681.79126","4","olive oil|broccoli|scrambled eggs|sweet potato"
"dish_1561996535","cafe1","1561996535","train","none","cafe1_c02680","train","34.0","11.56","1","cantaloupe"
"dish_1561996554","cafe1","1561996554","train","none","cafe1_c02680","train","83.0","29.200001","2","cantaloupe|honeydew melons"
"dish_1561996579","cafe1","1561996579","train","none","cafe1_c02681","train","131.0","211.455994","3","turkey bacon|cantaloupe|honeydew melons"
"dish_1561996612","cafe1","1561996612","train","none","cafe1_c02682","train","220.0","336.945984","4","roasted potatoes|honeydew melons|turkey bacon|cantaloupe"
"dish_1561996647","cafe1","1561996647","train","none","cafe1_c02683","train","330.0","499.745972","5","cantaloupe|roasted potatoes|honeydew melons|scrambled eggs|turkey bacon"
"dish_1561996750","cafe1","1561996750","train","none","cafe1_c02684","train","43.0","29.67","1","grapes"
"dish_1561996786","cafe1","1561996786","train","none","cafe1_c02685","train","99.0","119.269997","2","grapes|chicken apple sausage"
"dish_1561996813","cafe1","1561996813","train","none","cafe1_c02686","train","159.0","150.470001","3","grapes|egg whites|chicken apple sausage"
"dish_1561996836","cafe1","1561996836","train","none","cafe1_c02687","train","210.0","178.880737","5","broccoli|egg whites|grapes|olive oil|chicken apple sausage"
"dish_1561996859","cafe1","1561996859","train","none","cafe1_c02688","dev","295.0","227.330719","6","chicken apple sausage|broccoli|berries|egg whites|grapes|olive oil"
"dish_1561996893","cafe1","1561996893","train","none","cafe1_c02689","train","353.0","309.110748","7","chicken apple sausage|berries|grapes|olive oil|egg whites|roasted potatoes|broccoli"
"dish_1561997248","cafe1","1561997248","test","none","cafe1_c02690","test","21.0","113.610001","1","bacon"
"dish_1561997274","cafe1","1561997274","test","none","cafe1_c02691","test","185.0","356.330017","2","scrambled eggs|bacon"
"dish_1561997299","cafe1","1561997299","test","none","cafe1_c02692","test","282.0","410.366089","4","olive oil|broccoli|bacon|scrambled eggs"
"dish_1561997365","cafe1","1561997365","train","none","cafe1_c02693","train","168.0","98.951996","1","yogurt"
"dish_1561997401","cafe1","1561997401","train","none","cafe1_c02694","train","335.0","194.141998","2","yogurt|berries"
"dish_1561997900","cafe1","1561997900","train","none","cafe1_c02695","train","60.0","84.599998","1","roasted potatoes"
"dish_1561997933","cafe1","1561997933","train","none","cafe1_c02696","dev","107.0","159.800003","2","roasted potatoes|chicken apple sausage"
"dish_1561999287","cafe1","1561999287","train","none","cafe1_c02697","train","90.0","50.136581","2","broccoli|olive oil"
"dish_1561999309","cafe1","1561999309","train","none","cafe1_c02698","train","127.0","98.230621","7","broccoli|raspberries|mixed greens|vinaigrette|olive oil|granola|blackberries"
"dish_1561999332","cafe1","1561999332","train","none","cafe1_c02699","dev","157.0","260.530609","8","bacon|blackberries|vinaigrette|granola|broccoli|raspberries|mixed greens|olive oil"
"dish_1561999355","cafe1","1561999355","train","none","cafe1_c02700","dev","294.0","463.290619","9","scrambled eggs|blackberries|granola|vinaigrette|raspberries|broccoli|bacon|mixed greens|olive oil"
"dish_1561999624","cafe1","1561999624","test","none","cafe1_c02701","test","245.0","362.600006","1","scrambled eggs"
"dish_1561999706","cafe1","1561999706","test","none","cafe1_c02702","test","502.0","557.919983","2","scrambled eggs|sweet potato"
"dish_1562007739","cafe1","1562007739","train","train","cafe1_c02703","train","65.0","28.6","1","caesar salad"
"dish_1562007763","cafe1","1562007763","train","train","cafe1_c02704","train","298.0","290.70047","10","salt|arugula|quinoa|parsley|caesar salad|garlic|shallots|lemon juice|thyme|olive oil"
"dish_1562007789","cafe1","1562007789","train","train","cafe1_c02705","train","322.0","302.954895","12","garlic|caesar salad|shallots|brussels sprouts|thyme|olive oil|lemon juice|parsley|pepper|arugula|salt|quinoa"
"dish_1562007817","cafe1","1562007817","train","train","cafe1_c02706","train","391.0","444.121399","18","garlic|shallots|quinoa|brussels sprouts|thyme|wheat berry|cabbage|lemon juice|caesar salad|carrot|pepper|mayonnaise|jalapenos|arugula|pork|olive oil|parsley|salt"
"dish_1562007842","cafe1","1562007842","train","train","cafe1_c02707","train","434.0","492.281372","19","caesar salad|garlic|pepper|arugula|quinoa|brussels sprouts|pork|thyme|parsley|lemon juice|couscous|shallots|carrot|jalapenos|mayonnaise|wheat berry|olive oil|cabbage|salt"
"dish_1562007866","cafe1","1562007866","train","train","cafe1_c02708","dev","465.0","497.861359","20","caesar salad|quinoa|jalapenos|pork|parsley|lemon juice|garlic|shallots|carrot|pepper|cherry tomatoes|mayonnaise|arugula|olive oil|wheat berry|thyme|brussels sprouts|cabbage|salt|couscous"
"dish_1562007904","cafe1","1562007904","train","train","cafe1_c02709","train","489.0","525.461365","21","shallots|arugula|pepper|quinoa|mayonnaise|couscous|brussels sprouts|pork|wheat berry|thyme|lemon juice|caesar salad|salt|garlic|carrot|cherry tomatoes|jalapenos|olive oil|parsley|cabbage|olives"
"dish_1562008394","cafe1","1562008394","train","train","cafe1_c02710","train","24.0","2.4","1","cucumbers"
"dish_1562008429","cafe1","1562008429","train","train","cafe1_c02711","train","69.0","94.465088","13","jalapenos|lemon juice|wheat berry|pork|carrot|pepper|salt|cabbage|cucumbers|garlic|olive oil|parsley|mayonnaise"
"dish_1562008476","cafe1","1562008476","train","train","cafe1_c02712","train","120.0","120.505836","14","olive oil|brussels sprouts|lemon juice|parsley|cucumbers|garlic|salt|carrot|cabbage|pepper|pork|wheat berry|jalapenos|mayonnaise"
"dish_1562008517","cafe1","1562008517","train","train","cafe1_c02713","train","370.0","401.729523","18","garlic|arugula|mayonnaise|thyme|olive oil|parsley|cucumbers|salt|shallots|pepper|quinoa|jalapenos|wheat berry|pork|brussels sprouts|lemon juice|cabbage|carrot"
"dish_1562008549","cafe1","1562008549","train","train","cafe1_c02714","train","405.0","417.129517","19","thyme|garlic|cucumbers|parsley|brussels sprouts|jalapenos|mayonnaise|wheat berry|pork|arugula|shallots|caesar salad|pepper|salt|carrot|olive oil|cabbage|lemon juice|quinoa"
"dish_1562008695","cafe1","1562008695","train","train","cafe1_c02715","train","72.0","18.0","1","cauliflower"
"dish_1562008738","cafe1","1562008738","train","train","cafe1_c02716","train","109.0","64.066612","10","arugula|chard|vinegar|cauliflower|garlic|salt|olive oil|mustard|pecans|blueberries"
"dish_1562008780","cafe1","1562008780","train","train","cafe1_c02717","train","195.0","180.846405","14","goat cheese|vinegar|chard|blueberries|arugula|mixed greens|garlic|cauliflower|olives|pears|salt|pecans|mustard|olive oil"
"dish_1562008813","cafe1","1562008813","train","train","cafe1_c02718","train","225.0","214.593262","19","pears|quinoa|shallots|olive oil|lemon juice|mustard|vinegar|arugula|garlic|mixed greens|goat cheese|thyme|pecans|parsley|chard|blueberries|olives|cauliflower|salt"
"dish_1562008842","cafe1","1562008842","train","train","cafe1_c02719","dev","294.0","355.759705","26","parsley|mixed greens|garlic|olive oil|mustard|shallots|mayonnaise|chard|vinegar|cabbage|olives|pepper|quinoa|pears|salt|goat cheese|carrot|thyme|arugula|pecans|blueberries|lemon juice|pork|cauliflower|wheat berry|jalapenos"
"dish_1562008936","cafe1","1562008936","test","test","cafe1_c02720","test","131.0","57.639999","1","caesar salad"
"dish_1562008979","cafe1","1562008979","test","test","cafe1_c02721","test","290.0","382.936646","13","jalapenos|lemon juice|pork|wheat berry|cabbage|pepper|salt|carrot|garlic|caesar salad|olive oil|parsley|mayonnaise"
"dish_1562009006","cafe1","1562009006","test","test","cafe1_c02722","test","323.0","470.716644","14","wheat berry|olive oil|jalapenos|pork|salt|pizza|cabbage|garlic|caesar salad|carrot|parsley|lemon juice|mayonnaise|pepper"
"dish_1562009098","cafe1","1562009098","train","train","cafe1_c02723","train","96.0","70.080002","1","tofu"
"dish_1562009120","cafe1","1562009120","train","train","cafe1_c02724","train","146.0","95.610138","5","brussels sprouts|tofu|salt|pepper|olive oil"
"dish_1562009148","cafe1","1562009148","train","train","cafe1_c02725","dev","210.0","226.547165","14","carrot|mayonnaise|pepper|tofu|pork|wheat berry|jalapenos|olive oil|brussels sprouts|lemon juice|salt|parsley|garlic|cabbage"
"dish_1562009182","cafe1","1562009182","train","train","cafe1_c02726","train","274.0","306.229919","20","pepper|mustard|pecans|brussels sprouts|parsley|chard|wheat berry|blueberries|garlic|vinegar|carrot|olive oil|cabbage|lemon juice|arugula|mayonnaise|tofu|pork|jalapenos|salt"
"dish_1562009314","cafe1","1562009314","train","train","cafe1_c02727","train","195.0","99.567535","4","brussels sprouts|salt|pepper|olive oil"
"dish_1562009810","cafe1","1562009810","test","test","cafe1_c02728","test","108.0","119.880005","1","brown rice"
"dish_1562009894","cafe1","1562009894","test","test","cafe1_c02729","test","200.0","244.80722","10","goat cheese|olives|garlic|vinegar|brown rice|olive oil|mustard|salt|pears|mixed greens"
"dish_1562009934","cafe1","1562009934","test","test","cafe1_c02730","test","369.0","434.914429","16","quinoa|mixed greens|garlic|parsley|mustard|lemon juice|brown rice|arugula|vinegar|olives|shallots|pears|salt|goat cheese|thyme|olive oil"
"dish_1562010048","cafe1","1562010048","train","train","cafe1_c02731","dev","199.0","407.132263","12","jalapenos|cabbage|pork|wheat berry|pepper|salt|carrot|garlic|lemon juice|mayonnaise|parsley|olive oil"
"dish_1562010085","cafe1","1562010085","train","train","cafe1_c02732","train","264.0","440.321442","13","wheat berry|lemon juice|jalapenos|mayonnaise|pepper|brussels sprouts|garlic|salt|carrot|cabbage|olive oil|parsley|pork"
"dish_1562010130","cafe1","1562010130","train","train","cafe1_c02733","train","376.0","638.187561","17","carrot|olive oil|lemon juice|cabbage|arugula|vinegar|pork|pepper|garlic|salt|chickpeas|brussels sprouts|mustard greens|parsley|jalapenos|mayonnaise|wheat berry"
"dish_1562010266","cafe1","1562010266","train","train","cafe1_c02734","train","284.0","581.033081","12","olive oil|mayonnaise|wheat berry|pork|pepper|salt|cabbage|carrot|garlic|lemon juice|parsley|jalapenos"
"dish_1562010293","cafe1","1562010293","train","train","cafe1_c02735","train","404.0","633.833069","13","pork|wheat berry|jalapenos|mayonnaise|pepper|caesar salad|carrot|garlic|salt|cabbage|lemon juice|parsley|olive oil"
"dish_1562010315","cafe1","1562010315","train","train","cafe1_c02736","train","477.0","671.106934","14","caesar salad|jalapenos|pork|pepper|wheat berry|mayonnaise|brussels sprouts|carrot|garlic|cabbage|salt|parsley|lemon juice|olive oil"
"dish_1562010369","cafe1","1562010369","train","train","cafe1_c02737","dev","69.0","141.166443","12","carrot|pepper|olive oil|wheat berry|pork|jalapenos|mayonnaise|lemon juice|cabbage|parsley|salt|garlic"
"dish_1562010394","cafe1","1562010394","train","train","cafe1_c02738","train","116.0","188.610443","19","pepper|garlic|cucumbers|lemon juice|parsley|onions|vinegar|wheat berry|cherry tomatoes|salt|lime|mixed greens|carrot|olive oil|cabbage|mayonnaise|jalapenos|pork|lettuce"
"dish_1562010418","cafe1","1562010418","train","train","cafe1_c02739","train","157.0","209.545135","20","lime|salt|onions|pork|brussels sprouts|jalapenos|vinegar|pepper|garlic|mixed greens|carrot|lettuce|cabbage|lemon juice|parsley|olive oil|cucumbers|wheat berry|mayonnaise|cherry tomatoes"
"dish_1562010440","cafe1","1562010440","train","train","cafe1_c02740","dev","191.0","247.625168","21","garlic|pepper|vinegar|jalapenos|pork|onions|cucumbers|lemon juice|lettuce|salt|mixed greens|lime|cherry tomatoes|mayonnaise|wheat berry|olive oil|parsley|brussels sprouts|cabbage|carrot|couscous"
"dish_1562010821","cafe1","1562010821","train","train","cafe1_c02741","train","134.0","274.149384","12","jalapenos|parsley|mayonnaise|garlic|lemon juice|salt|cabbage|pepper|pork|wheat berry|carrot|olive oil"
"dish_1562010865","cafe1","1562010865","train","train","cafe1_c02742","train","216.0","376.24295","18","pepper|mustard|garlic|pecans|chard|lemon juice|cabbage|mayonnaise|wheat berry|arugula|carrot|olive oil|vinegar|parsley|blueberries|jalapenos|pork|salt"
"dish_1562010891","cafe1","1562010891","train","train","cafe1_c02743","train","341.0","438.74292","19","garlic|pineapple|pepper|jalapenos|mayonnaise|chard|pork|parsley|lemon juice|pecans|mustard|carrot|arugula|vinegar|wheat berry|blueberries|olive oil|cabbage|salt"
"dish_1562010929","cafe1","1562010929","train","train","cafe1_c02744","train","405.0","457.265839","20","pepper|arugula|vinegar|chard|pork|cabbage|parsley|mustard|salt|garlic|pineapple|jalapenos|mayonnaise|squash|wheat berry|blueberries|olive oil|pecans|lemon juice|carrot"
"dish_1562011727","cafe1","1562011727","train","train","cafe1_c02745","train","182.0","372.352112","12","wheat berry|pork|jalapenos|lemon juice|pepper|cabbage|carrot|garlic|salt|parsley|mayonnaise|olive oil"
"dish_1562011765","cafe1","1562011765","train","train","cafe1_c02746","train","283.0","423.923004","13","jalapenos|mayonnaise|olive oil|garlic|carrot|brussels sprouts|salt|pepper|wheat berry|pork|cabbage|lemon juice|parsley"
"dish_1562011794","cafe1","1562011794","train","train","cafe1_c02747","train","364.0","514.643005","14","olive oil|pork|jalapenos|pepper|wheat berry|cabbage|brussels sprouts|carrot|garlic|couscous|parsley|lemon juice|salt|mayonnaise"
"dish_1562012048","cafe1","1562012048","train","train","cafe1_c02748","train","248.0","278.973877","9","quinoa|salt|arugula|parsley|thyme|lemon juice|olive oil|garlic|shallots"
"dish_1562012076","cafe1","1562012076","train","train","cafe1_c02749","train","438.0","525.973816","10","olive oil|arugula|quinoa|white rice|salt|garlic|shallots|parsley|thyme|lemon juice"
"dish_1562085132","cafe1","1562085132","train","train","cafe1_c02750","dev","17.0","91.970001","1","bacon"
"dish_1562085163","cafe1","1562085163","train","train","cafe1_c02751","train","144.0","279.929993","2","scrambled eggs|bacon"
"dish_1562085185","cafe1","1562085185","train","train","cafe1_c02752","train","227.0","550.51001","3","bacon|hash browns|scrambled eggs"
"dish_1562085604","cafe1","1562085604","train","train","cafe1_c02753","train","423.0","241.110001","1","berries"
"dish_1562085672","cafe1","1562085672","test","test","cafe1_c02754","test","46.0","122.084","1","bread"
"dish_1562086037","cafe1","1562086037","train","train","cafe1_c02755","train","121.0","68.970001","1","berries"
"dish_1562086067","cafe1","1562086067","train","train","cafe1_c02756","train","209.0","178.178009","2","yam|berries"
"dish_1562086116","cafe1","1562086116","train","train","cafe1_c02757","train","285.0","290.65802","3","berries|scrambled eggs|yam"
"dish_1562086501","cafe1","1562086501","train","train","cafe1_c02758","train","132.0","195.360001","1","scrambled eggs"
"dish_1562086564","cafe1","1562086564","train","train","cafe1_c02759","train","287.0","286.809998","2","fruit salad|scrambled eggs"
"dish_1562086595","cafe1","1562086595","train","train","cafe1_c02760","train","324.0","308.602997","3","fruit salad|scrambled eggs|yogurt"
"dish_1562086702","cafe1","1562086702","train","train","cafe1_c02761","train","33.0","178.529999","1","bacon"
"dish_1562086740","cafe1","1562086740","train","train","cafe1_c02762","dev","215.0","447.890015","2","scrambled eggs|bacon"
"dish_1562094621","cafe1","1562094621","train","train","cafe1_c02763","train","34.0","10.54","1","green beans"
"dish_1562094694","cafe1","1562094694","train","train","cafe1_c02764","train","142.0","134.596008","10","green beans|vinegar|cherry tomatoes|mixed greens|carrot|garlic|salt|parsley|olive oil|cucumbers"
"dish_1562094730","cafe1","1562094730","train","train","cafe1_c02765","train","336.0","428.194458","19","mixed greens|parsley|squash|chicken thighs|green beans|mushroom|vinegar|eggplant|spinach (cooked)|garlic|shallots|cherry tomatoes|wine|lemon juice|cucumbers|olive oil|quinoa|carrot|salt"
"dish_1562094877","cafe1","1562094877","train","train","cafe1_c02766","dev","155.0","234.576111","12","quinoa|squash|eggplant|mushroom|spinach (cooked)|shallots|garlic|wine|salt|lemon juice|olive oil|chicken thighs"
"dish_1562094931","cafe1","1562094931","train","train","cafe1_c02767","dev","282.0","376.749084","23","garlic|shallots|arugula|mushroom|bell peppers|chicken thighs|white beans|squash|onions|olive oil|snow peas|lemon juice|parsley|lime|pepper|spinach (cooked)|wine|fish|quinoa|eggplant|salt|artichokes|chive"
"dish_1562095283","cafe1","1562095283","train","train","cafe1_c02768","train","197.0","229.517426","9","onions|cucumbers|mustard|salt|garlic|sun dried tomatoes|vinegar|spinach (raw)|olive oil"
"dish_1562095340","cafe1","1562095340","train","train","cafe1_c02769","train","381.0","718.957397","10","cucumbers|onions|olive oil|mustard|garlic|salt|sun dried tomatoes|spinach (raw)|vinegar|pizza"
"dish_1562096343","cafe1","1562096343","train","train","cafe1_c02770","train","62.0","6.2","1","cucumbers"
"dish_1562096372","cafe1","1562096372","train","train","cafe1_c02771","train","287.0","346.713684","13","chicken thighs|squash|mushroom|quinoa|eggplant|wine|shallots|spinach (cooked)|garlic|salt|lemon juice|cucumbers|olive oil"
"dish_1562096401","cafe1","1562096401","train","train","cafe1_c02772","train","352.0","366.863678","14","chicken thighs|lemon juice|mushroom|wine|green beans|quinoa|salt|garlic|spinach (cooked)|shallots|olive oil|cucumbers|eggplant|squash"
"dish_1562096512","cafe1","1562096512","train","train","cafe1_c02773","train","25.0","30.3396","8","beets|vinegar|mixed greens|salt|artichokes|garlic|parsley|olive oil"
"dish_1562096542","cafe1","1562096542","train","train","cafe1_c02774","train","50.0","38.0896","9","parsley|salt|mixed greens|garlic|artichokes|olive oil|beets|green beans|vinegar"
"dish_1562096584","cafe1","1562096584","train","train","cafe1_c02775","train","90.0","94.99057","10","beets|olive oil|vinegar|quinoa|artichokes|mixed greens|garlic|parsley|salt|green beans"
"dish_1562096608","cafe1","1562096608","train","train","cafe1_c02776","train","163.0","176.712036","19","salt|vinegar|green beans|snow peas|olive oil|onions|mixed greens|artichokes|lime|bell peppers|chive|fish|white beans|beets|arugula|parsley|garlic|pepper|quinoa"
"dish_1562096633","cafe1","1562096633","train","train","cafe1_c02777","dev","237.0","288.703217","27","snow peas|lime|squash|wine|lemon juice|eggplant|green beans|arugula|spinach (cooked)|garlic|salt|shallots|mushroom|pepper|chicken thighs|white beans|beets|vinegar|chive|bell peppers|onions|parsley|olive oil|quinoa|mixed greens|artichokes|fish"
"dish_1562096907","cafe1","1562096907","train","train","cafe1_c02778","train","266.0","297.779602","14","white beans|chive|snow peas|onions|salt|lime|artichokes|garlic|bell peppers|pepper|fish|arugula|olive oil|parsley"
"dish_1562096933","cafe1","1562096933","train","train","cafe1_c02779","train","314.0","312.659607","15","garlic|bell peppers|snow peas|onions|white beans|fish|pepper|chive|lime|salt|artichokes|olive oil|green beans|parsley|arugula"
"dish_1562096973","cafe1","1562096973","train","train","cafe1_c02780","train","350.0","348.999664","20","olive oil|lettuce|arugula|green beans|cucumbers|artichokes|mixed greens|garlic|chive|onions|white beans|vinegar|pepper|fish|cherry tomatoes|bell peppers|lime|snow peas|parsley|salt"
"dish_1562097001","cafe1","1562097001","train","train","cafe1_c02781","train","418.0","529.879639","21","salt|olive oil|mixed greens|lettuce|cucumbers|green beans|parsley|onions|lime|cherry tomatoes|pepper|white beans|vinegar|arugula|pizza|snow peas|garlic|bell peppers|chive|artichokes|fish"
"dish_1562097624","cafe1","1562097624","train","train","cafe1_c02782","dev","68.0","77.586021","2","wheat berry|olive oil"
"dish_1562097653","cafe1","1562097653","train","train","cafe1_c02783","train","102.0","116.16552","10","beets|onions|vinegar|lettuce|carrot|salt|mustard|arugula|olive oil|wheat berry"
"dish_1562097673","cafe1","1562097673","train","train","cafe1_c02783","train","307.0","345.657349","20","beets|parsley|arugula|vinegar|artichokes|mustard|lettuce|snow peas|garlic|bell peppers|olive oil|white beans|fish|carrot|chive|pepper|onions|salt|lime|wheat berry"
"dish_1562099053","cafe1","1562099053","test","test","cafe1_c02784","test","37.0","98.382996","1","cheese pizza"
"dish_1562099076","cafe1","1562099076","test","test","cafe1_c02785","test","61.0","110.181","5","olive oil|pepper|cheese pizza|salt|carrot"
"dish_1562099102","cafe1","1562099102","test","none","cafe1_c02786","test","127.0","210.065002","15","cheese pizza|squash|eggplant|lemon juice|garlic|shallots|quinoa|pepper|wine|chicken thighs|mushroom|olive oil|spinach (cooked)|carrot|salt"
"dish_1562099134","cafe1","1562099134","test","test","cafe1_c02787","test","188.0","271.641266","22","eggplant|chicken thighs|mushroom|vinegar|cherry tomatoes|lime|mixed greens|spinach (cooked)|garlic|shallots|lemon juice|onions|olive oil|pepper|quinoa|wine|carrot|cheese pizza|salt|lettuce|cucumbers|squash"
"dish_1562099157","cafe1","1562099157","test","test","cafe1_c02788","test","207.0","277.531311","23","cheese pizza|carrot|garlic|olive oil|quinoa|shallots|cherry tomatoes|vinegar|squash|chicken thighs|eggplant|pepper|lettuce|lime|mixed greens|green beans|onions|lemon juice|cucumbers|mushroom|wine|salt|spinach (cooked)"
"dish_1562168365","cafe1","1562168365","train","train","cafe1_c02789","train","140.0","70.0","1","pineapple"
"dish_1562168399","cafe1","1562168399","train","train","cafe1_c02790","train","243.0","128.709991","2","berries|pineapple"
"dish_1562168427","cafe1","1562168427","train","train","cafe1_c02791","train","368.0","193.709991","3","berries|egg whites|pineapple"
"dish_1562168450","cafe1","1562168450","train","train","cafe1_c02792","train","431.0","282.539978","4","berries|pineapple|egg whites|roasted potatoes"
"dish_1562168471","cafe1","1562168471","train","train","cafe1_c02793","dev","490.0","312.665558","8","berries|brussels sprouts|roasted potatoes|egg whites|olive oil|pepper|pineapple|salt"
"dish_1562168648","cafe1","1562168648","test","test","cafe1_c02794","test","32.0","41.594833","5","vinaigrette|raspberries|mixed greens|granola|blackberries"
"dish_1562168673","cafe1","1562168673","test","test","cafe1_c02795","test","73.0","56.354836","6","mixed greens|blackberries|raspberries|honeydew melons|vinaigrette|granola"
"dish_1562168696","cafe1","1562168696","test","test","cafe1_c02796","test","141.0","95.114838","7","raspberries|vinaigrette|berries|granola|blackberries|mixed greens|honeydew melons"
"dish_1562168800","cafe1","1562168800","test","test","cafe1_c02797","test","242.0","237.524826","8","roasted potatoes|mixed greens|berries|raspberries|honeydew melons|vinaigrette|granola|blackberries"
"dish_1562169729","cafe1","1562169729","train","train","cafe1_c02798","train","50.0","25.530136","4","brussels sprouts|salt|pepper|olive oil"
"dish_1562169762","cafe1","1562169762","train","train","cafe1_c02799","train","210.0","262.330139","5","scrambled eggs|salt|brussels sprouts|olive oil|pepper"
"dish_1562169818","cafe1","1562169818","train","train","cafe1_c02800","train","275.0","346.819672","10","olive oil|vinaigrette|pepper|scrambled eggs|granola|mixed greens|salt|raspberries|blackberries|brussels sprouts"
"dish_1562169840","cafe1","1562169840","train","train","cafe1_c02801","dev","389.0","739.663696","11","sausage|olive oil|brussels sprouts|mixed greens|raspberries|salt|vinaigrette|pepper|granola|scrambled eggs|blackberries"
"dish_1562170163","cafe1","1562170163","train","train","cafe1_c02802","train","107.0","53.5","1","pineapple"
"dish_1562170207","cafe1","1562170207","train","none","cafe1_c02803","train","285.0","154.959991","2","pineapple|berries"
"dish_1562170236","cafe1","1562170236","train","train","cafe1_c02804","dev","333.0","169.360001","3","berries|watermelon|pineapple"
"dish_1562170331","cafe1","1562170331","train","train","cafe1_c02805","train","400.0","263.830017","4","watermelon|roasted potatoes|berries|pineapple"
"dish_1562170356","cafe1","1562170356","train","train","cafe1_c02806","train","432.0","385.333984","5","turkey bacon|pineapple|watermelon|roasted potatoes|berries"
"dish_1562172561","cafe1","1562172561","test","test","cafe1_c02807","test","290.0","150.799988","1","egg whites"
"dish_1562172600","cafe1","1562172600","test","test","cafe1_c02808","test","370.0","263.599976","2","egg whites|roasted potatoes"
"dish_1562172643","cafe1","1562172643","test","test","cafe1_c02809","test","457.0","734.269958","3","egg whites|roasted potatoes|bacon"
"dish_1562173111","cafe1","1562173111","train","train","cafe1_c02810","train","163.0","792.179993","1","chia seeds"
"dish_1562173175","cafe1","1562173175","train","train","cafe1_c02811","dev","163.0","165.366608","3","milk|chia seeds|greek yogurt"
"dish_1562173200","cafe1","1562173200","train","train","cafe1_c02812","train","259.0","213.366608","4","pineapple|milk|chia seeds|greek yogurt"
"dish_1562173247","cafe1","1562173247","train","train","cafe1_c02813","dev","149.0","290.550018","1","chilaquiles"
"dish_1562173267","cafe1","1562173267","train","train","cafe1_c02813","dev","171.0","409.570007","2","chilaquiles|bacon"
"dish_1562173381","cafe1","1562173381","train","train","cafe1_c02814","train","113.0","389.39801","1","sausage"
"dish_1562173411","cafe1","1562173411","train","train","cafe1_c02815","train","159.0","638.257996","2","bacon|sausage"
"dish_1562173742","cafe1","1562173742","train","train","cafe1_c02816","train","15.0","81.149994","1","bacon"
"dish_1562179966","cafe1","1562179966","train","none","cafe1_c02817","train","36.0","194.759995","1","bacon"
"dish_1562180025","cafe1","1562180025","train","train","cafe1_c02818","train","256.0","798.913696","10","bacon|garlic|chicken|flour|lemon juice|parsley|thyme|vegetable oil|buttermilk|salt"
"dish_1562180089","cafe1","1562180089","train","train","cafe1_c02819","train","437.0","851.298767","12","vegetable oil|olive oil|buttermilk|flour|chicken|bacon|garlic|squash|salt|lemon juice|thyme|parsley"
"dish_1562180157","cafe1","1562180157","train","train","cafe1_c02820","train","557.0","1009.176697","18","olive oil|almonds|spinach (raw)|mustard|bacon|chicken|carrot|salt|vegetable oil|blueberries|squash|vinegar|buttermilk|flour|garlic|parsley|lemon juice|thyme"
"dish_1562181217","cafe1","1562181217","train","train","cafe1_c02821","dev","199.0","546.484497","9","salt|buttermilk|chicken|flour|parsley|lemon juice|vegetable oil|thyme|garlic"
"dish_1562181247","cafe1","1562181247","train","train","cafe1_c02822","train","220.0","660.094482","10","lemon juice|vegetable oil|thyme|garlic|salt|bacon|buttermilk|flour|chicken|parsley"
"dish_1562181285","cafe1","1562181285","train","train","cafe1_c02823","dev","324.0","796.922119","17","flour|mustard|garlic|almonds|carrot|buttermilk|chicken|spinach (raw)|blueberries|olive oil|lemon juice|parsley|vegetable oil|thyme|vinegar|salt|bacon"
"dish_1562183065","cafe1","1562183065","train","train","cafe1_c02824","train","75.0","16.5","1","mushroom"
"dish_1562183096","cafe1","1562183096","train","train","cafe1_c02825","dev","95.0","41.18898","10","pepper|chard|blueberries|mushroom|vinegar|arugula|mustard|olive oil|walnuts|salt"
"dish_1562183125","cafe1","1562183125","train","train","cafe1_c02826","dev","131.0","88.552399","14","blueberries|arugula|mushroom|chard|vinegar|pepper|olive oil|spinach (raw)|walnuts|carrot|salt|mustard|parsley|almonds"
"dish_1562183151","cafe1","1562183151","train","train","cafe1_c02827","train","195.0","108.392403","15","olive oil|blueberries|pepper|vinegar|arugula|walnuts|salt|almonds|mushroom|green beans|spinach (raw)|carrot|mustard|parsley|chard"
"dish_1562183175","cafe1","1562183175","train","train","cafe1_c02828","train","324.0","290.28244","16","arugula|blueberries|vinegar|spinach (raw)|parsley|roasted potatoes|pepper|chard|green beans|mushroom|mustard|olive oil|almonds|salt|carrot|walnuts"
"dish_1562183201","cafe1","1562183201","train","train","cafe1_c02829","train","425.0","558.942383","17","green beans|pepper|arugula|vinegar|almonds|mustard|pizza|walnuts|salt|carrot|roasted potatoes|spinach (raw)|chard|mushroom|blueberries|olive oil|parsley"
"dish_1562184604","cafe1","1562184604","train","train","cafe1_c02830","train","78.0","211.380005","1","steak"
"dish_1562184628","cafe1","1562184628","train","train","cafe1_c02831","train","121.0","444.01001","2","bacon|steak"
"dish_1562184663","cafe1","1562184663","train","train","cafe1_c02832","dev","271.0","600.540405","14","chard|kale|lemon juice|shallots|bacon|fish|cherry tomatoes|garlic|chive|salt|olive oil|wheat berry|parsley|steak"
"dish_1562184705","cafe1","1562184705","train","train","cafe1_c02833","dev","376.0","635.19043","16","wheat berry|chard|steak|cherry tomatoes|bacon|shallots|salt|chive|lemon juice|olive oil|green beans|fish|garlic|broccoli|parsley|kale"
"dish_1562602589","cafe1","1562602589","train","train","cafe1_c02834","train","106.0","365.276001","1","sausage"
"dish_1562602627","cafe1","1562602627","train","train","cafe1_c02835","dev","171.0","577.176025","2","hash browns|sausage"
"dish_1562602657","cafe1","1562602657","train","train","cafe1_c02836","train","236.0","610.365173","6","pepper|salt|hash browns|brussels sprouts|sausage|olive oil"
"dish_1562602687","cafe1","1562602687","train","train","cafe1_c02837","train","311.0","721.365173","7","brussels sprouts|sausage|hash browns|olive oil|pepper|salt|scrambled eggs"
"dish_1562602803","cafe1","1562602803","train","train","cafe1_c02838","train","120.0","121.742279","3","chia seeds|greek yogurt|milk"
"dish_1562602832","cafe1","1562602832","train","train","cafe1_c02839","train","188.0","144.182281","4","strawberries|greek yogurt|chia seeds|milk"
"dish_1562602860","cafe1","1562602860","train","train","cafe1_c02840","train","258.0","165.182281","5","strawberries|milk|chia seeds|greek yogurt|watermelon"
"dish_1562602888","cafe1","1562602888","train","train","cafe1_c02841","train","343.0","209.382294","6","strawberries|watermelon|egg whites|greek yogurt|chia seeds|milk"
"dish_1562602918","cafe1","1562602918","train","train","cafe1_c02842","train","417.0","265.622253","7","chia seeds|milk|greek yogurt|sweet potato|strawberries|watermelon|egg whites"
"dish_1562602945","cafe1","1562602945","train","train","cafe1_c02843","train","492.0","308.372284","8","greek yogurt|milk|watermelon|sweet potato|egg whites|strawberries|berries|chia seeds"
"dish_1562603536","cafe1","1562603536","train","train","cafe1_c02844","train","14.0","75.739998","1","bacon"
"dish_1562603569","cafe1","1562603569","train","train","cafe1_c02845","train","62.0","121.679504","3","bacon|olive oil|sweet potato"
"dish_1562603598","cafe1","1562603598","train","train","cafe1_c02846","train","156.0","175.259506","4","berries|bacon|sweet potato|olive oil"
"dish_1562603626","cafe1","1562603626","train","train","cafe1_c02847","train","209.0","201.759506","5","sweet potato|bacon|olive oil|pineapple|berries"
"dish_1562603813","cafe1","1562603813","train","train","cafe1_c02848","train","146.0","475.959991","1","hash browns"
"dish_1562603842","cafe1","1562603842","train","train","cafe1_c02849","train","237.0","594.2453","6","mixed greens|hash browns|raspberries|blackberries|vinaigrette|granola"
"dish_1562603867","cafe1","1562603867","train","train","cafe1_c02850","train","369.0","1049.11731","7","mixed greens|hash browns|raspberries|blackberries|sausage|vinaigrette|granola"
"dish_1562603895","cafe1","1562603895","train","train","cafe1_c02851","train","517.0","1268.157349","8","blackberries|mixed greens|vinaigrette|hash browns|scrambled eggs|raspberries|granola|sausage"
"dish_1562605315","cafe1","1562605315","train","train","cafe1_c02852","train","147.0","217.559998","1","scrambled eggs"
"dish_1562605352","cafe1","1562605352","train","train","cafe1_c02853","train","195.0","242.068939","5","brussels sprouts|scrambled eggs|olive oil|pepper|salt"
"dish_1562605384","cafe1","1562605384","train","train","cafe1_c02854","dev","262.0","306.192841","6","brussels sprouts|scrambled eggs|olive oil|pepper|sweet potato|salt"
"dish_1562605411","cafe1","1562605411","train","train","cafe1_c02855","train","363.0","336.492828","7","watermelon|pepper|olive oil|brussels sprouts|scrambled eggs|sweet potato|salt"
"dish_1562611522","cafe1","1562611522","train","train","cafe1_c02856","train","50.0","132.949997","1","cheese pizza"
"dish_1562611580","cafe1","1562611580","train","train","cafe1_c02857","train","50.0","141.0","1","pepperoni pizza"
"dish_1562611620","cafe1","1562611620","train","train","cafe1_c02858","dev","76.0","199.845322","12","pineapple|white rice|jalapenos|steak|pepperoni pizza|vinegar|onions|lemon juice|kale|garlic|cilantro|salt"
"dish_1562611649","cafe1","1562611649","train","train","cafe1_c02859","dev","146.0","278.488983","17","radishes|pepperoni pizza|steak|vinegar|blueberries|kale|lemon juice|salt|cilantro|pineapple|jalapenos|spinach (raw)|onions|mustard|olive oil|white rice|garlic"
"dish_1562611680","cafe1","1562611680","train","train","cafe1_c02860","train","256.0","326.888977","18","cilantro|garlic|olive oil|pepperoni pizza|lemon juice|onions|vinegar|blueberries|salt|caesar salad|steak|kale|jalapenos|spinach (raw)|mustard|white rice|radishes|pineapple"
"dish_1562611824","cafe1","1562611824","train","train","cafe1_c02861","train","109.0","192.566193","8","salt|chickpeas|olive oil|mustard greens|parsley|vinegar|arugula|pepper"
"dish_1562611853","cafe1","1562611853","train","train","cafe1_c02862","train","243.0","267.213989","9","salt|broccoli|chickpeas|parsley|mustard greens|olive oil|arugula|vinegar|pepper"
"dish_1562611878","cafe1","1562611878","train","train","cafe1_c02863","train","311.0","286.894592","10","chickpeas|parsley|salt|broccoli|olive oil|mustard greens|squash|arugula|vinegar|pepper"
"dish_1562612974","cafe1","1562612974","train","none","cafe1_c02864","train","32.0","8.96","1","mixed greens"
"dish_1562613010","cafe1","1562613010","train","train","cafe1_c02865","train","128.0","90.271996","2","mixed greens|cod"
"dish_1562613045","cafe1","1562613045","train","train","cafe1_c02866","dev","207.0","166.112","3","corn|mixed greens|cod"
"dish_1562613285","cafe1","1562613285","train","train","cafe1_c02867","train","84.0","111.744507","8","figs|apple|arugula|lemon juice|olive oil|mustard greens|salt|goat cheese"
"dish_1562613340","cafe1","1562613340","train","train","cafe1_c02868","train","189.0","349.389069","17","apple|steak|arugula|onions|lemon juice|olive oil|garlic|mustard greens|cilantro|salt|pineapple|white rice|kale|jalapenos|vinegar|goat cheese|figs"
"dish_1562613376","cafe1","1562613376","train","train","cafe1_c02869","train","267.0","371.963898","18","salt|garlic|mustard greens|kale|jalapenos|arugula|figs|goat cheese|cilantro|vinegar|onions|olive oil|lemon juice|steak|squash|apple|white rice|pineapple"
"dish_1562613403","cafe1","1562613403","train","train","cafe1_c02870","train","315.0","398.703369","19","vinegar|steak|squash|jalapenos|lemon juice|mustard greens|cilantro|pineapple|white rice|apple|kale|arugula|broccoli|olive oil|onions|goat cheese|garlic|salt|figs"
"dish_1562613867","cafe1","1562613867","train","train","cafe1_c02871","train","57.0","83.886055","11","salt|bulgur|parsley|cranberries|shallots|mustard greens|olive oil|arugula|lemon juice|apple|garlic"
"dish_1562613898","cafe1","1562613898","train","train","cafe1_c02872","train","162.0","120.636047","12","shallots|salt|bulgur|lemon juice|mustard greens|olive oil|garlic|cranberries|broccoli|arugula|parsley|apple"
"dish_1562613918","cafe1","1562613918","train","train","cafe1_c02872","train","207.0","133.659988","13","apple|shallots|bulgur|salt|lemon juice|cranberries|mustard greens|olive oil|parsley|arugula|broccoli|squash|garlic"
"dish_1562613974","cafe1","1562613974","train","train","cafe1_c02873","train","375.0","416.196686","19","thyme|brown rice|arugula|basil|olive oil|mustard greens|cranberries|chicken thighs|vinegar|salt|apple|garlic|shallots|radishes|squash|parsley|lemon juice|bulgur|broccoli"
"dish_1562614088","cafe1","1562614088","train","train","cafe1_c02874","train","67.0","23.449999","1","broccoli"
"dish_1562614121","cafe1","1562614121","train","train","cafe1_c02875","train","155.0","123.492508","9","broccoli|salt|olive oil|mustard|onions|cranberries|vinegar|spinach (raw)|apple"
"dish_1562614158","cafe1","1562614158","train","train","cafe1_c02876","train","301.0","453.931671","17","apple|white rice|vinegar|lemon juice|cranberries|olive oil|kale|pineapple|jalapenos|spinach (raw)|steak|mustard|onions|salt|cilantro|garlic|broccoli"
"dish_1562614895","cafe1","1562614895","train","train","cafe1_c02877","train","148.0","51.799999","1","broccoli"
"dish_1562614921","cafe1","1562614921","train","none","cafe1_c02878","train","287.0","285.56543","13","radishes|olive oil|chicken thighs|vinegar|salt|brown rice|arugula|basil|thyme|parsley|garlic|lemon juice|broccoli"
"dish_1562614952","cafe1","1562614952","train","train","cafe1_c02879","train","403.0","548.106018","20","radishes|pineapple|vinegar|lemon juice|parsley|kale|garlic|broccoli|white rice|jalapenos|chicken thighs|brown rice|steak|arugula|basil|olive oil|thyme|onions|cilantro|salt"
"dish_1562614980","cafe1","1562614980","train","train","cafe1_c02880","train","485.0","566.146057","21","pineapple|chicken thighs|vinegar|mushroom|onions|lemon juice|basil|olive oil|jalapenos|kale|salt|radishes|white rice|brown rice|arugula|parsley|steak|thyme|cilantro|garlic|broccoli"
"dish_1562615070","cafe1","1562615070","train","train","cafe1_c02881","train","50.0","14.471023","3","squash|olive oil|salt"
"dish_1562615103","cafe1","1562615103","train","train","cafe1_c02882","train","110.0","94.288544","9","apple|salt|figs|lemon juice|mustard greens|olive oil|squash|arugula|goat cheese"
"dish_1562615128","cafe1","1562615128","train","train","cafe1_c02883","dev","244.0","397.568329","18","apple|white rice|vinegar|squash|mustard greens|garlic|goat cheese|salt|pineapple|kale|jalapenos|steak|lemon juice|olive oil|onions|arugula|cilantro|figs"
"dish_1562615153","cafe1","1562615153","train","train","cafe1_c02884","dev","286.0","468.202423","24","goat cheese|thyme|garlic|parsley|lemon juice|jalapenos|vinegar|white rice|apple|radishes|salt|cilantro|chicken thighs|arugula|onions|olive oil|mustard greens|steak|kale|squash|brown rice|basil|pineapple|figs"
"dish_1562615283","cafe1","1562615283","train","train","cafe1_c02885","train","78.0","176.535965","11","pineapple|white rice|lemon juice|jalapenos|steak|vinegar|kale|onions|garlic|cilantro|salt"
"dish_1562615324","cafe1","1562615324","train","train","cafe1_c02886","train","136.0","258.315979","12","pineapple|garlic|roasted potatoes|onions|salt|lemon juice|kale|vinegar|jalapenos|steak|white rice|cilantro"
"dish_1562615360","cafe1","1562615360","train","train","cafe1_c02887","train","191.0","331.481995","18","pineapple|steak|onions|kale|olive oil|garlic|cilantro|salt|white rice|apple|jalapenos|vinegar|lemon juice|arugula|mustard greens|goat cheese|roasted potatoes|figs"
"dish_1562615388","cafe1","1562615388","train","train","cafe1_c02888","dev","273.0","360.182037","19","apple|steak|vinegar|arugula|onions|kale|lemon juice|mustard greens|garlic|roasted potatoes|salt|figs|goat cheese|pineapple|white rice|jalapenos|olive oil|cilantro|broccoli"
"dish_1562617370","cafe1","1562617370","train","train","cafe1_c02889","train","55.0","155.099991","1","pepperoni pizza"
"dish_1562617395","cafe1","1562617395","train","train","cafe1_c02890","dev","125.0","185.899994","2","caesar salad|pepperoni pizza"
"dish_1562617416","cafe1","1562617416","train","train","cafe1_c02891","train","168.0","200.949997","3","broccoli|pepperoni pizza|caesar salad"
"dish_1562617446","cafe1","1562617446","train","train","cafe1_c02892","train","232.0","291.190002","4","broccoli|roasted potatoes|caesar salad|pepperoni pizza"
"dish_1562617470","cafe1","1562617470","train","train","cafe1_c02893","dev","321.0","440.867065","16","arugula|brown rice|lemon juice|parsley|pepperoni pizza|garlic|roasted potatoes|radishes|chicken thighs|vinegar|basil|olive oil|thyme|salt|caesar salad|broccoli"
"dish_1562617492","cafe1","1562617492","train","train","cafe1_c02894","train","373.0","558.5578","23","radishes|brown rice|vinegar|kale|onions|cilantro|roasted potatoes|garlic|caesar salad|pineapple|steak|arugula|pepperoni pizza|jalapenos|chicken thighs|white rice|thyme|olive oil|parsley|lemon juice|basil|broccoli|salt"
"dish_1562617703","cafe1","1562617703","test","test","cafe1_c02895","test","110.0","179.630005","1","frozen yogurt"
"dish_1562617939","cafe1","1562617939","test","test","cafe1_c02896","test","133.0","234.966125","8","chickpeas|salt|mustard greens|olive oil|parsley|vinegar|arugula|pepper"
"dish_1562617972","cafe1","1562617972","test","none","cafe1_c02897","test","203.0","273.961273","9","chickpeas|salt|parsley|broccoli|mustard greens|olive oil|arugula|vinegar|pepper"
"dish_1562618000","cafe1","1562618000","test","test","cafe1_c02898","test","448.0","685.993896","16","vinegar|olive oil|garlic|mustard greens|pepper|salt|radishes|lemon juice|thyme|brown rice|parsley|basil|arugula|chicken thighs|chickpeas|broccoli"
"dish_1562686492","cafe1","1562686492","train","train","cafe1_c02899","train","100.0","160.0","1","chicken apple sausage"
"dish_1562686520","cafe1","1562686520","train","train","cafe1_c02900","train","226.0","346.47998","2","chicken apple sausage|scrambled eggs"
"dish_1562686548","cafe1","1562686548","train","train","cafe1_c02901","train","280.0","413.493988","3","scrambled eggs|yam|chicken apple sausage"
"dish_1562686577","cafe1","1562686577","train","train","cafe1_c02902","train","531.0","556.563965","4","chicken apple sausage|berries|scrambled eggs|yam"
"dish_1562686664","cafe1","1562686664","train","train","cafe1_c02903","train","209.0","119.129997","1","berries"
"dish_1562687246","cafe1","1562687246","train","train","cafe1_c02904","dev","61.0","115.4216","8","bell peppers|garlic|salt|cucumbers|olive oil|mustard|vinegar|radishes"
"dish_1562687274","cafe1","1562687274","train","train","cafe1_c02905","dev","141.0","161.021606","9","garlic|bell peppers|salt|cucumbers|mustard|olive oil|vinegar|radishes|berries"
"dish_1562687299","cafe1","1562687299","train","train","cafe1_c02906","train","196.0","180.821609","10","berries|bell peppers|salt|mustard|cucumbers|garlic|olive oil|vinegar|radishes|honeydew melons"
"dish_1562687527","cafe1","1562687527","train","train","cafe1_c02907","train","210.0","203.221603","11","radishes|berries|chicken apple sausage|vinegar|garlic|cucumbers|olive oil|bell peppers|mustard|salt|honeydew melons"
"dish_1562687554","cafe1","1562687554","train","train","cafe1_c02908","dev","281.0","409.334595","12","berries|salt|mustard|cucumbers|olive oil|waffles|chicken apple sausage|vinegar|honeydew melons|radishes|garlic|bell peppers"
"dish_1562688382","cafe1","1562688382","train","train","cafe1_c02909","train","71.0","113.599998","1","chicken apple sausage"
"dish_1562688426","cafe1","1562688426","train","none","cafe1_c02910","train","88.0","137.569992","2","roasted potatoes|chicken apple sausage"
"dish_1562688482","cafe1","1562688482","train","train","cafe1_c02911","train","169.0","193.459991","3","roasted potatoes|chicken apple sausage|grapes"
"dish_1562688524","cafe1","1562688524","train","train","cafe1_c02912","train","242.0","215.359985","4","chicken apple sausage|grapes|roasted potatoes|watermelon"
"dish_1562688552","cafe1","1562688552","train","train","cafe1_c02913","train","304.0","235.820007","5","grapes|roasted potatoes|watermelon|strawberries|chicken apple sausage"
"dish_1562689519","cafe1","1562689519","train","train","cafe1_c02914","train","173.0","169.540009","1","cottage cheese"
"dish_1562689548","cafe1","1562689548","train","train","cafe1_c02915","train","267.0","216.540009","2","pineapple|cottage cheese"
"dish_1562689601","cafe1","1562689601","train","train","cafe1_c02916","train","37.0","20.611706","2","broccoli|olive oil"
"dish_1562689620","cafe1","1562689620","train","none","cafe1_c02916","train","147.0","183.411713","3","broccoli|olive oil|scrambled eggs"
"dish_1562689645","cafe1","1562689645","train","train","cafe1_c02917","train","169.0","302.431702","4","bacon|olive oil|scrambled eggs|broccoli"
"dish_1562690047","cafe1","1562690047","train","train","cafe1_c02918","train","68.0","68.642334","10","mixed greens|onions|lime|lettuce|cucumbers|olive oil|vinegar|cherry tomatoes|pepper|salt"
"dish_1562690074","cafe1","1562690074","train","train","cafe1_c02919","train","104.0","263.402344","11","mixed greens|onions|lettuce|lime|cucumbers|olive oil|vinegar|pepper|cherry tomatoes|bacon|salt"
"dish_1562690112","cafe1","1562690112","train","train","cafe1_c02920","dev","207.0","428.202332","12","lettuce|lime|chicken apple sausage|mixed greens|olive oil|cucumbers|onions|vinegar|bacon|pepper|salt|cherry tomatoes"
"dish_1562690144","cafe1","1562690144","train","train","cafe1_c02921","train","354.0","645.762329","13","cherry tomatoes|lime|pepper|mixed greens|chicken apple sausage|olive oil|cucumbers|onions|scrambled eggs|vinegar|bacon|salt|lettuce"
"dish_1562690886","cafe1","1562690886","test","test","cafe1_c02922","test","37.0","20.611706","2","broccoli|olive oil"
"dish_1562690917","cafe1","1562690917","test","test","cafe1_c02923","test","122.0","69.061707","3","broccoli|olive oil|berries"
"dish_1562690950","cafe1","1562690950","test","test","cafe1_c02924","test","202.0","109.061714","4","pineapple|broccoli|berries|olive oil"
"dish_1562691000","cafe1","1562691000","test","test","cafe1_c02925","test","349.0","326.621704","5","olive oil|pineapple|berries|broccoli|scrambled eggs"
"dish_1562691032","cafe1","1562691032","test","test","cafe1_c02926","test","415.0","419.681702","6","berries|olive oil|pineapple|scrambled eggs|roasted potatoes|broccoli"
"dish_1562691064","cafe1","1562691064","test","test","cafe1_c02927","test","501.0","555.303711","7","berries|fried rice|olive oil|pineapple|scrambled eggs|roasted potatoes|broccoli"
"dish_1562691383","cafe1","1562691383","train","train","cafe1_c02928","train","70.0","86.870003","1","yam"
"dish_1562691409","cafe1","1562691409","train","train","cafe1_c02929","train","164.0","225.98999","2","yam|scrambled eggs"
"dish_1562691441","cafe1","1562691441","train","train","cafe1_c02930","train","232.0","263.870972","4","broccoli|scrambled eggs|olive oil|yam"
"dish_1562691466","cafe1","1562691466","train","train","cafe1_c02931","train","267.0","319.870972","5","olive oil|broccoli|yam|chicken apple sausage|scrambled eggs"
"dish_1562691538","cafe1","1562691538","train","train","cafe1_c02932","train","96.0","49.919998","1","egg whites"
"dish_1562691566","cafe1","1562691566","train","train","cafe1_c02933","train","187.0","100.613655","3","broccoli|olive oil|egg whites"
"dish_1562691613","cafe1","1562691613","train","train","cafe1_c02934","train","300.0","213.670166","5","olive oil|egg whites|broccoli|yam|sweet potato"
"dish_1562691645","cafe1","1562691645","train","none","cafe1_c02935","train","345.0","285.670135","6","egg whites|broccoli|yam|chicken apple sausage|sweet potato|olive oil"
"dish_1562691674","cafe1","1562691674","train","train","cafe1_c02936","train","435.0","376.976868","9","sweet potato|olive oil|broccoli|egg whites|yam|greek yogurt|chia seeds|chicken apple sausage|milk"
"dish_1562691705","cafe1","1562691705","train","train","cafe1_c02937","train","554.0","412.67688","10","chia seeds|yam|egg whites|milk|olive oil|greek yogurt|sweet potato|watermelon|broccoli|chicken apple sausage"
"dish_1562691737","cafe1","1562691737","train","train","cafe1_c02938","dev","700.0","485.67688","11","chia seeds|broccoli|egg whites|yam|chicken apple sausage|sweet potato|watermelon|pineapple|greek yogurt|milk|olive oil"
"dish_1562698100","cafe1","1562698100","train","train","cafe1_c02939","train","83.0","24.0219","3","squash|olive oil|salt"
"dish_1562698132","cafe1","1562698132","train","train","cafe1_c02940","train","178.0","128.096802","13","corn|salt|artichokes|chive|snow peas|parsley|olive oil|lentils|squash|arugula|fish|pepper|garlic"
"dish_1562698209","cafe1","1562698209","train","train","cafe1_c02941","train","135.0","284.133148","9","millet|shallots|olive oil|onions|vinegar|beef|salt|bok choy|spinach (cooked)"
"dish_1562698239","cafe1","1562698239","train","train","cafe1_c02942","dev","230.0","407.633148","10","beef|salt|olive oil|spinach (cooked)|shallots|onions|vinegar|millet|bok choy|white rice"
"dish_1562698276","cafe1","1562698276","train","train","cafe1_c02943","train","307.0","434.58316","11","spinach (cooked)|shallots|salt|onions|broccoli|olive oil|vinegar|white rice|beef|millet|bok choy"
"dish_1562699570","cafe1","1562699570","train","train","cafe1_c02944","train","22.0","24.42","1","brown rice"
"dish_1562699612","cafe1","1562699612","train","train","cafe1_c02945","train","74.0","98.391266","3","brown rice|quinoa|olive oil"
"dish_1562699652","cafe1","1562699652","train","train","cafe1_c02946","train","103.0","132.178085","11","garlic|salt|cucumbers|olive oil|onions|mustard|spinach (raw)|brown rice|sun dried tomatoes|quinoa|vinegar"
"dish_1562699699","cafe1","1562699699","train","train","cafe1_c02947","train","217.0","372.112732","16","bok choy|millet|vinegar|spinach (raw)|shallots|onions|cucumbers|olive oil|garlic|mustard|salt|quinoa|sun dried tomatoes|beef|brown rice|spinach (cooked)"
"dish_1562700496","cafe1","1562700496","test","test","cafe1_c02948","test","124.0","31.0","1","cauliflower"
"dish_1562700524","cafe1","1562700524","test","none","cafe1_c02949","test","174.0","89.10878","10","mixed greens|millet|parsley|onions|salt|lemon juice|olive oil|vinegar|cauliflower|apple"
"dish_1562700568","cafe1","1562700568","test","test","cafe1_c02950","test","318.0","246.864426","19","fish|pepper|arugula|lemon juice|parsley|snow peas|mixed greens|chive|salt|corn|cauliflower|apple|millet|lentils|vinegar|olive oil|onions|artichokes|garlic"
"dish_1562700593","cafe1","1562700593","test","test","cafe1_c02951","test","384.0","385.773926","23","chive|apple|millet|cauliflower|pepper|vinegar|shallots|onions|snow peas|olive oil|lemon juice|mixed greens|artichokes|spinach (cooked)|fish|corn|lentils|arugula|parsley|bok choy|garlic|salt|beef"
"dish_1562700685","cafe1","1562700685","train","train","cafe1_c02952","train","110.0","24.200001","1","mushroom"
"dish_1562700718","cafe1","1562700718","train","train","cafe1_c02953","train","255.0","329.380035","10","bok choy|spinach (cooked)|salt|onions|olive oil|vinegar|mushroom|beef|shallots|millet"
"dish_1562700760","cafe1","1562700760","train","train","cafe1_c02954","train","418.0","370.130035","11","beef|cauliflower|shallots|spinach (cooked)|olive oil|onions|vinegar|mushroom|millet|bok choy|salt"
"dish_1562700885","cafe1","1562700885","train","train","cafe1_c02955","train","117.0","29.25","1","cauliflower"
"dish_1562700906","cafe1","1562700906","train","train","cafe1_c02956","dev","222.0","59.639149","4","olive oil|squash|salt|cauliflower"
"dish_1562700931","cafe1","1562700931","train","train","cafe1_c02957","train","312.0","164.234955","11","apple|mixed greens|lemon juice|salt|onions|olive oil|squash|vinegar|parsley|cauliflower|millet"
"dish_1562700957","cafe1","1562700957","train","train","cafe1_c02958","train","424.0","286.933777","20","fish|chive|corn|squash|arugula|garlic|onions|parsley|olive oil|snow peas|mixed greens|artichokes|pepper|cauliflower|apple|millet|lentils|vinegar|lemon juice|salt"
"dish_1562701956","cafe1","1562701956","train","train","cafe1_c02959","train","38.0","6.84","1","cherry tomatoes"
"dish_1562702007","cafe1","1562702007","train","train","cafe1_c02960","train","100.0","24.784069","4","cherry tomatoes|olive oil|squash|salt"
"dish_1562702044","cafe1","1562702044","train","train","cafe1_c02961","train","177.0","44.034069","5","olive oil|squash|salt|cherry tomatoes|cauliflower"
"dish_1562702091","cafe1","1562702091","train","train","cafe1_c02962","train","214.0","86.534729","11","cherry tomatoes|cauliflower|squash|vinegar|parsley|cucumbers|olive oil|garlic|mixed greens|carrot|salt"
"dish_1562702132","cafe1","1562702132","train","train","cafe1_c02963","dev","359.0","245.385895","19","fish|cucumbers|olive oil|parsley|arugula|squash|lentils|corn|cherry tomatoes|chive|salt|garlic|mixed greens|artichokes|carrot|snow peas|vinegar|cauliflower|pepper"
"dish_1562702355","cafe1","1562702355","train","train","cafe1_c02964","train","99.0","68.882935","8","bell peppers|lettuce|onions|cucumbers|vinaigrette|cherry tomatoes|feta cheese|olives"
"dish_1562702379","cafe1","1562702379","train","train","cafe1_c02965","train","227.0","100.882935","9","lettuce|cherry tomatoes|bell peppers|cucumbers|feta cheese|onions|olives|cauliflower|vinaigrette"
"dish_1562702412","cafe1","1562702412","train","train","cafe1_c02966","train","285.0","183.389359","11","cauliflower|bell peppers|quinoa|cucumbers|onions|lettuce|olive oil|feta cheese|cherry tomatoes|vinaigrette|olives"
"dish_1562702441","cafe1","1562702441","train","train","cafe1_c02967","train","371.0","209.189362","12","bell peppers|lettuce|cauliflower|olive oil|cucumbers|onions|quinoa|cherry tomatoes|feta cheese|watermelon|vinaigrette|olives"
"dish_1562702469","cafe1","1562702469","train","train","cafe1_c02968","train","529.0","541.730286","19","vinaigrette|quinoa|cauliflower|vinegar|onions|lettuce|cherry tomatoes|beef|salt|watermelon|olives|millet|feta cheese|cucumbers|olive oil|spinach (cooked)|bell peppers|shallots|bok choy"
"dish_1562702813","cafe1","1562702813","train","train","cafe1_c02969","train","59.0","41.051445","8","cucumbers|feta cheese|onions|olives|vinaigrette|cherry tomatoes|lettuce|bell peppers"
"dish_1562702853","cafe1","1562702853","train","train","cafe1_c02970","train","169.0","272.567291","16","spinach (cooked)|olive oil|feta cheese|vinegar|cherry tomatoes|millet|bok choy|vinaigrette|beef|shallots|lettuce|bell peppers|olives|salt|onions|cucumbers"
"dish_1562702892","cafe1","1562702892","train","train","cafe1_c02971","train","338.0","457.711121","26","vinaigrette|bok choy|millet|cherry tomatoes|fish|corn|feta cheese|garlic|onions|arugula|pepper|parsley|chive|lettuce|salt|beef|olives|vinegar|snow peas|cucumbers|olive oil|artichokes|spinach (cooked)|bell peppers|shallots|lentils"
"dish_1562703345","cafe1","1562703345","test","test","cafe1_c02972","test","58.0","154.279999","1","pizza"
"dish_1562703382","cafe1","1562703382","test","test","cafe1_c02973","test","145.0","203.869995","2","pizza|berries"
"dish_1562703408","cafe1","1562703408","test","test","cafe1_c02974","test","196.0","311.209167","11","onions|spinach (cooked)|shallots|berries|salt|pizza|olive oil|vinegar|bok choy|millet|beef"
"dish_1562703447","cafe1","1562703447","test","test","cafe1_c02975","test","259.0","384.426239","15","salt|spinach (cooked)|vinegar|millet|berries|beef|shallots|mixed greens|onions|olive oil|pizza|lemon juice|parsley|bok choy|apple"
"dish_1562704528","cafe1","1562704528","train","train","cafe1_c02976","train","56.0","148.903992","1","cheese pizza"
"dish_1562704564","cafe1","1562704564","train","train","cafe1_c02977","train","124.0","292.022888","10","shallots|cheese pizza|spinach (cooked)|olive oil|salt|vinegar|onions|millet|bok choy|beef"
"dish_1562704616","cafe1","1562704616","train","train","cafe1_c02978","dev","213.0","317.781311","11","onions|vinegar|squash|bok choy|millet|beef|salt|cheese pizza|spinach (cooked)|shallots|olive oil"
"dish_1562704640","cafe1","1562704640","train","train","cafe1_c02979","train","275.0","333.281311","12","beef|salt|olive oil|shallots|spinach (cooked)|onions|squash|vinegar|bok choy|millet|cauliflower|cheese pizza"
"dish_1562704665","cafe1","1562704665","train","train","cafe1_c02980","train","399.0","387.841309","13","millet|spinach (cooked)|cheese pizza|cauliflower|onions|caesar salad|olive oil|vinegar|squash|beef|salt|bok choy|shallots"
"dish_1562774099","cafe1","1562774099","test","test","cafe1_c02981","test","40.0","51.993542","5","raspberries|vinaigrette|mixed greens|granola|blackberries"
"dish_1562774129","cafe1","1562774129","test","test","cafe1_c02982","test","77.0","73.083549","6","berries|vinaigrette|granola|blackberries|mixed greens|raspberries"
"dish_1562774159","cafe1","1562774159","test","test","cafe1_c02983","test","129.0","90.76355","7","raspberries|vinaigrette|cantaloupe|granola|blackberries|mixed greens|berries"
"dish_1562774180","cafe1","1562774180","test","test","cafe1_c02984","test","181.0","164.083557","8","cantaloupe|raspberries|blackberries|mixed greens|roasted potatoes|granola|vinaigrette|berries"
"dish_1562774206","cafe1","1562774206","test","test","cafe1_c02985","test","272.0","298.76355","9","mixed greens|raspberries|berries|scrambled eggs|roasted potatoes|vinaigrette|cantaloupe|blackberries|granola"
"dish_1562774346","cafe1","1562774346","train","train","cafe1_c02986","train","264.0","422.651428","2","cheese|scrambled eggs"
"dish_1562774456","cafe1","1562774456","train","none","cafe1_c02987","train","69.0","237.774002","1","sausage"
"dish_1562774475","cafe1","1562774475","train","train","cafe1_c02987","train","128.0","320.963989","2","sausage|roasted potatoes"
"dish_1562774504","cafe1","1562774504","train","train","cafe1_c02988","train","176.0","335.363983","3","sausage|roasted potatoes|watermelon"
"dish_1562774531","cafe1","1562774531","train","train","cafe1_c02989","train","254.0","379.824005","4","berries|sausage|roasted potatoes|watermelon"
"dish_1562774980","cafe1","1562774980","train","train","cafe1_c02990","train","201.0","136.680008","1","oatmeal"
"dish_1562775047","cafe1","1562775047","train","train","cafe1_c02991","train","461.0","284.880005","2","berries|oatmeal"
"dish_1562775110","cafe1","1562775110","train","train","cafe1_c02992","train","282.0","101.520004","1","honeydew melons"
"dish_1562775212","cafe1","1562775212","train","train","cafe1_c02993","train","136.0","92.480003","1","oatmeal"
"dish_1562775241","cafe1","1562775241","train","train","cafe1_c02994","train","220.0","140.360001","2","oatmeal|berries"
"dish_1562775275","cafe1","1562775275","train","train","cafe1_c02995","train","318.0","173.680008","3","cantaloupe|oatmeal|berries"
"dish_1562775356","cafe1","1562775356","train","train","cafe1_c02996","train","120.0","177.600006","1","scrambled eggs"
"dish_1562775373","cafe1","1562775373","train","train","cafe1_c02996","train","148.0","329.080017","2","bacon|scrambled eggs"
"dish_1562775456","cafe1","1562775456","train","train","cafe1_c02997","train","66.0","50.16","1","sweet potato"
"dish_1562775488","cafe1","1562775488","train","train","cafe1_c02998","train","145.0","91.239998","2","egg whites|sweet potato"
"dish_1562775510","cafe1","1562775510","train","train","cafe1_c02999","train","190.0","114.217117","6","olive oil|egg whites|salt|sweet potato|pepper|brussels sprouts"
"dish_1562775549","cafe1","1562775549","train","train","cafe1_c03000","train","252.0","174.977127","7","egg whites|brussels sprouts|sweet potato|olive oil|pepper|salt|cottage cheese"
"dish_1562775574","cafe1","1562775574","train","train","cafe1_c03001","train","387.0","242.477127","8","salt|egg whites|brussels sprouts|olive oil|sweet potato|cottage cheese|pineapple|pepper"
"dish_1562776428","cafe1","1562776428","test","test","cafe1_c03002","test","66.0","33.69978","4","brussels sprouts|salt|pepper|olive oil"
"dish_1562776465","cafe1","1562776465","test","test","cafe1_c03003","test","212.0","173.432449","5","salt|pepper|sweet potato|olive oil|brussels sprouts"
"dish_1562776497","cafe1","1562776497","test","test","cafe1_c03004","test","292.0","291.832458","6","pepper|olive oil|brussels sprouts|sweet potato|scrambled eggs|salt"
"dish_1562777000","cafe1","1562777000","train","train","cafe1_c03005","train","132.0","195.360001","1","scrambled eggs"
"dish_1562777037","cafe1","1562777037","train","train","cafe1_c03006","train","171.0","215.273514","5","brussels sprouts|scrambled eggs|olive oil|pepper|salt"
"dish_1562777068","cafe1","1562777068","train","train","cafe1_c03007","train","236.0","236.723511","6","olive oil|brussels sprouts|salt|strawberries|pepper|scrambled eggs"
"dish_1562777099","cafe1","1562777099","train","train","cafe1_c03008","train","306.0","303.718628","7","salt|pepper|strawberries|sweet potato|scrambled eggs|olive oil|brussels sprouts"
"dish_1562777566","cafe1","1562777566","train","train","cafe1_c03009","train","84.0","263.003998","1","toast"
"dish_1562783605","cafe1","1562783605","train","train","cafe1_c03010","train","270.0","75.599998","1","mixed greens"
"dish_1562783691","cafe1","1562783691","train","train","cafe1_c03011","train","423.0","421.686005","2","mixed greens|grilled chicken"
"dish_1562784242","cafe1","1562784242","train","train","cafe1_c03012","train","32.0","85.120003","1","pizza"
"dish_1562784266","cafe1","1562784266","train","train","cafe1_c03013","dev","76.0","131.804001","2","corn on the cob|pizza"
"dish_1562784307","cafe1","1562784307","train","train","cafe1_c03014","train","157.0","158.518127","5","salt|pizza|olive oil|eggplant|corn on the cob"
"dish_1562784347","cafe1","1562784347","train","train","cafe1_c03015","train","264.0","315.988464","14","salt|parsley|lemon juice|cranberries|olive oil|mustard greens|pizza|shallots|corn on the cob|arugula|eggplant|apple|garlic|bulgur"
"dish_1562784388","cafe1","1562784388","train","train","cafe1_c03016","train","358.0","465.636475","15","shallots|apple|eggplant|corn on the cob|pilaf|cranberries|lemon juice|salt|arugula|parsley|pizza|olive oil|mustard greens|garlic|bulgur"
"dish_1562785132","cafe1","1562785132","train","train","cafe1_c03017","dev","192.0","211.542679","7","fish|country rice|onions|olive oil|garlic|salt|green onions"
"dish_1562785159","cafe1","1562785159","train","train","cafe1_c03018","train","315.0","265.662659","8","green onions|salt|caesar salad|country rice|onions|olive oil|fish|garlic"
"dish_1562785184","cafe1","1562785184","train","train","cafe1_c03019","train","390.0","290.397949","9","salt|green onions|garlic|caesar salad|country rice|olive oil|onions|eggplant|fish"
"dish_1562785328","cafe1","1562785328","train","train","cafe1_c03020","train","91.0","133.92334","11","apple|shallots|garlic|bulgur|lemon juice|salt|olive oil|mustard greens|cranberries|parsley|arugula"
"dish_1562785369","cafe1","1562785369","train","train","cafe1_c03021","train","232.0","440.577881","19","bulgur|salt|mustard greens|vinegar|lemon juice|basil|apple|cherry tomatoes|broccoli|shallots|olive oil|cranberries|parsley|pork|brown rice|arugula|onions|pepper|garlic"
"dish_1562786103","cafe1","1562786103","test","test","cafe1_c03022","test","57.0","93.081001","1","frozen yogurt"
"dish_1562787745","cafe1","1562787745","train","train","cafe1_c03023","dev","58.0","85.357742","11","garlic|bulgur|salt|shallots|cranberries|mustard greens|olive oil|lemon juice|arugula|parsley|apple"
"dish_1562787783","cafe1","1562787783","train","train","cafe1_c03024","train","76.0","114.013741","12","shallots|olive oil|mustard greens|lemon juice|cranberries|parsley|garlic|arugula|pilaf|apple|salt|bulgur"
"dish_1562787817","cafe1","1562787817","train","train","cafe1_c03025","train","184.0","348.898071","20","pepper|apple|arugula|brown rice|pilaf|parsley|garlic|shallots|olive oil|cherry tomatoes|salt|broccoli|pork|basil|lemon juice|onions|mustard greens|cranberries|vinegar|bulgur"
"dish_1562787848","cafe1","1562787848","train","train","cafe1_c03026","train","248.0","416.802032","21","cherry tomatoes|onions|pilaf|brown rice|lemon juice|parsley|cranberries|garlic|basil|salt|pepper|apple|pork|vinegar|arugula|mustard greens|olive oil|corn on the cob|broccoli|shallots|bulgur"
"dish_1562787956","cafe1","1562787956","train","train","cafe1_c03027","train","61.0","26.84","1","caesar salad"
"dish_1562787983","cafe1","1562787983","train","train","cafe1_c03028","train","149.0","56.760002","2","caesar salad|cantaloupe"
"dish_1562788010","cafe1","1562788010","train","train","cafe1_c03029","train","182.0","67.643532","5","salt|caesar salad|eggplant|olive oil|cantaloupe"
"dish_1562788032","cafe1","1562788032","train","train","cafe1_c03030","train","214.0","137.238892","17","caesar salad|vinegar|onions|shallots|pepper|broccoli|cherry tomatoes|cantaloupe|brown rice|pork|eggplant|basil|parsley|lemon juice|olive oil|garlic|salt"
"dish_1562788506","cafe1","1562788506","test","test","cafe1_c03031","test","108.0","114.587997","1","corn on the cob"
"dish_1562788536","cafe1","1562788536","test","test","cafe1_c03032","test","190.0","245.132004","2","pilaf|corn on the cob"
"dish_1562788568","cafe1","1562788568","test","test","cafe1_c03033","test","230.0","289.203369","9","garlic|pilaf|green onions|onions|country rice|olive oil|salt|corn on the cob|fish"
"dish_1562788601","cafe1","1562788601","test","test","cafe1_c03034","test","287.0","413.170135","19","fish|vinegar|corn on the cob|brown rice|country rice|basil|green onions|salt|cherry tomatoes|pepper|pork|lemon juice|parsley|pilaf|olive oil|onions|garlic|broccoli|shallots"
"dish_1562788732","cafe1","1562788732","train","train","cafe1_c03035","train","52.0","57.292805","7","fish|country rice|onions|olive oil|garlic|salt|green onions"
"dish_1562788760","cafe1","1562788760","train","train","cafe1_c03036","train","178.0","331.324493","17","green onions|vinegar|pork|brown rice|lemon juice|olive oil|garlic|fish|pepper|cherry tomatoes|basil|country rice|parsley|onions|broccoli|shallots|salt"
"dish_1562788794","cafe1","1562788794","train","train","cafe1_c03037","train","281.0","465.224457","18","salt|broccoli|basil|lemon juice|parsley|onions|white rice|vinegar|pork|brown rice|pepper|country rice|shallots|cherry tomatoes|olive oil|garlic|fish|green onions"
"dish_1562788816","cafe1","1562788816","train","train","cafe1_c03038","train","320.0","506.603485","19","cherry tomatoes|pork|corn on the cob|onions|parsley|olive oil|country rice|lemon juice|fish|pepper|white rice|brown rice|vinegar|basil|salt|broccoli|garlic|shallots|green onions"
"dish_1562788845","cafe1","1562788845","train","train","cafe1_c03039","train","372.0","529.483459","20","green onions|cherry tomatoes|white rice|corn on the cob|onions|parsley|basil|lemon juice|shallots|pepper|fish|salt|broccoli|pork|brown rice|country rice|vinegar|olive oil|garlic|caesar salad"
"dish_1562789207","cafe1","1562789207","train","train","cafe1_c03040","train","55.0","146.244995","1","cheese pizza"
"dish_1562789240","cafe1","1562789240","train","train","cafe1_c03041","train","154.0","361.555603","15","cherry tomatoes|parsley|basil|lemon juice|onions|salt|cheese pizza|broccoli|garlic|pork|vinegar|brown rice|olive oil|shallots|pepper"
"dish_1562789268","cafe1","1562789268","train","train","cafe1_c03042","train","350.0","569.511536","16","pork|corn on the cob|brown rice|lemon juice|parsley|basil|shallots|cherry tomatoes|cheese pizza|pepper|salt|vinegar|olive oil|onions|garlic|broccoli"
"dish_1562789301","cafe1","1562789301","train","train","cafe1_c03043","train","435.0","606.91156","17","caesar salad|pepper|corn on the cob|lemon juice|parsley|olive oil|salt|cherry tomatoes|cheese pizza|pork|brown rice|vinegar|basil|onions|garlic|broccoli|shallots"
"dish_1562789328","cafe1","1562789328","train","train","cafe1_c03044","train","503.0","656.551575","18","broccoli|tofu|corn on the cob|vinegar|lemon juice|shallots|salt|cherry tomatoes|pork|brown rice|onions|parsley|basil|caesar salad|olive oil|garlic|pepper|cheese pizza"
"dish_1562790170","cafe1","1562790170","train","train","cafe1_c03045","train","84.0","103.693726","9","salt|walnuts|olive oil|chard|mustard|vinegar|arugula|blueberries|pepper"
"dish_1562790224","cafe1","1562790224","train","train","cafe1_c03046","train","116.0","312.749756","9","walnuts|salt|mustard|olive oil|blueberries|arugula|vinegar|chard|pepper"
"dish_1562790259","cafe1","1562790259","train","train","cafe1_c03047","train","207.0","518.591736","10","walnuts|salt|olive oil|mustard|grilled chicken|arugula|vinegar|blueberries|chard|pepper"
"dish_1562790295","cafe1","1562790295","train","train","cafe1_c03048","train","268.0","538.709778","11","walnuts|salt|mustard|grilled chicken|blueberries|olive oil|arugula|chard|vinegar|pepper|eggplant"
"dish_1562790321","cafe1","1562790321","train","train","cafe1_c03049","dev","354.0","767.469849","12","salt|pepper|walnuts|olive oil|pizza|chard|mustard|vinegar|arugula|grilled chicken|eggplant|blueberries"
"dish_1562790775","cafe1","1562790775","test","test","cafe1_c03050","test","40.0","75.686295","8","bell peppers|cucumbers|salt|mustard|garlic|olive oil|vinegar|radishes"
"dish_1562790824","cafe1","1562790824","test","test","cafe1_c03051","test","368.0","437.071686","12","salt|bell peppers|garlic|mustard|cucumbers|olive oil|vinegar|country rice|onions|green onions|fish|radishes"
"dish_1562790855","cafe1","1562790855","test","test","cafe1_c03052","test","507.0","739.376465","21","radishes|fish|cherry tomatoes|shallots|onions|mustard|parsley|garlic|basil|salt|pepper|pork|lemon juice|brown rice|country rice|cucumbers|olive oil|vinegar|bell peppers|broccoli|green onions"
"dish_1562859116","cafe1","1562859116","train","train","cafe1_c03053","train","98.0","145.040009","1","scrambled eggs"
"dish_1562860045","cafe1","1562860045","train","train","cafe1_c03054","train","123.0","280.290009","2","scrambled eggs|bacon"
"dish_1562860073","cafe1","1562860073","train","train","cafe1_c03055","dev","259.0","357.809998","3","scrambled eggs|bacon|berries"
"dish_1562860700","cafe1","1562860700","train","train","cafe1_c03056","train","47.0","23.5","1","pineapple"
"dish_1562860723","cafe1","1562860723","train","train","cafe1_c03057","train","160.0","87.909996","2","berries|pineapple"
"dish_1562861103","cafe1","1562861103","train","train","cafe1_c03058","train","50.0","94.607872","8","bell peppers|salt|mustard|cucumbers|olive oil|vinegar|radishes|garlic"
"dish_1562861125","cafe1","1562861125","train","train","cafe1_c03059","train","235.0","190.807861","9","bell peppers|mustard|cucumbers|salt|garlic|egg whites|olive oil|vinegar|radishes"
"dish_1562861174","cafe1","1562861174","train","train","cafe1_c03060","train","274.0","401.797852","10","olive oil|mustard|cucumbers|salt|garlic|bell peppers|egg whites|bacon|radishes|vinegar"
"dish_1562862493","cafe1","1562862493","train","train","cafe1_c03061","dev","134.0","198.320007","1","scrambled eggs"
"dish_1562862529","cafe1","1562862529","train","none","cafe1_c03062","train","204.0","221.420013","2","scrambled eggs|strawberries"
"dish_1562862550","cafe1","1562862550","train","train","cafe1_c03063","train","257.0","364.52002","4","cream cheese|scrambled eggs|strawberries|bagels"
"dish_1562871297","cafe1","1562871297","train","train","cafe1_c03064","train","47.0","124.973","1","cheese pizza"
"dish_1562871363","cafe1","1562871363","train","train","cafe1_c03065","dev","140.0","245.872986","2","white rice|cheese pizza"
"dish_1562871408","cafe1","1562871408","train","train","cafe1_c03066","train","228.0","271.34198","5","cheese pizza|salt|squash|white rice|olive oil"
"dish_1562871448","cafe1","1562871448","train","train","cafe1_c03067","train","276.0","295.850922","7","white rice|squash|salt|cheese pizza|brussels sprouts|pepper|olive oil"
"dish_1562871488","cafe1","1562871488","train","train","cafe1_c03068","train","393.0","321.590912","8","white rice|pepper|mushroom|squash|olive oil|brussels sprouts|salt|cheese pizza"
"dish_1562871537","cafe1","1562871537","train","train","cafe1_c03069","train","554.0","685.772949","9","squash|white rice|grilled chicken|pepper|cheese pizza|salt|brussels sprouts|olive oil|mushroom"
"dish_1562871731","cafe1","1562871731","train","train","cafe1_c03070","train","131.0","17.029999","1","bok choy"
"dish_1562872150","cafe1","1562872150","train","train","cafe1_c03071","train","34.0","7.48","1","mushroom"
"dish_1562872182","cafe1","1562872182","train","train","cafe1_c03072","dev","296.0","41.539997","2","mushroom|bok choy"
"dish_1562872223","cafe1","1562872223","train","train","cafe1_c03073","train","468.0","306.862701","16","chicken|garlic|rosemary|wheat berry|squash|olive oil|thyme|pepper|spinach (raw)|mushroom|bok choy|parsley|basil|salt|lemon juice|zucchini"
"dish_1562872365","cafe1","1562872365","train","train","cafe1_c03074","train","76.0","9.879999","1","bok choy"
"dish_1562872396","cafe1","1562872396","train","train","cafe1_c03075","train","186.0","179.563156","15","thyme|garlic|lemon juice|zucchini|wheat berry|pepper|salt|olive oil|basil|rosemary|parsley|spinach (raw)|squash|chicken|bok choy"
"dish_1562872432","cafe1","1562872432","train","train","cafe1_c03076","train","257.0","259.08316","16","wheat berry|couscous|basil|lemon juice|zucchini|squash|olive oil|spinach (raw)|pepper|chicken|bok choy|parsley|garlic|salt|rosemary|thyme"
"dish_1562872470","cafe1","1562872470","train","train","cafe1_c03077","train","282.0","286.3815","25","chive|jicama|squash|arugula|couscous|spinach (raw)|rosemary|parsley|thyme|olive oil|carrot|sour cream|fish|pepper|salt|corn|chicken|bok choy|wheat berry|nopales|lemon juice|basil|zucchini|garlic|lime"
"dish_1562872498","cafe1","1562872498","train","train","cafe1_c03078","train","320.0","306.264984","26","fish|carrot|parsley|garlic|zucchini|rosemary|lemon juice|couscous|spinach (raw)|squash|jicama|arugula|chive|salt|lime|thyme|olive oil|basil|green beans|sour cream|nopales|chicken|wheat berry|bok choy|corn|pepper"
"dish_1562872662","cafe1","1562872662","train","train","cafe1_c03079","dev","122.0","133.21582","14","salt|olive oil|parsley|nopales|chive|carrot|garlic|lime|corn|pepper|arugula|fish|sour cream|jicama"
"dish_1562872746","cafe1","1562872746","train","train","cafe1_c03080","dev","203.0","242.363983","18","pepper|fish|corn|garlic|vinegar|sour cream|nopales|mustard|olive oil|strawberries|jicama|arugula|parsley|figs|carrot|lime|salt|chive"
"dish_1562872914","cafe1","1562872914","train","train","cafe1_c03081","train","124.0","135.399673","14","jicama|sour cream|fish|arugula|pepper|corn|lime|garlic|carrot|chive|parsley|nopales|olive oil|salt"
"dish_1562872945","cafe1","1562872945","train","train","cafe1_c03082","train","234.0","258.59967","15","arugula|lime|chive|carrot|couscous|garlic|parsley|nopales|jicama|corn|pepper|fish|salt|olive oil|sour cream"
"dish_1562872981","cafe1","1562872981","train","train","cafe1_c03083","train","288.0","268.319641","16","lime|salt|couscous|carrot|olive oil|nopales|sour cream|arugula|jicama|corn|fish|cherry tomatoes|parsley|garlic|chive|pepper"
"dish_1562873002","cafe1","1562873002","train","train","cafe1_c03084","train","307.0","278.261444","17","chive|cherry tomatoes|green beans|parsley|olive oil|sour cream|carrot|salt|fish|pepper|corn|jicama|nopales|arugula|garlic|lime|couscous"
"dish_1562873028","cafe1","1562873028","train","train","cafe1_c03085","train","320.0","280.3414","18","jicama|parsley|nopales|olive oil|cherry tomatoes|chive|fish|pepper|salt|corn|arugula|sour cream|green beans|celery|carrot|couscous|garlic|lime"
"dish_1562873155","cafe1","1562873155","train","train","cafe1_c03086","train","79.0","41.33675","2","green beans|olive oil"
"dish_1562873187","cafe1","1562873187","train","train","cafe1_c03087","train","255.0","64.216751","3","green beans|olive oil|bok choy"
"dish_1562873224","cafe1","1562873224","train","train","cafe1_c03088","train","436.0","261.856628","16","fish|pepper|chive|corn|jicama|green beans|parsley|olive oil|garlic|lime|salt|bok choy|nopales|arugula|sour cream|carrot"
"dish_1562873264","cafe1","1562873264","train","train","cafe1_c03089","train","595.0","503.60022","17","pepper|fish|corn|jicama|chive|arugula|parsley|nopales|olive oil|garlic|salt|bok choy|country rice|sour cream|green beans|carrot|lime"
"dish_1562873416","cafe1","1562873416","train","train","cafe1_c03090","train","119.0","52.360001","1","caesar salad"
"dish_1562873495","cafe1","1562873495","train","train","cafe1_c03091","train","152.0","140.106995","2","caesar salad|cheese pizza"
"dish_1562873544","cafe1","1562873544","train","train","cafe1_c03092","train","201.0","193.61171","16","carrot|pepper|sour cream|arugula|nopales|salt|garlic|fish|jicama|corn|olive oil|parsley|chive|cheese pizza|lime|caesar salad"
"dish_1562873790","cafe1","1562873790","train","train","cafe1_c03093","train","75.0","75.70845","10","salt|lettuce|lime|olive oil|onions|cucumbers|vinegar|cherry tomatoes|pepper|mixed greens"
"dish_1562873814","cafe1","1562873814","train","train","cafe1_c03094","train","134.0","106.580215","11","cherry tomatoes|salt|pepper|green beans|vinegar|cucumbers|onions|olive oil|mixed greens|lime|lettuce"
"dish_1562873838","cafe1","1562873838","train","train","cafe1_c03095","train","342.0","427.435638","22","pepper|spinach (raw)|lemon juice|cucumbers|olive oil|rosemary|lime|cherry tomatoes|salt|parsley|squash|wheat berry|chicken|zucchini|green beans|vinegar|basil|onions|thyme|mixed greens|garlic|lettuce"
"dish_1562874049","cafe1","1562874049","train","train","cafe1_c03096","train","155.0","412.144989","1","cheese pizza"
"dish_1562874203","cafe1","1562874203","train","train","cafe1_c03097","train","332.0","362.521729","14","carrot|chive|lime|salt|nopales|parsley|olive oil|jicama|arugula|sour cream|pepper|garlic|corn|fish"
"dish_1562874250","cafe1","1562874250","train","train","cafe1_c03098","train","393.0","394.440033","15","garlic|lime|fish|arugula|green beans|corn|carrot|chive|salt|nopales|parsley|sour cream|olive oil|jicama|pepper"
"dish_1562874282","cafe1","1562874282","train","train","cafe1_c03099","train","469.0","427.879974","16","corn|garlic|chive|caesar salad|nopales|olive oil|pepper|green beans|lime|sour cream|parsley|salt|jicama|arugula|fish|carrot"
"dish_1562875159","cafe1","1562875159","train","train","cafe1_c03100","train","98.0","260.680023","1","pizza"
"dish_1562875211","cafe1","1562875211","train","train","cafe1_c03101","train","147.0","282.240021","2","pizza|caesar salad"
"dish_1562875241","cafe1","1562875241","train","train","cafe1_c03102","train","275.0","479.689514","16","chicken|pepper|squash|wheat berry|basil|olive oil|rosemary|pizza|salt|garlic|spinach (raw)|thyme|parsley|zucchini|lemon juice|caesar salad"
"dish_1562875273","cafe1","1562875273","train","train","cafe1_c03103","train","306.0","495.910278","17","caesar salad|pepper|spinach (raw)|squash|wheat berry|rosemary|lemon juice|pizza|parsley|garlic|green beans|thyme|olive oil|basil|zucchini|salt|chicken"
"dish_1562875320","cafe1","1562875320","train","train","cafe1_c03104","train","377.0","603.858704","18","chicken|green beans|squash|spinach (raw)|lemon juice|garlic|caesar salad|thyme|olive oil|country rice|salt|pepper|wheat berry|parsley|basil|pizza|zucchini|rosemary"
"dish_1562875833","cafe1","1562875833","train","train","cafe1_c03105","train","143.0","156.146393","14","arugula|nopales|jicama|sour cream|corn|fish|pepper|chive|garlic|carrot|lime|salt|olive oil|parsley"
"dish_1562875870","cafe1","1562875870","train","train","cafe1_c03106","train","233.0","256.946411","15","fish|arugula|jicama|nopales|salt|lime|carrot|couscous|corn|pepper|olive oil|sour cream|chive|parsley|garlic"
"dish_1562875898","cafe1","1562875898","train","train","cafe1_c03107","train","342.0","271.116394","16","bok choy|corn|jicama|arugula|nopales|sour cream|olive oil|garlic|chive|carrot|lime|fish|pepper|parsley|salt|couscous"
"dish_1562875940","cafe1","1562875940","train","train","cafe1_c03108","train","418.0","386.66684","17","country rice|lime|parsley|jicama|fish|couscous|garlic|chive|salt|sour cream|nopales|olive oil|arugula|bok choy|pepper|carrot|corn"
"dish_1562876494","cafe1","1562876494","test","test","cafe1_c03109","test","26.0","40.10693","14","pepper|chicken|squash|wheat berry|spinach (raw)|zucchini|lemon juice|rosemary|basil|olive oil|garlic|thyme|salt|parsley"
"dish_1562876531","cafe1","1562876531","test","test","cafe1_c03110","test","85.0","66.066925","15","pepper|chicken|wheat berry|lemon juice|basil|parsley|garlic|squash|spinach (raw)|zucchini|rosemary|olive oil|thyme|caesar salad|salt"
"dish_1562876618","cafe1","1562876618","train","train","cafe1_c03111","train","43.0","114.336998","1","cheese pizza"
"dish_1562876645","cafe1","1562876645","train","train","cafe1_c03112","dev","112.0","220.774597","15","pepper|chicken|squash|spinach (raw)|lemon juice|basil|rosemary|garlic|olive oil|zucchini|salt|parsley|wheat berry|thyme|cheese pizza"
"dish_1562876674","cafe1","1562876674","train","train","cafe1_c03113","dev","157.0","289.192596","16","salt|cheese pizza|chicken|country rice|spinach (raw)|parsley|garlic|squash|wheat berry|basil|lemon juice|zucchini|rosemary|olive oil|thyme|pepper"
"dish_1562876709","cafe1","1562876709","train","train","cafe1_c03114","train","186.0","304.366852","17","chicken|wheat berry|green beans|spinach (raw)|zucchini|basil|parsley|cheese pizza|pepper|squash|country rice|lemon juice|rosemary|olive oil|thyme|garlic|salt"
"dish_1562876732","cafe1","1562876732","train","train","cafe1_c03115","train","291.0","350.566833","18","parsley|cheese pizza|garlic|rosemary|zucchini|thyme|olive oil|caesar salad|spinach (raw)|green beans|salt|basil|lemon juice|country rice|squash|wheat berry|pepper|chicken"
"dish_1562876756","cafe1","1562876756","train","train","cafe1_c03116","train","322.0","354.596863","19","salt|squash|bok choy|spinach (raw)|parsley|lemon juice|thyme|cheese pizza|caesar salad|chicken|wheat berry|green beans|basil|rosemary|zucchini|olive oil|garlic|country rice|pepper"
"dish_1562945131","cafe1","1562945131","train","train","cafe1_c03117","dev","67.0","37.323902","2","broccoli|olive oil"
"dish_1562945186","cafe1","1562945186","train","train","cafe1_c03118","train","219.0","191.530792","5","broccoli|greek yogurt|chia seeds|milk|olive oil"
"dish_1562945332","cafe1","1562945332","train","train","cafe1_c03119","train","325.0","246.650803","6","chia seeds|broccoli|greek yogurt|egg whites|olive oil|milk"
"dish_1562945393","cafe1","1562945393","train","train","cafe1_c03120","train","401.0","319.388367","7","chia seeds|broccoli|greek yogurt|egg whites|sweet potato|olive oil|milk"
"dish_1562945445","cafe1","1562945445","train","train","cafe1_c03121","train","463.0","362.168335","8","sweet potato|broccoli|greek yogurt|egg whites|milk|chia seeds|grapes|olive oil"
"dish_1562945499","cafe1","1562945499","train","train","cafe1_c03122","train","625.0","454.508362","9","berries|broccoli|greek yogurt|sweet potato|olive oil|grapes|chia seeds|milk|egg whites"
"dish_1562945779","cafe1","1562945779","train","train","cafe1_c03123","dev","29.0","37.69532","5","vinaigrette|granola|blackberries|mixed greens|raspberries"
"dish_1562945803","cafe1","1562945803","train","train","cafe1_c03124","train","64.0","50.295322","6","vinaigrette|raspberries|mixed greens|honeydew melons|granola|blackberries"
"dish_1562945823","cafe1","1562945823","train","train","cafe1_c03124","train","99.0","62.19532","7","granola|mixed greens|blackberries|raspberries|vinaigrette|honeydew melons|cantaloupe"
"dish_1562945851","cafe1","1562945851","train","train","cafe1_c03125","train","150.0","91.26532","8","vinaigrette|cantaloupe|granola|blackberries|berries|mixed greens|raspberries|honeydew melons"
"dish_1562945879","cafe1","1562945879","train","train","cafe1_c03126","dev","234.0","174.425323","9","succotash|vinaigrette|cantaloupe|honeydew melons|granola|blackberries|mixed greens|raspberries|berries"
"dish_1562945900","cafe1","1562945900","train","train","cafe1_c03127","dev","281.0","240.695312","10","cantaloupe|vinaigrette|berries|blackberries|mixed greens|honeydew melons|granola|raspberries|succotash|roasted potatoes"
"dish_1562945967","cafe1","1562945967","train","none","cafe1_c03128","train","104.0","358.384003","1","sausage"
"dish_1562946006","cafe1","1562946006","train","train","cafe1_c03129","train","224.0","535.984009","2","sausage|scrambled eggs"
"dish_1562946075","cafe1","1562946075","train","train","cafe1_c03130","train","297.0","557.884033","3","sausage|scrambled eggs|watermelon"
"dish_1562946106","cafe1","1562946106","train","train","cafe1_c03131","train","359.0","578.963989","4","cantaloupe|watermelon|sausage|scrambled eggs"
"dish_1562947020","cafe1","1562947020","train","train","cafe1_c03132","train","333.0","533.117126","2","scrambled eggs|cheese"
"dish_1562947376","cafe1","1562947376","train","train","cafe1_c03133","train","73.0","36.5","1","pineapple"
"dish_1562947409","cafe1","1562947409","train","train","cafe1_c03134","train","190.0","103.190002","2","pineapple|berries"
"dish_1562947436","cafe1","1562947436","train","train","cafe1_c03135","train","242.0","282.382019","3","berries|sausage|pineapple"
"dish_1562947469","cafe1","1562947469","train","train","cafe1_c03136","train","320.0","392.362","4","berries|roasted potatoes|pineapple|sausage"
"dish_1562947503","cafe1","1562947503","train","train","cafe1_c03137","train","408.0","438.122009","5","sausage|roasted potatoes|egg whites|berries|pineapple"
"dish_1562947598","cafe1","1562947598","train","train","cafe1_c03138","dev","258.0","87.720001","1","cantaloupe"
"dish_1562947885","cafe1","1562947885","train","train","cafe1_c03139","dev","313.0","215.970001","1","grapes"
"dish_1562949162","cafe1","1562949162","train","train","cafe1_c03140","train","12.0","64.919998","1","bacon"
"dish_1562949205","cafe1","1562949205","train","train","cafe1_c03141","train","57.0","80.220001","2","cantaloupe|bacon"
"dish_1562949242","cafe1","1562949242","train","train","cafe1_c03142","train","119.0","139.558533","4","bacon|cantaloupe|olive oil|sweet potato"
"dish_1562949467","cafe1","1562949467","train","train","cafe1_c03143","train","72.0","24.655609","2","bok choy|olive oil"
"dish_1562949494","cafe1","1562949494","train","train","cafe1_c03144","dev","149.0","68.545609","3","bok choy|olive oil|berries"
"dish_1562949515","cafe1","1562949515","train","none","cafe1_c03145","dev","189.0","220.425598","4","bok choy|berries|turkey bacon|olive oil"
"dish_1562949541","cafe1","1562949541","train","train","cafe1_c03146","train","374.0","494.225647","5","turkey bacon|bok choy|olive oil|scrambled eggs|berries"
"dish_1562950018","cafe1","1562950018","train","train","cafe1_c03147","train","142.0","200.220001","1","roasted potatoes"
"dish_1562950057","cafe1","1562950057","train","train","cafe1_c03148","dev","223.0","320.100006","2","scrambled eggs|roasted potatoes"
"dish_1562950091","cafe1","1562950091","train","train","cafe1_c03149","train","290.0","550.981995","3","roasted potatoes|scrambled eggs|sausage"
"dish_1562950895","cafe1","1562950895","train","train","cafe1_c03150","train","144.0","137.818542","2","sweet potato|olive oil"
"dish_1562950934","cafe1","1562950934","train","train","cafe1_c03151","train","464.0","304.218536","3","sweet potato|olive oil|egg whites"
"dish_1562956486","cafe1","1562956486","train","train","cafe1_c03152","train","142.0","103.660004","1","tofu"
"dish_1562956510","cafe1","1562956510","train","train","cafe1_c03153","train","199.0","221.167068","9","pork|tofu|pepper|white rice|bok choy|garlic|soy sauce|salt|sugar"
"dish_1562958445","cafe1","1562958445","train","train","cafe1_c03154","dev","21.0","24.15","1","olives"
"dish_1562958563","cafe1","1562958563","train","train","cafe1_c03155","train","68.0","130.839996","2","olives|chicken salad"
"dish_1562958603","cafe1","1562958603","train","train","cafe1_c03156","train","93.0","171.839996","3","olives|chicken salad|chickpeas"
"dish_1562958629","cafe1","1562958629","train","train","cafe1_c03157","train","172.0","208.970001","4","chicken salad|chickpeas|artichokes|olives"
"dish_1562958721","cafe1","1562958721","train","train","cafe1_c03158","train","167.0","125.724831","10","olive oil|radishes|vinegar|carrot|soy sauce|mixed greens|garlic|cabbage|rice noodles|green onions"
"dish_1562958775","cafe1","1562958775","train","train","cafe1_c03159","train","251.0","227.182785","17","salt|mustard|chard|cucumbers|rice noodles|olive oil|figs|garlic|radishes|green onions|vinegar|spinach (raw)|cabbage|soy sauce|carrot|mixed greens|cherry tomatoes"
"dish_1562958809","cafe1","1562958809","train","train","cafe1_c03160","train","389.0","511.673645","22","mixed greens|garlic|mustard|green onions|rice noodles|cabbage|sugar|pork|chard|spinach (raw)|vinegar|white rice|bok choy|soy sauce|figs|salt|cucumbers|olive oil|radishes|pepper|cherry tomatoes|carrot"
"dish_1562958998","cafe1","1562958998","train","train","cafe1_c03161","train","104.0","109.093597","12","arugula|quinoa|fish|tomatillo|pepper|jalapenos|cilantro|garlic|lemon juice|onions|salt|olive oil"
"dish_1562959024","cafe1","1562959024","train","train","cafe1_c03162","train","183.0","319.233582","13","tomatillo|pepper|quinoa|arugula|garlic|cilantro|jalapenos|onions|olive oil|lemon juice|salt|pizza|fish"
"dish_1562959059","cafe1","1562959059","train","train","cafe1_c03163","train","216.0","365.76358","14","garlic|cilantro|salt|pizza|onions|lemon juice|olive oil|jalapenos|pepper|fish|arugula|quinoa|tomatillo|roasted potatoes"
"dish_1562959103","cafe1","1562959103","train","train","cafe1_c03164","train","255.0","395.013611","15","tomatillo|salt|parsnips|arugula|lemon juice|cilantro|olive oil|roasted potatoes|pepper|jalapenos|onions|pizza|garlic|fish|quinoa"
"dish_1562959129","cafe1","1562959129","train","train","cafe1_c03165","train","293.0","412.873596","16","fish|garlic|salt|pizza|onions|pepper|quinoa|artichokes|lemon juice|olive oil|arugula|jalapenos|tomatillo|parsnips|cilantro|roasted potatoes"
"dish_1562959190","cafe1","1562959190","train","train","cafe1_c03166","train","378.0","518.801147","23","fish|pepper|blueberries|chard|mustard|olive oil|garlic|raspberries|roasted potatoes|carrot|quinoa|tomatillo|almonds|lemon juice|jalapenos|pizza|arugula|onions|artichokes|parsnips|cilantro|salt|vinegar"
"dish_1562959295","cafe1","1562959295","train","train","cafe1_c03167","train","19.0","3.04","1","radishes"
"dish_1562959344","cafe1","1562959344","train","train","cafe1_c03168","train","44.0","5.54","2","radishes|cucumbers"
"dish_1562959379","cafe1","1562959379","train","train","cafe1_c03169","train","85.0","57.066452","11","mixed greens|olive oil|radishes|arugula|vinegar|mustard|cucumbers|salt|pumpkin seeds|carrot|lettuce"
"dish_1562959485","cafe1","1562959485","train","train","cafe1_c03170","train","36.0","45.242737","9","mixed greens|lettuce|carrot|pumpkin seeds|salt|mustard|olive oil|vinegar|arugula"
"dish_1562959517","cafe1","1562959517","train","train","cafe1_c03171","train","74.0","91.140381","14","spinach (raw)|vinegar|arugula|chard|cherry tomatoes|salt|pumpkin seeds|carrot|mixed greens|lettuce|mustard|figs|cucumbers|olive oil"
"dish_1562959547","cafe1","1562959547","train","train","cafe1_c03172","train","145.0","165.617737","23","mixed greens|figs|pumpkin seeds|cucumbers|cherry tomatoes|pepper|jalapenos|quinoa|arugula|vinegar|fish|tomatillo|garlic|carrot|onions|mustard|olive oil|cilantro|lemon juice|spinach (raw)|chard|lettuce|salt"
"dish_1562959570","cafe1","1562959570","train","train","cafe1_c03173","dev","216.0","311.986237","28","fish|pepper|sugar|white rice|arugula|chard|soy sauce|lemon juice|mustard|olive oil|quinoa|mixed greens|carrot|pumpkin seeds|cherry tomatoes|salt|lettuce|bok choy|pork|jalapenos|spinach (raw)|vinegar|cucumbers|onions|cilantro|garlic|tomatillo|figs"
"dish_1562959599","cafe1","1562959599","train","train","cafe1_c03174","train","281.0","403.636139","29","soy sauce|lettuce|cilantro|salt|mixed greens|onions|vinegar|roasted potatoes|white rice|carrot|pepper|quinoa|pumpkin seeds|sugar|garlic|olive oil|cucumbers|jalapenos|spinach (raw)|tomatillo|arugula|lemon juice|mustard|chard|pork|bok choy|figs|fish|cherry tomatoes"
"dish_1562959700","cafe1","1562959700","train","train","cafe1_c03175","train","153.0","315.413727","8","pork|pepper|white rice|soy sauce|garlic|bok choy|salt|sugar"
"dish_1562959732","cafe1","1562959732","train","train","cafe1_c03176","train","232.0","374.663696","9","salt|soy sauce|bok choy|pork|parsnips|pepper|garlic|sugar|white rice"
"dish_1562959766","cafe1","1562959766","train","train","cafe1_c03177","train","307.0","431.126984","17","pepper|sugar|rice noodles|green onions|pork|radishes|soy sauce|garlic|parsnips|mixed greens|salt|cabbage|olive oil|vinegar|bok choy|carrot|white rice"
"dish_1562959799","cafe1","1562959799","train","train","cafe1_c03178","train","363.0","498.765594","23","green onions|white rice|pork|vinegar|spinach (raw)|cabbage|chard|mixed greens|parsnips|salt|cherry tomatoes|pepper|radishes|bok choy|mustard|cucumbers|olive oil|rice noodles|figs|carrot|soy sauce|garlic|sugar"
"dish_1562960437","cafe1","1562960437","train","train","cafe1_c03179","dev","69.0","97.290001","1","roasted potatoes"
"dish_1562960472","cafe1","1562960472","train","train","cafe1_c03180","train","166.0","139.970001","2","roasted potatoes|caesar salad"
"dish_1562960520","cafe1","1562960520","train","train","cafe1_c03181","train","303.0","422.399261","10","pork|pepper|white rice|garlic|caesar salad|roasted potatoes|sugar|salt|soy sauce|bok choy"
"dish_1562961588","cafe1","1562961588","train","train","cafe1_c03182","train","67.0","178.220001","1","pizza"
"dish_1562961609","cafe1","1562961609","train","train","cafe1_c03183","train","186.0","423.541779","9","sugar|salt|pizza|pork|bok choy|white rice|soy sauce|pepper|garlic"
"dish_1562961650","cafe1","1562961650","train","train","cafe1_c03184","train","312.0","555.712891","18","quinoa|white rice|pork|jalapenos|pizza|onions|olive oil|cilantro|salt|garlic|soy sauce|tomatillo|fish|bok choy|arugula|lemon juice|sugar|pepper"
"dish_1562963006","cafe1","1562963006","train","train","cafe1_c03185","train","247.0","259.097229","12","cilantro|tomatillo|quinoa|fish|arugula|pepper|salt|onions|lemon juice|olive oil|jalapenos|garlic"
"dish_1562963033","cafe1","1562963033","train","train","cafe1_c03186","train","316.0","356.387299","13","lemon juice|onions|salt|cilantro|garlic|pepper|quinoa|fish|tomatillo|roasted potatoes|olive oil|arugula|jalapenos"
"dish_1562963059","cafe1","1562963059","train","train","cafe1_c03187","train","389.0","369.527283","14","garlic|tomatillo|pepper|fish|arugula|quinoa|salt|cherry tomatoes|onions|olive oil|lemon juice|roasted potatoes|cilantro|jalapenos"
"dish_1562963084","cafe1","1562963084","train","train","cafe1_c03188","train","424.0","375.127289","15","quinoa|arugula|jalapenos|lemon juice|garlic|roasted potatoes|fish|cherry tomatoes|pepper|olive oil|onions|radishes|cilantro|salt|tomatillo"
"dish_1562963109","cafe1","1562963109","train","train","cafe1_c03189","train","488.0","381.527283","16","garlic|lemon juice|onions|pepper|fish|quinoa|tomatillo|radishes|cilantro|salt|cucumbers|olive oil|arugula|jalapenos|cherry tomatoes|roasted potatoes"
"dish_1562963153","cafe1","1562963153","train","train","cafe1_c03190","train","521.0","386.477264","17","fish|salt|lemon juice|olive oil|cilantro|lettuce|radishes|tomatillo|pepper|cherry tomatoes|quinoa|arugula|jalapenos|onions|cucumbers|garlic|roasted potatoes"
"dish_1562963246","cafe1","1562963246","test","test","cafe1_c03191","test","122.0","324.39798","1","cheese pizza"
"dish_1562963289","cafe1","1562963289","test","test","cafe1_c03192","test","180.0","349.917969","2","caesar salad|cheese pizza"
"dish_1562963325","cafe1","1562963325","test","test","cafe1_c03193","test","379.0","760.161926","10","sugar|garlic|pepper|white rice|bok choy|pork|salt|cheese pizza|soy sauce|caesar salad"
"dish_1562963484","cafe1","1562963484","train","train","cafe1_c03194","train","80.0","100.539413","9","lettuce|pumpkin seeds|mixed greens|mustard|carrot|salt|vinegar|arugula|olive oil"
"dish_1562963517","cafe1","1562963517","train","train","cafe1_c03195","train","511.0","552.648376","18","fish|vinegar|mustard|lemon juice|salt|garlic|cilantro|jalapenos|pepper|quinoa|tomatillo|arugula|olive oil|onions|mixed greens|lettuce|carrot|pumpkin seeds"
"dish_1562963583","cafe1","1562963583","train","train","cafe1_c03196","train","52.0","138.320007","1","pizza"
"dish_1562963612","cafe1","1562963612","train","train","cafe1_c03197","train","156.0","184.080002","2","pizza|caesar salad"
"dish_1562963648","cafe1","1562963648","train","train","cafe1_c03198","train","247.0","252.588776","12","mixed greens|caesar salad|carrot|cabbage|pizza|rice noodles|garlic|soy sauce|olive oil|green onions|vinegar|radishes"
"dish_1562963676","cafe1","1562963676","train","train","cafe1_c03199","train","350.0","397.818726","13","green onions|vinegar|radishes|roasted potatoes|olive oil|carrot|soy sauce|caesar salad|mixed greens|cabbage|pizza|rice noodles|garlic"
"dish_1562963704","cafe1","1562963704","train","train","cafe1_c03200","train","479.0","663.755798","19","radishes|bok choy|vinegar|salt|roasted potatoes|mixed greens|soy sauce|caesar salad|garlic|sugar|pepper|white rice|pork|rice noodles|cabbage|pizza|olive oil|carrot|green onions"
"dish_1563205877","cafe1","1563205877","train","train","cafe1_c03201","train","35.0","56.0","1","chicken apple sausage"
"dish_1563205903","cafe1","1563205903","train","train","cafe1_c03202","train","122.0","101.239998","2","chicken apple sausage|egg whites"
"dish_1563205927","cafe1","1563205927","train","train","cafe1_c03203","train","181.0","160.269501","4","egg whites|yam|sweet potato|chicken apple sausage"
"dish_1563205953","cafe1","1563205953","train","train","cafe1_c03204","train","298.0","218.769501","5","yam|sweet potato|egg whites|pineapple|chicken apple sausage"
"dish_1563205982","cafe1","1563205982","train","train","cafe1_c03205","train","469.0","316.239502","6","egg whites|yam|berries|chicken apple sausage|sweet potato|pineapple"
"dish_1563206409","cafe1","1563206409","train","train","cafe1_c03206","train","277.0","443.463837","2","scrambled eggs|cheese"
"dish_1563206562","cafe1","1563206562","train","train","cafe1_c03207","train","68.0","98.208679","3","yam|sweet potato|olive oil"
"dish_1563206582","cafe1","1563206582","train","train","cafe1_c03207","train","320.0","229.248688","4","yam|egg whites|olive oil|sweet potato"
"dish_1563206601","cafe1","1563206601","train","train","cafe1_c03207","train","337.0","293.797668","5","sweet potato|olive oil|turkey bacon|egg whites|yam"
"dish_1563207277","cafe1","1563207277","train","train","cafe1_c03208","train","106.0","153.089996","3","yam|sweet potato|olive oil"
"dish_1563207301","cafe1","1563207301","train","train","cafe1_c03209","dev","173.0","187.929993","4","yam|egg whites|olive oil|sweet potato"
"dish_1563207332","cafe1","1563207332","train","train","cafe1_c03210","train","241.0","288.570007","5","scrambled eggs|yam|egg whites|olive oil|sweet potato"
"dish_1563207364","cafe1","1563207364","train","train","cafe1_c03211","train","271.0","309.269989","6","scrambled eggs|yam|grapes|egg whites|olive oil|sweet potato"
"dish_1563207389","cafe1","1563207389","train","train","cafe1_c03212","train","327.0","337.27002","7","pineapple|sweet potato|olive oil|scrambled eggs|egg whites|grapes|yam"
"dish_1563207406","cafe1","1563207406","train","train","cafe1_c03212","train","443.0","372.070038","8","scrambled eggs|pineapple|egg whites|yam|watermelon|sweet potato|grapes|olive oil"
"dish_1563208094","cafe1","1563208094","train","train","cafe1_c03213","train","111.0","160.311234","3","yam|sweet potato|olive oil"
"dish_1563208129","cafe1","1563208129","train","train","cafe1_c03214","train","291.0","426.711243","4","yam|sweet potato|olive oil|scrambled eggs"
"dish_1563208412","cafe1","1563208412","test","test","cafe1_c03215","test","39.0","62.400002","1","chicken apple sausage"
"dish_1563208439","cafe1","1563208439","test","test","cafe1_c03216","test","96.0","92.610001","2","raspberries|chicken apple sausage"
"dish_1563208459","cafe1","1563208459","test","test","cafe1_c03216","test","161.0","186.485947","5","raspberries|yam|sweet potato|olive oil|chicken apple sausage"
"dish_1563216381","cafe1","1563216381","train","train","cafe1_c03217","train","99.0","34.649998","1","broccoli"
"dish_1563216412","cafe1","1563216412","train","train","cafe1_c03218","train","205.0","172.449982","2","white rice|broccoli"
"dish_1563216440","cafe1","1563216440","train","train","cafe1_c03219","train","352.0","403.786346","11","wheat berry|olive oil|spinach (raw)|cherry tomatoes|chicken breast|white rice|parmesan cheese|garlic|salt|broccoli|thyme"
"dish_1563216625","cafe1","1563216625","train","train","cafe1_c03220","train","109.0","171.53511","9","salt|thyme|olive oil|wheat berry|parmesan cheese|spinach (raw)|cherry tomatoes|chicken breast|garlic"
"dish_1563216659","cafe1","1563216659","train","train","cafe1_c03221","train","173.0","190.057999","10","garlic|cherry tomatoes|chicken breast|spinach (raw)|parmesan cheese|wheat berry|squash|olive oil|thyme|salt"
"dish_1563216689","cafe1","1563216689","train","train","cafe1_c03222","train","302.0","235.208008","11","thyme|squash|broccoli|salt|garlic|olive oil|chicken breast|cherry tomatoes|spinach (raw)|parmesan cheese|wheat berry"
"dish_1563216717","cafe1","1563216717","train","train","cafe1_c03223","train","332.0","246.007996","12","garlic|squash|cherry tomatoes|chicken breast|spinach (raw)|parmesan cheese|wheat berry|olive oil|thyme|honeydew melons|salt|broccoli"
"dish_1563216739","cafe1","1563216739","train","none","cafe1_c03224","train","420.0","343.687988","13","olive oil|wheat berry|spinach (raw)|cherry tomatoes|chicken breast|parmesan cheese|squash|honeydew melons|broccoli|garlic|salt|brown rice|thyme"
"dish_1563217736","cafe1","1563217736","train","train","cafe1_c03225","train","67.0","23.449999","1","broccoli"
"dish_1563217774","cafe1","1563217774","train","train","cafe1_c03226","train","265.0","96.138458","14","cilantro|cherry tomatoes|mangos|arugula|jalapenos|salt|onions|olive oil|mustard greens|cucumbers|lime|broccoli|tomatoes|lemon juice"
"dish_1563217804","cafe1","1563217804","train","train","cafe1_c03227","train","459.0","492.934601","20","cherry tomatoes|white rice|pork|parsley|arugula|zucchini|lemon juice|olive oil|cilantro|broccoli|lime|salt|mangos|garlic|jalapenos|onions|cucumbers|rosemary|mustard greens|tomatoes"
"dish_1563217895","cafe1","1563217895","train","train","cafe1_c03228","train","73.0","26.799278","13","mangos|salt|arugula|cherry tomatoes|jalapenos|lemon juice|lime|mustard greens|cucumbers|olive oil|onions|tomatoes|cilantro"
"dish_1563217939","cafe1","1563217939","train","train","cafe1_c03229","train","171.0","227.242706","19","white rice|arugula|cherry tomatoes|garlic|onions|olive oil|cucumbers|tomatoes|lemon juice|lime|salt|mustard greens|zucchini|parsley|mangos|jalapenos|pork|rosemary|cilantro"
"dish_1563217968","cafe1","1563217968","train","train","cafe1_c03230","dev","244.0","252.792709","20","white rice|lemon juice|tomatoes|cucumbers|onions|jalapenos|arugula|garlic|salt|lime|rosemary|broccoli|mustard greens|olive oil|pork|parsley|mangos|zucchini|cherry tomatoes|cilantro"
"dish_1563217993","cafe1","1563217993","train","train","cafe1_c03231","train","337.0","279.708801","21","mangos|pork|garlic|onions|jalapenos|lemon juice|cucumbers|olive oil|mustard greens|parsley|tomatoes|salt|cherry tomatoes|squash|white rice|zucchini|arugula|rosemary|broccoli|cilantro|lime"
"dish_1563218031","cafe1","1563218031","train","train","cafe1_c03232","train","426.0","419.769562","26","salt|lime|broccoli|squash|wheat berry|jalapenos|rosemary|zucchini|onions|spinach (raw)|mustard greens|cilantro|parmesan cheese|thyme|mangos|cherry tomatoes|arugula|pork|chicken breast|cucumbers|lemon juice|parsley|olive oil|garlic|tomatoes|white rice"
"dish_1563218201","cafe1","1563218201","train","train","cafe1_c03233","train","156.0","352.872009","1","grilled chicken"
"dish_1563218408","cafe1","1563218408","test","test","cafe1_c03234","test","87.0","245.339996","1","pepperoni pizza"
"dish_1563218959","cafe1","1563218959","train","train","cafe1_c03235","train","131.0","267.939667","10","rosemary|zucchini|parsley|onions|salt|garlic|white rice|arugula|olive oil|pork"
"dish_1563218987","cafe1","1563218987","train","train","cafe1_c03236","train","172.0","383.559662","11","pepperoni pizza|pork|arugula|white rice|salt|garlic|olive oil|parsley|zucchini|onions|rosemary"
"dish_1563219009","cafe1","1563219009","train","train","cafe1_c03237","train","202.0","388.359711","12","white rice|garlic|celery|arugula|pepperoni pizza|pork|salt|rosemary|parsley|onions|zucchini|olive oil"
"dish_1563219035","cafe1","1563219035","train","train","cafe1_c03238","train","221.0","410.209686","13","white rice|garlic|celery|arugula|pepperoni pizza|rosemary|pork|onions|parsley|olive oil|zucchini|salt|olives"
"dish_1563219056","cafe1","1563219056","train","train","cafe1_c03239","train","258.0","416.869659","14","white rice|olives|pepperoni pizza|arugula|cherry tomatoes|pork|rosemary|parsley|onions|zucchini|olive oil|salt|celery|garlic"
"dish_1563220058","cafe1","1563220058","train","train","cafe1_c03240","train","52.0","146.639999","1","pepperoni pizza"
"dish_1563220087","cafe1","1563220087","train","train","cafe1_c03241","train","98.0","162.740005","2","broccoli|pepperoni pizza"
"dish_1563220109","cafe1","1563220109","train","train","cafe1_c03242","train","174.0","184.735962","5","pepperoni pizza|salt|olive oil|squash|broccoli"
"dish_1563220143","cafe1","1563220143","train","train","cafe1_c03243","train","327.0","425.514618","12","spinach (raw)|pepperoni pizza|wheat berry|parmesan cheese|cherry tomatoes|chicken breast|broccoli|salt|garlic|thyme|squash|olive oil"
"dish_1563220171","cafe1","1563220171","train","train","cafe1_c03244","train","363.0","465.47464","13","olive oil|wheat berry|thyme|broccoli|salt|garlic|brown rice|parmesan cheese|cherry tomatoes|chicken breast|spinach (raw)|pepperoni pizza|squash"
"dish_1563220767","cafe1","1563220767","train","train","cafe1_c03245","train","130.0","265.894379","10","pork|olive oil|arugula|white rice|salt|rosemary|garlic|onions|parsley|zucchini"
"dish_1563220802","cafe1","1563220802","train","train","cafe1_c03246","train","252.0","308.59436","11","white rice|garlic|arugula|pork|broccoli|salt|rosemary|zucchini|parsley|onions|olive oil"
"dish_1563220987","cafe1","1563220987","test","test","cafe1_c03247","test","110.0","224.987503","10","olive oil|arugula|pork|salt|onions|parsley|zucchini|rosemary|garlic|white rice"
"dish_1563221025","cafe1","1563221025","test","test","cafe1_c03248","test","123.0","245.445801","16","salt|white rice|parmesan cheese|pork|spinach (raw)|arugula|parsley|garlic|chicken breast|cherry tomatoes|wheat berry|onions|rosemary|zucchini|thyme|olive oil"
"dish_1563221054","cafe1","1563221054","test","test","cafe1_c03249","test","170.0","298.877594","20","chicken breast|cherry tomatoes|vinegar|white rice|pork|wheat berry|spinach (raw)|onions|zucchini|parsley|rosemary|olive oil|parmesan cheese|thyme|mustard|arugula|cranberries|garlic|salt|apple"
"dish_1563221086","cafe1","1563221086","test","test","cafe1_c03250","test","254.0","328.277618","21","onions|cranberries|arugula|cherry tomatoes|chicken breast|white rice|vinegar|apple|garlic|salt|parsley|zucchini|rosemary|olive oil|thyme|wheat berry|pork|spinach (raw)|parmesan cheese|mustard|broccoli"
"dish_1563221157","cafe1","1563221157","test","test","cafe1_c03251","test","352.0","418.152008","29","salt|broccoli|lime|onions|olive oil|rosemary|vinegar|parmesan cheese|spinach (raw)|sour cream|corn|parsley|zucchini|thyme|black beans|white rice|cheese|apple|chicken breast|garlic|cranberries|arugula|tortilla chips|wheat berry|pork|cherry tomatoes|chili|mustard|tomatoes"
"dish_1563221443","cafe1","1563221443","train","none","cafe1_c03252","train","86.0","242.519989","1","pepperoni pizza"
"dish_1563221495","cafe1","1563221495","train","train","cafe1_c03253","train","164.0","365.269897","10","garlic|salt|olive oil|wheat berry|thyme|parmesan cheese|spinach (raw)|pepperoni pizza|chicken breast|cherry tomatoes"
"dish_1563221519","cafe1","1563221519","train","train","cafe1_c03254","train","206.0","379.96991","11","cherry tomatoes|chicken breast|pepperoni pizza|thyme|parmesan cheese|wheat berry|spinach (raw)|olive oil|broccoli|salt|garlic"
"dish_1563221562","cafe1","1563221562","train","train","cafe1_c03255","train","260.0","395.598572","12","thyme|salt|garlic|broccoli|squash|olive oil|chicken breast|cherry tomatoes|spinach (raw)|pepperoni pizza|parmesan cheese|wheat berry"
"dish_1563221602","cafe1","1563221602","train","train","cafe1_c03256","train","306.0","447.893616","17","garlic|mustard|onions|cranberries|wheat berry|pepperoni pizza|chicken breast|apple|salt|broccoli|thyme|olive oil|squash|vinegar|spinach (raw)|parmesan cheese|cherry tomatoes"
"dish_1563221640","cafe1","1563221640","train","train","cafe1_c03257","train","364.0","469.186188","26","mangos|arugula|pepperoni pizza|parmesan cheese|spinach (raw)|tomatoes|thyme|mustard greens|mustard|cucumbers|broccoli|garlic|salt|jalapenos|cherry tomatoes|chicken breast|apple|lemon juice|squash|wheat berry|vinegar|olive oil|cranberries|onions|lime|cilantro"
"dish_1563222745","cafe1","1563222745","train","train","cafe1_c03258","train","48.0","135.360001","1","pepperoni pizza"
"dish_1563222775","cafe1","1563222775","train","train","cafe1_c03259","train","75.0","190.584213","11","white rice|garlic|olive oil|parsley|zucchini|onions|rosemary|salt|pork|arugula|pepperoni pizza"
"dish_1563222800","cafe1","1563222800","train","train","cafe1_c03260","train","146.0","302.318085","17","chicken breast|cherry tomatoes|pork|spinach (raw)|pepperoni pizza|onions|zucchini|olive oil|parsley|white rice|wheat berry|parmesan cheese|arugula|rosemary|thyme|garlic|salt"
"dish_1563222830","cafe1","1563222830","train","train","cafe1_c03261","train","211.0","325.068085","18","broccoli|white rice|wheat berry|spinach (raw)|zucchini|onions|arugula|garlic|salt|chicken breast|cherry tomatoes|pork|pepperoni pizza|parmesan cheese|parsley|rosemary|thyme|olive oil"
"dish_1563222850","cafe1","1563222850","train","train","cafe1_c03261","train","232.0","348.378113","19","parsley|thyme|pork|parmesan cheese|spinach (raw)|cherry tomatoes|garlic|onions|salt|rosemary|zucchini|broccoli|olive oil|arugula|pepperoni pizza|wheat berry|brown rice|chicken breast|white rice"
"dish_1563294408","cafe1","1563294408","train","train","cafe1_c03262","train","83.0","41.5","1","pineapple"
"dish_1563294441","cafe1","1563294441","train","train","cafe1_c03263","train","162.0","65.199997","2","pineapple|watermelon"
"dish_1563294465","cafe1","1563294465","train","train","cafe1_c03264","train","237.0","116.949997","3","pineapple|watermelon|grapes"
"dish_1563294491","cafe1","1563294491","train","train","cafe1_c03265","dev","328.0","146.979996","4","pineapple|grapes|strawberries|watermelon"
"dish_1563294522","cafe1","1563294522","train","train","cafe1_c03266","train","400.0","250.965668","7","sweet potato|yam|watermelon|strawberries|olive oil|pineapple|grapes"
"dish_1563294547","cafe1","1563294547","train","train","cafe1_c03267","dev","455.0","430.265656","8","yam|sweet potato|olive oil|grapes|watermelon|hash browns|pineapple|strawberries"
"dish_1563294575","cafe1","1563294575","train","train","cafe1_c03268","train","562.0","485.90564","9","strawberries|watermelon|hash browns|olive oil|grapes|sweet potato|egg whites|yam|pineapple"
"dish_1563294987","cafe1","1563294987","test","test","cafe1_c03269","test","18.0","97.379997","1","bacon"
"dish_1563295016","cafe1","1563295016","test","test","cafe1_c03270","test","79.0","127.879997","2","bacon|pineapple"
"dish_1563295044","cafe1","1563295044","test","test","cafe1_c03271","test","158.0","241.975372","5","yam|sweet potato|pineapple|olive oil|bacon"
"dish_1563295292","cafe1","1563295292","train","train","cafe1_c03272","train","22.0","119.019997","1","bacon"
"dish_1563295334","cafe1","1563295334","train","train","cafe1_c03273","train","96.0","228.540009","2","bacon|scrambled eggs"
"dish_1563295360","cafe1","1563295360","train","train","cafe1_c03274","train","181.0","275.891235","4","bacon|scrambled eggs|olive oil|broccoli"
"dish_1563295400","cafe1","1563295400","train","train","cafe1_c03275","train","269.0","402.984802","6","broccoli|yam|sweet potato|scrambled eggs|olive oil|bacon"
"dish_1563302315","cafe1","1563302315","train","train","cafe1_c03276","train","63.0","13.86","1","mushroom"
"dish_1563302345","cafe1","1563302345","train","train","cafe1_c03277","dev","215.0","265.855438","11","wheat berry|parsley|spinach (raw)|mushroom|chicken|shallots|garlic|salt|olive oil|thyme|lemon juice"
"dish_1563302391","cafe1","1563302391","train","train","cafe1_c03278","train","311.0","401.215424","12","thyme|lemon juice|parsley|shallots|garlic|salt|roasted potatoes|chicken|spinach (raw)|mushroom|wheat berry|olive oil"
"dish_1563302420","cafe1","1563302420","train","train","cafe1_c03279","dev","381.0","435.626282","14","chicken|garlic|shallots|mushroom|pepper|spinach (raw)|wheat berry|olive oil|thyme|parsley|lemon juice|salt|roasted potatoes|carrot"
"dish_1563302447","cafe1","1563302447","train","train","cafe1_c03280","train","440.0","561.417053","20","lettuce|shallots|salt|blue cheese|lemon juice|thyme|olive oil|wheat berry|chicken|walnuts|garlic|carrot|roasted potatoes|parsley|mustard|mushroom|vinegar|spinach (raw)|pepper|mixed greens"
"dish_1563303298","cafe1","1563303298","train","train","cafe1_c03281","train","103.0","170.760071","10","salt|spinach (raw)|wheat berry|olive oil|thyme|lemon juice|parsley|chicken|shallots|garlic"
"dish_1563303350","cafe1","1563303350","train","train","cafe1_c03282","train","167.0","202.221436","12","chicken|carrot|spinach (raw)|parsley|wheat berry|thyme|olive oil|lemon juice|pepper|salt|shallots|garlic"
"dish_1563303386","cafe1","1563303386","train","train","cafe1_c03283","dev","218.0","274.131439","13","wheat berry|parsley|pepper|spinach (raw)|roasted potatoes|chicken|salt|garlic|shallots|carrot|olive oil|lemon juice|thyme"
"dish_1563304261","cafe1","1563304261","train","train","cafe1_c03284","dev","37.0","30.210915","4","kale|croutons|caesar dressing|parmesan cheese"
"dish_1563304301","cafe1","1563304301","train","train","cafe1_c03285","train","151.0","190.950912","5","kale|croutons|caesar dressing|roasted potatoes|parmesan cheese"
"dish_1563304333","cafe1","1563304333","train","train","cafe1_c03286","dev","308.0","451.235687","15","croutons|salt|chicken|spinach (raw)|parsley|lemon juice|caesar dressing|olive oil|garlic|wheat berry|parmesan cheese|kale|thyme|shallots|roasted potatoes"
"dish_1563304369","cafe1","1563304369","train","train","cafe1_c03287","train","326.0","457.172119","16","garlic|parsley|kale|lemon juice|eggplant|parmesan cheese|shallots|roasted potatoes|salt|thyme|caesar dressing|olive oil|wheat berry|croutons|spinach (raw)|chicken"
"dish_1563304881","cafe1","1563304881","train","train","cafe1_c03288","train","446.0","739.407654","10","garlic|chicken|spinach (raw)|thyme|wheat berry|olive oil|lemon juice|parsley|salt|shallots"
"dish_1563304925","cafe1","1563304925","train","train","cafe1_c03289","train","508.0","874.46106","20","chili|white rice|soy sauce|orange juice|onions|parsley|olive oil|thyme|green onions|beef|wheat berry|chicken|spinach (raw)|lemon juice|kale|vinegar|broccoli|garlic|salt|shallots"
"dish_1563304958","cafe1","1563304958","train","train","cafe1_c03290","train","614.0","951.840942","21","garlic|shallots|beef|white rice|orange juice|spinach (raw)|chili|wheat berry|thyme|olive oil|green onions|kale|lemon juice|broccoli|soy sauce|tofu|chicken|vinegar|parsley|onions|salt"
"dish_1563305005","cafe1","1563305005","train","train","cafe1_c03291","train","720.0","1003.948853","23","carrot|beef|chicken|wheat berry|tofu|spinach (raw)|vinegar|onions|thyme|olive oil|broccoli|salt|garlic|soy sauce|white rice|orange juice|parsley|kale|lemon juice|pepper|shallots|chili|green onions"
"dish_1563305047","cafe1","1563305047","train","train","cafe1_c03292","train","806.0","1032.31189","24","salt|broccoli|parsley|lemon juice|kale|green onions|orange juice|wheat berry|eggplant|tofu|pepper|beef|soy sauce|garlic|shallots|chili|onions|thyme|olive oil|vinegar|spinach (raw)|carrot|chicken|white rice"
"dish_1563305083","cafe1","1563305083","train","train","cafe1_c03293","train","901.0","1234.856323","29","chili|lettuce|shallots|broccoli|olive oil|parsley|chicken|blue cheese|beef|mixed greens|salt|carrot|walnuts|thyme|spinach (raw)|eggplant|white rice|pepper|garlic|mustard|lemon juice|kale|wheat berry|green onions|soy sauce|orange juice|onions|tofu|vinegar"
"dish_1563305321","cafe1","1563305321","train","train","cafe1_c03294","train","67.0","32.936092","4","salt|carrot|olive oil|pepper"
"dish_1563305354","cafe1","1563305354","train","train","cafe1_c03295","train","208.0","340.073578","15","salt|broccoli|onions|olive oil|orange juice|chili|beef|green onions|white rice|vinegar|kale|soy sauce|garlic|carrot|pepper"
"dish_1563305401","cafe1","1563305401","train","train","cafe1_c03296","train","332.0","483.215302","19","white rice|garlic|soy sauce|kale|broccoli|carrot|pepper|quinoa|beef|spinach (raw)|vinegar|rosemary|lemon juice|olive oil|orange juice|onions|salt|chili|green onions"
"dish_1563305513","cafe1","1563305513","test","test","cafe1_c03297","test","228.0","606.251953","1","cheese pizza"
"dish_1563305653","cafe1","1563305653","train","train","cafe1_c03298","train","117.0","25.74","1","mushroom"
"dish_1563305689","cafe1","1563305689","train","train","cafe1_c03299","train","161.0","30.139999","2","mushroom|cucumbers"
"dish_1563305722","cafe1","1563305722","train","train","cafe1_c03300","dev","405.0","434.658997","12","garlic|shallots|mushroom|spinach (raw)|wheat berry|thyme|lemon juice|cucumbers|olive oil|parsley|salt|chicken"
"dish_1563305837","cafe1","1563305837","train","train","cafe1_c03301","train","14.0","11.431157","4","kale|croutons|caesar dressing|parmesan cheese"
"dish_1563305883","cafe1","1563305883","train","train","cafe1_c03302","train","77.0","83.052505","12","olive oil|spinach (raw)|parmesan cheese|croutons|vinegar|apple|salt|mustard|onions|cranberries|caesar dressing|kale"
"dish_1563305913","cafe1","1563305913","train","train","cafe1_c03303","dev","107.0","89.652504","13","croutons|apple|mushroom|vinegar|spinach (raw)|parmesan cheese|mustard|onions|cranberries|caesar dressing|olive oil|kale|salt"
"dish_1563305948","cafe1","1563305948","train","train","cafe1_c03304","train","178.0","207.360931","20","croutons|salt|apple|wheat berry|lemon juice|kale|onions|olive oil|cranberries|shallots|chicken|mushroom|vinegar|spinach (raw)|parmesan cheese|mustard|caesar dressing|thyme|garlic|parsley"
"dish_1563305982","cafe1","1563305982","train","train","cafe1_c03305","dev","225.0","273.63089","21","apple|croutons|garlic|shallots|vinegar|parmesan cheese|caesar dressing|olive oil|mustard|thyme|lemon juice|salt|parsley|spinach (raw)|mushroom|wheat berry|cranberries|kale|onions|roasted potatoes|chicken"
"dish_1563306039","cafe1","1563306039","train","train","cafe1_c03306","train","326.0","493.637207","28","chicken|orange juice|green onions|white rice|mushroom|shallots|lemon juice|garlic|cranberries|caesar dressing|olive oil|thyme|salt|parsley|roasted potatoes|croutons|apple|wheat berry|spinach (raw)|parmesan cheese|vinegar|kale|mustard|onions|beef|broccoli|soy sauce|chili"
"dish_1563306392","cafe1","1563306392","train","train","cafe1_c03307","train","288.0","477.465118","10","chicken|spinach (raw)|wheat berry|thyme|olive oil|lemon juice|parsley|salt|garlic|shallots"
"dish_1563307488","cafe1","1563307488","train","train","cafe1_c03308","train","247.0","538.035156","13","orange juice|olive oil|salt|beef|vinegar|soy sauce|chili|onions|kale|green onions|broccoli|garlic|white rice"
"dish_1563307519","cafe1","1563307519","train","train","cafe1_c03309","train","335.0","574.115173","14","olive oil|salt|vinegar|soy sauce|beef|white rice|chili|broccoli|garlic|green onions|onions|carrot|kale|orange juice"
"dish_1563307575","cafe1","1563307575","train","train","cafe1_c03310","train","419.0","671.082031","19","orange juice|onions|garlic|soy sauce|green onions|salt|carrot|white rice|pepper|quinoa|beef|spinach (raw)|vinegar|rosemary|olive oil|lemon juice|kale|broccoli|chili"
"dish_1563308323","cafe1","1563308323","train","train","cafe1_c03311","train","66.0","27.059999","1","carrot"
"dish_1563308353","cafe1","1563308353","train","train","cafe1_c03312","train","140.0","51.465488","4","salt|carrot|eggplant|olive oil"
"dish_1563308386","cafe1","1563308386","train","train","cafe1_c03313","train","214.0","155.805481","5","carrot|eggplant|salt|roasted potatoes|olive oil"
"dish_1563308428","cafe1","1563308428","train","train","cafe1_c03314","train","329.0","406.307678","16","orange juice|soy sauce|vinegar|onions|kale|olive oil|garlic|chili|carrot|beef|white rice|eggplant|salt|roasted potatoes|broccoli|green onions"
"dish_1563309189","cafe1","1563309189","train","train","cafe1_c03315","train","33.0","37.950001","1","olives"
"dish_1563309237","cafe1","1563309237","train","train","cafe1_c03316","train","62.0","49.550003","2","bell peppers|olives"
"dish_1563309285","cafe1","1563309285","train","train","cafe1_c03317","dev","128.0","59.450005","3","olives|bell peppers|lettuce"
"dish_1563309315","cafe1","1563309315","train","train","cafe1_c03318","dev","462.0","613.17688","13","olives|chicken|parsley|spinach (raw)|wheat berry|thyme|olive oil|salt|lemon juice|shallots|bell peppers|lettuce|garlic"
"dish_1563309353","cafe1","1563309353","train","train","cafe1_c03319","train","529.0","625.236877","14","wheat berry|olive oil|spinach (raw)|cherry tomatoes|chicken|olives|parsley|bell peppers|garlic|shallots|lettuce|salt|lemon juice|thyme"
"dish_1563309398","cafe1","1563309398","train","train","cafe1_c03320","train","604.0","655.986816","15","salt|spinach (raw)|lemon juice|olives|bell peppers|lettuce|garlic|chicken|cherry tomatoes|wheat berry|parsley|thyme|olive oil|shallots|carrot"
"dish_1563378002","cafe1","1563378002","test","none","cafe1_c03321","test","204.0","106.079994","1","egg whites"
"dish_1563378029","cafe1","1563378029","test","none","cafe1_c03322","test","290.0","230.28508","4","yam|sweet potato|egg whites|olive oil"
"dish_1563378051","cafe1","1563378051","test","none","cafe1_c03323","test","332.0","244.565094","5","egg whites|yam|cantaloupe|sweet potato|olive oil"
"dish_1563378073","cafe1","1563378073","test","none","cafe1_c03324","test","382.0","269.565094","6","cantaloupe|yam|pineapple|egg whites|olive oil|sweet potato"
"dish_1563378110","cafe1","1563378110","test","none","cafe1_c03325","test","405.0","348.823059","7","cantaloupe|sweet potato|olive oil|pineapple|egg whites|sausage|yam"
"dish_1563378344","cafe1","1563378344","train","none","cafe1_c03326","train","119.0","419.475006","1","biscuits"
"dish_1563378372","cafe1","1563378372","train","none","cafe1_c03327","dev","128.0","468.165009","2","biscuits|bacon"
"dish_1563378406","cafe1","1563378406","train","none","cafe1_c03328","train","189.0","556.263916","5","olive oil|biscuits|yam|bacon|sweet potato"
"dish_1563378435","cafe1","1563378435","train","none","cafe1_c03329","train","254.0","652.463989","6","bacon|biscuits|sweet potato|olive oil|scrambled eggs|yam"
"dish_1563378660","cafe1","1563378660","train","none","cafe1_c03330","train","124.0","334.800018","2","cream cheese|bagels"
"dish_1563378690","cafe1","1563378690","train","none","cafe1_c03331","dev","152.0","412.528015","3","cream cheese|mozzarella cheese|bagels"
"dish_1563379132","cafe1","1563379132","test","none","cafe1_c03332","test","119.0","232.050003","1","chilaquiles"
"dish_1563379163","cafe1","1563379163","test","none","cafe1_c03333","test","146.0","271.044617","4","chilaquiles|yam|olive oil|sweet potato"
"dish_1563379494","cafe1","1563379494","train","none","cafe1_c03334","train","295.0","472.280975","2","scrambled eggs|cheese"
"dish_1563381461","cafe1","1563381461","train","none","cafe1_c03335","train","36.0","136.692001","1","turkey bacon"
"dish_1563381486","cafe1","1563381486","train","none","cafe1_c03336","train","180.0","339.731995","2","turkey bacon|roasted potatoes"
"dish_1563381512","cafe1","1563381512","train","none","cafe1_c03337","train","332.0","636.131958","3","turkey bacon|roasted potatoes|chilaquiles"
"dish_1563381680","cafe1","1563381680","train","none","cafe1_c03338","train","6.0","32.459999","1","bacon"
"dish_1563381706","cafe1","1563381706","train","none","cafe1_c03339","train","49.0","94.562546","4","yam|sweet potato|olive oil|bacon"
"dish_1563381738","cafe1","1563381738","train","none","cafe1_c03340","train","96.0","118.062546","5","bacon|sweet potato|olive oil|pineapple|yam"
"dish_1563381760","cafe1","1563381760","train","none","cafe1_c03341","dev","164.0","140.502548","6","bacon|sweet potato|olive oil|pineapple|strawberries|yam"
"dish_1563382911","cafe1","1563382911","train","none","cafe1_c03342","train","123.0","182.040009","1","scrambled eggs"
"dish_1563382953","cafe1","1563382953","train","none","cafe1_c03343","train","170.0","249.919525","4","yam|sweet potato|scrambled eggs|olive oil"
"dish_1563382987","cafe1","1563382987","train","none","cafe1_c03344","train","254.0","277.639526","5","olive oil|strawberries|yam|sweet potato|scrambled eggs"
"dish_1563389042","cafe1","1563389042","train","train","cafe1_c03345","dev","62.0","30.478174","4","salt|carrot|olive oil|pepper"
"dish_1563389079","cafe1","1563389079","train","train","cafe1_c03346","train","119.0","50.428173","5","broccoli|pepper|olive oil|carrot|salt"
"dish_1563389114","cafe1","1563389114","train","train","cafe1_c03347","train","148.0","86.534439","12","salt|carrot|broccoli|pecans|mustard|olive oil|blueberries|chard|arugula|vinegar|pepper|garlic"
"dish_1563389153","cafe1","1563389153","train","train","cafe1_c03348","dev","224.0","346.454468","13","olive oil|vinegar|arugula|chard|pepper|carrot|bulgur|mustard|salt|broccoli|pecans|garlic|blueberries"
"dish_1563389199","cafe1","1563389199","train","train","cafe1_c03349","train","284.0","390.254456","14","broccoli|garlic|pepper|arugula|vinegar|chard|blueberries|bulgur|olive oil|pecans|mustard|tofu|salt|carrot"
"dish_1563389413","cafe1","1563389413","train","train","cafe1_c03350","train","99.0","34.649998","1","broccoli"
"dish_1563389446","cafe1","1563389446","train","train","cafe1_c03351","train","173.0","117.787598","9","garlic|radishes|blueberries|spinach (raw)|vinegar|olive oil|mustard|broccoli|salt"
"dish_1563389548","cafe1","1563389548","test","test","cafe1_c03352","test","194.0","438.828003","1","grilled chicken"
"dish_1563389600","cafe1","1563389600","test","test","cafe1_c03353","test","264.0","451.428009","2","grilled chicken|cherry tomatoes"
"dish_1563389626","cafe1","1563389626","test","test","cafe1_c03354","test","360.0","498.620026","6","salt|pepper|grilled chicken|carrot|olive oil|cherry tomatoes"
"dish_1563389693","cafe1","1563389693","train","train","cafe1_c03355","train","383.0","500.218018","3","carrot|grilled chicken|cherry tomatoes"
"dish_1563389719","cafe1","1563389719","train","train","cafe1_c03356","train","457.0","529.817993","4","cherry tomatoes|carrot|grilled chicken|onions"
"dish_1563389742","cafe1","1563389742","train","train","cafe1_c03357","train","556.0","569.417969","5","cherry tomatoes|onions|grilled chicken|carrot|bell peppers"
"dish_1563389786","cafe1","1563389786","train","train","cafe1_c03358","train","564.0","640.137939","6","cherry tomatoes|carrot|grilled chicken|bell peppers|olive oil|onions"
"dish_1563391333","cafe1","1563391333","train","train","cafe1_c03359","train","81.0","23.443058","3","squash|olive oil|salt"
"dish_1563391375","cafe1","1563391375","train","train","cafe1_c03360","train","139.0","84.283714","13","cilantro|salt|onions|lemon juice|olive oil|jalapenos|squash|quinoa|fish|arugula|garlic|pepper|tomatillo"
"dish_1563391413","cafe1","1563391413","train","train","cafe1_c03361","train","237.0","227.056778","21","tomatillo|pepper|fish|chicken thighs|tomatoes|squash|onions|garlic|cilantro|salt|quinoa|lime|parsley|jalapenos|lemon juice|arugula|cabbage|olive oil|hominy|bell peppers|chili"
"dish_1563391453","cafe1","1563391453","train","none","cafe1_c03362","train","307.0","239.656799","22","tomatillo|fish|jalapenos|cherry tomatoes|tomatoes|lemon juice|bell peppers|garlic|cilantro|lime|pepper|quinoa|arugula|squash|chicken thighs|olive oil|parsley|onions|cabbage|salt|hominy|chili"
"dish_1563391647","cafe1","1563391647","train","train","cafe1_c03363","train","22.0","27.390959","9","arugula|chard|blueberries|vinegar|olive oil|mustard|pecans|salt|garlic"
"dish_1563391681","cafe1","1563391681","train","train","cafe1_c03364","train","143.0","154.317169","17","fish|blueberries|vinegar|arugula|chard|onions|pecans|olive oil|garlic|cilantro|salt|quinoa|pepper|tomatillo|jalapenos|lemon juice|mustard"
"dish_1563391708","cafe1","1563391708","train","train","cafe1_c03365","train","205.0","319.237152","18","lemon juice|pecans|onions|blueberries|jalapenos|pepper|fish|tomatillo|garlic|cilantro|salt|mustard|pizza|olive oil|arugula|vinegar|chard|quinoa"
"dish_1563391922","cafe1","1563391922","train","train","cafe1_c03366","train","104.0","24.440001","3","broccoli|squash|zucchini"
"dish_1563391959","cafe1","1563391959","train","train","cafe1_c03367","train","315.0","245.774109","15","garlic|arugula|squash|onions|olive oil|zucchini|broccoli|salt|jalapenos|pepper|quinoa|fish|tomatillo|lemon juice|cilantro"
"dish_1563391989","cafe1","1563391989","train","train","cafe1_c03368","train","464.0","462.847504","23","bell peppers|broccoli|tomatoes|onions|squash|chicken thighs|pepper|fish|arugula|chili|garlic|cabbage|cilantro|salt|hominy|lemon juice|zucchini|olive oil|parsley|jalapenos|tomatillo|quinoa|lime"
"dish_1563392128","cafe1","1563392128","train","train","cafe1_c03369","dev","162.0","169.934235","12","garlic|cilantro|lemon juice|onions|olive oil|salt|arugula|quinoa|fish|tomatillo|pepper|jalapenos"
"dish_1563393148","cafe1","1563393148","train","train","cafe1_c03370","train","118.0","27.730003","3","broccoli|squash|zucchini"
"dish_1563393182","cafe1","1563393182","train","train","cafe1_c03371","train","193.0","35.230003","4","zucchini|broccoli|squash|cucumbers"
"dish_1563393217","cafe1","1563393217","train","train","cafe1_c03372","train","228.0","49.230003","5","zucchini|broccoli|squash|onions|cucumbers"
"dish_1563393244","cafe1","1563393244","train","train","cafe1_c03373","train","280.0","57.550003","6","broccoli|cucumbers|onions|squash|radishes|zucchini"
"dish_1563393341","cafe1","1563393341","train","train","cafe1_c03374","train","119.0","27.965","3","broccoli|squash|zucchini"
"dish_1563393366","cafe1","1563393366","train","train","cafe1_c03375","train","178.0","89.85463","15","garlic|arugula|quinoa|pepper|jalapenos|squash|lemon juice|broccoli|fish|tomatillo|olive oil|zucchini|onions|salt|cilantro"
"dish_1563393403","cafe1","1563393403","train","train","cafe1_c03376","train","216.0","103.154633","15","cilantro|lemon juice|quinoa|pepper|garlic|broccoli|salt|onions|zucchini|olive oil|squash|arugula|jalapenos|tomatillo|fish"
"dish_1563395341","cafe1","1563395341","train","train","cafe1_c03377","train","54.0","143.585999","1","cheese pizza"
"dish_1563395374","cafe1","1563395374","train","train","cafe1_c03378","train","84.0","158.333496","5","cheese pizza|pepper|olive oil|carrot|salt"
"dish_1563395415","cafe1","1563395415","train","train","cafe1_c03379","train","187.0","182.538498","8","carrot|broccoli|cheese pizza|salt|zucchini|olive oil|squash|pepper"
"dish_1563395449","cafe1","1563395449","train","train","cafe1_c03380","train","222.0","214.63649","20","tortilla chips|pepper|cheese|black beans|squash|zucchini|sour cream|chili|tomatoes|cherry tomatoes|carrot|broccoli|cheese pizza|corn|spinach (raw)|olive oil|onions|lime|garlic|salt"
"dish_1563395480","cafe1","1563395480","train","train","cafe1_c03381","train","329.0","370.521423","27","corn|cheese|garlic|chili|black beans|spinach (raw)|squash|bell peppers|onions|olive oil|sour cream|lemon juice|salt|hominy|cherry tomatoes|pepper|tortilla chips|jalapenos|parsley|cabbage|chicken thighs|lime|zucchini|cheese pizza|broccoli|carrot|tomatoes"
"dish_1563395510","cafe1","1563395510","train","train","cafe1_c03382","dev","372.0","415.627411","32","broccoli|carrot|salt|lime|olive oil|parsley|zucchini|corn|pepper|quinoa|cilantro|hominy|garlic|sour cream|jalapenos|spinach (raw)|black beans|arugula|cheese|tortilla chips|chicken thighs|squash|tomatillo|cheese pizza|fish|cherry tomatoes|chili|bell peppers|lemon juice|cabbage|onions|tomatoes"
"dish_1563464389","cafe1","1563464389","train","train","cafe1_c03383","dev","17.0","91.970001","1","bacon"
"dish_1563464429","cafe1","1563464429","train","train","cafe1_c03384","train","103.0","140.990005","2","bacon|berries"
"dish_1563464457","cafe1","1563464457","train","train","cafe1_c03385","train","163.0","158.990005","3","watermelon|bacon|berries"
"dish_1563464480","cafe1","1563464480","train","train","cafe1_c03386","train","213.0","229.490005","4","bacon|watermelon|roasted potatoes|berries"
"dish_1563464543","cafe1","1563464543","train","train","cafe1_c03387","train","319.0","386.369995","5","bacon|berries|watermelon|roasted potatoes|scrambled eggs"
"dish_1563464627","cafe1","1563464627","train","train","cafe1_c03388","train","115.0","310.5","2","cream cheese|bagels"
"dish_1563464651","cafe1","1563464651","train","train","cafe1_c03389","train","130.0","312.0","3","cream cheese|cucumbers|bagels"
"dish_1563464670","cafe1","1563464670","train","train","cafe1_c03389","train","156.0","384.175995","4","cream cheese|bagels|cucumbers|mozzarella cheese"
"dish_1563465805","cafe1","1563465805","train","train","cafe1_c03390","dev","23.0","32.43","1","roasted potatoes"
"dish_1563465847","cafe1","1563465847","train","train","cafe1_c03391","train","182.0","267.75","2","roasted potatoes|scrambled eggs"
"dish_1563466280","cafe1","1563466280","train","train","cafe1_c03392","train","66.0","357.059998","1","bacon"
"dish_1563468199","cafe1","1563468199","train","train","cafe1_c03393","dev","107.0","53.5","1","pineapple"
"dish_1563468240","cafe1","1563468240","train","train","cafe1_c03394","train","239.0","93.100006","2","pineapple|watermelon"
"dish_1563468269","cafe1","1563468269","train","train","cafe1_c03395","train","302.0","129.01001","3","berries|watermelon|pineapple"
"dish_1563468299","cafe1","1563468299","train","train","cafe1_c03396","train","385.0","210.350006","4","cottage cheese|pineapple|watermelon|berries"
"dish_1563468327","cafe1","1563468327","train","train","cafe1_c03397","train","483.0","351.886047","7","yam|sweet potato|cottage cheese|pineapple|watermelon|olive oil|berries"
"dish_1563468362","cafe1","1563468362","train","train","cafe1_c03398","train","598.0","411.686035","8","cottage cheese|pineapple|watermelon|olive oil|sweet potato|berries|yam|egg whites"
"dish_1563468776","cafe1","1563468776","train","none","cafe1_c03399","train","250.0","370.0","1","scrambled eggs"
"dish_1563475788","cafe1","1563475788","train","train","cafe1_c03400","train","78.0","39.0","1","pineapple"
"dish_1563475826","cafe1","1563475826","train","train","cafe1_c03401","train","176.0","74.279999","2","honeydew melons|pineapple"
"dish_1563475874","cafe1","1563475874","train","train","cafe1_c03402","train","251.0","93.029999","3","pineapple|honeydew melons|cauliflower"
"dish_1563475921","cafe1","1563475921","train","train","cafe1_c03403","train","348.0","244.343323","17","shallots|garlic|lemon juice|onions|spinach (raw)|jalapenos|pineapple|cauliflower|honeydew melons|chili|salt|olive oil|lime|ginger|brown rice|cilantro|salmon"
"dish_1563475953","cafe1","1563475953","train","train","cafe1_c03404","train","453.0","427.446991","24","garlic|wine|pasta|spinach (raw)|cream|sour cream|cauliflower|shallots|salmon|pineapple|ginger|jalapenos|brown rice|beef|mushroom|thyme|salt|olive oil|lemon juice|onions|lime|cilantro|chili|honeydew melons"
"dish_1563476267","cafe1","1563476267","train","train","cafe1_c03405","train","51.0","237.710983","1","brownies"
"dish_1563476323","cafe1","1563476323","train","train","cafe1_c03406","train","339.0","686.97113","15","ginger|lemon juice|olive oil|shallots|cilantro|salt|salmon|spinach (raw)|brown rice|jalapenos|brownies|onions|garlic|lime|chili"
"dish_1563476408","cafe1","1563476408","train","train","cafe1_c03407","dev","513.0","990.400024","22","salmon|garlic|shallots|chili|lemon juice|onions|olive oil|cream|jalapenos|brown rice|wine|pasta|cilantro|lime|brownies|salt|mushroom|ginger|spinach (raw)|beef|sour cream|thyme"
"dish_1563476463","cafe1","1563476463","train","train","cafe1_c03408","train","542.0","1067.511108","23","garlic|lime|chili|lemon juice|brownies|olive oil|wine|cream|brown rice|mushroom|beef|salmon|pasta|shallots|salt|cheese pizza|onions|sour cream|thyme|spinach (raw)|ginger|jalapenos|cilantro"
"dish_1563476551","cafe1","1563476551","train","train","cafe1_c03409","dev","750.0","1116.391113","26","shallots|salmon|mushroom|ginger|squash|brownies|lemon juice|sour cream|lime|garlic|cheese pizza|wine|cream|brown rice|jalapenos|spinach (raw)|beef|pasta|thyme|olive oil|broccoli|onions|zucchini|salt|cilantro|chili"
"dish_1563476577","cafe1","1563476577","train","train","cafe1_c03410","train","857.0","1238.033691","30","beef|broccoli|shallots|thyme|onions|ginger|spinach (raw)|brown rice|lime|salt|cilantro|olive oil|cranberries|sour cream|zucchini|jalapenos|mushroom|wine|apple|pasta|cheese pizza|garlic|cream|salmon|mustard|lemon juice|brownies|squash|vinegar|chili"
"dish_1563476646","cafe1","1563476646","train","train","cafe1_c03411","train","218.0","380.158081","12","garlic|sour cream|onions|salt|thyme|cream|olive oil|mushroom|spinach (raw)|wine|pasta|beef"
"dish_1563477659","cafe1","1563477659","train","train","cafe1_c03412","train","52.0","26.551344","4","salt|pepper|brussels sprouts|olive oil"
"dish_1563477701","cafe1","1563477701","train","train","cafe1_c03413","train","150.0","179.424591","16","cilantro|olive oil|onions|brussels sprouts|jalapenos|garlic|shallots|chili|salt|lime|lemon juice|spinach (raw)|ginger|brown rice|pepper|salmon"
"dish_1563477736","cafe1","1563477736","train","train","cafe1_c03414","train","234.0","277.047302","21","shallots|salmon|vinegar|spinach (raw)|parsley|lemon juice|chili|garlic|cilantro|salt|jalapenos|pepper|ginger|brown rice|apple|olive oil|brussels sprouts|onions|lime|millet|mixed greens"
"dish_1563478751","cafe1","1563478751","test","test","cafe1_c03415","test","545.0","950.395081","12","cream|mushroom|spinach (raw)|olive oil|pasta|beef|wine|garlic|sour cream|onions|thyme|salt"
"dish_1563479526","cafe1","1563479526","train","train","cafe1_c03416","dev","51.0","67.844879","8","salt|apple|arugula|lemon juice|mustard greens|goat cheese|olive oil|figs"
"dish_1563479568","cafe1","1563479568","train","train","cafe1_c03417","train","82.0","83.673561","10","goat cheese|apple|salt|lemon juice|brussels sprouts|olive oil|mustard greens|arugula|pepper|figs"
"dish_1563479596","cafe1","1563479596","train","train","cafe1_c03418","train","151.0","104.373558","12","olive oil|lemon juice|salt|broccoli|figs|apple|goat cheese|cauliflower|pepper|arugula|brussels sprouts|mustard greens"
"dish_1563479625","cafe1","1563479625","train","train","cafe1_c03419","train","214.0","202.649231","23","goat cheese|salt|figs|spinach (raw)|shallots|chili|brussels sprouts|ginger|jalapenos|salmon|cauliflower|garlic|lime|onions|lemon juice|mustard greens|olive oil|cilantro|arugula|brown rice|apple|pepper|broccoli"
"dish_1563479655","cafe1","1563479655","train","train","cafe1_c03420","dev","282.0","321.230652","30","lime|cilantro|thyme|olive oil|jalapenos|cauliflower|beef|pepper|salt|broccoli|wine|brussels sprouts|sour cream|brown rice|ginger|spinach (raw)|mushroom|figs|garlic|arugula|cream|apple|salmon|pasta|goat cheese|chili|shallots|mustard greens|lemon juice|onions"
"dish_1563480476","cafe1","1563480476","train","train","cafe1_c03421","train","332.0","517.897095","14","salmon|salt|lime|chili|onions|lemon juice|olive oil|ginger|jalapenos|spinach (raw)|brown rice|cilantro|shallots|garlic"
"dish_1563480505","cafe1","1563480505","train","train","cafe1_c03422","train","475.0","767.266785","21","salmon|mushroom|spinach (raw)|brown rice|cream|olive oil|shallots|chili|lime|wine|sour cream|jalapenos|ginger|lemon juice|thyme|onions|pasta|cilantro|garlic|salt|beef"
"dish_1563480534","cafe1","1563480534","train","train","cafe1_c03423","train","576.0","797.566895","23","garlic|wine|lemon juice|onions|jalapenos|brown rice|mushroom|beef|pasta|cauliflower|shallots|chili|cilantro|lime|salt|broccoli|sour cream|olive oil|thyme|cream|spinach (raw)|ginger|salmon"
"dish_1563480608","cafe1","1563480608","train","train","cafe1_c03424","train","650.0","886.946472","29","beef|salt|cilantro|olive oil|cucumbers|jalapenos|brown rice|cauliflower|lime|broccoli|thyme|sour cream|ginger|spinach (raw)|wine|pasta|garlic|mushroom|lemon juice|mustard|salmon|figs|chili|shallots|onions|chard|cream|vinegar|cherry tomatoes"
"dish_1563481030","cafe1","1563481030","train","train","cafe1_c03425","train","129.0","155.81044","9","mustard|cucumbers|salt|figs|cherry tomatoes|chard|spinach (raw)|vinegar|olive oil"
"dish_1563481061","cafe1","1563481061","train","train","cafe1_c03426","train","350.0","541.200073","18","wine|cream|mushroom|onions|olive oil|garlic|thyme|salt|cherry tomatoes|pasta|sour cream|chard|spinach (raw)|vinegar|mustard|cucumbers|beef|figs"
"dish_1563550584","cafe1","1563550584","train","train","cafe1_c03427","train","145.0","75.399994","1","egg whites"
"dish_1563550614","cafe1","1563550614","train","train","cafe1_c03428","train","205.0","132.824387","3","sweet potato|olive oil|egg whites"
"dish_1563550922","cafe1","1563550922","train","none","cafe1_c03429","train","9.0","48.689999","1","bacon"
"dish_1563550950","cafe1","1563550950","train","train","cafe1_c03430","dev","93.0","183.169998","3","scrambled eggs|bacon|cheese"
"dish_1563550976","cafe1","1563550976","train","train","cafe1_c03431","train","165.0","284.690002","4","bacon|cheese|scrambled eggs|roasted potatoes"
"dish_1563551006","cafe1","1563551006","train","train","cafe1_c03432","train","213.0","357.669189","5","scrambled eggs|cheese|bacon|roasted potatoes|country rice"
"dish_1563551105","cafe1","1563551105","test","test","cafe1_c03433","test","72.0","194.399994","2","cream cheese|bagels"
"dish_1563551134","cafe1","1563551134","test","test","cafe1_c03434","test","173.0","246.919983","3","bagels|cream cheese|egg whites"
"dish_1563551164","cafe1","1563551164","test","test","cafe1_c03435","test","270.0","339.756073","5","bagels|sweet potato|olive oil|egg whites|cream cheese"
"dish_1563551194","cafe1","1563551194","test","test","cafe1_c03436","test","400.0","471.643555","8","olive oil|sweet potato|egg whites|bagels|greek yogurt|chia seeds|milk|cream cheese"
"dish_1563551220","cafe1","1563551220","test","test","cafe1_c03437","test","558.0","561.703552","9","cream cheese|berries|greek yogurt|milk|chia seeds|bagels|egg whites|olive oil|sweet potato"
"dish_1563551360","cafe1","1563551360","train","train","cafe1_c03438","train","218.0","322.640015","1","scrambled eggs"
"dish_1563551397","cafe1","1563551397","train","train","cafe1_c03439","train","302.0","365.53064","5","salt|pepper|brussels sprouts|olive oil|scrambled eggs"
"dish_1563551432","cafe1","1563551432","train","none","cafe1_c03440","train","389.0","665.332642","6","brussels sprouts|olive oil|scrambled eggs|pepper|sausage|salt"
"dish_1563552016","cafe1","1563552016","train","train","cafe1_c03441","train","174.0","493.589081","2","syrup|waffles"
"dish_1563553735","cafe1","1563553735","train","train","cafe1_c03442","train","88.0","114.385803","5","vinaigrette|raspberries|mixed greens|granola|blackberries"
"dish_1563553756","cafe1","1563553756","train","train","cafe1_c03443","dev","124.0","309.145813","6","mixed greens|granola|blackberries|vinaigrette|bacon|raspberries"
"dish_1563553780","cafe1","1563553780","train","train","cafe1_c03444","dev","167.0","557.728821","7","granola|mixed greens|blackberries|raspberries|vinaigrette|bacon|almonds"
"dish_1563555072","cafe1","1563555072","train","train","cafe1_c03445","dev","112.0","165.76001","1","scrambled eggs"
"dish_1563555100","cafe1","1563555100","train","train","cafe1_c03446","train","186.0","190.920013","2","cantaloupe|scrambled eggs"
"dish_1563555126","cafe1","1563555126","train","none","cafe1_c03447","train","245.0","247.387329","4","scrambled eggs|sweet potato|cantaloupe|olive oil"
"dish_1563555160","cafe1","1563555160","train","train","cafe1_c03448","train","287.0","268.832642","7","scrambled eggs|olive oil|pepper|salt|sweet potato|cantaloupe|brussels sprouts"
"dish_1563555510","cafe1","1563555510","train","train","cafe1_c03449","train","131.0","193.880005","1","scrambled eggs"
"dish_1563555543","cafe1","1563555543","train","train","cafe1_c03450","train","280.0","268.380005","2","scrambled eggs|pineapple"
"dish_1563555563","cafe1","1563555563","train","train","cafe1_c03450","train","304.0","398.220001","3","scrambled eggs|pineapple|bacon"
"dish_1563555605","cafe1","1563555605","train","train","cafe1_c03451","train","403.0","537.809998","4","scrambled eggs|pineapple|roasted potatoes|bacon"
"dish_1563563240","cafe1","1563563240","train","train","cafe1_c03452","train","42.0","48.299999","1","olives"
"dish_1563563264","cafe1","1563563264","train","train","cafe1_c03453","train","163.0","322.001984","2","olives|grilled chicken"
"dish_1563563289","cafe1","1563563289","train","train","cafe1_c03454","train","218.0","331.901978","3","olives|grilled chicken|cherry tomatoes"
"dish_1563563317","cafe1","1563563317","train","train","cafe1_c03455","dev","252.0","345.84198","4","olives|grilled chicken|cherry tomatoes|carrot"
"dish_1563563348","cafe1","1563563348","train","train","cafe1_c03456","dev","294.0","362.641998","5","cherry tomatoes|olives|grilled chicken|carrot|bell peppers"
"dish_1563563378","cafe1","1563563378","train","train","cafe1_c03457","train","351.0","385.441956","6","carrot|grilled chicken|bell peppers|onions|cherry tomatoes|olives"
"dish_1563563467","cafe1","1563563467","train","train","cafe1_c03458","train","119.0","40.750244","2","bok choy|olive oil"
"dish_1563563492","cafe1","1563563492","train","train","cafe1_c03459","train","176.0","192.370255","3","olive oil|pizza|bok choy"
"dish_1563563527","cafe1","1563563527","train","train","cafe1_c03460","train","302.0","322.90625","13","lemon juice|olive oil|shallots|garlic|fish|cherry tomatoes|chive|bok choy|salt|parsley|wheat berry|pizza|chard"
"dish_1563564676","cafe1","1563564676","train","train","cafe1_c03461","train","62.0","50.623695","4","kale|croutons|caesar dressing|parmesan cheese"
"dish_1563564707","cafe1","1563564707","train","train","cafe1_c03462","train","150.0","143.991699","5","caesar dressing|croutons|kale|corn on the cob|parmesan cheese"
"dish_1563564760","cafe1","1563564760","train","train","cafe1_c03463","dev","243.0","341.852448","18","eggs|croutons|mushroom|olive oil|ground turkey|kale|salt|chive|carrot|garlic|white rice|corn on the cob|parmesan cheese|cream|onions|celery|caesar dressing|thyme"
"dish_1563564797","cafe1","1563564797","train","train","cafe1_c03464","train","310.0","411.264465","25","white rice|carrot|eggs|chard|wheat berry|cream|ground turkey|thyme|kale|parsley|celery|chive|shallots|corn on the cob|croutons|mushroom|parmesan cheese|fish|cherry tomatoes|olive oil|caesar dressing|onions|lemon juice|salt|garlic"
"dish_1563564828","cafe1","1563564828","train","train","cafe1_c03465","train","355.0","452.214478","25","lemon juice|cherry tomatoes|fish|eggs|olive oil|parsley|celery|salt|carrot|shallots|white rice|croutons|mushroom|corn on the cob|chive|ground turkey|parmesan cheese|cream|thyme|onions|caesar dressing|kale|wheat berry|chard|garlic"
"dish_1563565289","cafe1","1563565289","test","test","cafe1_c03466","test","88.0","93.367996","1","corn on the cob"
"dish_1563565323","cafe1","1563565323","test","test","cafe1_c03467","test","152.0","229.530243","15","eggs|corn on the cob|ground turkey|thyme|kale|celery|salt|carrot|white rice|mushroom|cream|onions|olive oil|chive|garlic"
"dish_1563565354","cafe1","1563565354","test","test","cafe1_c03468","test","193.0","272.315186","22","shallots|fish|corn on the cob|mushroom|ground turkey|cream|olive oil|thyme|onions|lemon juice|salt|parsley|carrot|white rice|cherry tomatoes|eggs|chard|wheat berry|kale|celery|chive|garlic"
"dish_1563565415","cafe1","1563565415","test","test","cafe1_c03469","test","284.0","303.477142","23","lemon juice|parsley|cherry tomatoes|eggs|corn on the cob|mushroom|thyme|kale|carrot|garlic|bok choy|fish|shallots|ground turkey|cream|onions|celery|olive oil|wheat berry|chive|chard|salt|white rice"
"dish_1563565454","cafe1","1563565454","test","test","cafe1_c03470","test","322.0","350.788818","28","carrot|cherry tomatoes|fish|chard|mushroom|wheat berry|ground turkey|thyme|bok choy|lemon juice|kale|arugula|salt|pecans|blueberries|mustard|eggs|corn on the cob|vinegar|cream|onions|celery|olive oil|parsley|chive|shallots|garlic|white rice"
"dish_1563565508","cafe1","1563565508","test","test","cafe1_c03471","test","387.0","403.862","31","ground turkey|vinegar|celery|onions|parmesan cheese|thyme|carrot|salt|white rice|arugula|parsley|caesar dressing|olive oil|chive|eggs|bok choy|cream|mushroom|chard|kale|garlic|fish|cherry tomatoes|wheat berry|blueberries|lemon juice|corn on the cob|mustard|pecans|shallots|croutons"
"dish_1563565683","cafe1","1563565683","train","train","cafe1_c03472","train","63.0","65.742775","12","olive oil|chard|cherry tomatoes|fish|chive|shallots|garlic|parsley|lemon juice|kale|salt|wheat berry"
"dish_1563565720","cafe1","1563565720","train","train","cafe1_c03473","train","149.0","84.662781","13","shallots|chive|salt|kale|lemon juice|parsley|olive oil|wheat berry|chard|mushroom|cherry tomatoes|fish|garlic"
"dish_1563565761","cafe1","1563565761","train","train","cafe1_c03474","train","159.0","88.662773","14","mushroom|wheat berry|chard|cherry tomatoes|fish|onions|salt|garlic|shallots|chive|olive oil|kale|lemon juice|parsley"
"dish_1563565805","cafe1","1563565805","train","train","cafe1_c03475","train","360.0","157.493027","15","shallots|garlic|mushroom|fish|cherry tomatoes|chard|kale|salt|bok choy|wheat berry|olive oil|parsley|lemon juice|onions|chive"
"dish_1563566626","cafe1","1563566626","train","train","cafe1_c03476","train","54.0","62.099998","1","olives"
"dish_1563566674","cafe1","1563566674","train","train","cafe1_c03477","train","88.0","100.893005","3","olive oil|olives|wheat berry"
"dish_1563566725","cafe1","1563566725","train","train","cafe1_c03478","train","206.0","241.313019","4","olive oil|olives|wild rice|wheat berry"
"dish_1563566810","cafe1","1563566810","train","train","cafe1_c03479","train","331.0","392.292175","12","mustard|olive oil|cucumbers|cherry tomatoes|figs|salt|vinegar|wild rice|olives|wheat berry|chard|spinach (raw)"
"dish_1563566909","cafe1","1563566909","test","test","cafe1_c03480","test","187.0","222.530014","1","wild rice"
"dish_1563566939","cafe1","1563566939","test","test","cafe1_c03481","test","238.0","286.027252","10","vinegar|blueberries|wild rice|pecans|chard|arugula|mustard|olive oil|garlic|salt"
"dish_1563566965","cafe1","1563566965","test","test","cafe1_c03482","test","286.0","370.827026","14","salt|parsley|wild rice|blueberries|olive oil|arugula|chard|mustard|pecans|vinegar|mustard greens|chickpeas|garlic|pepper"
"dish_1563567319","cafe1","1563567319","train","train","cafe1_c03483","train","382.0","398.630829","12","fish|cherry tomatoes|salt|wheat berry|chard|kale|lemon juice|parsley|garlic|shallots|olive oil|chive"
"dish_1563567372","cafe1","1563567372","train","train","cafe1_c03484","train","590.0","951.910889","13","cherry tomatoes|fish|salt|wheat berry|lemon juice|chard|kale|parsley|olive oil|pizza|shallots|garlic|chive"
"dish_1563567599","cafe1","1563567599","train","train","cafe1_c03485","train","156.0","194.226822","9","salt|garlic|olive oil|mustard|pecans|vinegar|chard|arugula|blueberries"
"dish_1563567626","cafe1","1563567626","train","train","cafe1_c03486","train","248.0","291.838776","10","pecans|vinegar|corn on the cob|olive oil|garlic|salt|blueberries|chard|arugula|mustard"
"dish_1563567663","cafe1","1563567663","train","train","cafe1_c03487","train","461.0","514.112061","18","fish|vinegar|chard|cherry tomatoes|wheat berry|pecans|lemon juice|parsley|shallots|arugula|olive oil|blueberries|corn on the cob|kale|mustard|salt|chive|garlic"
"dish_1563567722","cafe1","1563567722","train","train","cafe1_c03488","train","576.0","645.323669","18","cherry tomatoes|fish|chard|arugula|wheat berry|lemon juice|pecans|mustard|kale|chive|shallots|corn on the cob|vinegar|blueberries|olive oil|parsley|salt|garlic"
"dish_1563567978","cafe1","1563567978","train","train","cafe1_c03489","train","114.0","118.96312","12","garlic|shallots|salt|lemon juice|kale|parsley|chard|olive oil|wheat berry|chive|cherry tomatoes|fish"
"dish_1563568003","cafe1","1563568003","train","train","cafe1_c03490","train","135.0","126.154343","13","kale|lemon juice|shallots|garlic|bok choy|chive|salt|cherry tomatoes|fish|olive oil|wheat berry|chard|parsley"
"dish_1563568025","cafe1","1563568025","train","train","cafe1_c03491","train","247.0","244.986359","14","fish|cherry tomatoes|salt|bok choy|wheat berry|olive oil|chard|parsley|kale|lemon juice|chive|garlic|shallots|corn on the cob"
"dish_1563568118","cafe1","1563568118","train","train","cafe1_c03492","train","134.0","139.833847","12","chard|kale|parsley|garlic|shallots|chive|olive oil|salt|fish|cherry tomatoes|wheat berry|lemon juice"
"dish_1563568148","cafe1","1563568148","train","train","cafe1_c03493","train","225.0","170.995789","13","garlic|shallots|chive|olive oil|parsley|kale|lemon juice|chard|wheat berry|bok choy|salt|fish|cherry tomatoes"
"dish_1563568263","cafe1","1563568263","train","train","cafe1_c03494","train","45.0","119.654999","1","cheese pizza"
"dish_1563568292","cafe1","1563568292","train","train","cafe1_c03495","train","193.0","276.682983","2","corn on the cob|cheese pizza"
"dish_1563568319","cafe1","1563568319","train","train","cafe1_c03496","train","347.0","604.323303","16","white rice|mushroom|ground turkey|olive oil|chive|carrot|eggs|corn on the cob|cream|thyme|kale|salt|onions|cheese pizza|celery|garlic"
"dish_1563568338","cafe1","1563568338","train","train","cafe1_c03496","train","371.0","631.706665","17","salt|garlic|olive oil|kale|onions|wheat berry|mushroom|corn on the cob|ground turkey|chive|cheese pizza|carrot|thyme|celery|cream|white rice|eggs"
"dish_1563568357","cafe1","1563568357","train","train","cafe1_c03496","train","448.0","767.739746","23","cheese pizza|white rice|wheat berry|ground turkey|parsley|arugula|mustard greens|onions|carrot|garlic|chickpeas|eggs|vinegar|corn on the cob|mushroom|cream|celery|kale|olive oil|thyme|pepper|chive|salt"
"dish_1563811412","cafe1","1563811412","train","train","cafe1_c03497","train","217.0","112.839996","1","egg whites"
"dish_1563811439","cafe1","1563811439","train","train","cafe1_c03498","train","289.0","137.319992","2","cantaloupe|egg whites"
"dish_1563811463","cafe1","1563811463","train","train","cafe1_c03499","train","376.0","220.585373","4","olive oil|egg whites|sweet potato|cantaloupe"
"dish_1563811490","cafe1","1563811490","train","train","cafe1_c03500","train","390.0","268.829376","5","olive oil|sausage|cantaloupe|sweet potato|egg whites"
"dish_1563811515","cafe1","1563811515","train","train","cafe1_c03501","train","491.0","298.119385","6","olive oil|egg whites|sausage|sweet potato|cantaloupe|salsa"
"dish_1563811611","cafe1","1563811611","train","train","cafe1_c03502","train","132.0","195.360001","1","scrambled eggs"
"dish_1563811639","cafe1","1563811639","train","train","cafe1_c03503","train","198.0","217.139999","2","strawberries|scrambled eggs"
"dish_1563811662","cafe1","1563811662","train","train","cafe1_c03504","train","254.0","245.733765","6","scrambled eggs|brussels sprouts|olive oil|pepper|salt|strawberries"
"dish_1563811686","cafe1","1563811686","train","train","cafe1_c03505","train","331.0","319.428375","7","scrambled eggs|strawberries|olive oil|salt|pepper|sweet potato|brussels sprouts"
"dish_1563812508","cafe1","1563812508","train","train","cafe1_c03506","train","217.0","112.839996","1","egg whites"
"dish_1563812535","cafe1","1563812535","train","train","cafe1_c03507","dev","266.0","298.893005","2","turkey bacon|egg whites"
"dish_1563812570","cafe1","1563812570","train","train","cafe1_c03508","dev","320.0","369.08429","7","egg whites|mixed greens|turkey bacon|granola|blackberries|raspberries|vinaigrette"
"dish_1563812615","cafe1","1563812615","train","train","cafe1_c03509","train","386.0","402.784088","11","mixed greens|granola|vinaigrette|turkey bacon|olive oil|brussels sprouts|pepper|salt|raspberries|blackberries|egg whites"
"dish_1563813221","cafe1","1563813221","train","train","cafe1_c03510","train","38.0","19.402905","4","salt|pepper|olive oil|brussels sprouts"
"dish_1563813308","cafe1","1563813308","train","train","cafe1_c03511","train","76.0","224.982895","5","salt|pepper|brussels sprouts|olive oil|bacon"
"dish_1563813360","cafe1","1563813360","train","none","cafe1_c03512","train","163.0","268.48291","6","salt|pepper|brussels sprouts|olive oil|bacon|pineapple"
"dish_1563813395","cafe1","1563813395","train","train","cafe1_c03513","train","193.0","371.862915","7","salt|pepper|brussels sprouts|olive oil|bacon|pineapple|sausage"
"dish_1563813436","cafe1","1563813436","train","train","cafe1_c03514","train","242.0","418.75946","8","salt|pepper|pineapple|sausage|sweet potato|olive oil|brussels sprouts|bacon"
"dish_1563813501","cafe1","1563813501","train","train","cafe1_c03515","train","414.0","694.123352","10","cheese|sausage|pineapple|pepper|bacon|salt|scrambled eggs|olive oil|brussels sprouts|sweet potato"
"dish_1563813806","cafe1","1563813806","train","train","cafe1_c03516","train","156.0","81.119995","1","egg whites"
"dish_1563813833","cafe1","1563813833","train","train","cafe1_c03517","train","207.0","256.865997","2","sausage|egg whites"
"dish_1563820775","cafe1","1563820775","train","train","cafe1_c03518","train","162.0","38.07","3","zucchini|broccoli|squash"
"dish_1563820806","cafe1","1563820806","train","train","cafe1_c03519","train","273.0","207.814453","14","chicken|white rice|ginger|green beans|spinach (raw)|vinegar|squash|olive oil|zucchini|soy sauce|garlic|broccoli|green onions|salt"
"dish_1563820834","cafe1","1563820834","train","train","cafe1_c03520","dev","311.0","308.89444","15","chicken|soy sauce|green beans|spinach (raw)|olive oil|zucchini|green onions|salt|broccoli|white rice|ginger|vinegar|squash|pizza|garlic"
"dish_1563822546","cafe1","1563822546","train","train","cafe1_c03521","train","88.0","38.720001","1","caesar salad"
"dish_1563822597","cafe1","1563822597","train","train","cafe1_c03522","dev","176.0","59.400002","4","broccoli|caesar salad|squash|zucchini"
"dish_1563822636","cafe1","1563822636","train","train","cafe1_c03523","train","258.0","237.019379","11","cauliflower|lime|steak|wheat berry|squash|olive oil|zucchini|salt|broccoli|garlic|caesar salad"
"dish_1563822663","cafe1","1563822663","train","train","cafe1_c03524","train","317.0","303.099365","12","couscous|cauliflower|wheat berry|steak|squash|zucchini|olive oil|lime|caesar salad|garlic|broccoli|salt"
"dish_1563823292","cafe1","1563823292","train","train","cafe1_c03525","dev","208.0","450.546722","7","lime|salt|olive oil|cauliflower|wheat berry|garlic|steak"
"dish_1563823359","cafe1","1563823359","train","train","cafe1_c03526","train","333.0","641.700317","16","white rice|vinegar|green beans|spinach (raw)|ginger|soy sauce|green onions|salt|garlic|cauliflower|chicken|steak|wheat berry|olive oil|lime|broccoli"
"dish_1563823390","cafe1","1563823390","train","train","cafe1_c03527","train","372.0","670.170288","17","cauliflower|vinegar|steak|green beans|wheat berry|olive oil|soy sauce|broccoli|garlic|white rice|chicken|tofu|ginger|spinach (raw)|lime|salt|green onions"
"dish_1563823423","cafe1","1563823423","train","train","cafe1_c03528","train","441.0","700.530396","18","white rice|cauliflower|soy sauce|caesar salad|steak|spinach (raw)|tofu|garlic|green onions|broccoli|salt|chicken|ginger|green beans|wheat berry|vinegar|olive oil|lime"
"dish_1563823814","cafe1","1563823814","train","train","cafe1_c03529","train","85.0","25.585732","4","salt|pepper|turnips|olive oil"
"dish_1563823860","cafe1","1563823860","train","none","cafe1_c03530","train","263.0","71.586662","10","pepper|garlic|lemon juice|kale|parsley|tatsoi|olive oil|cucumbers|turnips|salt"
"dish_1563823894","cafe1","1563823894","train","train","cafe1_c03531","train","400.0","368.341003","14","cucumbers|olive oil|turnips|tatsoi|parsley|salt|steak|wheat berry|pepper|lime|cauliflower|garlic|lemon juice|kale"
"dish_1563824065","cafe1","1563824065","train","train","cafe1_c03532","train","66.0","15.51","3","zucchini|broccoli|squash"
"dish_1563824092","cafe1","1563824092","train","train","cafe1_c03533","train","135.0","36.279591","7","broccoli|zucchini|salt|olive oil|squash|turnips|pepper"
"dish_1563824130","cafe1","1563824130","train","train","cafe1_c03534","train","202.0","111.319603","8","couscous|pepper|squash|olive oil|zucchini|salt|broccoli|turnips"
"dish_1563824155","cafe1","1563824155","train","train","cafe1_c03535","train","361.0","455.727905","13","garlic|turnips|broccoli|salt|zucchini|squash|olive oil|wheat berry|lime|steak|pepper|cauliflower|couscous"
"dish_1563824250","cafe1","1563824250","train","train","cafe1_c03536","train","43.0","17.200001","1","onions"
"dish_1563824279","cafe1","1563824279","train","train","cafe1_c03537","train","79.0","58.599998","2","onions|olives"
"dish_1563824304","cafe1","1563824304","train","train","cafe1_c03538","train","122.0","75.800003","3","olives|bell peppers|onions"
"dish_1563824339","cafe1","1563824339","train","train","cafe1_c03539","train","175.0","85.339996","4","onions|cherry tomatoes|olives|bell peppers"
"dish_1563824377","cafe1","1563824377","train","train","cafe1_c03540","train","338.0","454.046021","5","cherry tomatoes|onions|olives|bell peppers|grilled chicken"
"dish_1563824406","cafe1","1563824406","train","train","cafe1_c03541","train","387.0","474.136047","6","cherry tomatoes|carrot|bell peppers|olives|grilled chicken|onions"
"dish_1563826223","cafe1","1563826223","train","train","cafe1_c03542","train","139.0","301.086548","7","salt|steak|lime|wheat berry|cauliflower|garlic|olive oil"
"dish_1563826272","cafe1","1563826272","train","train","cafe1_c03543","train","261.0","645.126465","8","cauliflower|wheat berry|steak|pepperoni pizza|olive oil|garlic|lime|salt"
"dish_1563826306","cafe1","1563826306","train","train","cafe1_c03544","train","312.0","882.837463","9","garlic|lime|salt|brownies|olive oil|wheat berry|steak|pepperoni pizza|cauliflower"
"dish_1563827060","cafe1","1563827060","train","train","cafe1_c03545","train","55.0","146.244995","1","cheese pizza"
"dish_1563827086","cafe1","1563827086","train","train","cafe1_c03546","train","175.0","199.044998","2","cheese pizza|caesar salad"
"dish_1563827110","cafe1","1563827110","train","train","cafe1_c03547","dev","217.0","220.044998","3","pineapple|caesar salad|cheese pizza"
"dish_1563827132","cafe1","1563827132","train","train","cafe1_c03548","dev","302.0","240.020004","6","cheese pizza|broccoli|squash|caesar salad|zucchini|pineapple"
"dish_1563827162","cafe1","1563827162","train","train","cafe1_c03549","train","354.0","319.539948","17","soy sauce|white rice|ginger|squash|olive oil|garlic|green onions|cheese pizza|broccoli|caesar salad|pineapple|chicken|spinach (raw)|green beans|vinegar|zucchini|salt"
"dish_1563827188","cafe1","1563827188","train","train","cafe1_c03550","train","377.0","369.359955","21","white rice|soy sauce|steak|green beans|ginger|spinach (raw)|squash|wheat berry|cauliflower|garlic|zucchini|green onions|cheese pizza|caesar salad|pineapple|chicken|salt|lime|vinegar|olive oil|broccoli"
"dish_1563827425","cafe1","1563827425","train","train","cafe1_c03551","dev","138.0","60.720001","1","caesar salad"
"dish_1563827454","cafe1","1563827454","train","train","cafe1_c03552","dev","248.0","86.570007","4","zucchini|caesar salad|squash|broccoli"
"dish_1563827482","cafe1","1563827482","train","train","cafe1_c03553","train","621.0","894.521667","11","caesar salad|garlic|broccoli|zucchini|lime|olive oil|steak|squash|wheat berry|salt|cauliflower"
"dish_1563897047","cafe1","1563897047","test","test","cafe1_c03554","test","127.0","66.040001","1","egg whites"
"dish_1563897087","cafe1","1563897087","test","test","cafe1_c03555","test","231.0","102.440002","2","broccoli|egg whites"
"dish_1563897338","cafe1","1563897338","train","train","cafe1_c03556","train","88.0","29.92","1","cantaloupe"
"dish_1563897369","cafe1","1563897369","train","train","cafe1_c03557","train","179.0","117.013657","3","cantaloupe|olive oil|sweet potato"
"dish_1563897395","cafe1","1563897395","train","train","cafe1_c03558","dev","233.0","135.913651","4","cantaloupe|sweet potato|olive oil|broccoli"
"dish_1563897439","cafe1","1563897439","train","train","cafe1_c03559","dev","578.0","315.31366","5","cantaloupe|broccoli|egg whites|olive oil|sweet potato"
"dish_1563897492","cafe1","1563897492","train","train","cafe1_c03560","train","662.0","339.673645","6","cantaloupe|broccoli|salsa|egg whites|olive oil|sweet potato"
"dish_1563897794","cafe1","1563897794","train","train","cafe1_c03561","train","101.0","57.57","1","berries"
"dish_1563897837","cafe1","1563897837","train","train","cafe1_c03562","train","304.0","118.470001","2","watermelon|berries"
"dish_1563897870","cafe1","1563897870","train","train","cafe1_c03563","train","249.0","169.320007","1","oatmeal"
"dish_1563897938","cafe1","1563897938","test","test","cafe1_c03564","test","10.0","54.099998","1","bacon"
"dish_1563897981","cafe1","1563897981","test","test","cafe1_c03565","test","138.0","243.540009","2","scrambled eggs|bacon"
"dish_1563898019","cafe1","1563898019","test","test","cafe1_c03566","test","237.0","343.977386","5","bacon|chia seeds|greek yogurt|scrambled eggs|milk"
"dish_1563898055","cafe1","1563898055","test","none","cafe1_c03567","test","356.0","403.477386","6","chia seeds|bacon|greek yogurt|pineapple|scrambled eggs|milk"
"dish_1563898084","cafe1","1563898084","test","test","cafe1_c03568","test","384.0","419.493378","7","bacon|milk|greek yogurt|blueberries|scrambled eggs|pineapple|chia seeds"
"dish_1563898107","cafe1","1563898107","test","test","cafe1_c03569","test","424.0","440.69339","8","raspberries|greek yogurt|blueberries|bacon|pineapple|milk|chia seeds|scrambled eggs"
"dish_1563898688","cafe1","1563898688","train","train","cafe1_c03570","train","93.0","32.549999","1","broccoli"
"dish_1563898722","cafe1","1563898722","train","train","cafe1_c03571","train","303.0","343.350006","2","broccoli|scrambled eggs"
"dish_1563898786","cafe1","1563898786","train","train","cafe1_c03572","train","344.0","420.928467","10","mustard|olive oil|bell peppers|broccoli|radishes|salt|garlic|scrambled eggs|vinegar|cucumbers"
"dish_1563898813","cafe1","1563898813","train","train","cafe1_c03573","train","382.0","626.508484","11","olive oil|mustard|cucumbers|bell peppers|broccoli|salt|garlic|scrambled eggs|radishes|bacon|vinegar"
"dish_1563898880","cafe1","1563898880","train","train","cafe1_c03574","train","441.0","643.618408","12","radishes|scrambled eggs|salsa|vinegar|bacon|mustard|cucumbers|olive oil|garlic|bell peppers|salt|broccoli"
"dish_1563900120","cafe1","1563900120","train","train","cafe1_c03575","train","49.0","46.896584","2","sweet potato|olive oil"
"dish_1563900150","cafe1","1563900150","train","train","cafe1_c03576","train","154.0","202.2966","3","sweet potato|olive oil|scrambled eggs"
"dish_1563900172","cafe1","1563900172","train","train","cafe1_c03577","dev","255.0","236.636597","4","scrambled eggs|cantaloupe|olive oil|sweet potato"
"dish_1563900205","cafe1","1563900205","train","train","cafe1_c03578","train","301.0","262.261963","5","sweet potato|broccoli|olive oil|scrambled eggs|cantaloupe"
"dish_1563908923","cafe1","1563908923","train","train","cafe1_c03579","train","112.0","49.279999","1","caesar salad"
"dish_1563908957","cafe1","1563908957","train","train","cafe1_c03580","train","159.0","73.872749","3","caesar salad|olive oil|green beans"
"dish_1563908996","cafe1","1563908996","train","train","cafe1_c03581","train","293.0","269.916046","13","onions|olive oil|pepper|tomatoes|caesar salad|bell peppers|chicken|millet|salt|garlic|green beans|jalapenos|spinach (raw)"
"dish_1563909469","cafe1","1563909469","test","test","cafe1_c03582","test","64.0","72.402824","9","tomatoes|spinach (raw)|vinegar|cucumbers|olive oil|mustard greens|mustard|garlic|salt"
"dish_1563909507","cafe1","1563909507","test","test","cafe1_c03583","test","151.0","117.925575","10","mustard|garlic|tomatoes|salt|cucumbers|olive oil|mustard greens|spinach (raw)|vinegar|green beans"
"dish_1563909550","cafe1","1563909550","test","test","cafe1_c03584","test","273.0","310.31958","11","cucumbers|mustard|mustard greens|olive oil|garlic|green beans|tomatoes|salt|fried rice|vinegar|spinach (raw)"
"dish_1563909580","cafe1","1563909580","test","test","cafe1_c03585","test","361.0","544.311523","12","mustard greens|cucumbers|tomatoes|salt|mustard|garlic|fried rice|cheese pizza|vinegar|spinach (raw)|green beans|olive oil"
"dish_1563909919","cafe1","1563909919","train","none","cafe1_c03586","train","51.0","26.685751","2","green beans|olive oil"
"dish_1563909951","cafe1","1563909951","train","train","cafe1_c03587","train","188.0","180.602646","9","garlic|salt|olive oil|mustard|spinach (raw)|vinegar|green beans|blueberries|radishes"
"dish_1563909982","cafe1","1563909982","train","train","cafe1_c03588","train","318.0","370.793976","16","chicken|green beans|vinegar|spinach (raw)|blueberries|olive oil|onions|salt|bell peppers|pepper|radishes|jalapenos|mustard|millet|tomatoes|garlic"
"dish_1563910106","cafe1","1563910106","train","train","cafe1_c03589","train","84.0","101.457962","9","spinach (raw)|chard|vinegar|mustard|cherry tomatoes|salt|figs|olive oil|cucumbers"
"dish_1563910137","cafe1","1563910137","train","train","cafe1_c03590","train","141.0","131.283218","10","vinegar|chard|spinach (raw)|cherry tomatoes|green beans|olive oil|salt|cucumbers|figs|mustard"
"dish_1563910171","cafe1","1563910171","train","train","cafe1_c03591","train","423.0","571.183777","21","ginger|chard|salmon|cilantro|shallots|lime|lemon juice|onions|olive oil|vinegar|green beans|brown rice|spinach (raw)|jalapenos|cherry tomatoes|garlic|chili|figs|salt|cucumbers|mustard"
"dish_1563910276","cafe1","1563910276","train","train","cafe1_c03592","train","241.0","375.94339","14","olive oil|onions|salt|lemon juice|cilantro|chili|shallots|salmon|garlic|ginger|jalapenos|brown rice|spinach (raw)|lime"
"dish_1563910530","cafe1","1563910530","train","train","cafe1_c03593","train","214.0","333.825195","14","salmon|shallots|garlic|onions|cilantro|salt|olive oil|ginger|jalapenos|brown rice|spinach (raw)|lime|lemon juice|chili"
"dish_1563910639","cafe1","1563910639","train","train","cafe1_c03594","train","447.0","697.289185","14","garlic|lime|chili|salt|onions|lemon juice|olive oil|cilantro|brown rice|spinach (raw)|jalapenos|ginger|salmon|shallots"
"dish_1563910676","cafe1","1563910676","train","train","cafe1_c03595","train","501.0","757.957092","18","brown rice|ginger|radishes|mustard|shallots|lime|chili|olive oil|blueberries|vinegar|spinach (raw)|garlic|cilantro|salmon|onions|salt|lemon juice|jalapenos"
"dish_1563910708","cafe1","1563910708","train","train","cafe1_c03596","train","555.0","786.212585","19","blueberries|vinegar|lemon juice|mustard|olive oil|green beans|lime|salt|garlic|shallots|radishes|salmon|spinach (raw)|ginger|onions|brown rice|jalapenos|chili|cilantro"
"dish_1563911156","cafe1","1563911156","train","train","cafe1_c03597","train","96.0","140.448929","11","olive oil|onions|pepper|tomatoes|millet|bell peppers|chicken|salt|garlic|spinach (raw)|jalapenos"
"dish_1563911185","cafe1","1563911185","train","train","cafe1_c03598","train","133.0","159.809174","12","olive oil|green beans|onions|tomatoes|bell peppers|salt|millet|chicken|garlic|pepper|spinach (raw)|jalapenos"
"dish_1563911215","cafe1","1563911215","train","train","cafe1_c03599","dev","170.0","218.158203","13","salt|millet|chicken|pepper|green beans|jalapenos|spinach (raw)|onions|olive oil|fried rice|bell peppers|tomatoes|garlic"
"dish_1563911255","cafe1","1563911255","train","train","cafe1_c03600","train","235.0","293.192169","16","fried rice|salt|rosemary|lemon juice|olive oil|onions|spinach (raw)|green beans|quinoa|garlic|bell peppers|tomatoes|jalapenos|millet|pepper|chicken"
"dish_1563913588","cafe1","1563913588","train","train","cafe1_c03601","dev","68.0","180.811996","1","cheese pizza"
"dish_1563913627","cafe1","1563913627","train","train","cafe1_c03602","train","109.0","230.333145","10","olive oil|figs|salt|cheese pizza|cucumbers|mustard|cherry tomatoes|chard|spinach (raw)|vinegar"
"dish_1563913675","cafe1","1563913675","train","train","cafe1_c03603","train","228.0","282.693146","11","spinach (raw)|vinegar|chard|cherry tomatoes|cheese pizza|figs|salt|caesar salad|cucumbers|olive oil|mustard"
"dish_1563913709","cafe1","1563913709","train","train","cafe1_c03604","train","263.0","337.888184","12","olive oil|cucumbers|fried rice|caesar salad|salt|cheese pizza|figs|cherry tomatoes|mustard|chard|vinegar|spinach (raw)"
"dish_1563913741","cafe1","1563913741","train","train","cafe1_c03605","train","292.0","353.062378","13","cucumbers|salt|cheese pizza|figs|mustard|green beans|olive oil|fried rice|chard|spinach (raw)|vinegar|cherry tomatoes|caesar salad"
"dish_1563984140","cafe1","1563984140","test","test","cafe1_c03606","test","472.0","245.439987","1","egg whites"
"dish_1563984167","cafe1","1563984167","test","test","cafe1_c03607","test","608.0","291.679993","2","egg whites|cantaloupe"
"dish_1563984199","cafe1","1563984199","test","test","cafe1_c03608","test","670.0","322.679993","3","egg whites|cantaloupe|pineapple"
"dish_1563984242","cafe1","1563984242","test","test","cafe1_c03609","test","753.0","402.117035","5","sweet potato|egg whites|pineapple|olive oil|cantaloupe"
"dish_1563984296","cafe1","1563984296","test","test","cafe1_c03610","test","871.0","436.337067","6","egg whites|olive oil|salsa|cantaloupe|sweet potato|pineapple"
"dish_1563984701","cafe1","1563984701","train","train","cafe1_c03611","train","172.0","275.200012","1","chicken apple sausage"
"dish_1563984729","cafe1","1563984729","train","train","cafe1_c03612","train","321.0","495.720032","2","scrambled eggs|chicken apple sausage"
"dish_1563984771","cafe1","1563984771","train","train","cafe1_c03613","train","388.0","582.809204","7","mixed greens|granola|raspberries|blackberries|chicken apple sausage|vinaigrette|scrambled eggs"
"dish_1563984835","cafe1","1563984835","train","train","cafe1_c03614","train","461.0","603.979248","8","vinaigrette|raspberries|blackberries|mixed greens|granola|scrambled eggs|salsa|chicken apple sausage"
"dish_1563986062","cafe1","1563986062","train","none","cafe1_c03615","train","128.0","189.440002","1","scrambled eggs"
"dish_1563986093","cafe1","1563986093","train","train","cafe1_c03616","train","215.0","239.029999","2","berries|scrambled eggs"
"dish_1563996251","cafe1","1563996251","train","train","cafe1_c03617","train","158.0","39.5","1","cauliflower"
"dish_1563996279","cafe1","1563996279","train","train","cafe1_c03618","train","278.0","98.490021","5","salt|carrot|cauliflower|olive oil|pepper"
"dish_1563996308","cafe1","1563996308","train","train","cafe1_c03619","train","659.0","718.51178","19","pepper|carrot|shallots|olive oil|basil|cream|salt|garlic|butter|thyme|arugula|rosemary|mushroom|oregano|wheat berry|lemon juice|chicken|cauliflower|white wine"
"dish_1563996441","cafe1","1563996441","test","test","cafe1_c03620","test","65.0","80.239189","9","blueberries|arugula|pepper|chard|vinegar|walnuts|salt|mustard|olive oil"
"dish_1563996464","cafe1","1563996464","test","test","cafe1_c03621","test","146.0","100.489189","10","blueberries|vinegar|arugula|chard|pepper|olive oil|cauliflower|walnuts|salt|mustard"
"dish_1563996485","cafe1","1563996485","test","test","cafe1_c03622","test","201.0","178.039185","11","salt|pepper|blueberries|chard|arugula|vinegar|mustard|olive oil|walnuts|roasted potatoes|cauliflower"
"dish_1563996509","cafe1","1563996509","test","test","cafe1_c03623","test","316.0","365.184875","24","walnuts|cauliflower|oregano|arugula|mushroom|chard|wheat berry|garlic|shallots|thyme|cream|mustard|rosemary|white wine|chicken|pepper|vinegar|olive oil|blueberries|lemon juice|basil|salt|butter|roasted potatoes"
"dish_1563996596","cafe1","1563996596","train","train","cafe1_c03624","train","90.0","39.599998","1","caesar salad"
"dish_1563996625","cafe1","1563996625","train","train","cafe1_c03625","train","215.0","342.701141","13","parsley|steak|brown rice|jalapenos|salt|shallots|cilantro|caesar salad|garlic|vinegar|lemon juice|olive oil|tatsoi"
"dish_1563996656","cafe1","1563996656","train","train","cafe1_c03626","dev","284.0","376.620392","15","carrot|cilantro|garlic|shallots|pepper|jalapenos|brown rice|vinegar|caesar salad|steak|olive oil|tatsoi|lemon juice|parsley|salt"
"dish_1563997327","cafe1","1563997327","train","train","cafe1_c03627","dev","120.0","157.878067","9","carrot|salt|mustard|parsley|almonds|olive oil|blueberries|spinach (raw)|vinegar"
"dish_1563997386","cafe1","1563997386","train","train","cafe1_c03628","train","238.0","215.884918","10","blueberries|vinegar|spinach (raw)|pepper|salt|carrot|olive oil|almonds|parsley|mustard"
"dish_1563997418","cafe1","1563997418","train","train","cafe1_c03629","dev","400.0","608.703918","18","garlic|shallots|steak|pepper|spinach (raw)|blueberries|tatsoi|lemon juice|parsley|mustard|almonds|jalapenos|brown rice|vinegar|olive oil|salt|cilantro|carrot"
"dish_1563998210","cafe1","1563998210","test","test","cafe1_c03630","test","91.0","148.089218","17","garlic|olive oil|thyme|lemon juice|butter|cream|oregano|chicken|pepper|white wine|shallots|arugula|rosemary|mushroom|basil|wheat berry|salt"
"dish_1563998244","cafe1","1563998244","test","test","cafe1_c03631","test","170.0","259.479187","18","roasted potatoes|white wine|basil|cream|oregano|pepper|arugula|mushroom|shallots|garlic|salt|butter|lemon juice|rosemary|olive oil|thyme|wheat berry|chicken"
"dish_1563998279","cafe1","1563998279","test","test","cafe1_c03632","test","296.0","565.005005","25","chicken|cilantro|parsley|brown rice|mushroom|steak|wheat berry|thyme|basil|white wine|shallots|garlic|vinegar|pepper|arugula|jalapenos|oregano|cream|tatsoi|butter|rosemary|olive oil|lemon juice|salt|roasted potatoes"
"dish_1563998323","cafe1","1563998323","test","test","cafe1_c03633","test","574.0","634.505066","26","roasted potatoes|shallots|olive oil|tatsoi|butter|jalapenos|wheat berry|mushroom|steak|oregano|chicken|pepper|salt|garlic|white wine|cilantro|vinegar|thyme|lemon juice|rosemary|arugula|basil|brown rice|cream|parsley|cauliflower"
"dish_1563998513","cafe1","1563998513","test","test","cafe1_c03634","test","599.0","757.505066","27","chicken|pepper|cookies|brown rice|arugula|vinegar|oregano|tatsoi|olive oil|basil|cilantro|white wine|salt|roasted potatoes|garlic|shallots|cauliflower|mushroom|steak|jalapenos|cream|wheat berry|thyme|butter|rosemary|lemon juice|parsley"
"dish_1564000202","cafe1","1564000202","train","train","cafe1_c03635","train","149.0","396.190979","1","cheese pizza"
"dish_1564000417","cafe1","1564000417","train","train","cafe1_c03636","train","128.0","340.35199","1","cheese pizza"
"dish_1564000459","cafe1","1564000459","train","train","cafe1_c03637","train","217.0","485.186493","18","butter|wheat berry|thyme|olive oil|rosemary|lemon juice|cheese pizza|shallots|garlic|salt|white wine|pepper|cream|mushroom|arugula|oregano|basil|chicken"
"dish_1564000490","cafe1","1564000490","train","train","cafe1_c03638","train","325.0","532.706482","19","pepper|arugula|cream|caesar salad|butter|shallots|cheese pizza|salt|garlic|lemon juice|basil|mushroom|wheat berry|oregano|thyme|olive oil|rosemary|white wine|chicken"
"dish_1564000536","cafe1","1564000536","train","train","cafe1_c03639","train","397.0","659.906189","23","chickpeas|oregano|cream|lemon juice|basil|olive oil|shallots|white wine|cheese pizza|pepper|wheat berry|chicken|parsley|mustard greens|rosemary|arugula|butter|mushroom|thyme|vinegar|garlic|salt|caesar salad"
"dish_1564073641","cafe1","1564073641","train","train","cafe1_c03640","train","52.0","49.767807","2","olive oil|sweet potato"
"dish_1564073677","cafe1","1564073677","train","train","cafe1_c03641","train","92.0","108.967804","3","scrambled eggs|olive oil|sweet potato"
"dish_1564073716","cafe1","1564073716","train","train","cafe1_c03642","train","295.0","214.527802","4","scrambled eggs|olive oil|sweet potato|egg whites"
"dish_1564073860","cafe1","1564073860","train","train","cafe1_c03643","train","91.0","492.309998","1","bacon"
"dish_1564082178","cafe1","1564082178","train","none","cafe1_c03644","train","348.0","549.203613","12","chard|rosemary|garlic|salt|chicken|lemon juice|chive|carrot|olive oil|parsley|basil|brown rice"
"dish_1564082212","cafe1","1564082212","train","train","cafe1_c03645","train","425.0","707.941284","18","sugar|pepper|garlic|soy sauce|lemon juice|chard|brown rice|pork|white rice|chicken|bok choy|chive|carrot|olive oil|basil|rosemary|parsley|salt"
"dish_1564082323","cafe1","1564082323","train","train","cafe1_c03646","train","518.0","748.861206","19","garlic|white rice|caesar salad|brown rice|chard|pork|basil|parsley|rosemary|soy sauce|carrot|chicken|pepper|olive oil|lemon juice|bok choy|salt|chive|sugar"
"dish_1564082462","cafe1","1564082462","train","train","cafe1_c03647","train","609.0","905.354492","25","soy sauce|pesto|cherry tomatoes|brown rice|chard|spinach (raw)|pork|cheese|caesar salad|parsley|white rice|sugar|garlic|carrot|salt|pepper|bok choy|pasta|olive oil|basil|rosemary|lemon juice|onions|chive|chicken"
"dish_1564083459","cafe1","1564083459","train","none","cafe1_c03648","train","96.0","217.152008","1","grilled chicken"
"dish_1564083480","cafe1","1564083480","train","train","cafe1_c03649","train","133.0","259.701996","2","grilled chicken|olives"
"dish_1564083508","cafe1","1564083508","train","train","cafe1_c03650","train","225.0","276.261993","3","grilled chicken|olives|cherry tomatoes"
"dish_1564083534","cafe1","1564083534","train","train","cafe1_c03651","train","307.0","309.061981","4","cherry tomatoes|grilled chicken|olives|bell peppers"
"dish_1564086602","cafe1","1564086602","train","train","cafe1_c03652","train","49.0","130.291","1","cheese pizza"
"dish_1564086624","cafe1","1564086624","train","train","cafe1_c03653","train","131.0","217.292999","2","cheese pizza|corn on the cob"
"dish_1564086658","cafe1","1564086658","train","train","cafe1_c03654","train","230.0","260.852997","3","cheese pizza|corn on the cob|caesar salad"
"dish_1564086709","cafe1","1564086709","train","train","cafe1_c03655","train","307.0","393.270325","9","pesto|cheese pizza|caesar salad|cherry tomatoes|pasta|cheese|spinach (raw)|corn on the cob|onions"
"dish_1564086748","cafe1","1564086748","train","train","cafe1_c03656","train","339.0","443.77182","21","chicken|salt|cherry tomatoes|pasta|chard|corn on the cob|basil|olive oil|rosemary|onions|cheese pizza|carrot|cheese|brown rice|spinach (raw)|garlic|parsley|chive|lemon juice|pesto|caesar salad"
"dish_1564086778","cafe1","1564086778","train","train","cafe1_c03657","train","437.0","645.801453","27","salt|bok choy|chard|spinach (raw)|pork|olive oil|parsley|lemon juice|cheese pizza|chive|carrot|chicken|cheese|white rice|pasta|corn on the cob|cherry tomatoes|brown rice|pepper|sugar|soy sauce|onions|rosemary|basil|garlic|pesto|caesar salad"
"dish_1564159520","cafe1","1564159520","train","train","cafe1_c03658","train","42.0","227.220001","1","bacon"
"dish_1564159543","cafe1","1564159543","train","none","cafe1_c03659","train","57.0","284.174988","2","bacon|turkey bacon"
"dish_1564159588","cafe1","1564159588","train","train","cafe1_c03660","train","113.0","477.151001","3","turkey bacon|sausage|bacon"
"dish_1564159636","cafe1","1564159636","train","train","cafe1_c03661","train","134.0","487.873688","7","sausage|olive oil|pepper|salt|turkey bacon|bacon|brussels sprouts"
"dish_1564160043","cafe1","1564160043","test","test","cafe1_c03662","test","98.0","245.0","1","bagels"
"dish_1564160161","cafe1","1564160161","train","train","cafe1_c03663","train","97.0","242.5","1","bagels"
"dish_1564168695","cafe1","1564168695","train","train","cafe1_c03664","dev","78.0","385.007996","1","pepperoni"
"dish_1564168739","cafe1","1564168739","train","train","cafe1_c03665","train","164.0","585.302002","2","pepperoni|sandwiches"
"dish_1564169197","cafe1","1564169197","train","train","cafe1_c03666","train","50.0","116.449997","1","sandwiches"
"dish_1564169254","cafe1","1564169254","train","train","cafe1_c03667","train","201.0","161.75","2","sandwiches|watermelon"
"dish_1564169298","cafe1","1564169298","train","train","cafe1_c03668","dev","299.0","187.076355","10","lemon juice|kale|tatsoi|parsley|garlic|sandwiches|salt|pepper|watermelon|cucumbers"
"dish_1564169340","cafe1","1564169340","train","train","cafe1_c03669","train","518.0","657.517517","18","lemon juice|pepper|cilantro|watermelon|tatsoi|olive oil|cucumbers|sandwiches|chili|tomatoes|garlic|chicken thighs|onions|parsley|tortilla|kale|salt|cheese"
"dish_1564169644","cafe1","1564169644","train","train","cafe1_c03670","train","163.0","433.416992","1","cheese pizza"
"dish_1564169878","cafe1","1564169878","train","train","cafe1_c03671","train","341.0","732.513428","10","tomatoes|garlic|onions|chili|tortilla|salt|cilantro|olive oil|chicken thighs|cheese"
"dish_1564169932","cafe1","1564169932","train","train","cafe1_c03672","train","473.0","766.626526","16","cilantro|pepper|parsley|lemon juice|tatsoi|olive oil|kale|onions|chili|cheese|chicken thighs|tortilla|tomatoes|cucumbers|salt|garlic"
"dish_1564169958","cafe1","1564169958","train","train","cafe1_c03673","dev","563.0","787.776489","19","chili|tomatoes|cilantro|olive oil|parsley|cucumbers|tortilla|onions|squash|chicken thighs|cheese|pepper|garlic|tatsoi|kale|lemon juice|zucchini|broccoli|salt"
"dish_1564170010","cafe1","1564170010","train","train","cafe1_c03674","train","831.0","1264.54834","23","tortilla|cucumbers|tatsoi|kale|cilantro|tomatoes|chili|zucchini|pepper|thyme|cheese|salmon|parsley|lemon juice|onions|olive oil|broccoli|garlic|salt|squash|brown rice|chicken thighs|arugula"
"dish_1564170071","cafe1","1564170071","train","train","cafe1_c03675","train","35.0","14.0","1","onions"
"dish_1564170098","cafe1","1564170098","train","train","cafe1_c03676","train","67.0","50.799999","2","onions|olives"
"dish_1564170141","cafe1","1564170141","train","train","cafe1_c03677","train","133.0","62.68","3","onions|cherry tomatoes|olives"
"dish_1564170173","cafe1","1564170173","train","train","cafe1_c03678","train","176.0","79.880005","4","bell peppers|onions|cherry tomatoes|olives"
"dish_1564170283","cafe1","1564170283","train","train","cafe1_c03679","dev","301.0","646.588135","10","onions|cheese|chicken thighs|olive oil|cilantro|tomatoes|tortilla|chili|salt|garlic"
"dish_1564170474","cafe1","1564170474","train","train","cafe1_c03680","train","168.0","39.480003","3","zucchini|squash|broccoli"
"dish_1564170542","cafe1","1564170542","train","train","cafe1_c03681","train","440.0","523.367859","10","thyme|zucchini|olive oil|broccoli|salt|salmon|pepper|arugula|brown rice|squash"
"dish_1564170836","cafe1","1564170836","train","train","cafe1_c03682","train","135.0","240.164917","7","salmon|olive oil|arugula|brown rice|salt|pepper|thyme"
"dish_1564170880","cafe1","1564170880","train","train","cafe1_c03683","train","230.0","348.557159","8","salmon|pepper|arugula|brown rice|wheat berry|olive oil|thyme|salt"
"dish_1564170923","cafe1","1564170923","train","train","cafe1_c03684","train","319.0","378.817108","10","thyme|olive oil|wheat berry|kale|salt|salmon|pepper|chard|brown rice|arugula"
"dish_1564170967","cafe1","1564170967","train","train","cafe1_c03685","train","410.0","400.202118","13","olive oil|thyme|salt|broccoli|zucchini|squash|salmon|chard|kale|pepper|wheat berry|brown rice|arugula"
"dish_1564171888","cafe1","1564171888","train","train","cafe1_c03686","train","194.0","345.125885","7","brown rice|arugula|salt|pepper|thyme|salmon|olive oil"
"dish_1564171935","cafe1","1564171935","train","train","cafe1_c03687","train","309.0","476.337524","8","salmon|salt|thyme|olive oil|wheat berry|arugula|brown rice|pepper"
"dish_1564171970","cafe1","1564171970","train","train","cafe1_c03688","train","396.0","498.821136","14","garlic|salt|lemon juice|cucumbers|tatsoi|olive oil|wheat berry|thyme|kale|parsley|brown rice|arugula|salmon|pepper"
"dish_1564171996","cafe1","1564171996","train","train","cafe1_c03689","train","484.0","519.50116","17","pepper|zucchini|garlic|brown rice|wheat berry|arugula|olive oil|thyme|tatsoi|kale|lemon juice|parsley|cucumbers|squash|salmon|broccoli|salt"
"dish_1564415022","cafe1","1564415022","train","none","cafe1_c03690","train","133.0","69.159996","1","egg whites"
"dish_1564415077","cafe1","1564415077","train","none","cafe1_c03691","train","189.0","152.040009","2","egg whites|scrambled eggs"
"dish_1564415140","cafe1","1564415140","train","none","cafe1_c03692","train","239.0","199.893661","4","scrambled eggs|egg whites|olive oil|sweet potato"
"dish_1564415172","cafe1","1564415172","train","none","cafe1_c03693","dev","266.0","243.093658","5","scrambled eggs|egg whites|olive oil|sweet potato|chicken apple sausage"
"dish_1564415293","cafe1","1564415293","train","none","cafe1_c03694","train","82.0","78.479996","2","sweet potato|olive oil"
"dish_1564415335","cafe1","1564415335","train","none","cafe1_c03695","train","136.0","164.880005","3","sweet potato|olive oil|chicken apple sausage"
"dish_1564415365","cafe1","1564415365","train","none","cafe1_c03696","dev","265.0","231.959991","4","olive oil|egg whites|sweet potato|chicken apple sausage"
"dish_1564415499","cafe1","1564415499","train","none","cafe1_c03697","train","95.0","90.921951","2","olive oil|sweet potato"
"dish_1564415538","cafe1","1564415538","train","none","cafe1_c03698","train","159.0","126.574638","3","broccoli|sweet potato|olive oil"
"dish_1564415571","cafe1","1564415571","train","none","cafe1_c03699","train","754.0","435.97464","4","olive oil|egg whites|broccoli|sweet potato"
"dish_1564427406","cafe1","1564427406","test","test","cafe1_c03700","test","135.0","305.370026","1","grilled chicken"
"dish_1564427430","cafe1","1564427430","test","test","cafe1_c03701","test","170.0","345.620026","2","grilled chicken|olives"
"dish_1564427455","cafe1","1564427455","test","test","cafe1_c03702","test","218.0","354.26004","3","grilled chicken|olives|cherry tomatoes"
"dish_1564428102","cafe1","1564428102","test","test","cafe1_c03703","test","107.0","133.219666","9","salt|garlic|olive oil|mustard|pecans|chard|arugula|vinegar|blueberries"
"dish_1564428144","cafe1","1564428144","test","test","cafe1_c03704","test","171.0","205.212921","14","garlic|shallots|parsley|salt|mustard|pecans|thyme|olive oil|blueberries|arugula|vinegar|chard|lemon juice|quinoa"
"dish_1564428181","cafe1","1564428181","test","test","cafe1_c03705","test","320.0","510.05069","21","garlic|olive oil|parsley|pecans|lemon juice|salt|shallots|pepper|arugula|vinegar|chard|quinoa|thyme|pork|mustard|wheat berry|jalapenos|mayonnaise|carrot|cabbage|blueberries"
"dish_1564428404","cafe1","1564428404","train","train","cafe1_c03706","train","104.0","113.751038","9","olive oil|onions|mustard|pears|salt|mixed greens|garlic|cherry tomatoes|vinegar"
"dish_1564428444","cafe1","1564428444","train","train","cafe1_c03707","train","277.0","157.001038","10","olive oil|onions|salt|garlic|pears|mixed greens|mustard|cherry tomatoes|cauliflower|vinegar"
"dish_1564428475","cafe1","1564428475","train","train","cafe1_c03708","dev","370.0","261.616272","16","cauliflower|quinoa|pears|shallots|mixed greens|thyme|onions|mustard|arugula|vinegar|cherry tomatoes|salt|garlic|olive oil|parsley|lemon juice"
"dish_1564428515","cafe1","1564428515","train","train","cafe1_c03709","train","479.0","484.618347","23","pears|shallots|parsley|onions|cabbage|mayonnaise|pork|jalapenos|arugula|vinegar|cherry tomatoes|garlic|mixed greens|carrot|salt|mustard|lemon juice|thyme|olive oil|wheat berry|pepper|quinoa|cauliflower"
"dish_1564429184","cafe1","1564429184","train","train","cafe1_c03710","train","202.0","389.65799","1","tempeh"
"dish_1564429235","cafe1","1564429235","train","train","cafe1_c03711","train","253.0","479.757751","9","salt|chickpeas|mustard greens|olive oil|tempeh|arugula|parsley|vinegar|pepper"
"dish_1564429270","cafe1","1564429270","train","train","cafe1_c03712","train","354.0","605.507202","14","salt|mustard|garlic|chickpeas|olive oil|mustard greens|parsley|vinegar|arugula|tempeh|chard|pecans|pepper|blueberries"
"dish_1564429702","cafe1","1564429702","train","train","cafe1_c03713","train","158.0","39.5","1","cauliflower"
"dish_1564429744","cafe1","1564429744","train","train","cafe1_c03714","train","374.0","282.477234","10","parsley|thyme|garlic|shallots|olive oil|lemon juice|arugula|salt|cauliflower|quinoa"
"dish_1564429808","cafe1","1564429808","train","train","cafe1_c03715","train","422.0","380.679993","17","salt|cauliflower|jalapenos|arugula|parsley|lemon juice|thyme|olive oil|carrot|garlic|pepper|wheat berry|pork|mayonnaise|cabbage|shallots|quinoa"
"dish_1564429843","cafe1","1564429843","train","train","cafe1_c03716","dev","474.0","395.729828","18","pepper|garlic|lemon juice|parsley|cabbage|arugula|cauliflower|quinoa|shallots|carrot|olive oil|thyme|mayonnaise|jalapenos|wheat berry|pork|squash|salt"
"dish_1564429894","cafe1","1564429894","train","train","cafe1_c03717","dev","566.0","498.769836","19","quinoa|salt|squash|mayonnaise|arugula|parsley|carrot|couscous|pepper|wheat berry|pork|jalapenos|cabbage|shallots|thyme|olive oil|garlic|lemon juice|cauliflower"
"dish_1564432094","cafe1","1564432094","train","train","cafe1_c03718","train","63.0","177.659988","1","pepperoni pizza"
"dish_1564432128","cafe1","1564432128","train","train","cafe1_c03719","train","102.0","217.028381","11","salt|lime|lettuce|mixed greens|olive oil|cucumbers|pepperoni pizza|onions|vinegar|pepper|cherry tomatoes"
"dish_1564432165","cafe1","1564432165","train","train","cafe1_c03720","dev","160.0","246.028381","12","lime|mixed greens|cherry tomatoes|olive oil|vinegar|cucumbers|pepperoni pizza|onions|pineapple|pepper|salt|lettuce"
"dish_1564432191","cafe1","1564432191","train","train","cafe1_c03721","train","220.0","261.028381","13","salt|lime|lettuce|mixed greens|vinegar|cucumbers|pepperoni pizza|onions|olive oil|cauliflower|pineapple|pepper|cherry tomatoes"
"dish_1564432238","cafe1","1564432238","train","train","cafe1_c03722","train","315.0","455.387939","22","cherry tomatoes|cauliflower|lime|mayonnaise|jalapenos|pepperoni pizza|parsley|vinegar|lemon juice|cabbage|mixed greens|lettuce|salt|pepper|pineapple|pork|wheat berry|onions|cucumbers|olive oil|garlic|carrot"
"dish_1564502063","cafe1","1564502063","train","train","cafe1_c03723","dev","92.0","497.719971","1","bacon"
"dish_1564503184","cafe1","1564503184","train","train","cafe1_c03724","train","18.0","97.379997","1","bacon"
"dish_1564503219","cafe1","1564503219","train","train","cafe1_c03725","dev","242.0","213.859985","2","bacon|egg whites"
"dish_1564514906","cafe1","1564514906","train","train","cafe1_c03726","dev","178.0","199.266052","14","white beans|salt|arugula|fish|pepper|chive|garlic|artichokes|lime|bell peppers|olive oil|onions|snow peas|parsley"
"dish_1564514953","cafe1","1564514953","train","train","cafe1_c03727","train","281.0","249.899155","15","artichokes|chive|salt|onions|olive oil|white beans|fish|pepper|arugula|carrot|bell peppers|lime|garlic|snow peas|parsley"
"dish_1564514997","cafe1","1564514997","train","train","cafe1_c03728","train","396.0","381.110779","16","onions|lime|bell peppers|salt|arugula|wheat berry|olive oil|parsley|snow peas|carrot|artichokes|chive|garlic|fish|pepper|white beans"
"dish_1564515049","cafe1","1564515049","train","train","cafe1_c03729","train","611.0","431.635803","19","snow peas|olive oil|garlic|chive|artichokes|lime|carrot|zucchini|white beans|arugula|wheat berry|parsley|onions|squash|broccoli|bell peppers|salt|pepper|fish"
"dish_1564516366","cafe1","1564516366","train","train","cafe1_c03730","train","27.0","31.049999","1","olives"
"dish_1564516397","cafe1","1564516397","train","train","cafe1_c03731","train","59.0","36.809998","2","olives|cherry tomatoes"
"dish_1564516429","cafe1","1564516429","train","train","cafe1_c03732","dev","186.0","178.982971","16","fish|chive|garlic|bell peppers|pepper|parsley|snow peas|onions|cherry tomatoes|olives|artichokes|olive oil|arugula|white beans|salt|lime"
"dish_1564516454","cafe1","1564516454","train","train","cafe1_c03733","train","266.0","311.142975","17","snow peas|parsley|olive oil|chive|lime|salt|fish|pepper|chicken breast|white beans|arugula|onions|artichokes|garlic|bell peppers|cherry tomatoes|olives"
"dish_1564516483","cafe1","1564516483","train","train","cafe1_c03734","train","374.0","364.234009","18","snow peas|garlic|carrot|pepper|white beans|olive oil|salt|lime|parsley|onions|chicken breast|chive|artichokes|cherry tomatoes|fish|olives|bell peppers|arugula"
"dish_1564516732","cafe1","1564516732","train","train","cafe1_c03735","train","54.0","26.545507","4","carrot|olive oil|salt|pepper"
"dish_1564516760","cafe1","1564516760","train","train","cafe1_c03736","train","329.0","442.728943","14","eggplant|spinach (cooked)|olive oil|carrot|shallots|garlic|wine|mushroom|lemon juice|chicken thighs|squash|quinoa|pepper|salt"
"dish_1564518454","cafe1","1564518454","train","train","cafe1_c03737","train","62.0","164.858002","1","cheese pizza"
"dish_1564518488","cafe1","1564518488","train","train","cafe1_c03738","train","117.0","248.09465","13","garlic|spinach (cooked)|cheese pizza|shallots|lemon juice|wine|chicken thighs|squash|eggplant|mushroom|olive oil|quinoa|salt"
"dish_1564518512","cafe1","1564518512","train","train","cafe1_c03739","train","163.0","270.70752","15","eggplant|mushroom|spinach (cooked)|cheese pizza|olive oil|chicken thighs|squash|shallots|quinoa|garlic|wine|carrot|pepper|salt|lemon juice"
"dish_1564518542","cafe1","1564518542","train","train","cafe1_c03740","train","234.0","342.378204","22","onions|lemon juice|garlic|shallots|spinach (cooked)|carrot|mixed greens|lettuce|cherry tomatoes|pepper|mushroom|chicken thighs|eggplant|olive oil|lime|cucumbers|salt|cheese pizza|wine|quinoa|vinegar|squash"
"dish_1564518586","cafe1","1564518586","train","train","cafe1_c03741","train","315.0","361.413239","24","cucumbers|vinegar|zucchini|carrot|spinach (cooked)|mixed greens|lettuce|quinoa|eggplant|wine|squash|mushroom|broccoli|lime|lemon juice|onions|olive oil|salt|cheese pizza|shallots|garlic|pepper|cherry tomatoes|chicken thighs"
"dish_1564518850","cafe1","1564518850","train","train","cafe1_c03742","train","119.0","194.326996","1","frozen yogurt"
"dish_1564588483","cafe1","1564588483","train","train","cafe1_c03743","dev","51.0","175.746002","1","sausage"
"dish_1564588533","cafe1","1564588533","train","train","cafe1_c03744","train","167.0","236.06601","2","sausage|egg whites"
"dish_1564588567","cafe1","1564588567","train","train","cafe1_c03745","train","312.0","450.666016","3","sausage|scrambled eggs|egg whites"
"dish_1564588688","cafe1","1564588688","train","train","cafe1_c03746","train","43.0","148.178009","1","sausage"
"dish_1564588719","cafe1","1564588719","train","train","cafe1_c03747","dev","81.0","222.278015","2","chilaquiles|sausage"
"dish_1564588820","cafe1","1564588820","test","test","cafe1_c03748","test","156.0","81.119995","1","egg whites"
"dish_1564588859","cafe1","1564588859","test","test","cafe1_c03749","test","257.0","183.586426","4","egg whites|greek yogurt|milk|chia seeds"
"dish_1564588889","cafe1","1564588889","test","test","cafe1_c03750","test","346.0","234.494431","5","egg whites|blueberries|greek yogurt|chia seeds|milk"
"dish_1564588919","cafe1","1564588919","test","test","cafe1_c03751","test","452.0","335.944183","7","milk|greek yogurt|egg whites|blueberries|sweet potato|olive oil|chia seeds"
"dish_1564589025","cafe1","1564589025","train","train","cafe1_c03752","train","51.0","48.810734","2","sweet potato|olive oil"
"dish_1564589072","cafe1","1564589072","train","train","cafe1_c03753","train","241.0","419.31073","3","sweet potato|olive oil|chilaquiles"
"dish_1564589308","cafe1","1564589308","train","train","cafe1_c03754","train","161.0","227.009995","1","roasted potatoes"
"dish_1564589366","cafe1","1564589366","train","train","cafe1_c03755","train","348.0","324.25","2","egg whites|roasted potatoes"
"dish_1564590115","cafe1","1564590115","train","train","cafe1_c03756","train","121.0","115.805847","2","sweet potato|olive oil"
"dish_1564590146","cafe1","1564590146","train","train","cafe1_c03757","dev","205.0","141.005844","3","watermelon|sweet potato|olive oil"
"dish_1564590190","cafe1","1564590190","train","train","cafe1_c03758","train","298.0","194.015839","4","sweet potato|olive oil|watermelon|berries"
"dish_1564590226","cafe1","1564590226","train","train","cafe1_c03759","train","376.0","220.535858","5","olive oil|watermelon|berries|sweet potato|cantaloupe"
"dish_1564590254","cafe1","1564590254","train","train","cafe1_c03760","train","432.0","248.535843","6","pineapple|watermelon|berries|cantaloupe|sweet potato|olive oil"
"dish_1564590288","cafe1","1564590288","train","train","cafe1_c03761","train","848.0","464.855835","7","pineapple|watermelon|egg whites|berries|cantaloupe|sweet potato|olive oil"
"dish_1564590352","cafe1","1564590352","train","train","cafe1_c03762","train","962.0","497.915833","8","pineapple|cantaloupe|salsa|watermelon|olive oil|sweet potato|berries|egg whites"
"dish_1564601470","cafe1","1564601470","train","train","cafe1_c03763","train","73.0","15.841","1","turnips"
"dish_1564601528","cafe1","1564601528","train","train","cafe1_c03764","train","163.0","142.740997","2","turnips|roasted potatoes"
"dish_1564601569","cafe1","1564601569","train","train","cafe1_c03765","train","291.0","208.098145","6","turnips|roasted potatoes|brussels sprouts|salt|pepper|olive oil"
"dish_1564601600","cafe1","1564601600","train","train","cafe1_c03766","train","434.0","600.798035","14","buttermilk|chicken|flour|lemon juice|thyme|vegetable oil|parsley|garlic|olive oil|brussels sprouts|pepper|roasted potatoes|turnips|salt"
"dish_1564601638","cafe1","1564601638","train","train","cafe1_c03767","train","541.0","712.456421","21","olive oil|kale|cherry tomatoes|chard|turnips|salt|chive|thyme|shallots|garlic|buttermilk|chicken|pepper|flour|roasted potatoes|fish|brussels sprouts|vegetable oil|parsley|lemon juice|wheat berry"
"dish_1564605293","cafe1","1564605293","train","train","cafe1_c03768","train","152.0","404.167999","1","cheese pizza"
"dish_1564605328","cafe1","1564605328","train","train","cafe1_c03769","train","349.0","541.238098","9","lettuce|bell peppers|cherry tomatoes|onions|cucumbers|feta cheese|vinaigrette|olives|cheese pizza"
"dish_1564675060","cafe1","1564675060","train","train","cafe1_c03770","dev","77.0","23.1","1","watermelon"
"dish_1564675118","cafe1","1564675118","train","train","cafe1_c03771","train","238.0","177.188782","3","olive oil|watermelon|sweet potato"
"dish_1564675157","cafe1","1564675157","train","train","cafe1_c03772","train","284.0","208.928787","4","grapes|watermelon|sweet potato|olive oil"
"dish_1564675193","cafe1","1564675193","train","train","cafe1_c03773","dev","803.0","478.808777","5","grapes|watermelon|egg whites|sweet potato|olive oil"
"dish_1564675240","cafe1","1564675240","train","train","cafe1_c03774","train","886.0","502.878784","6","watermelon|olive oil|grapes|egg whites|sweet potato|salsa"
"dish_1564675380","cafe1","1564675380","test","test","cafe1_c03775","test","23.0","87.331001","1","turkey bacon"
"dish_1564675411","cafe1","1564675411","test","test","cafe1_c03776","test","308.0","235.531006","2","egg whites|turkey bacon"
"dish_1564685144","cafe1","1564685144","train","train","cafe1_c03777","train","50.0","26.1625","2","green beans|olive oil"
"dish_1564685183","cafe1","1564685183","train","train","cafe1_c03778","train","150.0","127.107117","11","lime|cherry tomatoes|salt|pepper|onions|green beans|cucumbers|vinegar|olive oil|mixed greens|lettuce"
"dish_1564685229","cafe1","1564685229","train","train","cafe1_c03779","dev","347.0","591.435242","16","green beans|cherry tomatoes|steak|bell peppers|lime|olive oil|ketchup|vinegar|spinach (raw)|pepper|millet|mixed greens|onions|salt|lettuce|cucumbers"
"dish_1564685360","cafe1","1564685360","train","train","cafe1_c03780","train","129.0","304.052368","9","vinegar|onions|olive oil|salt|bell peppers|millet|spinach (raw)|steak|ketchup"
"dish_1564685406","cafe1","1564685406","train","train","cafe1_c03781","train","192.0","367.6474","15","bell peppers|steak|cherry tomatoes|vinegar|ketchup|spinach (raw)|pepper|onions|lime|lettuce|mixed greens|olive oil|cucumbers|salt|millet"
"dish_1564685450","cafe1","1564685450","train","train","cafe1_c03782","dev","288.0","623.007507","16","pepper|mixed greens|bell peppers|steak|vinegar|cherry tomatoes|millet|salt|lettuce|lime|olive oil|onions|cucumbers|spinach (raw)|pizza|ketchup"
"dish_1564685482","cafe1","1564685482","train","train","cafe1_c03783","train","337.0","851.396545","17","millet|steak|olive oil|pizza|lime|salt|mixed greens|cherry tomatoes|pepper|spinach (raw)|vinegar|ketchup|lettuce|cucumbers|onions|brownies|bell peppers"
"dish_1564686657","cafe1","1564686657","train","train","cafe1_c03784","train","105.0","279.194977","1","cheese pizza"
"dish_1564686702","cafe1","1564686702","train","train","cafe1_c03785","train","130.0","307.944977","2","cheese pizza|olives"
"dish_1564686740","cafe1","1564686740","train","train","cafe1_c03786","train","221.0","399.804565","12","olive oil|olives|pepper|cherry tomatoes|lettuce|cheese pizza|mixed greens|lime|salt|vinegar|onions|cucumbers"
"dish_1564686791","cafe1","1564686791","train","train","cafe1_c03787","train","343.0","601.348572","13","lettuce|lime|pepper|mixed greens|onions|cucumbers|olive oil|chicken breast|vinegar|salt|olives|cherry tomatoes|cheese pizza"
"dish_1564686832","cafe1","1564686832","train","train","cafe1_c03788","train","392.0","829.737549","14","onions|brownies|olives|chicken breast|salt|lime|cherry tomatoes|cheese pizza|lettuce|pepper|mixed greens|olive oil|vinegar|cucumbers"
"dish_1564686855","cafe1","1564686855","train","train","cafe1_c03789","train","435.0","1030.160645","14","cucumbers|onions|brownies|chicken breast|cherry tomatoes|olives|salt|lettuce|cheese pizza|mixed greens|lime|pepper|olive oil|vinegar"
"dish_1564686966","cafe1","1564686966","test","test","cafe1_c03790","test","65.0","153.204697","9","ketchup|millet|salt|bell peppers|olive oil|spinach (raw)|steak|vinegar|onions"
"dish_1564687013","cafe1","1564687013","test","test","cafe1_c03791","test","224.0","330.840851","16","fish|onions|steak|ketchup|vinegar|spinach (raw)|white rice|kale|jalapenos|bell peppers|cilantro|lime|millet|olive oil|shallots|salt"
"dish_1564687046","cafe1","1564687046","test","test","cafe1_c03792","test","308.0","374.793854","17","white rice|salt|shallots|olive oil|onions|jalapenos|steak|green beans|bell peppers|millet|cilantro|kale|ketchup|vinegar|spinach (raw)|fish|lime"
"dish_1564687090","cafe1","1564687090","test","test","cafe1_c03793","test","416.0","498.018677","18","fish|millet|white rice|ketchup|steak|spinach (raw)|jalapenos|onions|wheat berry|olive oil|bell peppers|cilantro|vinegar|kale|green beans|lime|shallots|salt"
"dish_1564688969","cafe1","1564688969","train","train","cafe1_c03794","train","90.0","239.309998","1","cheese pizza"
"dish_1564689078","cafe1","1564689078","test","test","cafe1_c03795","test","55.0","72.360779","9","almonds|olive oil|mustard|parsley|carrot|salt|blueberries|spinach (raw)|vinegar"
"dish_1564689108","cafe1","1564689108","test","test","cafe1_c03796","test","159.0","203.66246","15","chickpeas|salt|garlic|blueberries|pepper|pears|arugula|mustard|olive oil|parsley|almonds|vinegar|spinach (raw)|lemon juice|carrot"
"dish_1564689138","cafe1","1564689138","test","test","cafe1_c03797","test","223.0","268.266998","21","garlic|onions|lemon juice|mustard|olive oil|almonds|mixed greens|lime|cherry tomatoes|pepper|cucumbers|spinach (raw)|blueberries|vinegar|arugula|parsley|lettuce|salt|carrot|chickpeas|pears"
"dish_1564689168","cafe1","1564689168","test","test","cafe1_c03798","test","339.0","352.946991","22","lime|parsley|blueberries|vinegar|arugula|mustard|onions|almonds|mixed greens|carrot|salt|pears|garlic|pepper|spinach (raw)|tofu|lemon juice|cucumbers|olive oil|chickpeas|cherry tomatoes|lettuce"
"dish_1564689219","cafe1","1564689219","test","test","cafe1_c03799","test","474.0","506.847046","23","cherry tomatoes|spinach (raw)|vinegar|almonds|olive oil|parsley|lemon juice|salt|carrot|mixed greens|chickpeas|garlic|pepper|arugula|lentils|blueberries|tofu|onions|mustard|cucumbers|pears|lettuce|lime"
"dish_1564690038","cafe1","1564690038","train","train","cafe1_c03800","train","81.0","92.339996","1","lentils"
"dish_1564690085","cafe1","1564690085","train","train","cafe1_c03801","train","143.0","170.615997","10","garlic|pepper|arugula|lentils|olive oil|salt|parsley|lemon juice|pears|chickpeas"
"dish_1564690138","cafe1","1564690138","train","train","cafe1_c03802","train","181.0","190.499496","11","pears|garlic|lentils|arugula|green beans|parsley|lemon juice|olive oil|salt|chickpeas|pepper"
"dish_1564690167","cafe1","1564690167","train","train","cafe1_c03803","train","207.0","251.781372","18","millet|pepper|spinach (raw)|arugula|steak|lentils|vinegar|olive oil|lemon juice|salt|garlic|chickpeas|bell peppers|green beans|ketchup|onions|parsley|pears"
"dish_1564690194","cafe1","1564690194","train","train","cafe1_c03804","train","430.0","500.918823","25","olive oil|onions|lemon juice|kale|lime|chickpeas|cilantro|millet|white rice|fish|steak|ketchup|lentils|parsley|salt|pears|garlic|bell peppers|shallots|jalapenos|pepper|spinach (raw)|green beans|arugula|vinegar"
"dish_1564691352","cafe1","1564691352","train","none","cafe1_c03805","train","71.0","75.331001","1","corn on the cob"
"dish_1564691380","cafe1","1564691380","train","train","cafe1_c03806","train","111.0","96.261002","3","green beans|olive oil|corn on the cob"
"dish_1564691420","cafe1","1564691420","train","train","cafe1_c03807","train","226.0","212.347305","12","mixed greens|lime|lettuce|salt|cucumbers|onions|olive oil|pepper|vinegar|corn on the cob|green beans|cherry tomatoes"
"dish_1564691450","cafe1","1564691450","train","train","cafe1_c03808","dev","366.0","542.326721","17","millet|corn on the cob|green beans|vinegar|steak|ketchup|onions|lettuce|mixed greens|pepper|cherry tomatoes|spinach (raw)|olive oil|cucumbers|bell peppers|lime|salt"
"dish_1564761388","cafe1","1564761388","train","train","cafe1_c03809","train","105.0","54.599998","1","egg whites"
"dish_1564761426","cafe1","1564761426","train","train","cafe1_c03810","train","202.0","207.569","2","egg whites|fried rice"
"dish_1564761457","cafe1","1564761457","train","train","cafe1_c03811","train","223.0","287.306","3","fried rice|turkey bacon|egg whites"
"dish_1564761488","cafe1","1564761488","train","train","cafe1_c03812","train","336.0","327.986023","4","turkey bacon|egg whites|fried rice|honeydew melons"
"dish_1564773826","cafe1","1564773826","test","test","cafe1_c03813","test","56.0","10.08","1","cherry tomatoes"
"dish_1564773847","cafe1","1564773847","test","test","cafe1_c03814","test","161.0","238.027573","15","garlic|shallots|pepper|salmon|cherry tomatoes|olive oil|parsley|chive|lemon juice|pickles|mayonnaise|arugula|lentils|kale|salt"
"dish_1564773876","cafe1","1564773876","test","test","cafe1_c03815","test","219.0","258.327576","16","cherry tomatoes|pepper|salmon|lentils|lemon juice|parsley|chive|broccoli|pickles|mayonnaise|kale|arugula|olive oil|salt|garlic|shallots"
"dish_1564773903","cafe1","1564773903","test","test","cafe1_c03816","test","336.0","316.827545","17","cherry tomatoes|lentils|salmon|arugula|pineapple|parsley|kale|olive oil|shallots|pepper|pickles|salt|mayonnaise|lemon juice|broccoli|garlic|chive"
"dish_1564773942","cafe1","1564773942","test","test","cafe1_c03817","test","442.0","491.939545","18","garlic|salmon|cherry tomatoes|chicken breast|mayonnaise|chive|broccoli|shallots|pineapple|pepper|pickles|arugula|lentils|olive oil|kale|parsley|lemon juice|salt"
"dish_1564773976","cafe1","1564773976","test","test","cafe1_c03818","test","463.0","516.089478","19","cherry tomatoes|chicken breast|shallots|olive oil|mayonnaise|arugula|salmon|pepper|pickles|chive|olives|salt|garlic|broccoli|parsley|kale|lemon juice|lentils|pineapple"
"dish_1564774773","cafe1","1564774773","train","train","cafe1_c03819","train","90.0","50.136581","2","broccoli|olive oil"
"dish_1564774805","cafe1","1564774805","train","train","cafe1_c03820","train","353.0","621.091003","16","cherry tomatoes|pepper|mayonnaise|olive oil|lemon juice|parsley|chive|shallots|broccoli|salmon|pickles|arugula|lentils|kale|salt|garlic"
"dish_1564775147","cafe1","1564775147","train","train","cafe1_c03821","train","151.0","327.810303","15","salmon|arugula|mayonnaise|parsley|kale|shallots|olive oil|garlic|pepper|cherry tomatoes|pickles|salt|lentils|lemon juice|chive"
"dish_1564775182","cafe1","1564775182","train","train","cafe1_c03822","dev","277.0","398.001526","16","salmon|pickles|lentils|olive oil|parsley|kale|salt|shallots|garlic|pepper|arugula|cherry tomatoes|mayonnaise|chive|lemon juice|broccoli"
"dish_1564775216","cafe1","1564775216","train","train","cafe1_c03823","train","340.0","530.596924","22","garlic|salmon|pickles|pepper|arugula|mayonnaise|lentils|olive oil|onions|lemon juice|chive|salt|broccoli|spinach (cooked)|bok choy|cherry tomatoes|beef|kale|parsley|vinegar|millet|shallots"
"dish_1564777933","cafe1","1564777933","train","train","cafe1_c03824","train","39.0","103.700996","1","cheese pizza"
"dish_1564777960","cafe1","1564777960","train","train","cafe1_c03825","dev","147.0","331.007507","10","spinach (cooked)|cheese pizza|shallots|onions|salt|olive oil|vinegar|bok choy|beef|millet"
"dish_1564777986","cafe1","1564777986","train","train","cafe1_c03826","train","221.0","372.230896","11","cheese pizza|broccoli|olive oil|spinach (cooked)|shallots|onions|vinegar|salt|millet|bok choy|beef"
"dish_1564778030","cafe1","1564778030","train","train","cafe1_c03827","train","283.0","504.417786","17","millet|spinach (cooked)|vinegar|onions|cheese pizza|broccoli|bok choy|mixed greens|shallots|blue cheese|beef|olive oil|mustard|garlic|walnuts|lettuce|salt"
"dish_1564778057","cafe1","1564778057","train","train","cafe1_c03828","train","377.0","575.185059","23","bok choy|garlic|green onions|soy sauce|cabbage|rice noodles|onions|mustard|walnuts|blue cheese|salt|shallots|spinach (cooked)|broccoli|millet|carrot|beef|vinegar|olive oil|cheese pizza|lettuce|radishes|mixed greens"
"dish_1565020755","cafe1","1565020755","test","test","cafe1_c03829","test","8.0","43.279999","1","bacon"
"dish_1565020796","cafe1","1565020796","test","test","cafe1_c03830","test","99.0","90.599998","2","egg whites|bacon"
"dish_1565020822","cafe1","1565020822","test","test","cafe1_c03831","test","193.0","180.56488","4","olive oil|egg whites|sweet potato|bacon"
"dish_1565020867","cafe1","1565020867","test","test","cafe1_c03832","test","325.0","255.804886","5","egg whites|berries|bacon|sweet potato|olive oil"
"dish_1565020895","cafe1","1565020895","test","test","cafe1_c03833","test","416.0","348.126129","8","olive oil|bacon|egg whites|berries|milk|chia seeds|greek yogurt|sweet potato"
"dish_1565020926","cafe1","1565020926","test","test","cafe1_c03834","test","489.0","398.496124","9","olive oil|sweet potato|grapes|berries|greek yogurt|egg whites|chia seeds|milk|bacon"
"dish_1565021011","cafe1","1565021011","train","none","cafe1_c03835","train","73.0","211.919006","1","waffles"
"dish_1565021054","cafe1","1565021054","train","train","cafe1_c03836","train","144.0","263.749023","2","tofu|waffles"
"dish_1565021104","cafe1","1565021104","train","train","cafe1_c03837","train","197.0","291.309021","3","waffles|tofu|egg whites"
"dish_1565021141","cafe1","1565021141","train","train","cafe1_c03838","train","248.0","467.054993","4","waffles|egg whites|sausage|tofu"
"dish_1565021185","cafe1","1565021185","train","train","cafe1_c03839","train","296.0","481.503418","8","waffles|olive oil|salt|turnips|egg whites|sausage|pepper|tofu"
"dish_1565021220","cafe1","1565021220","train","train","cafe1_c03840","train","361.0","543.713135","9","turnips|egg whites|sweet potato|salt|olive oil|waffles|tofu|pepper|sausage"
"dish_1565021599","cafe1","1565021599","train","train","cafe1_c03841","train","398.0","206.959991","1","egg whites"
"dish_1565021640","cafe1","1565021640","train","train","cafe1_c03842","train","500.0","304.581451","3","egg whites|olive oil|sweet potato"
"dish_1565021675","cafe1","1565021675","train","train","cafe1_c03843","train","575.0","331.581451","4","sweet potato|egg whites|honeydew melons|olive oil"
"dish_1565021714","cafe1","1565021714","train","train","cafe1_c03844","train","662.0","381.171448","5","olive oil|egg whites|honeydew melons|berries|sweet potato"
"dish_1565021965","cafe1","1565021965","train","train","cafe1_c03845","train","177.0","92.039993","1","egg whites"
"dish_1565022027","cafe1","1565022027","train","train","cafe1_c03846","train","267.0","178.176575","3","sweet potato|egg whites|olive oil"
"dish_1565022062","cafe1","1565022062","train","train","cafe1_c03847","dev","366.0","234.606583","4","olive oil|egg whites|berries|sweet potato"
"dish_1565023128","cafe1","1565023128","train","train","cafe1_c03848","train","32.0","41.594833","5","mixed greens|granola|blackberries|vinaigrette|raspberries"
"dish_1565023157","cafe1","1565023157","train","train","cafe1_c03849","train","260.0","379.034851","6","raspberries|vinaigrette|mixed greens|granola|blackberries|scrambled eggs"
"dish_1565023182","cafe1","1565023182","train","train","cafe1_c03850","train","308.0","638.714844","7","granola|mixed greens|blackberries|raspberries|vinaigrette|scrambled eggs|bacon"
"dish_1565024675","cafe1","1565024675","train","train","cafe1_c03851","train","34.0","129.097992","1","turkey bacon"
"dish_1565024707","cafe1","1565024707","train","train","cafe1_c03852","train","149.0","299.297974","2","turkey bacon|scrambled eggs"
"dish_1565024741","cafe1","1565024741","train","train","cafe1_c03853","train","192.0","359.927979","3","turkey bacon|scrambled eggs|roasted potatoes"
"dish_1565030350","cafe1","1565030350","test","test","cafe1_c03854","test","62.0","62.585663","10","lettuce|mixed greens|lime|salt|cucumbers|onions|olive oil|vinegar|pepper|cherry tomatoes"
"dish_1565030391","cafe1","1565030391","test","test","cafe1_c03855","test","313.0","609.333923","19","white rice|garlic|orange juice|onions|cucumbers|kale|green onions|lettuce|soy sauce|pepper|cherry tomatoes|beef|vinegar|olive oil|broccoli|lime|salt|chili|mixed greens"
"dish_1565031283","cafe1","1565031283","train","train","cafe1_c03856","train","116.0","252.680466","13","kale|onions|olive oil|green onions|broccoli|garlic|chili|beef|white rice|soy sauce|salt|orange juice|vinegar"
"dish_1565031338","cafe1","1565031338","train","train","cafe1_c03857","train","215.0","296.240448","14","beef|orange juice|white rice|soy sauce|salt|vinegar|kale|olive oil|onions|caesar salad|garlic|chili|broccoli|green onions"
"dish_1565031376","cafe1","1565031376","train","train","cafe1_c03858","train","308.0","319.490448","15","vinegar|olive oil|orange juice|broccoli|garlic|white rice|beef|cauliflower|caesar salad|onions|chili|kale|green onions|salt|soy sauce"
"dish_1565032680","cafe1","1565032680","train","train","cafe1_c03859","train","208.0","280.281769","7","figs|arugula|vinegar|strawberries|salt|olive oil|mustard"
"dish_1565032714","cafe1","1565032714","train","train","cafe1_c03860","train","330.0","315.591034","8","vinegar|olive oil|strawberries|figs|salt|squash|mustard|arugula"
"dish_1565032748","cafe1","1565032748","train","train","cafe1_c03861","train","435.0","544.310486","18","beef|arugula|orange juice|mustard|onions|broccoli|salt|green onions|strawberries|garlic|white rice|vinegar|squash|olive oil|chili|kale|figs|soy sauce"
"dish_1565033085","cafe1","1565033085","train","train","cafe1_c03862","dev","55.0","15.4","1","mixed greens"
"dish_1565033110","cafe1","1565033110","train","train","cafe1_c03863","train","147.0","47.599998","2","broccoli|mixed greens"
"dish_1565033139","cafe1","1565033139","train","train","cafe1_c03864","train","274.0","193.649994","3","mixed greens|broccoli|olives"
"dish_1565033189","cafe1","1565033189","train","train","cafe1_c03865","train","507.0","578.099976","4","chicken|mixed greens|broccoli|olives"
"dish_1565033220","cafe1","1565033220","train","train","cafe1_c03866","train","578.0","908.60498","5","mixed greens|olives|broccoli|chicken|vinaigrette"
"dish_1565033265","cafe1","1565033265","train","train","cafe1_c03867","train","625.0","1324.084961","6","olives|mixed greens|broccoli|chicken|vinaigrette|olive oil"
"dish_1565034234","cafe1","1565034234","train","train","cafe1_c03868","train","175.0","43.75","1","cauliflower"
"dish_1565034281","cafe1","1565034281","train","train","cafe1_c03869","train","306.0","228.459991","2","roasted potatoes|cauliflower"
"dish_1565034330","cafe1","1565034330","train","train","cafe1_c03870","train","483.0","614.015503","15","soy sauce|garlic|white rice|chili|orange juice|olive oil|onions|green onions|kale|salt|cauliflower|vinegar|broccoli|beef|roasted potatoes"
"dish_1565034605","cafe1","1565034605","test","test","cafe1_c03871","test","52.0","52.491199","10","lettuce|mixed greens|lime|olive oil|vinegar|cucumbers|onions|pepper|salt|cherry tomatoes"
"dish_1565034635","cafe1","1565034635","test","test","cafe1_c03872","test","110.0","124.089249","15","cherry tomatoes|vinegar|chard|blueberries|cucumbers|salt|lettuce|walnuts|lime|pepper|arugula|olive oil|mustard|onions|mixed greens"
"dish_1565034661","cafe1","1565034661","test","test","cafe1_c03873","test","146.0","219.813263","16","lime|walnuts|mustard|olive oil|cucumbers|arugula|pepper|cherry tomatoes|lettuce|salt|mixed greens|onions|blueberries|vinegar|chard|cheese pizza"
"dish_1565034681","cafe1","1565034681","test","test","cafe1_c03873","test","185.0","323.553284","17","walnuts|pepper|chard|blueberries|cucumbers|lime|salt|lettuce|mustard|cheese pizza|cherry tomatoes|vinegar|arugula|olive oil|pizza|onions|mixed greens"
"dish_1565035715","cafe1","1565035715","test","test","cafe1_c03874","test","39.0","15.6","1","onions"
"dish_1565035746","cafe1","1565035746","test","test","cafe1_c03875","test","149.0","43.099998","2","onions|cauliflower"
"dish_1565035774","cafe1","1565035774","test","test","cafe1_c03876","test","185.0","57.5","3","onions|cauliflower|bell peppers"
"dish_1565035802","cafe1","1565035802","test","test","cafe1_c03877","test","250.0","69.200005","4","onions|cherry tomatoes|cauliflower|bell peppers"
"dish_1565035830","cafe1","1565035830","test","test","cafe1_c03878","test","414.0","340.127991","5","cherry tomatoes|chicken breast|bell peppers|cauliflower|onions"
"dish_1565035858","cafe1","1565035858","test","test","cafe1_c03879","test","531.0","375.227997","6","cherry tomatoes|chicken breast|watermelon|bell peppers|cauliflower|onions"
"dish_1565036788","cafe1","1565036788","train","train","cafe1_c03880","train","70.0","186.12999","1","cheese pizza"
"dish_1565036821","cafe1","1565036821","train","train","cafe1_c03881","train","134.0","325.539917","14","soy sauce|salt|vinegar|olive oil|beef|white rice|orange juice|chili|green onions|broccoli|garlic|kale|cheese pizza|onions"
"dish_1565036865","cafe1","1565036865","train","none","cafe1_c03882","train","199.0","434.854675","22","broccoli|green onions|parsley|garlic|lemon juice|onions|white rice|chili|salt|soy sauce|orange juice|thyme|olive oil|arugula|kale|vinegar|brown rice|chicken thighs|basil|radishes|cheese pizza|beef"
"dish_1565036890","cafe1","1565036890","train","train","cafe1_c03883","train","260.0","520.864685","23","chili|salt|garlic|roasted potatoes|thyme|olive oil|brown rice|lemon juice|radishes|beef|cheese pizza|broccoli|parsley|basil|soy sauce|orange juice|kale|onions|arugula|vinegar|white rice|chicken thighs|green onions"
"dish_1565036922","cafe1","1565036922","train","train","cafe1_c03884","train","336.0","539.864685","24","broccoli|chili|lemon juice|garlic|olive oil|orange juice|onions|brown rice|arugula|vinegar|cauliflower|white rice|green onions|salt|soy sauce|thyme|basil|kale|parsley|chicken thighs|roasted potatoes|radishes|cheese pizza|beef"
"dish_1565036953","cafe1","1565036953","train","train","cafe1_c03885","train","443.0","586.944702","25","green onions|chili|chicken thighs|white rice|cauliflower|vinegar|caesar salad|brown rice|onions|basil|orange juice|soy sauce|olive oil|lemon juice|broccoli|salt|beef|radishes|roasted potatoes|parsley|kale|arugula|thyme|garlic|cheese pizza"
"dish_1565107066","cafe1","1565107066","train","train","cafe1_c03886","train","86.0","127.279999","1","scrambled eggs"
"dish_1565107092","cafe1","1565107092","train","train","cafe1_c03887","train","444.0","313.440002","2","scrambled eggs|egg whites"
"dish_1565107119","cafe1","1565107119","train","train","cafe1_c03888","train","562.0","426.374634","4","sweet potato|scrambled eggs|olive oil|egg whites"
"dish_1565107143","cafe1","1565107143","train","train","cafe1_c03889","train","655.0","454.274597","5","olive oil|watermelon|egg whites|scrambled eggs|sweet potato"
"dish_1565107171","cafe1","1565107171","train","train","cafe1_c03890","train","724.0","501.884644","6","sweet potato|scrambled eggs|olive oil|egg whites|watermelon|grapes"
"dish_1565107211","cafe1","1565107211","train","train","cafe1_c03891","train","799.0","523.634644","7","salsa|sweet potato|scrambled eggs|olive oil|egg whites|watermelon|grapes"
"dish_1565109606","cafe1","1565109606","train","train","cafe1_c03892","train","94.0","89.964882","2","olive oil|sweet potato"
"dish_1565109637","cafe1","1565109637","train","train","cafe1_c03893","train","253.0","172.644882","3","sweet potato|olive oil|egg whites"
"dish_1565109659","cafe1","1565109659","train","train","cafe1_c03894","train","263.0","226.744873","4","sweet potato|bacon|olive oil|egg whites"
"dish_1565117429","cafe1","1565117429","test","test","cafe1_c03895","test","147.0","390.872986","1","cheese pizza"
"dish_1565117463","cafe1","1565117463","test","test","cafe1_c03896","test","248.0","435.312988","2","caesar salad|cheese pizza"
"dish_1565117892","cafe1","1565117892","train","train","cafe1_c03897","train","102.0","132.599991","1","tuna"
"dish_1565117934","cafe1","1565117934","train","train","cafe1_c03898","train","235.0","352.315979","2","chicken breast|tuna"
"dish_1565117962","cafe1","1565117962","train","train","cafe1_c03899","train","304.0","379.915985","3","chicken breast|bell peppers|tuna"
"dish_1565117990","cafe1","1565117990","train","train","cafe1_c03900","train","380.0","582.0","4","tuna|chicken breast|bell peppers|cheese pizza"
"dish_1565118029","cafe1","1565118029","train","train","cafe1_c03901","dev","453.0","595.140015","5","chicken breast|cheese pizza|cherry tomatoes|bell peppers|tuna"
"dish_1565118067","cafe1","1565118067","train","train","cafe1_c03902","train","522.0","623.429932","6","carrot|chicken breast|tuna|cherry tomatoes|cheese pizza|bell peppers"
"dish_1565118096","cafe1","1565118096","train","train","cafe1_c03903","train","588.0","656.429932","7","chicken breast|tuna|cheese pizza|cherry tomatoes|bell peppers|carrot|pineapple"
"dish_1565118700","cafe1","1565118700","test","test","cafe1_c03904","test","49.0","16.66","2","chard|kale"
"dish_1565118729","cafe1","1565118729","test","test","cafe1_c03905","test","248.0","435.493286","11","shallots|salt|kale|onions|olive oil|chard|vinegar|beef|spinach (cooked)|millet|bok choy"
"dish_1565118782","cafe1","1565118782","test","test","cafe1_c03906","test","353.0","557.521606","15","shallots|salt|kale|olive oil|onions|chard|vinegar|beef|apple|mixed greens|spinach (cooked)|lemon juice|parsley|bok choy|millet"
"dish_1565118999","cafe1","1565118999","train","train","cafe1_c03907","train","288.0","200.386719","8","bell peppers|onions|cucumbers|lettuce|feta cheese|olives|cherry tomatoes|vinaigrette"
"dish_1565119418","cafe1","1565119418","train","train","cafe1_c03908","train","122.0","324.39798","1","cheese pizza"
"dish_1565119439","cafe1","1565119439","train","train","cafe1_c03909","train","189.0","465.412231","10","vinegar|millet|bok choy|beef|cheese pizza|spinach (cooked)|shallots|salt|olive oil|onions"
"dish_1565119464","cafe1","1565119464","train","train","cafe1_c03910","dev","223.0","504.065033","14","millet|apple|cheese pizza|salt|olive oil|onions|cranberries|mustard|vinegar|spinach (raw)|spinach (cooked)|beef|shallots|bok choy"
"dish_1565119493","cafe1","1565119493","train","train","cafe1_c03911","train","280.0","529.144897","15","mustard|olive oil|onions|vinegar|beef|caesar salad|bok choy|shallots|apple|millet|salt|cheese pizza|cranberries|spinach (raw)|spinach (cooked)"
"dish_1565119642","cafe1","1565119642","train","train","cafe1_c03912","train","78.0","26.52","2","kale|chard"
"dish_1565119669","cafe1","1565119669","train","train","cafe1_c03913","train","229.0","55.965","4","kale|zucchini|chard|chayote squash"
"dish_1565119698","cafe1","1565119698","train","train","cafe1_c03914","train","308.0","222.235489","13","zucchini|kale|onions|salt|shallots|spinach (cooked)|bok choy|millet|beef|vinegar|chard|chayote squash|olive oil"
"dish_1565119739","cafe1","1565119739","train","train","cafe1_c03915","train","461.0","396.804047","14","olive oil|onions|salt|kale|zucchini|shallots|spinach (cooked)|millet|bok choy|beef|wheat berry|chard|chayote squash|vinegar"
"dish_1565123783","cafe1","1565123783","test","test","cafe1_c03916","test","35.0","93.064995","1","cheese pizza"
"dish_1565123816","cafe1","1565123816","test","test","cafe1_c03917","test","110.0","250.916733","10","vinegar|millet|bok choy|beef|cheese pizza|salt|spinach (cooked)|shallots|onions|olive oil"
"dish_1565123845","cafe1","1565123845","test","test","cafe1_c03918","test","201.0","268.661774","12","olive oil|zucchini|onions|cheese pizza|spinach (cooked)|shallots|millet|bok choy|salt|beef|chayote squash|vinegar"
"dish_1565123881","cafe1","1565123881","test","test","cafe1_c03919","test","515.0","406.821747","13","caesar salad|olive oil|onions|cheese pizza|zucchini|spinach (cooked)|millet|shallots|bok choy|salt|beef|chayote squash|vinegar"
"dish_1565194684","cafe1","1565194684","train","train","cafe1_c03920","train","378.0","196.559998","1","egg whites"
"dish_1565194752","cafe1","1565194752","train","train","cafe1_c03921","train","510.0","322.893646","3","sweet potato|egg whites|olive oil"
"dish_1565194781","cafe1","1565194781","train","train","cafe1_c03922","train","568.0","351.405518","6","sweet potato|salt|pepper|olive oil|carrot|egg whites"
"dish_1565194823","cafe1","1565194823","train","train","cafe1_c03923","train","619.0","386.59552","7","sweet potato|salt|pepper|olive oil|carrot|egg whites|grapes"
"dish_1565194852","cafe1","1565194852","train","train","cafe1_c03924","train","759.0","428.59549","8","watermelon|pepper|salt|egg whites|olive oil|sweet potato|grapes|carrot"
"dish_1565194906","cafe1","1565194906","train","train","cafe1_c03925","train","839.0","451.795471","9","grapes|watermelon|pepper|salsa|carrot|salt|egg whites|olive oil|sweet potato"
"dish_1565195362","cafe1","1565195362","train","train","cafe1_c03926","train","103.0","98.578537","2","sweet potato|olive oil"
"dish_1565195398","cafe1","1565195398","train","train","cafe1_c03927","train","126.0","135.37854","3","chicken apple sausage|olive oil|sweet potato"
"dish_1565195436","cafe1","1565195436","train","train","cafe1_c03928","train","164.0","340.958527","4","olive oil|chicken apple sausage|sweet potato|bacon"
"dish_1565195493","cafe1","1565195493","train","train","cafe1_c03929","train","291.0","406.998535","5","sweet potato|chicken apple sausage|bacon|olive oil|egg whites"
"dish_1565196260","cafe1","1565196260","train","train","cafe1_c03930","train","143.0","74.360001","1","egg whites"
"dish_1565203015","cafe1","1565203015","train","train","cafe1_c03931","train","397.0","663.939575","11","parsley|chard|lemon juice|garlic|chicken|chive|salt|brown rice|olive oil|basil|rosemary"
"dish_1565203094","cafe1","1565203094","train","train","cafe1_c03932","train","485.0","898.019653","12","rosemary|parsley|garlic|chicken|pizza|salt|chive|lemon juice|chard|basil|olive oil|brown rice"
"dish_1565204855","cafe1","1565204855","train","train","cafe1_c03933","train","105.0","53.613285","4","salt|pepper|brussels sprouts|olive oil"
"dish_1565204891","cafe1","1565204891","train","train","cafe1_c03934","train","314.0","302.886444","13","olive oil|onions|brussels sprouts|chicken thighs|lemon juice|salt|garlic|pineapple|white rice|cilantro|pepper|vinegar|kale"
"dish_1565204931","cafe1","1565204931","train","train","cafe1_c03935","train","515.0","391.326447","14","onions|vinegar|chicken thighs|pineapple|white rice|caesar salad|pepper|salt|lemon juice|garlic|olive oil|brussels sprouts|cilantro|kale"
"dish_1565207631","cafe1","1565207631","train","train","cafe1_c03936","train","54.0","64.405495","11","vinegar|chicken thighs|white rice|pineapple|salt|cilantro|garlic|kale|olive oil|onions|lemon juice"
"dish_1565207662","cafe1","1565207662","train","train","cafe1_c03937","dev","128.0","145.937561","14","onions|chicken thighs|kale|green onions|pineapple|white rice|fish|salt|garlic|country rice|cilantro|olive oil|lemon juice|vinegar"
"dish_1565207694","cafe1","1565207694","train","train","cafe1_c03938","train","178.0","173.791214","15","pineapple|white rice|olive oil|green onions|onions|kale|country rice|garlic|cilantro|fish|vinegar|chicken thighs|lemon juice|broccoli|salt"
"dish_1565207727","cafe1","1565207727","train","train","cafe1_c03939","dev","231.0","314.77124","16","green onions|garlic|cilantro|broccoli|olive oil|kale|vinegar|white rice|pineapple|fish|salt|pizza|lemon juice|country rice|onions|chicken thighs"
"dish_1565207815","cafe1","1565207815","train","train","cafe1_c03940","train","80.0","40.848213","4","brussels sprouts|salt|pepper|olive oil"
"dish_1565207865","cafe1","1565207865","train","train","cafe1_c03941","train","129.0","112.960785","13","parsley|brussels sprouts|bulgur|salt|cranberries|lemon juice|shallots|apple|garlic|pepper|olive oil|arugula|mustard greens"
"dish_1565207896","cafe1","1565207896","train","train","cafe1_c03942","train","383.0","298.380798","14","apple|lemon juice|bulgur|salt|cranberries|olive oil|brussels sprouts|mustard greens|garlic|arugula|tofu|pepper|parsley|shallots"
"dish_1565208562","cafe1","1565208562","train","train","cafe1_c03943","train","92.0","40.48","1","caesar salad"
"dish_1565208611","cafe1","1565208611","train","train","cafe1_c03944","dev","157.0","73.669174","5","pepper|olive oil|brussels sprouts|caesar salad|salt"
"dish_1565208637","cafe1","1565208637","train","train","cafe1_c03945","train","305.0","250.187943","14","vinegar|chicken thighs|kale|pineapple|white rice|pepper|salt|garlic|caesar salad|lemon juice|brussels sprouts|olive oil|cilantro|onions"
"dish_1565209922","cafe1","1565209922","train","train","cafe1_c03946","train","169.0","201.565338","11","kale|lemon juice|onions|salt|garlic|white rice|pineapple|cilantro|vinegar|olive oil|chicken thighs"
"dish_1565209963","cafe1","1565209963","train","train","cafe1_c03947","train","253.0","244.455963","13","vinegar|lemon juice|chicken thighs|white rice|pineapple|kale|pepper|salt|cilantro|garlic|olive oil|onions|brussels sprouts"
"dish_1565210009","cafe1","1565210009","train","train","cafe1_c03948","train","290.0","263.816223","14","olive oil|lemon juice|kale|onions|salt|green beans|garlic|pineapple|white rice|cilantro|pepper|vinegar|chicken thighs|brussels sprouts"
"dish_1565210037","cafe1","1565210037","train","train","cafe1_c03949","train","346.0","291.816223","14","green beans|vinegar|pepper|brussels sprouts|white rice|pineapple|kale|garlic|cilantro|salt|lemon juice|olive oil|onions|chicken thighs"
"dish_1565210073","cafe1","1565210073","train","train","cafe1_c03950","train","511.0","364.416199","15","salt|lemon juice|olive oil|brussels sprouts|cilantro|garlic|pepper|white rice|pineapple|chicken thighs|vinegar|green beans|onions|kale|caesar salad"
"dish_1565369938","cafe1","1565369938","train","train","cafe1_c03951","train","31.0","167.709991","1","bacon"
"dish_1565369971","cafe1","1565369971","train","train","cafe1_c03952","train","134.0","221.604736","3","green beans|bacon|olive oil"
"dish_1565370004","cafe1","1565370004","train","train","cafe1_c03953","train","370.0","570.884766","4","bacon|olive oil|scrambled eggs|green beans"
"dish_1565378680","cafe1","1565378680","train","train","cafe1_c03954","dev","81.0","92.418648","2","olive oil|wheat berry"
"dish_1565378731","cafe1","1565378731","train","train","cafe1_c03955","train","207.0","154.358154","5","wheat berry|carrot|salt|pepper|olive oil"
"dish_1565378770","cafe1","1565378770","train","train","cafe1_c03956","train","287.0","319.280365","11","pork|wheat berry|pepper|bok choy|carrot|soy sauce|garlic|salt|sugar|white rice|olive oil"
"dish_1565379251","cafe1","1565379251","train","train","cafe1_c03957","train","67.0","32.936092","4","salt|pepper|olive oil|carrot"
"dish_1565379320","cafe1","1565379320","train","train","cafe1_c03958","train","247.0","404.011017","10","pork|bok choy|pepper|salt|sugar|white rice|garlic|soy sauce|carrot|olive oil"
"dish_1565379377","cafe1","1565379377","train","train","cafe1_c03959","train","397.0","470.011047","11","garlic|sugar|salt|soy sauce|caesar salad|carrot|white rice|bok choy|pepper|olive oil|pork"
"dish_1565379788","cafe1","1565379788","train","train","cafe1_c03960","train","101.0","49.649929","4","carrot|olive oil|salt|pepper"
"dish_1565379827","cafe1","1565379827","train","train","cafe1_c03961","train","235.0","150.530945","12","vinegar|soy sauce|garlic|radishes|pepper|mixed greens|carrot|salt|cabbage|green onions|olive oil|rice noodles"
"dish_1565379868","cafe1","1565379868","train","train","cafe1_c03962","train","434.0","560.774963","16","bok choy|pork|vinegar|soy sauce|salt|radishes|pepper|garlic|white rice|rice noodles|cabbage|sugar|olive oil|carrot|mixed greens|green onions"
"dish_1565382733","cafe1","1565382733","train","train","cafe1_c03963","train","102.0","287.639984","1","pepperoni pizza"
"dish_1565382762","cafe1","1565382762","train","train","cafe1_c03964","train","139.0","305.828583","5","pepperoni pizza|pepper|olive oil|carrot|salt"
"dish_1565382803","cafe1","1565382803","train","train","cafe1_c03965","train","177.0","359.408569","6","salt|pepper|olive oil|carrot|roasted potatoes|pepperoni pizza"
"dish_1565382833","cafe1","1565382833","train","train","cafe1_c03966","train","228.0","396.63858","7","tofu|carrot|salt|pepperoni pizza|roasted potatoes|pepper|olive oil"
"dish_1565382856","cafe1","1565382856","train","train","cafe1_c03967","train","294.0","446.326233","15","salt|radishes|pepperoni pizza|tofu|rice noodles|cabbage|olive oil|carrot|green onions|vinegar|soy sauce|garlic|roasted potatoes|mixed greens|pepper"
"dish_1565382886","cafe1","1565382886","train","train","cafe1_c03968","train","348.0","470.086212","16","tofu|pepper|carrot|roasted potatoes|soy sauce|salt|caesar salad|rice noodles|cabbage|olive oil|vinegar|radishes|pepperoni pizza|garlic|mixed greens|green onions"
"dish_1565382969","cafe1","1565382969","train","train","cafe1_c03969","train","57.0","13.110001","1","spinach (raw)"
"dish_1565382995","cafe1","1565382995","train","train","cafe1_c03970","train","158.0","23.210001","2","spinach (raw)|cucumbers"
"dish_1565383026","cafe1","1565383026","train","train","cafe1_c03971","train","287.0","171.559998","3","spinach (raw)|cucumbers|olives"
"dish_1565383062","cafe1","1565383062","train","train","cafe1_c03972","train","403.0","362.960022","4","olives|chicken|cucumbers|spinach (raw)"
"dish_1565383097","cafe1","1565383097","train","train","cafe1_c03973","train","430.0","479.248993","5","spinach (raw)|cucumbers|olives|chicken|parmesan cheese"
"dish_1565383128","cafe1","1565383128","train","train","cafe1_c03974","train","456.0","600.278931","6","parmesan cheese|cucumbers|vinaigrette|olives|chicken|spinach (raw)"
"dish_1565383159","cafe1","1565383159","train","train","cafe1_c03975","train","468.0","706.358948","7","parmesan cheese|cucumbers|vinaigrette|olives|chicken|olive oil|spinach (raw)"
"dish_1565627751","cafe1","1565627751","train","train","cafe1_c03976","dev","72.0","68.909271","2","sweet potato|olive oil"
"dish_1565627800","cafe1","1565627800","train","train","cafe1_c03977","dev","261.0","167.18927","3","sweet potato|olive oil|egg whites"
"dish_1565637123","cafe1","1565637123","train","train","cafe1_c03978","train","114.0","229.710007","1","pasta salad"
"dish_1565637162","cafe1","1565637162","train","train","cafe1_c03979","train","286.0","581.508667","11","garlic|salt|pasta salad|rosemary|zucchini|onions|parsley|olive oil|pork|arugula|white rice"
"dish_1565637504","cafe1","1565637504","train","train","cafe1_c03980","train","56.0","28.0","1","pineapple"
"dish_1565637548","cafe1","1565637548","train","train","cafe1_c03981","train","102.0","93.436127","3","pineapple|quinoa|olive oil"
"dish_1565637578","cafe1","1565637578","train","train","cafe1_c03982","train","168.0","197.301407","11","pineapple|parmesan cheese|salt|thyme|olive oil|wheat berry|garlic|spinach (raw)|cherry tomatoes|quinoa|chicken breast"
"dish_1565637608","cafe1","1565637608","train","train","cafe1_c03983","train","278.0","422.28891","18","white rice|spinach (raw)|parmesan cheese|pork|rosemary|parsley|salt|garlic|quinoa|chicken breast|arugula|cherry tomatoes|wheat berry|onions|olive oil|thyme|zucchini|pineapple"
"dish_1565638287","cafe1","1565638287","train","train","cafe1_c03984","train","175.0","357.934662","10","pork|arugula|white rice|garlic|salt|rosemary|zucchini|parsley|onions|olive oil"
"dish_1565638323","cafe1","1565638323","train","train","cafe1_c03985","train","274.0","467.824677","11","salt|garlic|parsley|onions|zucchini|rosemary|olive oil|arugula|pork|brown rice|white rice"
"dish_1565638365","cafe1","1565638365","train","train","cafe1_c03986","train","389.0","612.350098","17","white rice|vinegar|pork|olive oil|mustard|zucchini|parsley|lettuce|carrot|pumpkin seeds|garlic|arugula|brown rice|onions|rosemary|salt|mixed greens"
"dish_1565638478","cafe1","1565638478","test","test","cafe1_c03987","test","91.0","47.615753","2","green beans|olive oil"
"dish_1565638515","cafe1","1565638515","test","test","cafe1_c03988","test","165.0","198.970978","11","white rice|garlic|onions|zucchini|parsley|olive oil|rosemary|pork|green beans|arugula|salt"
"dish_1565638550","cafe1","1565638550","test","test","cafe1_c03989","test","215.0","277.656799","17","salt|pork|wheat berry|arugula|parsley|olive oil|chicken breast|white rice|green beans|onions|spinach (raw)|zucchini|rosemary|parmesan cheese|garlic|thyme|cherry tomatoes"
"dish_1565638599","cafe1","1565638599","test","test","cafe1_c03990","test","279.0","368.698364","18","parmesan cheese|arugula|white rice|garlic|parsley|onions|olive oil|green beans|pork|wheat berry|spinach (raw)|chicken breast|cherry tomatoes|quinoa|salt|rosemary|zucchini|thyme"
"dish_1565640195","cafe1","1565640195","train","train","cafe1_c03991","train","54.0","21.6","1","bell peppers"
"dish_1565640227","cafe1","1565640227","train","train","cafe1_c03992","train","165.0","334.619995","2","bell peppers|pepperoni pizza"
"dish_1565640272","cafe1","1565640272","train","train","cafe1_c03993","train","405.0","377.820007","3","bell peppers|pepperoni pizza|cherry tomatoes"
"dish_1565640365","cafe1","1565640365","train","train","cafe1_c03994","train","623.0","720.890137","11","wheat berry|olive oil|thyme|salt|bell peppers|garlic|cherry tomatoes|chicken breast|pepperoni pizza|parmesan cheese|spinach (raw)"
"dish_1565640427","cafe1","1565640427","train","train","cafe1_c03995","train","42.0","195.761993","1","brownies"
"dish_1565640528","cafe1","1565640528","train","train","cafe1_c03996","train","105.0","38.546906","13","salt|lime|cilantro|lemon juice|cucumbers|mustard greens|olive oil|jalapenos|arugula|onions|mangos|cherry tomatoes|tomatoes"
"dish_1565640549","cafe1","1565640549","train","train","cafe1_c03997","train","139.0","45.482903","14","tomatoes|cilantro|olive oil|mustard greens|lemon juice|onions|cucumbers|salt|arugula|jalapenos|asparagus|lime|mangos|cherry tomatoes"
"dish_1565640576","cafe1","1565640576","train","train","cafe1_c03998","train","267.0","307.28656","20","olive oil|lemon juice|onions|salt|cilantro|white rice|cherry tomatoes|jalapenos|arugula|mangos|pork|mustard greens|cucumbers|tomatoes|parsley|lime|garlic|rosemary|asparagus|zucchini"
"dish_1565640601","cafe1","1565640601","train","train","cafe1_c03999","train","333.0","411.151825","25","parsley|rosemary|jalapenos|chicken breast|parmesan cheese|cilantro|lime|zucchini|lemon juice|garlic|mustard greens|thyme|arugula|spinach (raw)|mangos|cherry tomatoes|asparagus|white rice|wheat berry|tomatoes|salt|pork|onions|cucumbers|olive oil"
"dish_1565640723","cafe1","1565640723","train","none","cafe1_c04000","train","54.0","15.12","1","mixed greens"
"dish_1565640772","cafe1","1565640772","train","train","cafe1_c04001","train","191.0","241.169998","2","chicken|mixed greens"
"dish_1565640812","cafe1","1565640812","train","train","cafe1_c04002","train","234.0","297.929993","3","black beans|mixed greens|chicken"
"dish_1565640842","cafe1","1565640842","train","train","cafe1_c04003","train","329.0","307.429993","4","mixed greens|chicken|cucumbers|black beans"
"dish_1565640868","cafe1","1565640868","train","train","cafe1_c04004","dev","406.0","395.97998","5","olives|mixed greens|black beans|cucumbers|chicken"
"dish_1565640894","cafe1","1565640894","train","train","cafe1_c04005","dev","422.0","464.892029","6","mixed greens|chicken|cucumbers|olives|black beans|parmesan cheese"
"dish_1565640914","cafe1","1565640914","train","train","cafe1_c04005","dev","457.0","774.291992","7","olives|mixed greens|olive oil|black beans|cucumbers|parmesan cheese|chicken"
"dish_1565641844","cafe1","1565641844","train","train","cafe1_c04006","train","92.0","244.627991","1","cheese pizza"
"dish_1565641885","cafe1","1565641885","train","train","cafe1_c04007","train","139.0","254.215988","2","cheese pizza|asparagus"
"dish_1565641915","cafe1","1565641915","train","train","cafe1_c04008","train","190.0","326.76474","4","cheese pizza|asparagus|olive oil|quinoa"
"dish_1565641943","cafe1","1565641943","train","train","cafe1_c04009","train","307.0","510.889587","12","thyme|salt|cheese pizza|olive oil|garlic|wheat berry|spinach (raw)|quinoa|chicken breast|cherry tomatoes|asparagus|parmesan cheese"
"dish_1565711083","cafe1","1565711083","train","train","cafe1_c04010","train","33.0","178.529999","1","bacon"
"dish_1565711115","cafe1","1565711115","train","train","cafe1_c04011","train","308.0","321.529999","2","bacon|egg whites"
"dish_1565711154","cafe1","1565711154","train","train","cafe1_c04012","dev","385.0","421.617584","7","raspberries|bacon|vinaigrette|granola|blackberries|egg whites|mixed greens"
"dish_1565711183","cafe1","1565711183","train","train","cafe1_c04013","train","461.0","460.42337","11","blackberries|vinaigrette|bacon|granola|mixed greens|egg whites|salt|raspberries|pepper|brussels sprouts|olive oil"
"dish_1565711270","cafe1","1565711270","train","train","cafe1_c04014","train","93.0","31.620001","1","cantaloupe"
"dish_1565711296","cafe1","1565711296","train","train","cafe1_c04015","train","110.0","43.349998","2","cantaloupe|grapes"
"dish_1565711326","cafe1","1565711326","train","train","cafe1_c04016","train","285.0","296.092896","5","yam|cantaloupe|sweet potato|grapes|olive oil"
"dish_1565711358","cafe1","1565711358","train","train","cafe1_c04017","train","658.0","490.052887","6","yam|cantaloupe|sweet potato|grapes|olive oil|egg whites"
"dish_1565711453","cafe1","1565711453","test","test","cafe1_c04018","test","134.0","198.320007","1","scrambled eggs"
"dish_1565711498","cafe1","1565711498","test","test","cafe1_c04019","test","229.0","246.827271","5","salt|pepper|brussels sprouts|scrambled eggs|olive oil"
"dish_1565711527","cafe1","1565711527","test","test","cafe1_c04020","test","302.0","484.807251","6","salt|pepper|brussels sprouts|scrambled eggs|olive oil|hash browns"
"dish_1565711570","cafe1","1565711570","test","test","cafe1_c04021","test","324.0","603.827271","7","salt|pepper|brussels sprouts|scrambled eggs|olive oil|hash browns|bacon"
"dish_1565721800","cafe1","1565721800","train","train","cafe1_c04022","train","171.0","33.345001","2","zucchini|chayote squash"
"dish_1565721828","cafe1","1565721828","train","train","cafe1_c04023","train","239.0","129.225006","3","zucchini|chayote squash|roasted potatoes"
"dish_1565721855","cafe1","1565721855","train","train","cafe1_c04024","train","450.0","479.034454","13","zucchini|chayote squash|spinach (raw)|chicken|wheat berry|salt|parsley|roasted potatoes|shallots|garlic|thyme|olive oil|lemon juice"
"dish_1565724050","cafe1","1565724050","train","train","cafe1_c04025","train","72.0","84.722847","8","salt|mustard|onions|olive oil|cranberries|arugula|vinegar|celery root"
"dish_1565724087","cafe1","1565724087","train","train","cafe1_c04026","train","160.0","230.61496","16","cranberries|lemon juice|onions|salt|garlic|chicken|arugula|wheat berry|thyme|olive oil|mustard|parsley|shallots|celery root|vinegar|spinach (raw)"
"dish_1565724196","cafe1","1565724196","train","train","cafe1_c04027","train","82.0","45.68","2","olive oil|broccoli"
"dish_1565724235","cafe1","1565724235","train","train","cafe1_c04028","train","209.0","256.22879","11","spinach (raw)|parsley|wheat berry|chicken|broccoli|salt|garlic|olive oil|lemon juice|thyme|shallots"
"dish_1565724269","cafe1","1565724269","train","train","cafe1_c04029","train","311.0","527.548767","12","pizza|chicken|spinach (raw)|wheat berry|olive oil|thyme|salt|lemon juice|shallots|broccoli|garlic|parsley"
"dish_1565724509","cafe1","1565724509","train","train","cafe1_c04030","train","158.0","30.809999","2","chayote squash|zucchini"
"dish_1565724552","cafe1","1565724552","train","train","cafe1_c04031","train","298.0","108.80024","4","zucchini|broccoli|olive oil|chayote squash"
"dish_1565724588","cafe1","1565724588","train","train","cafe1_c04032","train","410.0","266.720245","5","zucchini|broccoli|olive oil|roasted potatoes|chayote squash"
"dish_1565724620","cafe1","1565724620","train","train","cafe1_c04033","train","535.0","473.953308","14","olive oil|wheat berry|thyme|zucchini|broccoli|parsley|roasted potatoes|garlic|chicken|shallots|salt|lemon juice|chayote squash|spinach (raw)"
"dish_1565725009","cafe1","1565725009","train","train","cafe1_c04034","dev","44.0","50.599998","1","olives"
"dish_1565725047","cafe1","1565725047","train","train","cafe1_c04035","dev","110.0","77.659996","2","carrot|olives"
"dish_1565725071","cafe1","1565725071","train","train","cafe1_c04036","train","190.0","109.659996","3","olives|carrot|bell peppers"
"dish_1565725095","cafe1","1565725095","train","train","cafe1_c04037","train","257.0","121.720001","4","cherry tomatoes|olives|carrot|bell peppers"
"dish_1565725123","cafe1","1565725123","train","train","cafe1_c04038","train","444.0","430.269989","5","cherry tomatoes|olives|bell peppers|carrot|chicken"
"dish_1565725156","cafe1","1565725156","train","train","cafe1_c04039","train","500.0","452.669983","6","carrot|bell peppers|chicken|onions|cherry tomatoes|olives"
"dish_1565725188","cafe1","1565725188","train","train","cafe1_c04040","train","521.0","543.117004","7","carrot|bell peppers|chicken|parmesan cheese|onions|cherry tomatoes|olives"
"dish_1565725244","cafe1","1565725244","train","train","cafe1_c04041","train","590.0","573.546021","8","parmesan cheese|cherry tomatoes|chicken|bell peppers|carrot|olives|onions|caesar dressing"
"dish_1565726812","cafe1","1565726812","train","train","cafe1_c04042","train","65.0","36.209755","2","broccoli|olive oil"
"dish_1565726848","cafe1","1565726848","train","train","cafe1_c04043","train","121.0","102.105309","9","celery root|salt|broccoli|mustard|onions|olive oil|cranberries|vinegar|arugula"
"dish_1565726887","cafe1","1565726887","train","train","cafe1_c04044","train","172.0","174.015305","10","roasted potatoes|arugula|vinegar|olive oil|cranberries|salt|onions|broccoli|mustard|celery root"
"dish_1565726915","cafe1","1565726915","train","train","cafe1_c04045","train","251.0","196.879501","11","olive oil|arugula|vinegar|roasted potatoes|squash|celery root|onions|broccoli|mustard|salt|cranberries"
"dish_1565726949","cafe1","1565726949","train","train","cafe1_c04046","train","372.0","451.546997","16","roasted potatoes|mustard|onions|shallots|vinegar|arugula|beef|celery root|bok choy|millet|spinach (cooked)|salt|broccoli|cranberries|olive oil|squash"
"dish_1565727738","cafe1","1565727738","train","train","cafe1_c04047","dev","9.0","2.52","1","mixed greens"
"dish_1565727765","cafe1","1565727765","train","train","cafe1_c04048","train","77.0","26.32","2","broccoli|mixed greens"
"dish_1565727791","cafe1","1565727791","train","train","cafe1_c04049","train","99.0","121.074005","3","mixed greens|broccoli|parmesan cheese"
"dish_1565727821","cafe1","1565727821","train","train","cafe1_c04050","train","196.0","281.123993","4","parmesan cheese|chicken|mixed greens|broccoli"
"dish_1565727851","cafe1","1565727851","train","train","cafe1_c04051","train","305.0","406.473999","5","broccoli|parmesan cheese|chicken|olives|mixed greens"
"dish_1565727875","cafe1","1565727875","train","train","cafe1_c04052","train","365.0","485.674011","6","olives|mixed greens|broccoli|parmesan cheese|black beans|chicken"
"dish_1565727921","cafe1","1565727921","train","train","cafe1_c04053","dev","397.0","768.554016","7","black beans|chicken|olives|olive oil|broccoli|parmesan cheese|mixed greens"
"dish_1565728388","cafe1","1565728388","train","train","cafe1_c04054","train","47.0","124.973","1","cheese pizza"
"dish_1565728415","cafe1","1565728415","train","train","cafe1_c04055","train","80.0","194.42775","10","cheese pizza|shallots|spinach (cooked)|onions|olive oil|vinegar|millet|salt|bok choy|beef"
"dish_1565728453","cafe1","1565728453","train","train","cafe1_c04056","train","140.0","293.899658","17","shallots|garlic|olive oil|vinegar|beef|millet|salt|cheese pizza|onions|lemon juice|parsley|thyme|wheat berry|spinach (raw)|bok choy|spinach (cooked)|chicken"
"dish_1565728494","cafe1","1565728494","train","train","cafe1_c04057","train","163.0","326.32962","18","bok choy|salt|parsley|spinach (raw)|vinegar|olive oil|onions|roasted potatoes|millet|chicken|beef|wheat berry|thyme|lemon juice|garlic|shallots|cheese pizza|spinach (cooked)"
"dish_1565728562","cafe1","1565728562","train","train","cafe1_c04058","train","262.0","354.982239","19","vinegar|beef|chicken|millet|spinach (cooked)|shallots|salt|bok choy|lemon juice|thyme|olive oil|wheat berry|spinach (raw)|garlic|roasted potatoes|cheese pizza|onions|parsley|squash"
"dish_1565728591","cafe1","1565728591","train","train","cafe1_c04059","dev","322.0","388.406616","20","parsley|thyme|olive oil|onions|wheat berry|squash|spinach (raw)|vinegar|beef|garlic|shallots|chicken|bok choy|salt|cheese pizza|lemon juice|roasted potatoes|broccoli|millet|spinach (cooked)"
"dish_1565728634","cafe1","1565728634","train","train","cafe1_c04060","train","418.0","436.406616","21","bok choy|millet|chicken|beef|vinegar|wheat berry|roasted potatoes|lemon juice|salt|cheese pizza|garlic|pineapple|spinach (raw)|squash|olive oil|thyme|onions|parsley|broccoli|shallots|spinach (cooked)"
"dish_1565728684","cafe1","1565728684","train","train","cafe1_c04061","train","464.0","493.299072","25","shallots|salt|cheese pizza|lemon juice|celery root|onions|vinegar|beef|garlic|bok choy|millet|chicken|spinach (cooked)|roasted potatoes|broccoli|mixed greens|parsley|olive oil|thyme|wheat berry|squash|spinach (raw)|mustard|cherry tomatoes|pineapple"
"dish_1565797645","cafe1","1565797645","train","train","cafe1_c04062","train","70.0","21.0","1","watermelon"
"dish_1565797671","cafe1","1565797671","train","train","cafe1_c04063","train","102.0","39.239998","2","berries|watermelon"
"dish_1565797699","cafe1","1565797699","train","train","cafe1_c04064","train","171.0","128.928864","7","berries|vinaigrette|granola|blackberries|mixed greens|watermelon|raspberries"
"dish_1565797723","cafe1","1565797723","train","train","cafe1_c04065","train","221.0","202.928879","8","mixed greens|raspberries|berries|vinaigrette|scrambled eggs|granola|blackberries|watermelon"
"dish_1565798531","cafe1","1565798531","train","train","cafe1_c04066","train","61.0","61.576214","10","vinegar|cherry tomatoes|lettuce|lime|salt|pepper|mixed greens|onions|cucumbers|olive oil"
"dish_1565798558","cafe1","1565798558","train","train","cafe1_c04067","train","109.0","88.315727","11","lime|salt|mixed greens|olive oil|cucumbers|onions|vinegar|broccoli|pepper|cherry tomatoes|lettuce"
"dish_1565798591","cafe1","1565798591","train","train","cafe1_c04068","dev","224.0","148.115723","12","lettuce|cherry tomatoes|lime|mixed greens|salt|cucumbers|onions|olive oil|vinegar|egg whites|pepper|broccoli"
"dish_1565798617","cafe1","1565798617","train","train","cafe1_c04069","train","311.0","197.705719","13","lettuce|pepper|mixed greens|olive oil|egg whites|berries|onions|cucumbers|vinegar|broccoli|salt|cherry tomatoes|lime"
"dish_1565799507","cafe1","1565799507","train","train","cafe1_c04070","train","78.0","74.651711","2","sweet potato|olive oil"
"dish_1565799565","cafe1","1565799565","train","train","cafe1_c04071","train","396.0","240.011719","3","sweet potato|olive oil|egg whites"
"dish_1565799597","cafe1","1565799597","train","train","cafe1_c04072","train","457.0","258.311707","4","egg whites|watermelon|sweet potato|olive oil"
"dish_1565799617","cafe1","1565799617","train","train","cafe1_c04072","train","520.0","294.22171","5","olive oil|egg whites|watermelon|berries|sweet potato"
"dish_1565799663","cafe1","1565799663","train","train","cafe1_c04073","train","591.0","314.811707","6","berries|salsa|watermelon|egg whites|olive oil|sweet potato"
"dish_1565808943","cafe1","1565808943","train","train","cafe1_c04074","dev","74.0","13.320001","1","cherry tomatoes"
"dish_1565808975","cafe1","1565808975","train","train","cafe1_c04075","train","130.0","35.720001","2","cherry tomatoes|onions"
"dish_1565808998","cafe1","1565808998","train","none","cafe1_c04076","dev","228.0","74.919998","3","cherry tomatoes|onions|bell peppers"
"dish_1565809033","cafe1","1565809033","train","train","cafe1_c04077","dev","433.0","341.419983","4","bell peppers|onions|cherry tomatoes|tuna"
"dish_1565809080","cafe1","1565809080","train","train","cafe1_c04078","train","485.0","362.740021","5","onions|cherry tomatoes|tuna|carrot|bell peppers"
"dish_1565809120","cafe1","1565809120","train","train","cafe1_c04079","train","502.0","365.630005","6","bell peppers|onions|cherry tomatoes|tuna|lemon juice|carrot"
"dish_1565810146","cafe1","1565810146","train","train","cafe1_c04080","train","29.0","36.445538","9","lettuce|carrot|salt|pumpkin seeds|mustard|olive oil|vinegar|arugula|mixed greens"
"dish_1565810205","cafe1","1565810205","train","train","cafe1_c04081","dev","153.0","126.965538","10","salt|lettuce|carrot|olive oil|mustard|tofu|vinegar|arugula|mixed greens|pumpkin seeds"
"dish_1565810237","cafe1","1565810237","train","train","cafe1_c04082","train","306.0","349.866394","21","lemon juice|lime|salt|chili|garlic|tofu|cabbage|pumpkin seeds|olive oil|mustard|tomatoes|bell peppers|lettuce|carrot|mixed greens|hominy|parsley|arugula|vinegar|jalapenos|chicken thighs"
"dish_1565810969","cafe1","1565810969","test","test","cafe1_c04083","test","20.0","4.6","1","spinach (raw)"
"dish_1565811000","cafe1","1565811000","test","test","cafe1_c04084","test","225.0","342.850006","2","chicken|spinach (raw)"
"dish_1565811025","cafe1","1565811025","test","test","cafe1_c04085","test","277.0","361.050018","3","spinach (raw)|chicken|broccoli"
"dish_1565811061","cafe1","1565811061","test","test","cafe1_c04086","test","324.0","380.320007","4","chicken|carrot|spinach (raw)|broccoli"
"dish_1565811091","cafe1","1565811091","test","test","cafe1_c04087","test","371.0","504.400024","5","broccoli|spinach (raw)|carrot|chicken|goat cheese"
"dish_1565811139","cafe1","1565811139","test","test","cafe1_c04088","test","416.0","902.200012","6","carrot|goat cheese|olive oil|broccoli|spinach (raw)|chicken"
"dish_1565811287","cafe1","1565811287","train","train","cafe1_c04089","train","127.0","16.51","1","bok choy"
"dish_1565811335","cafe1","1565811335","train","train","cafe1_c04090","train","219.0","121.479324","3","bok choy|olive oil|wheat berry"
"dish_1565811390","cafe1","1565811390","train","train","cafe1_c04091","dev","266.0","205.092285","9","salmon|bok choy|salt|arugula|olive oil|brown rice|wheat berry|thyme|pepper"
"dish_1565811423","cafe1","1565811423","train","train","cafe1_c04092","train","290.0","240.057129","20","bell peppers|garlic|pepper|arugula|jalapenos|wheat berry|cabbage|chili|tomatoes|salt|parsley|lemon juice|salmon|bok choy|lime|brown rice|chicken thighs|olive oil|thyme|hominy"
"dish_1565811529","cafe1","1565811529","train","train","cafe1_c04093","train","104.0","116.842033","8","garlic|salt|mustard|olive oil|blueberries|vinegar|spinach (raw)|radishes"
"dish_1565811588","cafe1","1565811588","train","train","cafe1_c04094","train","263.0","348.484161","18","garlic|radishes|jalapenos|chicken thighs|olive oil|mustard|tomatoes|chili|lemon juice|bell peppers|spinach (raw)|vinegar|blueberries|parsley|lime|cabbage|salt|hominy"
"dish_1565812116","cafe1","1565812116","train","train","cafe1_c04095","train","36.0","44.44017","9","mustard|salt|olive oil|blueberries|vinegar|arugula|chard|pepper|walnuts"
"dish_1565812146","cafe1","1565812146","train","train","cafe1_c04096","dev","93.0","72.94017","10","salt|walnuts|olive oil|mustard|vinegar|chard|blueberries|arugula|pineapple|pepper"
"dish_1565812186","cafe1","1565812186","train","train","cafe1_c04097","train","266.0","324.978424","21","salt|hominy|lemon juice|parsley|olive oil|mustard|garlic|cabbage|chicken thighs|pineapple|tomatoes|chili|walnuts|bell peppers|lime|arugula|vinegar|blueberries|chard|jalapenos|pepper"
"dish_1565813386","cafe1","1565813386","train","train","cafe1_c04098","train","156.0","113.880005","1","tofu"
"dish_1565813414","cafe1","1565813414","train","train","cafe1_c04099","train","179.0","139.720078","9","garlic|salt|mustard|blueberries|olive oil|tofu|spinach (raw)|vinegar|radishes"
"dish_1565813446","cafe1","1565813446","train","train","cafe1_c04100","train","230.0","202.676971","13","walnuts|garlic|salt|pepper|mustard|olive oil|blueberries|arugula|tofu|spinach (raw)|radishes|vinegar|chard"
"dish_1565884692","cafe1","1565884692","train","train","cafe1_c04101","train","408.0","212.159988","1","egg whites"
"dish_1565884738","cafe1","1565884738","train","train","cafe1_c04102","train","463.0","228.659988","2","watermelon|egg whites"
"dish_1565884766","cafe1","1565884766","train","train","cafe1_c04103","train","546.0","469.609009","3","watermelon|waffles|egg whites"
"dish_1565884833","cafe1","1565884833","train","train","cafe1_c04104","train","643.0","497.739014","4","watermelon|egg whites|waffles|salsa"
"dish_1565894858","cafe1","1565894858","test","test","cafe1_c04105","test","27.0","132.839996","1","cookies"
"dish_1565894889","cafe1","1565894889","test","test","cafe1_c04106","test","74.0","257.812988","2","cheese pizza|cookies"
"dish_1565894910","cafe1","1565894910","test","test","cafe1_c04107","test","179.0","537.113037","3","pizza|cheese pizza|cookies"
"dish_1565895808","cafe1","1565895808","train","train","cafe1_c04108","train","99.0","51.80175","2","green beans|olive oil"
"dish_1565895879","cafe1","1565895879","train","train","cafe1_c04109","train","231.0","96.681755","4","kale|chard|olive oil|green beans"
"dish_1565895966","cafe1","1565895966","train","train","cafe1_c04110","train","287.0","214.544357","12","bok choy|salt|onions|kale|olive oil|vinegar|shallots|green beans|chard|beef|spinach (cooked)|millet"
"dish_1565896039","cafe1","1565896039","train","train","cafe1_c04111","dev","384.0","352.529205","13","bok choy|vinegar|salt|onions|kale|olive oil|quinoa|shallots|spinach (cooked)|chard|green beans|beef|millet"
"dish_1565896662","cafe1","1565896662","test","test","cafe1_c04112","test","57.0","19.380001","2","chard|kale"
"dish_1565896701","cafe1","1565896701","test","test","cafe1_c04113","test","184.0","294.47345","9","chard|olive oil|kale|salt|lime|garlic|cauliflower|steak|wheat berry"
"dish_1565896745","cafe1","1565896745","test","test","cafe1_c04114","test","244.0","368.540344","15","pepper|arugula|salt|garlic|walnuts|cauliflower|vinegar|steak|chard|blueberries|wheat berry|olive oil|kale|mustard|lime"
"dish_1565897569","cafe1","1565897569","train","train","cafe1_c04115","train","150.0","324.913513","7","wheat berry|cauliflower|garlic|olive oil|salt|steak|lime"
"dish_1565897617","cafe1","1565897617","train","train","cafe1_c04116","train","211.0","356.831787","8","salt|lime|olive oil|wheat berry|steak|green beans|garlic|cauliflower"
"dish_1565897680","cafe1","1565897680","train","train","cafe1_c04117","train","405.0","770.448853","14","olive oil|wheat berry|mustard|mixed greens|garlic|lime|salt|lettuce|cauliflower|blue cheese|walnuts|green beans|steak|vinegar"
"dish_1565898128","cafe1","1565898128","test","test","cafe1_c04118","test","134.0","209.030762","14","shallots|garlic|salmon|cilantro|onions|lime|olive oil|ginger|jalapenos|brown rice|spinach (raw)|salt|lemon juice|chili"
"dish_1565898158","cafe1","1565898158","test","test","cafe1_c04119","test","194.0","240.425751","15","cilantro|ginger|spinach (raw)|jalapenos|lemon juice|lime|salt|onions|shallots|garlic|salmon|green beans|brown rice|olive oil|chili"
"dish_1565898193","cafe1","1565898193","test","test","cafe1_c04120","test","268.0","291.914032","22","brown rice|jalapenos|green beans|salmon|vinaigrette|olives|cilantro|lime|garlic|lemon juice|bell peppers|olive oil|feta cheese|spinach (raw)|ginger|cherry tomatoes|shallots|chili|salt|lettuce|onions|cucumbers"
"dish_1565898230","cafe1","1565898230","test","test","cafe1_c04121","test","500.0","780.202026","27","garlic|bell peppers|beef|cherry tomatoes|brown rice|ginger|olive oil|vinegar|spinach (cooked)|lime|shallots|bok choy|salmon|millet|vinaigrette|jalapenos|spinach (raw)|green beans|feta cheese|cucumbers|lettuce|cilantro|lemon juice|onions|salt|chili|olives"
"dish_1565898331","cafe1","1565898331","test","test","cafe1_c04122","test","100.0","155.993118","14","spinach (raw)|olive oil|lime|cilantro|garlic|shallots|chili|salt|lemon juice|ginger|salmon|brown rice|jalapenos|onions"
"dish_1565898361","cafe1","1565898361","test","test","cafe1_c04123","test","202.0","370.671448","19","brown rice|ginger|vinegar|beef|salmon|spinach (cooked)|millet|lime|onions|spinach (raw)|jalapenos|bok choy|shallots|garlic|chili|cilantro|salt|lemon juice|olive oil"
"dish_1565898402","cafe1","1565898402","test","test","cafe1_c04124","test","229.0","384.799225","20","garlic|salmon|green beans|vinegar|ginger|jalapenos|spinach (raw)|onions|lime|shallots|cilantro|millet|bok choy|spinach (cooked)|brown rice|beef|olive oil|lemon juice|salt|chili"
"dish_1565898432","cafe1","1565898432","test","test","cafe1_c04125","test","282.0","450.224976","26","shallots|blueberries|arugula|green beans|ginger|spinach (raw)|brown rice|jalapenos|chard|olive oil|mustard|walnuts|chili|lime|garlic|cilantro|salmon|bok choy|beef|vinegar|pepper|lemon juice|onions|salt|spinach (cooked)|millet"
"dish_1565898489","cafe1","1565898489","train","train","cafe1_c04126","train","40.0","46.0","1","olives"
"dish_1565898511","cafe1","1565898511","train","train","cafe1_c04127","train","102.0","57.16","2","cherry tomatoes|olives"
"dish_1565898544","cafe1","1565898544","train","train","cafe1_c04128","train","182.0","181.954498","16","shallots|cherry tomatoes|ginger|onions|lemon juice|lime|garlic|cilantro|salmon|olives|jalapenos|brown rice|spinach (raw)|salt|olive oil|chili"
"dish_1565898590","cafe1","1565898590","train","train","cafe1_c04129","train","257.0","212.704514","17","garlic|salmon|cherry tomatoes|jalapenos|spinach (raw)|onions|olive oil|lemon juice|shallots|carrot|ginger|brown rice|salt|lime|cilantro|chili|olives"
"dish_1565898659","cafe1","1565898659","train","train","cafe1_c04130","train","537.0","576.704529","18","cherry tomatoes|tuna|olives|salmon|spinach (raw)|onions|chili|cilantro|lime|salt|ginger|brown rice|jalapenos|lemon juice|olive oil|carrot|shallots|garlic"
"dish_1565898723","cafe1","1565898723","train","train","cafe1_c04131","dev","588.0","603.390259","19","shallots|green beans|cherry tomatoes|ginger|jalapenos|onions|olive oil|tuna|garlic|lime|cilantro|salmon|olives|salt|brown rice|spinach (raw)|lemon juice|carrot|chili"
"dish_1565898758","cafe1","1565898758","train","train","cafe1_c04132","train","612.0","612.990295","19","tuna|olives|green beans|spinach (raw)|ginger|brown rice|shallots|garlic|cilantro|carrot|cherry tomatoes|salmon|jalapenos|lemon juice|olive oil|onions|salt|lime|chili"
"dish_1565972363","cafe1","1565972363","train","train","cafe1_c04133","dev","557.0","289.639984","1","egg whites"
"dish_1565972384","cafe1","1565972384","train","train","cafe1_c04134","train","706.0","432.243896","3","sweet potato|olive oil|egg whites"
"dish_1565972429","cafe1","1565972429","train","train","cafe1_c04135","train","831.0","468.493896","4","olive oil|egg whites|sweet potato|salsa"
"dish_1565972591","cafe1","1565972591","train","train","cafe1_c04136","dev","122.0","195.199997","1","chicken apple sausage"
"dish_1565972628","cafe1","1565972628","train","train","cafe1_c04137","train","359.0","545.960022","2","chicken apple sausage|scrambled eggs"
"dish_1565972674","cafe1","1565972674","train","train","cafe1_c04138","dev","426.0","613.592834","12","salt|scrambled eggs|chicken apple sausage|cherry tomatoes|pepper|lettuce|mixed greens|lime|olive oil|vinegar|onions|cucumbers"
"dish_1565972715","cafe1","1565972715","train","train","cafe1_c04139","train","510.0","657.545837","13","cucumbers|vinegar|green beans|scrambled eggs|pepper|lettuce|chicken apple sausage|cherry tomatoes|lime|mixed greens|salt|olive oil|onions"
"dish_1565974375","cafe1","1565974375","test","test","cafe1_c04140","test","85.0","459.849976","1","bacon"
"dish_1565974409","cafe1","1565974409","test","test","cafe1_c04141","test","228.0","688.649963","2","chicken apple sausage|bacon"
"dish_1565981769","cafe1","1565981769","train","train","cafe1_c04142","dev","47.0","23.104424","4","pepper|olive oil|carrot|salt"
"dish_1565981802","cafe1","1565981802","train","train","cafe1_c04143","train","152.0","99.754425","5","carrot|salt|tofu|pepper|olive oil"
"dish_1565981848","cafe1","1565981848","train","train","cafe1_c04144","train","198.0","147.410431","14","carrot|parsley|salt|lemon juice|chive|garlic|olive oil|shallots|wheat berry|cherry tomatoes|tofu|pepper|fish|chard"
"dish_1565981898","cafe1","1565981898","train","train","cafe1_c04145","dev","290.0","260.979767","19","cherry tomatoes|blueberries|chard|olive oil|parsley|walnuts|garlic|salt|shallots|pepper|fish|tofu|arugula|wheat berry|vinegar|mustard|lemon juice|chive|carrot"
"dish_1565984245","cafe1","1565984245","train","train","cafe1_c04146","train","78.0","38.34351","4","salt|carrot|olive oil|pepper"
"dish_1565984299","cafe1","1565984299","train","train","cafe1_c04147","train","298.0","93.343513","5","salt|pepper|carrot|olive oil|cauliflower"
"dish_1565984345","cafe1","1565984345","train","train","cafe1_c04148","train","353.0","210.357925","16","garlic|thyme|onions|kale|salt|cauliflower|white rice|pepper|eggs|mushroom|cream|ground turkey|olive oil|celery|chive|carrot"
"dish_1565984434","cafe1","1565984434","train","train","cafe1_c04149","train","430.0","319.892303","17","quinoa|ground turkey|onions|celery|kale|olive oil|thyme|chive|pepper|white rice|cauliflower|cream|mushroom|eggs|carrot|salt|garlic"
"dish_1565986702","cafe1","1565986702","test","test","cafe1_c04150","test","204.0","211.343994","11","lemon juice|wheat berry|parsley|cherry tomatoes|fish|salt|garlic|shallots|chive|olive oil|chard"
"dish_1565986733","cafe1","1565986733","test","test","cafe1_c04151","test","287.0","387.929382","21","white rice|mushroom|ground turkey|chard|celery|wheat berry|onions|olive oil|cream|chive|garlic|salt|shallots|carrot|cherry tomatoes|fish|eggs|thyme|kale|parsley|lemon juice"
"dish_1565986761","cafe1","1565986761","test","none","cafe1_c04152","test","457.0","576.629456","22","cherry tomatoes|fish|chive|ground turkey|cream|chard|onions|lemon juice|parsley|olive oil|shallots|thyme|brown rice|salt|white rice|wheat berry|kale|mushroom|celery|carrot|garlic|eggs"
"dish_1565987015","cafe1","1565987015","train","train","cafe1_c04153","train","64.0","14.72","1","spinach (raw)"
"dish_1565987054","cafe1","1565987054","train","train","cafe1_c04154","train","213.0","260.569977","2","spinach (raw)|chicken"
"dish_1565987081","cafe1","1565987081","train","train","cafe1_c04155","train","288.0","268.069977","3","spinach (raw)|chicken|cucumbers"
"dish_1565987116","cafe1","1565987116","train","train","cafe1_c04156","train","397.0","393.419983","4","chicken|olives|spinach (raw)|cucumbers"
"dish_1565987142","cafe1","1565987142","train","train","cafe1_c04157","train","426.0","518.322998","5","spinach (raw)|cucumbers|parmesan cheese|chicken|olives"
"dish_1565987201","cafe1","1565987201","train","train","cafe1_c04158","train","522.0","560.658997","6","cucumbers|spinach (raw)|parmesan cheese|caesar dressing|chicken|olives"
"dish_1565987269","cafe1","1565987269","train","train","cafe1_c04159","train","45.0","119.654999","1","cheese pizza"
"dish_1565987298","cafe1","1565987298","train","train","cafe1_c04160","train","88.0","211.138992","15","white rice|mushroom|celery|onions|kale|olive oil|chive|salt|cream|ground turkey|thyme|carrot|garlic|cheese pizza|eggs"
"dish_1566230222","cafe1","1566230222","train","none","cafe1_c04161","dev","462.0","240.23999","1","egg whites"
"dish_1566230258","cafe1","1566230258","train","none","cafe1_c04162","train","585.0","357.959961","3","egg whites|olive oil|sweet potato"
"dish_1566230300","cafe1","1566230300","train","none","cafe1_c04163","train","662.0","401.849976","4","berries|egg whites|olive oil|sweet potato"
"dish_1566230377","cafe1","1566230377","train","none","cafe1_c04164","dev","772.0","433.749969","5","egg whites|berries|salsa|sweet potato|olive oil"
"dish_1566242066","cafe1","1566242066","train","none","cafe1_c04165","train","40.0","46.0","1","olives"
"dish_1566242111","cafe1","1566242111","train","none","cafe1_c04166","train","109.0","58.419998","2","olives|cherry tomatoes"
"dish_1566242164","cafe1","1566242164","train","none","cafe1_c04167","train","161.0","79.220001","3","olives|cherry tomatoes|onions"
"dish_1566242195","cafe1","1566242195","train","none","cafe1_c04168","train","220.0","103.410004","4","onions|carrot|olives|cherry tomatoes"
"dish_1566242234","cafe1","1566242234","train","none","cafe1_c04169","train","363.0","289.309998","5","carrot|tuna|onions|cherry tomatoes|olives"
"dish_1566242273","cafe1","1566242273","train","none","cafe1_c04170","train","521.0","550.009949","6","onions|tuna|chicken|carrot|olives|cherry tomatoes"
"dish_1566242298","cafe1","1566242298","train","none","cafe1_c04171","train","558.0","709.369019","7","olives|carrot|chicken|parmesan cheese|cherry tomatoes|onions|tuna"
"dish_1566244815","cafe1","1566244815","train","none","cafe1_c04172","train","144.0","29.375999","1","asparagus"
"dish_1566244863","cafe1","1566244863","train","none","cafe1_c04173","train","261.0","56.870998","4","zucchini|broccoli|squash|asparagus"
"dish_1566244904","cafe1","1566244904","train","none","cafe1_c04174","train","389.0","334.130554","11","steak|squash|wheat berry|cauliflower|asparagus|broccoli|garlic|lime|olive oil|salt|zucchini"
"dish_1566244964","cafe1","1566244964","train","none","cafe1_c04175","train","483.0","439.410522","12","olive oil|wheat berry|steak|cauliflower|couscous|asparagus|salt|garlic|broccoli|lime|zucchini|squash"
"dish_1566245365","cafe1","1566245365","train","none","cafe1_c04176","train","115.0","257.255005","1","roast chicken"
"dish_1566245398","cafe1","1566245398","train","none","cafe1_c04177","train","230.0","506.355377","8","olive oil|lime|salt|garlic|cauliflower|steak|roast chicken|wheat berry"
"dish_1566245437","cafe1","1566245437","train","none","cafe1_c04178","train","462.0","566.311646","14","tatsoi|wheat berry|kale|parsley|cauliflower|salt|lime|pepper|lemon juice|garlic|olive oil|cucumbers|roast chicken|steak"
"dish_1566246415","cafe1","1566246415","test","none","cafe1_c04179","test","40.0","11.2","1","mixed greens"
"dish_1566246478","cafe1","1566246478","test","none","cafe1_c04180","test","210.0","291.700012","2","mixed greens|chicken"
"dish_1566246513","cafe1","1566246513","test","none","cafe1_c04181","test","265.0","436.955017","3","feta cheese|mixed greens|chicken"
"dish_1566246541","cafe1","1566246541","test","none","cafe1_c04182","test","331.0","460.055023","4","feta cheese|chicken|mixed greens|broccoli"
"dish_1566246573","cafe1","1566246573","test","none","cafe1_c04183","test","421.0","563.555054","5","broccoli|chicken|olives|mixed greens|feta cheese"
"dish_1566246626","cafe1","1566246626","test","none","cafe1_c04184","test","541.0","616.474976","6","feta cheese|broccoli|mixed greens|chicken|olives|caesar dressing"
"dish_1566246902","cafe1","1566246902","train","none","cafe1_c04185","train","89.0","236.650986","1","cheese pizza"
"dish_1566246946","cafe1","1566246946","train","none","cafe1_c04186","dev","138.0","342.789398","8","wheat berry|olive oil|steak|cauliflower|salt|garlic|lime|cheese pizza"
"dish_1566246972","cafe1","1566246972","train","none","cafe1_c04187","train","200.0","445.577026","14","thyme|lemon juice|wheat berry|parsley|cauliflower|chicken|shallots|cheese pizza|lime|garlic|olive oil|salt|spinach (raw)|steak"
"dish_1566247003","cafe1","1566247003","train","none","cafe1_c04188","train","322.0","499.257019","15","cauliflower|wheat berry|steak|spinach (raw)|parsley|caesar salad|garlic|cheese pizza|chicken|lemon juice|olive oil|thyme|salt|shallots|lime"
"dish_1566316496","cafe1","1566316496","train","train","cafe1_c04189","train","64.0","121.098083","8","vinegar|radishes|salt|bell peppers|olive oil|garlic|cucumbers|mustard"
"dish_1566316525","cafe1","1566316525","train","train","cafe1_c04190","train","83.0","223.888092","9","olive oil|bacon|radishes|vinegar|bell peppers|garlic|salt|cucumbers|mustard"
"dish_1566316558","cafe1","1566316558","train","train","cafe1_c04191","train","263.0","490.288025","10","vinegar|garlic|radishes|scrambled eggs|bacon|salt|bell peppers|olive oil|mustard|cucumbers"
"dish_1566316587","cafe1","1566316587","train","train","cafe1_c04192","train","311.0","646.768066","11","olive oil|vinegar|radishes|bacon|garlic|bell peppers|scrambled eggs|salt|cucumbers|mustard|hash browns"
"dish_1566316612","cafe1","1566316612","train","train","cafe1_c04193","train","367.0","665.237","12","hash browns|bacon|vinegar|radishes|scrambled eggs|garlic|bell peppers|salt|eggplant|mustard|cucumbers|olive oil"
"dish_1566316681","cafe1","1566316681","test","test","cafe1_c04194","test","122.0","116.762924","2","sweet potato|olive oil"
"dish_1566316726","cafe1","1566316726","test","test","cafe1_c04195","test","685.0","409.522888","3","egg whites|olive oil|sweet potato"
"dish_1566316757","cafe1","1566316757","test","test","cafe1_c04196","test","819.0","448.382874","4","sweet potato|egg whites|olive oil|salsa"
"dish_1566317711","cafe1","1566317711","train","train","cafe1_c04197","train","182.0","123.760002","1","oatmeal"
"dish_1566317742","cafe1","1566317742","train","train","cafe1_c04198","train","254.0","154.720001","2","blackberries|oatmeal"
"dish_1566317775","cafe1","1566317775","train","train","cafe1_c04199","train","410.0","237.399994","3","oatmeal|blackberries|raspberries"
"dish_1566317801","cafe1","1566317801","train","train","cafe1_c04200","train","420.0","275.399994","4","raspberries|blackberries|brown sugar|oatmeal"
"dish_1566328724","cafe1","1566328724","test","test","cafe1_c04201","test","167.0","275.549988","1","chicken"
"dish_1566328745","cafe1","1566328745","test","test","cafe1_c04202","test","203.0","282.029999","2","chicken|cherry tomatoes"
"dish_1566328776","cafe1","1566328776","test","test","cafe1_c04203","test","436.0","901.810059","3","chicken|cherry tomatoes|pizza"
"dish_1566328805","cafe1","1566328805","test","test","cafe1_c04204","test","488.0","927.809998","4","cherry tomatoes|pizza|chicken|pineapple"
"dish_1566328831","cafe1","1566328831","test","test","cafe1_c04205","test","500.0","941.609985","5","pizza|cherry tomatoes|chicken|pineapple|olives"
"dish_1566328894","cafe1","1566328894","train","train","cafe1_c04206","dev","89.0","236.650986","1","cheese pizza"
"dish_1566328929","cafe1","1566328929","train","train","cafe1_c04207","train","165.0","396.607422","10","olive oil|vinegar|millet|beef|salt|bok choy|shallots|cheese pizza|spinach (cooked)|onions"
"dish_1566328961","cafe1","1566328961","train","train","cafe1_c04208","dev","308.0","605.81781","17","bell peppers|shallots|garlic|jalapenos|spinach (raw)|olive oil|cheese pizza|pepper|spinach (cooked)|millet|bok choy|beef|vinegar|onions|salt|tomatoes|chicken"
"dish_1566328988","cafe1","1566328988","train","train","cafe1_c04209","train","398.0","747.747803","18","bok choy|shallots|beef|vinegar|jalapenos|bell peppers|spinach (raw)|pepper|onions|olive oil|tomatoes|garlic|fried rice|chicken|cheese pizza|salt|spinach (cooked)|millet"
"dish_1566329021","cafe1","1566329021","train","train","cafe1_c04210","train","486.0","792.680847","19","bell peppers|shallots|beef|garlic|vinegar|spinach (raw)|pepper|olive oil|tomatoes|cheese pizza|salt|chicken|bok choy|jalapenos|brussels sprouts|onions|fried rice|spinach (cooked)|millet"
"dish_1566329049","cafe1","1566329049","train","train","cafe1_c04211","train","575.0","814.930786","20","bell peppers|cauliflower|beef|jalapenos|spinach (raw)|brussels sprouts|onions|olive oil|pepper|garlic|salt|shallots|spinach (cooked)|chicken|bok choy|millet|vinegar|cheese pizza|tomatoes|fried rice"
"dish_1566329203","cafe1","1566329203","train","train","cafe1_c04212","train","377.0","94.25","1","cauliflower"
"dish_1566329234","cafe1","1566329234","train","train","cafe1_c04213","train","457.0","262.625214","10","olive oil|vinegar|cauliflower|bok choy|millet|beef|shallots|spinach (cooked)|salt|onions"
"dish_1566329257","cafe1","1566329257","train","train","cafe1_c04214","train","537.0","321.025208","11","tofu|vinegar|shallots|beef|spinach (cooked)|bok choy|cauliflower|millet|salt|olive oil|onions"
"dish_1566330399","cafe1","1566330399","train","train","cafe1_c04215","dev","126.0","265.190887","9","vinegar|bok choy|millet|beef|salt|shallots|spinach (cooked)|olive oil|onions"
"dish_1566330428","cafe1","1566330428","train","train","cafe1_c04216","train","228.0","290.690887","10","vinegar|beef|millet|bok choy|cauliflower|spinach (cooked)|shallots|salt|onions|olive oil"
"dish_1566330466","cafe1","1566330466","train","train","cafe1_c04217","train","283.0","377.425903","11","beef|bok choy|millet|fried rice|vinegar|onions|olive oil|shallots|spinach (cooked)|salt|cauliflower"
"dish_1566331801","cafe1","1566331801","train","train","cafe1_c04218","train","203.0","296.990997","11","tomatoes|salt|bell peppers|olive oil|onions|garlic|spinach (raw)|jalapenos|chicken|millet|pepper"
"dish_1566331828","cafe1","1566331828","train","train","cafe1_c04219","train","306.0","349.583069","12","chicken|millet|pepper|spinach (raw)|jalapenos|brussels sprouts|olive oil|onions|garlic|salt|tomatoes|bell peppers"
"dish_1566331868","cafe1","1566331868","train","train","cafe1_c04220","train","372.0","453.66507","13","brussels sprouts|onions|salt|tomatoes|bell peppers|garlic|pepper|millet|chicken|fried rice|jalapenos|spinach (raw)|olive oil"
"dish_1566331914","cafe1","1566331914","train","train","cafe1_c04221","train","481.0","589.501648","21","almonds|spinach (raw)|arugula|pepper|salt|chicken|fried rice|garlic|raspberries|onions|brussels sprouts|blueberries|vinegar|chard|jalapenos|millet|bell peppers|carrot|tomatoes|mustard|olive oil"
"dish_1566332040","cafe1","1566332040","train","train","cafe1_c04222","train","65.0","14.95","1","spinach (raw)"
"dish_1566332085","cafe1","1566332085","train","train","cafe1_c04223","train","163.0","24.75","2","spinach (raw)|cucumbers"
"dish_1566332116","cafe1","1566332116","train","train","cafe1_c04224","train","275.0","153.550003","3","olives|spinach (raw)|cucumbers"
"dish_1566332154","cafe1","1566332154","train","train","cafe1_c04225","train","425.0","401.049988","4","spinach (raw)|cucumbers|olives|chicken"
"dish_1566332193","cafe1","1566332193","train","train","cafe1_c04226","dev","504.0","527.450012","5","spinach (raw)|avocado|olives|chicken|cucumbers"
"dish_1566332268","cafe1","1566332268","train","train","cafe1_c04227","train","595.0","567.580994","6","olives|chicken|spinach (raw)|avocado|caesar dressing|cucumbers"
"dish_1566333118","cafe1","1566333118","train","train","cafe1_c04228","train","90.0","239.309998","1","cheese pizza"
"dish_1566333167","cafe1","1566333167","train","train","cafe1_c04229","train","140.0","344.544495","10","vinegar|beef|bok choy|spinach (cooked)|shallots|millet|salt|cheese pizza|olive oil|onions"
"dish_1566333194","cafe1","1566333194","train","train","cafe1_c04230","train","220.0","461.585266","17","bok choy|bell peppers|jalapenos|spinach (raw)|onions|garlic|tomatoes|cheese pizza|salt|shallots|pepper|beef|vinegar|olive oil|spinach (cooked)|chicken|millet"
"dish_1566333228","cafe1","1566333228","train","train","cafe1_c04231","train","304.0","498.545258","18","jalapenos|vinegar|beef|bok choy|millet|bell peppers|shallots|caesar salad|spinach (raw)|pepper|chicken|garlic|spinach (cooked)|tomatoes|salt|cheese pizza|onions|olive oil"
"dish_1566333255","cafe1","1566333255","train","train","cafe1_c04232","train","372.0","515.545227","19","spinach (cooked)|garlic|olive oil|caesar salad|spinach (raw)|onions|jalapenos|millet|pepper|shallots|tomatoes|bell peppers|salt|cheese pizza|vinegar|bok choy|chicken|beef|cauliflower"
"dish_1566333291","cafe1","1566333291","train","train","cafe1_c04233","train","439.0","549.755615","20","spinach (cooked)|salt|tomatoes|bell peppers|onions|garlic|pepper|caesar salad|brussels sprouts|jalapenos|cauliflower|millet|bok choy|shallots|olive oil|vinegar|spinach (raw)|beef|chicken|cheese pizza"
"dish_1566333324","cafe1","1566333324","train","train","cafe1_c04234","train","476.0","608.104553","21","cheese pizza|spinach (cooked)|pepper|olive oil|onions|cauliflower|caesar salad|garlic|bok choy|chicken|beef|shallots|tomatoes|bell peppers|brussels sprouts|vinegar|spinach (raw)|jalapenos|millet|fried rice|salt"
"dish_1566402041","cafe1","1566402041","train","train","cafe1_c04235","train","446.0","231.919998","1","egg whites"
"dish_1566402095","cafe1","1566402095","train","train","cafe1_c04236","train","577.0","421.11615","4","sweet potato|yam|olive oil|egg whites"
"dish_1566402123","cafe1","1566402123","train","train","cafe1_c04237","dev","657.0","445.116119","5","egg whites|watermelon|yam|sweet potato|olive oil"
"dish_1566402160","cafe1","1566402160","train","train","cafe1_c04238","dev","697.0","458.716125","6","egg whites|watermelon|yam|cantaloupe|sweet potato|olive oil"
"dish_1566402197","cafe1","1566402197","train","train","cafe1_c04239","train","736.0","480.946136","7","egg whites|watermelon|yam|berries|cantaloupe|sweet potato|olive oil"
"dish_1566402232","cafe1","1566402232","train","train","cafe1_c04240","train","841.0","511.396118","8","watermelon|cantaloupe|salsa|egg whites|yam|berries|sweet potato|olive oil"
"dish_1566413321","cafe1","1566413321","train","train","cafe1_c04241","train","61.0","14.030001","1","spinach (raw)"
"dish_1566413356","cafe1","1566413356","train","train","cafe1_c04242","train","164.0","183.979996","2","spinach (raw)|chicken"
"dish_1566413388","cafe1","1566413388","train","train","cafe1_c04243","train","231.0","207.429993","3","chicken|spinach (raw)|broccoli"
"dish_1566413419","cafe1","1566413419","train","train","cafe1_c04244","train","280.0","285.830017","4","chicken|avocado|spinach (raw)|broccoli"
"dish_1566413445","cafe1","1566413445","train","train","cafe1_c04245","train","360.0","377.830017","5","chicken|avocado|spinach (raw)|broccoli|olives"
"dish_1566413469","cafe1","1566413469","train","train","cafe1_c04246","dev","379.0","459.663025","6","chicken|avocado|olives|parmesan cheese|spinach (raw)|broccoli"
"dish_1566413510","cafe1","1566413510","train","train","cafe1_c04247","train","412.0","751.383057","7","spinach (raw)|parmesan cheese|olive oil|chicken|avocado|olives|broccoli"
"dish_1566414225","cafe1","1566414225","test","test","cafe1_c04248","test","88.0","125.182129","2","olive oil|quinoa"
"dish_1566414291","cafe1","1566414291","test","test","cafe1_c04249","test","244.0","345.14212","3","olive oil|roasted potatoes|quinoa"
"dish_1566414342","cafe1","1566414342","test","test","cafe1_c04250","test","552.0","846.367065","19","garlic|pepper|mushroom|oregano|cream|wheat berry|butter|basil|salt|shallots|white wine|chicken|quinoa|arugula|thyme|olive oil|rosemary|lemon juice|roasted potatoes"
"dish_1566414412","cafe1","1566414412","test","test","cafe1_c04251","test","658.0","920.120422","27","shallots|olive oil|garlic|lemon juice|basil|cream|wheat berry|mushroom|arugula|cherry tomatoes|quinoa|chicken|pepper|bell peppers|white wine|lettuce|feta cheese|roasted potatoes|onions|butter|thyme|rosemary|cucumbers|olives|oregano|vinaigrette|salt"
"dish_1566414611","cafe1","1566414611","train","train","cafe1_c04252","train","64.0","105.599998","1","chicken"
"dish_1566414642","cafe1","1566414642","train","train","cafe1_c04253","train","145.0","219.809998","2","roasted potatoes|chicken"
"dish_1566414686","cafe1","1566414686","train","train","cafe1_c04254","train","407.0","646.176697","18","basil|garlic|lemon juice|thyme|rosemary|butter|wheat berry|mushroom|pepper|salt|shallots|roasted potatoes|olive oil|arugula|oregano|cream|chicken|white wine"
"dish_1566414723","cafe1","1566414723","train","train","cafe1_c04255","train","482.0","728.810608","22","green onions|salt|white wine|olive oil|rosemary|lemon juice|cream|chicken|fish|country rice|roasted potatoes|thyme|shallots|garlic|basil|onions|butter|mushroom|arugula|wheat berry|oregano|pepper"
"dish_1566414754","cafe1","1566414754","train","train","cafe1_c04256","train","533.0","755.496277","23","pepper|roasted potatoes|shallots|green onions|country rice|lemon juice|rosemary|butter|wheat berry|mushroom|cream|arugula|onions|fish|green beans|salt|garlic|olive oil|thyme|basil|oregano|chicken|white wine"
"dish_1566414780","cafe1","1566414780","train","train","cafe1_c04257","dev","651.0","807.416321","24","wheat berry|chicken|cream|oregano|green beans|lemon juice|olive oil|thyme|onions|garlic|white wine|fish|pepper|caesar salad|arugula|mushroom|butter|green onions|rosemary|basil|shallots|country rice|roasted potatoes|salt"
"dish_1566414862","cafe1","1566414862","train","none","cafe1_c04258","train","67.0","94.470001","1","roasted potatoes"
"dish_1566414891","cafe1","1566414891","train","train","cafe1_c04259","train","163.0","213.994171","10","blueberries|vinegar|arugula|chard|olive oil|roasted potatoes|garlic|salt|pecans|mustard"
"dish_1566414924","cafe1","1566414924","train","train","cafe1_c04260","train","227.0","247.482193","11","mustard|olive oil|pecans|salt|garlic|roasted potatoes|blueberries|arugula|vinegar|chard|green beans"
"dish_1566415520","cafe1","1566415520","train","train","cafe1_c04261","train","143.0","74.824753","2","olive oil|green beans"
"dish_1566415558","cafe1","1566415558","train","train","cafe1_c04262","train","234.0","169.100739","12","olive oil|parsley|lemon juice|salt|garlic|shallots|chive|cherry tomatoes|fish|chard|green beans|wheat berry"
"dish_1566415591","cafe1","1566415591","train","train","cafe1_c04263","train","316.0","214.780777","13","wheat berry|broccoli|green beans|chard|cherry tomatoes|fish|salt|shallots|garlic|chive|parsley|lemon juice|olive oil"
"dish_1566416299","cafe1","1566416299","train","train","cafe1_c04264","train","86.0","44.9995","2","green beans|olive oil"
"dish_1566416339","cafe1","1566416339","train","train","cafe1_c04265","train","186.0","77.979889","4","eggplant|green beans|salt|olive oil"
"dish_1566416388","cafe1","1566416388","train","train","cafe1_c04266","train","315.0","259.869873","5","salt|roasted potatoes|olive oil|eggplant|green beans"
"dish_1566416421","cafe1","1566416421","train","train","cafe1_c04267","train","367.0","313.741882","14","wheat berry|lemon juice|green beans|chard|fish|cherry tomatoes|garlic|roasted potatoes|shallots|chive|salt|parsley|olive oil|eggplant"
"dish_1566416455","cafe1","1566416455","train","train","cafe1_c04268","train","403.0","372.326599","25","thyme|white wine|basil|wheat berry|chard|eggplant|green beans|lemon juice|parsley|chicken|arugula|mushroom|chive|fish|cherry tomatoes|pepper|oregano|cream|butter|rosemary|garlic|shallots|olive oil|roasted potatoes|salt"
"dish_1566416701","cafe1","1566416701","test","test","cafe1_c04269","test","122.0","198.53717","17","garlic|mushroom|wheat berry|olive oil|butter|salt|shallots|white wine|pepper|arugula|cream|oregano|thyme|basil|rosemary|lemon juice|chicken"
"dish_1566417398","cafe1","1566417398","train","train","cafe1_c04270","train","46.0","56.892494","7","mustard|vinegar|mixed greens|celery root|olive oil|salt|cherry tomatoes"
"dish_1566417442","cafe1","1566417442","train","train","cafe1_c04271","train","158.0","93.830536","8","eggplant|vinegar|cherry tomatoes|salt|mixed greens|celery root|mustard|olive oil"
"dish_1566417475","cafe1","1566417475","train","train","cafe1_c04272","train","198.0","150.23053","9","olive oil|mustard|roasted potatoes|salt|mixed greens|celery root|cherry tomatoes|vinegar|eggplant"
"dish_1566417516","cafe1","1566417516","train","train","cafe1_c04273","train","425.0","385.402527","17","wheat berry|eggplant|cherry tomatoes|mixed greens|celery root|salt|mustard|garlic|olive oil|vinegar|chard|fish|chive|shallots|roasted potatoes|parsley|lemon juice"
"dish_1566419510","cafe1","1566419510","train","train","cafe1_c04274","train","103.0","273.876984","1","cheese pizza"
"dish_1566419546","cafe1","1566419546","train","train","cafe1_c04275","train","177.0","306.436981","2","caesar salad|cheese pizza"
"dish_1566419577","cafe1","1566419577","train","train","cafe1_c04276","train","210.0","323.704224","4","caesar salad|green beans|cheese pizza|olive oil"
"dish_1566419603","cafe1","1566419603","train","train","cafe1_c04277","train","252.0","382.924225","5","caesar salad|roasted potatoes|green beans|cheese pizza|olive oil"
"dish_1566419635","cafe1","1566419635","train","train","cafe1_c04278","train","389.0","605.871704","21","roasted potatoes|caesar salad|thyme|rosemary|cream|green beans|wheat berry|mushroom|oregano|arugula|pepper|shallots|garlic|cheese pizza|white wine|olive oil|butter|lemon juice|basil|chicken|salt"
"dish_1566488905","cafe1","1566488905","train","train","cafe1_c04279","train","86.0","82.308296","2","sweet potato|olive oil"
"dish_1566488928","cafe1","1566488928","train","train","cafe1_c04280","train","147.0","103.048294","3","cantaloupe|sweet potato|olive oil"
"dish_1566488956","cafe1","1566488956","train","train","cafe1_c04281","train","489.0","280.888275","4","egg whites|olive oil|sweet potato|cantaloupe"
"dish_1566488981","cafe1","1566488981","train","train","cafe1_c04282","dev","486.0","279.328308","4","cantaloupe|sweet potato|olive oil|egg whites"
"dish_1566499564","cafe1","1566499564","train","train","cafe1_c04283","train","37.0","42.549999","1","olives"
"dish_1566499633","cafe1","1566499633","train","train","cafe1_c04284","train","139.0","161.386429","10","onions|olive oil|vinegar|garlic|salt|sun dried tomatoes|olives|cucumbers|spinach (raw)|mustard"
"dish_1566499686","cafe1","1566499686","train","train","cafe1_c04285","train","388.0","674.706787","16","pepper|spinach (raw)|vinegar|white rice|olives|bok choy|garlic|soy sauce|mustard|onions|olive oil|pork|sun dried tomatoes|sugar|salt|cucumbers"
"dish_1566500963","cafe1","1566500963","train","train","cafe1_c04286","train","25.0","5.75","1","spinach (raw)"
"dish_1566500988","cafe1","1566500988","train","train","cafe1_c04287","train","63.0","21.33","2","spinach (raw)|carrot"
"dish_1566501012","cafe1","1566501012","train","train","cafe1_c04288","train","160.0","132.87999","3","olives|spinach (raw)|carrot"
"dish_1566501041","cafe1","1566501041","train","train","cafe1_c04289","train","194.0","279.317993","4","olives|carrot|spinach (raw)|parmesan cheese"
"dish_1566501067","cafe1","1566501067","train","train","cafe1_c04290","train","306.0","464.117981","5","spinach (raw)|carrot|parmesan cheese|olives|chicken"
"dish_1566501126","cafe1","1566501126","train","train","cafe1_c04291","train","369.0","564.917969","6","spinach (raw)|carrot|parmesan cheese|olives|chicken|avocado"
"dish_1566501153","cafe1","1566501153","train","train","cafe1_c04292","train","419.0","1006.917969","7","olives|carrot|spinach (raw)|parmesan cheese|chicken|avocado|olive oil"
"dish_1566501258","cafe1","1566501258","train","train","cafe1_c04293","train","30.0","12.0","1","onions"
"dish_1566501293","cafe1","1566501293","train","train","cafe1_c04294","train","56.0","41.900002","2","olives|onions"
"dish_1566501324","cafe1","1566501324","train","train","cafe1_c04295","train","113.0","65.269997","3","onions|carrot|olives"
"dish_1566501352","cafe1","1566501352","train","train","cafe1_c04296","train","170.0","75.529999","4","cherry tomatoes|onions|olives|carrot"
"dish_1566501382","cafe1","1566501382","train","train","cafe1_c04297","train","330.0","283.529999","5","olives|onions|cherry tomatoes|tuna|carrot"
"dish_1566501447","cafe1","1566501447","train","train","cafe1_c04298","train","349.0","286.76001","6","onions|cherry tomatoes|olives|tuna|carrot|lemon juice"
"dish_1566501473","cafe1","1566501473","train","train","cafe1_c04299","dev","371.0","413.942017","7","olives|carrot|lemon juice|almonds|cherry tomatoes|onions|tuna"
"dish_1566501575","cafe1","1566501575","test","test","cafe1_c04300","test","54.0","251.693985","1","brownies"
"dish_1566501594","cafe1","1566501594","test","test","cafe1_c04300","test","109.0","508.048981","1","brownies"
"dish_1566502000","cafe1","1566502000","train","train","cafe1_c04301","train","184.0","63.008781","2","olive oil|bok choy"
"dish_1566502033","cafe1","1566502033","train","train","cafe1_c04302","train","253.0","136.217773","3","corn on the cob|bok choy|olive oil"
"dish_1566502061","cafe1","1566502061","train","train","cafe1_c04303","train","385.0","408.339417","10","pork|corn on the cob|bok choy|pepper|garlic|soy sauce|white rice|sugar|salt|olive oil"
"dish_1566502211","cafe1","1566502211","train","none","cafe1_c04304","train","237.0","104.279999","1","caesar salad"
"dish_1566502271","cafe1","1566502271","train","train","cafe1_c04305","train","359.0","296.816895","13","chard|parsley|chive|olive oil|carrot|caesar salad|garlic|salt|chicken|lemon juice|basil|brown rice|rosemary"
"dish_1566502315","cafe1","1566502315","train","train","cafe1_c04306","dev","495.0","577.184631","19","white rice|pork|soy sauce|chard|brown rice|lemon juice|parsley|olive oil|caesar salad|carrot|chive|salt|pepper|bok choy|chicken|rosemary|basil|garlic|sugar"
"dish_1566502437","cafe1","1566502437","test","test","cafe1_c04307","test","64.0","74.564041","9","vinegar|spinach (raw)|sun dried tomatoes|garlic|onions|cucumbers|mustard|salt|olive oil"
"dish_1566502472","cafe1","1566502472","test","test","cafe1_c04308","test","119.0","132.919037","10","sun dried tomatoes|garlic|olive oil|mustard|cucumbers|vinegar|spinach (raw)|onions|corn on the cob|salt"
"dish_1566502505","cafe1","1566502505","test","test","cafe1_c04309","test","275.0","454.517365","16","sun dried tomatoes|bok choy|pork|corn on the cob|cucumbers|onions|salt|soy sauce|garlic|sugar|pepper|white rice|vinegar|spinach (raw)|mustard|olive oil"
"dish_1566502537","cafe1","1566502537","test","test","cafe1_c04310","test","315.0","517.644226","25","corn on the cob|vinegar|parsley|sun dried tomatoes|rosemary|carrot|salt|garlic|mustard|cucumbers|lemon juice|olive oil|chive|pork|chicken|spinach (raw)|pepper|bok choy|white rice|brown rice|soy sauce|chard|sugar|onions|basil"
"dish_1566502573","cafe1","1566502573","test","test","cafe1_c04311","test","487.0","821.510193","28","chive|bok choy|chicken|white rice|pork|arugula|spinach (raw)|brown rice|chard|mustard|olive oil|garlic|cucumbers|sugar|rosemary|pepper|sun dried tomatoes|lemon juice|mustard greens|parsley|vinegar|corn on the cob|basil|onions|carrot|soy sauce|salt|chickpeas"
"dish_1566587102","cafe1","1566587102","test","test","cafe1_c04312","test","146.0","213.599411","11","chicken|millet|pepper|spinach (raw)|jalapenos|olive oil|garlic|onions|salt|tomatoes|bell peppers"
"dish_1566587143","cafe1","1566587143","test","test","cafe1_c04313","test","234.0","354.399445","12","bell peppers|chicken|tomatoes|onions|salt|olive oil|avocado|jalapenos|spinach (raw)|pepper|garlic|millet"
"dish_1566587182","cafe1","1566587182","test","test","cafe1_c04314","test","377.0","531.260986","17","pepper|millet|avocado|spinach (raw)|vinegar|olive oil|onions|bell peppers|salt|garlic|cherry tomatoes|chicken|jalapenos|mustard|celery root|mixed greens|tomatoes"
"dish_1566587662","cafe1","1566587662","train","none","cafe1_c04315","train","197.0","66.979996","2","kale|chard"
"dish_1566587689","cafe1","1566587689","train","train","cafe1_c04316","dev","270.0","196.84697","9","salmon|salt|olive oil|thyme|kale|brown rice|chard|arugula|pepper"
"dish_1566587714","cafe1","1566587714","train","train","cafe1_c04317","train","373.0","347.536987","17","tomatoes|pepper|salmon|arugula|jalapenos|brown rice|garlic|bell peppers|salt|chicken|spinach (raw)|chard|kale|olive oil|thyme|onions|millet"
"dish_1566587958","cafe1","1566587958","train","train","cafe1_c04318","train","224.0","398.49588","7","brown rice|arugula|salt|pepper|thyme|salmon|olive oil"
"dish_1566588016","cafe1","1566588016","train","train","cafe1_c04319","dev","374.0","472.233398","8","pepper|salmon|brown rice|arugula|thyme|carrot|olive oil|salt"
"dish_1566588066","cafe1","1566588066","train","train","cafe1_c04320","train","562.0","566.233398","9","carrot|pineapple|salt|thyme|olive oil|arugula|brown rice|pepper|salmon"
"dish_1566589933","cafe1","1566589933","test","test","cafe1_c04321","test","122.0","89.060005","1","tofu"
"dish_1566589967","cafe1","1566589967","test","test","cafe1_c04322","test","322.0","381.661957","12","onions|olive oil|garlic|bell peppers|salt|tomatoes|pepper|millet|chicken|spinach (raw)|jalapenos|tofu"
"dish_1566590007","cafe1","1566590007","test","test","cafe1_c04323","test","457.0","740.762024","13","bell peppers|garlic|tomatoes|salt|onions|olive oil|pizza|pepper|tofu|jalapenos|spinach (raw)|chicken|millet"
"dish_1566590056","cafe1","1566590056","test","test","cafe1_c04324","test","519.0","815.647644","19","tomatoes|pepper|millet|vinegar|tofu|jalapenos|mustard|olive oil|bell peppers|cherry tomatoes|chicken|chard|spinach (raw)|pizza|cucumbers|onions|garlic|salt|figs"
"dish_1566590536","cafe1","1566590536","train","train","cafe1_c04325","train","51.0","25.070757","4","carrot|salt|pepper|olive oil"
"dish_1566590566","cafe1","1566590566","train","train","cafe1_c04326","train","142.0","186.959702","8","olive oil|thyme|salt|carrot|pepper|salmon|arugula|brown rice"
"dish_1566590946","cafe1","1566590946","train","train","cafe1_c04327","train","228.0","405.611877","7","thyme|olive oil|salt|brown rice|arugula|pepper|salmon"
"dish_1566590987","cafe1","1566590987","train","train","cafe1_c04328","dev","370.0","639.911865","8","chicken|salmon|brown rice|arugula|olive oil|thyme|pepper|salt"
"dish_1566591022","cafe1","1566591022","train","none","cafe1_c04329","train","467.0","860.101868","9","salmon|salt|thyme|olive oil|arugula|brown rice|pepper|chicken salad|chicken"
"dish_1566591048","cafe1","1566591048","train","train","cafe1_c04330","train","481.0","876.201843","10","olives|brown rice|arugula|chicken salad|pepper|chicken|salmon|salt|thyme|olive oil"
"dish_1566591080","cafe1","1566591080","train","train","cafe1_c04331","train","549.0","909.629578","11","pepper|salmon|chicken|olives|arugula|brown rice|chicken salad|olive oil|thyme|carrot|salt"
"dish_1566592456","cafe1","1566592456","train","train","cafe1_c04332","train","126.0","55.439999","1","caesar salad"
"dish_1566835603","cafe1","1566835603","train","train","cafe1_c04333","train","66.0","63.166828","2","olive oil|sweet potato"
"dish_1566835641","cafe1","1566835641","train","train","cafe1_c04334","train","546.0","312.766815","3","sweet potato|olive oil|egg whites"
"dish_1566835701","cafe1","1566835701","train","train","cafe1_c04335","train","744.0","370.186829","4","egg whites|salsa|sweet potato|olive oil"
"dish_1566838286","cafe1","1566838286","test","test","cafe1_c04336","test","145.0","72.5","1","pineapple"
"dish_1566838317","cafe1","1566838317","test","test","cafe1_c04337","test","284.0","114.199997","2","watermelon|pineapple"
"dish_1566838351","cafe1","1566838351","test","test","cafe1_c04338","test","417.0","190.009995","3","berries|watermelon|pineapple"
"dish_1566838378","cafe1","1566838378","test","test","cafe1_c04339","test","482.0","286.210022","4","scrambled eggs|watermelon|berries|pineapple"
"dish_1566838407","cafe1","1566838407","test","test","cafe1_c04340","test","558.0","358.947601","6","pineapple|scrambled eggs|sweet potato|berries|olive oil|watermelon"
"dish_1566844766","cafe1","1566844766","train","train","cafe1_c04341","train","164.0","72.159996","1","caesar salad"
"dish_1566844803","cafe1","1566844803","train","train","cafe1_c04342","train","227.0","249.819977","2","caesar salad|pepperoni pizza"
"dish_1566844850","cafe1","1566844850","train","train","cafe1_c04343","train","345.0","491.235168","14","cabbage|pepper|wheat berry|pork|mayonnaise|jalapenos|pepperoni pizza|parsley|olive oil|lemon juice|garlic|caesar salad|carrot|salt"
"dish_1566846997","cafe1","1566846997","train","train","cafe1_c04344","train","168.0","343.709656","12","jalapenos|wheat berry|pork|mayonnaise|pepper|cabbage|carrot|garlic|lemon juice|parsley|salt|olive oil"
"dish_1566847043","cafe1","1566847043","train","train","cafe1_c04345","train","483.0","434.877106","13","carrot|garlic|salt|lemon juice|parsley|cabbage|squash|jalapenos|pork|wheat berry|olive oil|mayonnaise|pepper"
"dish_1566847431","cafe1","1566847431","train","train","cafe1_c04346","train","90.0","101.240509","9","quinoa|arugula|olive oil|thyme|lemon juice|parsley|salt|shallots|garlic"
"dish_1566847454","cafe1","1566847454","train","train","cafe1_c04347","train","210.0","346.747437","16","arugula|wheat berry|pork|mayonnaise|parsley|olive oil|shallots|thyme|carrot|salt|quinoa|pepper|jalapenos|lemon juice|cabbage|garlic"
"dish_1566847483","cafe1","1566847483","train","train","cafe1_c04348","train","314.0","476.231934","21","vinegar|salt|shallots|blueberries|cabbage|olive oil|parsley|arugula|lemon juice|mayonnaise|pecans|wheat berry|pork|carrot|thyme|garlic|mustard|jalapenos|chard|pepper|quinoa"
"dish_1566849208","cafe1","1566849208","train","train","cafe1_c04349","train","70.0","19.6","1","mixed greens"
"dish_1566849233","cafe1","1566849233","train","train","cafe1_c04350","train","117.0","94.800003","2","avocado|mixed greens"
"dish_1566849269","cafe1","1566849269","train","train","cafe1_c04351","train","153.0","249.85202","3","avocado|parmesan cheese|mixed greens"
"dish_1566849295","cafe1","1566849295","train","train","cafe1_c04352","train","239.0","348.752014","4","mixed greens|avocado|parmesan cheese|olives"
"dish_1566849327","cafe1","1566849327","train","train","cafe1_c04353","train","362.0","551.702026","5","parmesan cheese|mixed greens|avocado|olives|chicken"
"dish_1566849387","cafe1","1566849387","train","train","cafe1_c04354","train","517.0","619.901978","6","parmesan cheese|caesar salad|olives|chicken|mixed greens|avocado"
"dish_1566849862","cafe1","1566849862","test","test","cafe1_c04355","test","67.0","77.049995","1","olives"
"dish_1566849895","cafe1","1566849895","test","test","cafe1_c04356","test","153.0","112.309998","2","olives|carrot"
"dish_1566849923","cafe1","1566849923","test","test","cafe1_c04357","test","240.0","127.970001","3","olives|cherry tomatoes|carrot"
"dish_1566849955","cafe1","1566849955","test","test","cafe1_c04358","test","288.0","147.169998","4","olives|onions|cherry tomatoes|carrot"
"dish_1566849987","cafe1","1566849987","test","test","cafe1_c04359","test","540.0","562.969971","5","olives|carrot|chicken|cherry tomatoes|onions"
"dish_1566850031","cafe1","1566850031","test","test","cafe1_c04360","test","662.0","616.771973","6","olives|carrot|chicken|caesar dressing|cherry tomatoes|onions"
"dish_1566850099","cafe1","1566850099","test","test","cafe1_c04361","test","112.0","113.057968","10","onions|cucumbers|olive oil|salt|mixed greens|lettuce|lime|cherry tomatoes|pepper|vinegar"
"dish_1566850142","cafe1","1566850142","test","test","cafe1_c04362","test","284.0","464.951172","19","cabbage|lime|garlic|lettuce|carrot|olive oil|parsley|vinegar|jalapenos|cherry tomatoes|salt|mixed greens|lemon juice|cucumbers|onions|mayonnaise|wheat berry|pork|pepper"
"dish_1566851115","cafe1","1566851115","train","train","cafe1_c04363","train","70.0","81.554428","9","sun dried tomatoes|salt|garlic|mustard|olive oil|cucumbers|onions|spinach (raw)|vinegar"
"dish_1566851155","cafe1","1566851155","train","train","cafe1_c04364","train","260.0","295.284393","15","spinach (raw)|onions|parsley|olive oil|thyme|salt|quinoa|lemon juice|mustard|arugula|cucumbers|vinegar|garlic|shallots|sun dried tomatoes"
"dish_1566851198","cafe1","1566851198","train","train","cafe1_c04365","train","342.0","463.047455","22","quinoa|vinegar|cabbage|shallots|onions|mustard|cucumbers|thyme|carrot|pepper|mayonnaise|wheat berry|pork|jalapenos|spinach (raw)|lemon juice|arugula|parsley|olive oil|garlic|salt|sun dried tomatoes"
"dish_1566851222","cafe1","1566851222","train","train","cafe1_c04366","train","375.0","550.827515","23","pepper|cabbage|vinegar|mayonnaise|shallots|onions|cucumbers|olive oil|garlic|pizza|carrot|salt|quinoa|jalapenos|wheat berry|pork|parsley|spinach (raw)|lemon juice|arugula|mustard|thyme|sun dried tomatoes"
"dish_1566851549","cafe1","1566851549","test","test","cafe1_c04367","test","85.0","226.014999","1","cheese pizza"
"dish_1566851584","cafe1","1566851584","test","test","cafe1_c04368","test","222.0","286.294983","2","caesar salad|cheese pizza"
"dish_1566851616","cafe1","1566851616","test","test","cafe1_c04369","test","248.0","300.7789","4","caesar salad|broccoli|cheese pizza|olive oil"
"dish_1566851677","cafe1","1566851677","test","test","cafe1_c04370","test","296.0","354.773834","12","quinoa|broccoli|salt|arugula|parsley|lemon juice|garlic|olive oil|caesar salad|thyme|shallots|cheese pizza"
"dish_1566851704","cafe1","1566851704","test","test","cafe1_c04371","test","348.0","461.160156","19","quinoa|cabbage|pork|lemon juice|thyme|broccoli|cheese pizza|pepper|wheat berry|mayonnaise|jalapenos|arugula|parsley|olive oil|carrot|salt|garlic|caesar salad|shallots"
"dish_1566920304","cafe1","1566920304","test","test","cafe1_c04372","test","570.0","296.399994","1","egg whites"
"dish_1566920339","cafe1","1566920339","test","test","cafe1_c04373","test","730.0","449.531708","3","egg whites|sweet potato|olive oil"
"dish_1566920365","cafe1","1566920365","test","test","cafe1_c04374","test","871.0","490.421692","4","salsa|sweet potato|olive oil|egg whites"
"dish_1566922978","cafe1","1566922978","train","train","cafe1_c04375","train","84.0","124.32","1","scrambled eggs"
"dish_1566923004","cafe1","1566923004","train","train","cafe1_c04376","train","153.0","158.820007","2","scrambled eggs|pineapple"
"dish_1566923030","cafe1","1566923030","train","train","cafe1_c04377","train","226.0","396.799988","3","hash browns|scrambled eggs|pineapple"
"dish_1566923060","cafe1","1566923060","train","train","cafe1_c04378","train","248.0","515.820007","4","bacon|scrambled eggs|pineapple|hash browns"
"dish_1566931116","cafe1","1566931116","train","train","cafe1_c04379","train","142.0","35.5","1","cauliflower"
"dish_1566931140","cafe1","1566931140","train","train","cafe1_c04380","train","199.0","126.700005","2","cauliflower|avocado"
"dish_1566931179","cafe1","1566931179","train","train","cafe1_c04381","dev","263.0","204.369385","10","salt|mixed greens|artichokes|garlic|olive oil|parsley|beets|avocado|vinegar|cauliflower"
"dish_1566931217","cafe1","1566931217","train","train","cafe1_c04382","train","378.0","333.108673","19","lime|pepper|arugula|olive oil|onions|salt|artichokes|mixed greens|bell peppers|chive|fish|vinegar|avocado|white beans|beets|parsley|snow peas|cauliflower|garlic"
"dish_1566931482","cafe1","1566931482","train","train","cafe1_c04383","train","91.0","25.48","1","mixed greens"
"dish_1566931519","cafe1","1566931519","train","train","cafe1_c04384","dev","182.0","130.130005","2","mixed greens|olives"
"dish_1566931548","cafe1","1566931548","train","train","cafe1_c04385","train","253.0","154.980011","3","mixed greens|olives|broccoli"
"dish_1566931586","cafe1","1566931586","train","train","cafe1_c04386","train","389.0","379.380005","4","olives|mixed greens|chicken|broccoli"
"dish_1566931620","cafe1","1566931620","train","train","cafe1_c04387","train","461.0","494.579987","5","avocado|olives|mixed greens|chicken|broccoli"
"dish_1566931650","cafe1","1566931650","train","train","cafe1_c04388","dev","488.0","610.869019","6","mixed greens|olives|chicken|avocado|broccoli|parmesan cheese"
"dish_1566931674","cafe1","1566931674","train","train","cafe1_c04389","train","531.0","990.989014","7","chicken|mixed greens|avocado|broccoli|parmesan cheese|olive oil|olives"
"dish_1566933180","cafe1","1566933180","train","train","cafe1_c04390","train","96.0","161.449524","12","salt|vinegar|olive oil|garlic|thyme|parsley|basil|arugula|brown rice|lemon juice|chicken thighs|radishes"
"dish_1566933226","cafe1","1566933226","train","train","cafe1_c04391","train","171.0","245.449509","13","couscous|garlic|parsley|basil|lemon juice|olive oil|thyme|salt|chicken thighs|brown rice|radishes|arugula|vinegar"
"dish_1566933401","cafe1","1566933401","train","train","cafe1_c04392","train","79.0","27.052683","2","bok choy|olive oil"
"dish_1566933454","cafe1","1566933454","train","train","cafe1_c04393","train","154.0","121.741409","10","pears|bok choy|salt|arugula|lemon juice|parsley|olive oil|garlic|chickpeas|pepper"
"dish_1566933498","cafe1","1566933498","train","train","cafe1_c04394","dev","284.0","318.482666","18","pepper|wine|eggplant|mushroom|squash|arugula|lemon juice|parsley|shallots|chickpeas|quinoa|bok choy|chicken thighs|olive oil|spinach (cooked)|garlic|salt|pears"
"dish_1566934057","cafe1","1566934057","train","train","cafe1_c04395","train","193.0","66.090729","2","bok choy|olive oil"
"dish_1566934085","cafe1","1566934085","train","train","cafe1_c04396","train","259.0","82.590729","3","olive oil|cauliflower|bok choy"
"dish_1566934120","cafe1","1566934120","train","train","cafe1_c04397","train","316.0","183.993713","9","bok choy|salt|pepper|olive oil|thyme|arugula|brown rice|salmon|cauliflower"
"dish_1566934152","cafe1","1566934152","train","train","cafe1_c04398","train","396.0","305.065247","19","pepper|bok choy|quinoa|brown rice|mushroom|arugula|thyme|olive oil|chicken thighs|lemon juice|spinach (cooked)|shallots|cauliflower|eggplant|squash|wine|garlic|salt|salmon"
"dish_1566934366","cafe1","1566934366","train","train","cafe1_c04399","train","33.0","87.746994","1","cheese pizza"
"dish_1566934401","cafe1","1566934401","train","train","cafe1_c04400","train","344.0","435.902863","15","chive|white beans|onions|bell peppers|fish|artichokes|salt|cheese pizza|pepper|parsley|arugula|snow peas|olive oil|garlic|lime"
"dish_1566934430","cafe1","1566934430","train","train","cafe1_c04401","dev","361.0","519.542847","16","chive|fish|pepper|garlic|onions|bell peppers|lime|artichokes|arugula|olive oil|parsley|snow peas|cookies|white beans|salt|cheese pizza"
"dish_1566934455","cafe1","1566934455","train","train","cafe1_c04402","train","395.0","528.042908","17","pepper|arugula|cookies|artichokes|olive oil|parsley|snow peas|onions|salt|lime|chive|garlic|fish|white beans|cheese pizza|cauliflower|bell peppers"
"dish_1566934487","cafe1","1566934487","train","train","cafe1_c04403","train","468.0","553.040955","18","fish|white beans|cauliflower|garlic|parsley|olive oil|bell peppers|chive|lime|pepper|bok choy|cookies|arugula|snow peas|onions|artichokes|salt|cheese pizza"
"dish_1566936266","cafe1","1566936266","train","train","cafe1_c04404","train","146.0","220.955551","12","spinach (cooked)|shallots|wine|lemon juice|olive oil|chicken thighs|squash|eggplant|quinoa|mushroom|salt|garlic"
"dish_1566936297","cafe1","1566936297","train","train","cafe1_c04405","dev","266.0","355.292206","23","fish|chicken thighs|mushroom|pepper|onions|snow peas|bell peppers|shallots|chive|artichokes|salt|quinoa|parsley|wine|squash|white beans|eggplant|lemon juice|arugula|olive oil|spinach (cooked)|garlic|lime"
"dish_1566936323","cafe1","1566936323","train","train","cafe1_c04406","train","318.0","368.292206","24","chive|chicken thighs|wine|white beans|eggplant|lemon juice|snow peas|olive oil|pepper|spinach (cooked)|quinoa|salt|fish|artichokes|lime|cauliflower|squash|parsley|mushroom|arugula|onions|shallots|garlic|bell peppers"
"dish_1566936352","cafe1","1566936352","train","train","cafe1_c04407","train","368.0","424.292206","25","quinoa|chive|pepper|garlic|shallots|couscous|onions|mushroom|cauliflower|eggplant|white beans|wine|fish|bell peppers|salt|artichokes|spinach (cooked)|arugula|olive oil|snow peas|lemon juice|parsley|chicken thighs|squash|lime"
"dish_1566937992","cafe1","1566937992","train","train","cafe1_c04408","train","104.0","276.53598","1","cheese pizza"
"dish_1566938026","cafe1","1566938026","train","train","cafe1_c04409","train","219.0","450.576294","13","spinach (cooked)|wine|cheese pizza|salt|lemon juice|squash|eggplant|mushroom|chicken thighs|olive oil|quinoa|garlic|shallots"
"dish_1566938059","cafe1","1566938059","train","train","cafe1_c04410","train","256.0","463.246582","14","shallots|wine|salt|cheese pizza|lemon juice|bok choy|olive oil|chicken thighs|squash|eggplant|mushroom|quinoa|garlic|spinach (cooked)"
"dish_1566938088","cafe1","1566938088","train","train","cafe1_c04411","train","381.0","494.496582","15","salt|spinach (cooked)|chicken thighs|wine|bok choy|quinoa|garlic|shallots|olive oil|mushroom|lemon juice|eggplant|squash|cauliflower|cheese pizza"
"dish_1567007719","cafe1","1567007719","test","test","cafe1_c04412","test","42.0","14.28","1","cantaloupe"
"dish_1567007751","cafe1","1567007751","test","test","cafe1_c04413","test","87.0","39.93","2","berries|cantaloupe"
"dish_1567007783","cafe1","1567007783","test","test","cafe1_c04414","test","106.0","50.0","3","cantaloupe|berries|raspberries"
"dish_1567007814","cafe1","1567007814","test","test","cafe1_c04415","test","152.0","73.0","4","pineapple|berries|raspberries|cantaloupe"
"dish_1567007848","cafe1","1567007848","test","test","cafe1_c04416","test","243.0","100.300003","5","watermelon|raspberries|berries|cantaloupe|pineapple"
"dish_1567019993","cafe1","1567019993","train","train","cafe1_c04417","train","55.0","28.083149","4","salt|pepper|brussels sprouts|olive oil"
"dish_1567020054","cafe1","1567020054","train","train","cafe1_c04418","train","145.0","122.001411","14","shallots|garlic|parsley|salt|kale|brussels sprouts|lemon juice|olive oil|wheat berry|chive|chard|pepper|fish|cherry tomatoes"
"dish_1567020091","cafe1","1567020091","train","train","cafe1_c04419","train","238.0","236.805176","19","fish|chive|walnuts|garlic|shallots|kale|arugula|vinegar|blueberries|cherry tomatoes|salt|brussels sprouts|olive oil|parsley|lemon juice|mustard|chard|wheat berry|pepper"
"dish_1567020340","cafe1","1567020340","train","train","cafe1_c04420","train","168.0","93.588287","2","broccoli|olive oil"
"dish_1567020366","cafe1","1567020366","train","train","cafe1_c04421","train","203.0","111.459381","5","brussels sprouts|olive oil|pepper|broccoli|salt"
"dish_1567020394","cafe1","1567020394","train","train","cafe1_c04422","train","265.0","176.15863","15","fish|pepper|kale|parsley|olive oil|chive|broccoli|cherry tomatoes|wheat berry|chard|lemon juice|salt|shallots|garlic|brussels sprouts"
"dish_1567020417","cafe1","1567020417","train","train","cafe1_c04423","train","348.0","313.761383","18","chive|wheat berry|chard|spinach (raw)|garlic|parsley|olive oil|shallots|kale|fish|cherry tomatoes|pepper|chicken|lemon juice|thyme|brussels sprouts|broccoli|salt"
"dish_1567021799","cafe1","1567021799","train","train","cafe1_c04424","dev","76.0","93.81813","9","pepper|vinegar|arugula|chard|blueberries|mustard|olive oil|walnuts|salt"
"dish_1567021831","cafe1","1567021831","train","train","cafe1_c04425","train","228.0","252.435623","18","cherry tomatoes|pepper|chive|wheat berry|kale|mustard|olive oil|garlic|walnuts|lemon juice|salt|fish|chard|blueberries|vinegar|arugula|parsley|shallots"
"dish_1567021864","cafe1","1567021864","train","train","cafe1_c04426","train","262.0","342.875641","19","fish|pepper|blueberries|vinegar|kale|lemon juice|parsley|walnuts|chive|salt|cherry tomatoes|wheat berry|chard|pizza|arugula|mustard|olive oil|shallots|garlic"
"dish_1567022114","cafe1","1567022114","train","none","cafe1_c04427","train","74.0","13.320001","1","cherry tomatoes"
"dish_1567022147","cafe1","1567022147","train","train","cafe1_c04428","train","128.0","34.920002","2","cherry tomatoes|bell peppers"
"dish_1567022180","cafe1","1567022180","train","train","cafe1_c04429","dev","162.0","48.860001","3","bell peppers|carrot|cherry tomatoes"
"dish_1567022212","cafe1","1567022212","train","train","cafe1_c04430","train","197.0","89.110001","4","bell peppers|carrot|olives|cherry tomatoes"
"dish_1567022251","cafe1","1567022251","train","train","cafe1_c04431","dev","254.0","111.910004","5","onions|cherry tomatoes|olives|carrot|bell peppers"
"dish_1567022296","cafe1","1567022296","train","train","cafe1_c04432","train","444.0","425.410004","6","cherry tomatoes|onions|olives|bell peppers|carrot|chicken"
"dish_1567022338","cafe1","1567022338","train","train","cafe1_c04433","train","463.0","507.243011","7","carrot|bell peppers|chicken|parmesan cheese|onions|cherry tomatoes|olives"
"dish_1567022383","cafe1","1567022383","train","train","cafe1_c04434","train","508.0","527.088013","8","onions|caesar dressing|bell peppers|carrot|cherry tomatoes|olives|chicken|parmesan cheese"
"dish_1567023110","cafe1","1567023110","train","train","cafe1_c04435","train","40.0","46.0","1","olives"
"dish_1567023132","cafe1","1567023132","train","train","cafe1_c04436","dev","84.0","59.200001","2","kimchi|olives"
"dish_1567023161","cafe1","1567023161","train","train","cafe1_c04437","train","134.0","141.699997","3","chicken|kimchi|olives"
"dish_1567023184","cafe1","1567023184","train","train","cafe1_c04438","train","195.0","191.507187","7","olives|chicken|caesar dressing|kimchi|kale|parmesan cheese|croutons"
"dish_1567023262","cafe1","1567023262","train","train","cafe1_c04439","train","64.0","72.32","1","greek salad"
"dish_1567023296","cafe1","1567023296","train","train","cafe1_c04440","train","92.0","107.181221","10","greek salad|garlic|salt|mustard|pecans|olive oil|blueberries|chard|arugula|vinegar"
"dish_1567023335","cafe1","1567023335","train","train","cafe1_c04441","dev","117.0","138.336395","13","greek salad|garlic|salt|pecans|raspberries|mustard|olive oil|almonds|blueberries|arugula|vinegar|chard|carrot"
"dish_1567023375","cafe1","1567023375","train","train","cafe1_c04442","train","268.0","248.566406","14","tofu|almonds|chard|blueberries|vinegar|pecans|arugula|carrot|mustard|olive oil|garlic|greek salad|raspberries|salt"
"dish_1567024066","cafe1","1567024066","train","train","cafe1_c04443","train","86.0","228.673996","1","cheese pizza"
"dish_1567024112","cafe1","1567024112","train","train","cafe1_c04444","train","116.0","274.075806","13","cheese pizza|spinach (cooked)|shallots|garlic|salt|lemon juice|squash|eggplant|olive oil|chicken thighs|mushroom|wine|quinoa"
"dish_1567024135","cafe1","1567024135","train","train","cafe1_c04445","train","147.0","317.785828","14","salt|cheese pizza|spinach (cooked)|shallots|garlic|lemon juice|wine|eggplant|chicken thighs|squash|mushroom|olive oil|quinoa|roasted potatoes"
"dish_1567024187","cafe1","1567024187","train","train","cafe1_c04446","train","235.0","334.945831","16","quinoa|wine|lemon juice|olive oil|spinach (cooked)|salt|cheese pizza|chayote squash|squash|chicken thighs|eggplant|zucchini|mushroom|roasted potatoes|garlic|shallots"
"dish_1567024224","cafe1","1567024224","train","train","cafe1_c04447","train","315.0","354.945831","17","quinoa|chicken thighs|eggplant|squash|chayote squash|cheese pizza|wine|cauliflower|zucchini|lemon juice|mushroom|olive oil|salt|spinach (cooked)|roasted potatoes|shallots|garlic"
"dish_1567024252","cafe1","1567024252","train","train","cafe1_c04448","dev","454.0","512.015808","18","quinoa|wine|chicken thighs|cauliflower|lemon juice|garlic|shallots|spinach (cooked)|roasted potatoes|cheese pizza|chayote squash|squash|eggplant|zucchini|mushroom|olive oil|salt|greek salad"
"dish_1567106594","cafe1","1567106594","train","train","cafe1_c04449","train","88.0","15.84","1","cherry tomatoes"
"dish_1567106620","cafe1","1567106620","train","train","cafe1_c04450","dev","146.0","39.040001","2","bell peppers|cherry tomatoes"
"dish_1567106646","cafe1","1567106646","train","train","cafe1_c04451","train","201.0","61.040001","3","cherry tomatoes|bell peppers|onions"
"dish_1567106668","cafe1","1567106668","train","train","cafe1_c04452","dev","248.0","80.309998","4","onions|cherry tomatoes|carrot|bell peppers"
"dish_1567106693","cafe1","1567106693","train","train","cafe1_c04453","train","417.0","359.160004","5","cherry tomatoes|onions|chicken|bell peppers|carrot"
"dish_1567106794","cafe1","1567106794","train","train","cafe1_c04454","dev","48.0","102.338257","9","mustard|olive oil|mixed greens|walnuts|lettuce|salt|garlic|blue cheese|vinegar"
"dish_1567106825","cafe1","1567106825","train","train","cafe1_c04455","train","104.0","220.200867","15","bok choy|millet|blue cheese|onions|mustard|olive oil|shallots|spinach (cooked)|mixed greens|salt|beef|vinegar|garlic|lettuce|walnuts"
"dish_1567106870","cafe1","1567106870","train","train","cafe1_c04456","train","211.0","504.820892","16","blue cheese|onions|pizza|olive oil|garlic|walnuts|mixed greens|salt|spinach (cooked)|lettuce|bok choy|millet|vinegar|mustard|shallots|beef"
"dish_1567107049","cafe1","1567107049","train","train","cafe1_c04457","dev","23.0","107.202995","1","brownies"
"dish_1567107839","cafe1","1567107839","test","test","cafe1_c04458","test","156.0","174.284485","12","bell peppers|cilantro|lime|onions|kale|salt|olive oil|ketchup|jalapenos|fish|shallots|white rice"
"dish_1567107989","cafe1","1567107989","train","train","cafe1_c04459","dev","111.0","140.139297","9","chickpeas|garlic|salt|lemon juice|parsley|pears|olive oil|arugula|pepper"
"dish_1567108037","cafe1","1567108037","train","train","cafe1_c04460","train","365.0","674.73053","16","pepper|millet|onions|arugula|shallots|lemon juice|parsley|garlic|chickpeas|olive oil|salt|beef|bok choy|vinegar|spinach (cooked)|pears"
"dish_1567110519","cafe1","1567110519","train","train","cafe1_c04461","train","100.0","100.944618","10","lettuce|lime|mixed greens|pepper|onions|cucumbers|olive oil|vinegar|salt|cherry tomatoes"
"dish_1567110556","cafe1","1567110556","train","train","cafe1_c04462","train","150.0","127.107117","11","cherry tomatoes|salt|pepper|vinegar|green beans|onions|cucumbers|olive oil|mixed greens|lettuce|lime"
"dish_1567110631","cafe1","1567110631","train","train","cafe1_c04463","train","260.0","252.613922","12","mixed greens|salt|olive oil|lettuce|cucumbers|onions|lime|wheat berry|green beans|vinegar|cherry tomatoes|pepper"
"dish_1567110665","cafe1","1567110665","train","train","cafe1_c04464","train","532.0","556.494568","20","fish|cherry tomatoes|vinegar|white rice|wheat berry|green beans|pepper|jalapenos|onions|kale|olive oil|lettuce|lime|salt|cucumbers|cilantro|mixed greens|bell peppers|shallots|ketchup"
"dish_1567110756","cafe1","1567110756","train","train","cafe1_c04465","train","42.0","111.720001","1","pizza"
"dish_1567110783","cafe1","1567110783","train","train","cafe1_c04466","train","210.0","465.307892","10","shallots|spinach (cooked)|bok choy|onions|pizza|olive oil|vinegar|salt|millet|beef"
"dish_1567110811","cafe1","1567110811","train","train","cafe1_c04467","train","282.0","537.987976","16","bok choy|pepper|vinegar|pizza|cucumbers|olive oil|spinach (cooked)|lettuce|cherry tomatoes|beef|millet|onions|lime|mixed greens|shallots|salt"
"dish_1567110848","cafe1","1567110848","train","none","cafe1_c04468","train","320.0","557.87146","17","cherry tomatoes|bok choy|pepper|green beans|vinegar|onions|pizza|salt|millet|lime|cucumbers|olive oil|mixed greens|spinach (cooked)|shallots|lettuce|beef"
"dish_1567525637","cafe1","1567525637","train","train","cafe1_c04469","train","81.0","153.264771","8","bell peppers|garlic|salt|mustard|cucumbers|olive oil|vinegar|radishes"
"dish_1567525681","cafe1","1567525681","train","none","cafe1_c04470","train","174.0","456.444794","9","radishes|hash browns|vinegar|olive oil|cucumbers|mustard|bell peppers|salt|garlic"
"dish_1567525712","cafe1","1567525712","train","train","cafe1_c04471","train","184.0","510.544769","10","salt|garlic|cucumbers|bell peppers|olive oil|mustard|bacon|vinegar|hash browns|radishes"
"dish_1567525744","cafe1","1567525744","train","train","cafe1_c04472","train","298.0","679.264771","11","cucumbers|olive oil|garlic|bell peppers|salt|bacon|radishes|scrambled eggs|hash browns|mustard|vinegar"
"dish_1567526738","cafe1","1567526738","train","train","cafe1_c04473","train","433.0","225.159988","1","egg whites"
"dish_1567526785","cafe1","1567526785","train","train","cafe1_c04474","train","539.0","378.25","4","egg whites|olive oil|sweet potato|yam"
"dish_1567526814","cafe1","1567526814","train","train","cafe1_c04475","train","639.0","408.25","5","egg whites|watermelon|yam|sweet potato|olive oil"
"dish_1567526845","cafe1","1567526845","train","train","cafe1_c04476","dev","709.0","448.149994","6","olive oil|egg whites|watermelon|yam|sweet potato|berries"
"dish_1567526888","cafe1","1567526888","train","train","cafe1_c04477","train","816.0","479.179993","7","berries|sweet potato|olive oil|salsa|egg whites|watermelon|yam"
"dish_1567537185","cafe1","1567537185","train","train","cafe1_c04478","dev","185.0","402.981781","13","onions|vinegar|chili|green onions|beef|white rice|broccoli|soy sauce|garlic|salt|olive oil|orange juice|kale"
"dish_1567537212","cafe1","1567537212","train","train","cafe1_c04479","train","238.0","432.506653","13","beef|broccoli|garlic|green onions|soy sauce|kale|onions|salt|vinegar|olive oil|white rice|orange juice|chili"
"dish_1567537252","cafe1","1567537252","train","train","cafe1_c04480","train","303.0","464.459564","15","pepper|white rice|kale|olive oil|soy sauce|chili|salt|vinegar|beef|onions|carrot|orange juice|garlic|broccoli|green onions"
"dish_1567537280","cafe1","1567537280","train","train","cafe1_c04481","train","404.0","733.018555","16","chili|onions|kale|orange juice|soy sauce|green onions|carrot|pepper|white rice|vinegar|olive oil|cheese pizza|salt|garlic|broccoli|beef"
"dish_1567537352","cafe1","1567537352","train","train","cafe1_c04482","train","73.0","50.792469","8","cucumbers|bell peppers|lettuce|cherry tomatoes|vinaigrette|olives|feta cheese|onions"
"dish_1567537387","cafe1","1567537387","train","none","cafe1_c04483","train","137.0","72.552467","9","onions|bell peppers|cucumbers|lettuce|feta cheese|cantaloupe|vinaigrette|olives|cherry tomatoes"
"dish_1567537422","cafe1","1567537422","train","train","cafe1_c04484","dev","203.0","109.319298","11","lettuce|bell peppers|broccoli|olive oil|cucumbers|onions|feta cheese|cantaloupe|vinaigrette|olives|cherry tomatoes"
"dish_1567537457","cafe1","1567537457","train","train","cafe1_c04485","train","361.0","297.765015","20","vinaigrette|pineapple|white rice|feta cheese|onions|cucumbers|olive oil|kale|lettuce|cherry tomatoes|cantaloupe|olives|chicken thighs|vinegar|lemon juice|salt|cilantro|bell peppers|broccoli|garlic"
"dish_1567538263","cafe1","1567538263","train","train","cafe1_c04486","train","56.0","70.70092","9","arugula|parsley|olive oil|lemon juice|salt|pears|pepper|garlic|chickpeas"
"dish_1567538303","cafe1","1567538303","train","train","cafe1_c04487","train","307.0","617.449158","19","green onions|pepper|chili|white rice|vinegar|lemon juice|soy sauce|orange juice|garlic|salt|beef|kale|parsley|olive oil|arugula|onions|chickpeas|broccoli|pears"
"dish_1567542778","cafe1","1567542778","train","train","cafe1_c04488","train","98.0","260.582001","1","cheese pizza"
"dish_1567542813","cafe1","1567542813","train","train","cafe1_c04489","dev","145.0","316.638611","12","white rice|garlic|cilantro|cheese pizza|olive oil|onions|chicken thighs|vinegar|kale|salt|lemon juice|pineapple"
"dish_1567542843","cafe1","1567542843","train","train","cafe1_c04490","train","216.0","471.296509","18","green onions|chili|pineapple|vinegar|onions|olive oil|garlic|salt|broccoli|beef|white rice|chicken thighs|kale|lemon juice|orange juice|cilantro|soy sauce|cheese pizza"
"dish_1567542876","cafe1","1567542876","train","train","cafe1_c04491","train","260.0","495.807739","18","white rice|soy sauce|onions|orange juice|kale|lemon juice|chili|cilantro|green onions|cheese pizza|broccoli|beef|pineapple|chicken thighs|vinegar|olive oil|garlic|salt"
"dish_1567542914","cafe1","1567542914","train","train","cafe1_c04492","train","297.0","513.996338","20","chili|pineapple|chicken thighs|white rice|pepper|soy sauce|orange juice|lemon juice|kale|olive oil|garlic|green onions|cilantro|salt|broccoli|cheese pizza|carrot|vinegar|onions|beef"
"dish_1567542953","cafe1","1567542953","train","train","cafe1_c04493","train","354.0","542.496338","20","beef|chili|white rice|pineapple|soy sauce|onions|pepper|cilantro|green onions|cheese pizza|salt|chicken thighs|kale|vinegar|lemon juice|carrot|olive oil|orange juice|garlic|broccoli"
"dish_1567542986","cafe1","1567542986","train","train","cafe1_c04494","train","498.0","605.856323","21","broccoli|cheese pizza|salt|carrot|olive oil|onions|pineapple|beef|pepper|cilantro|soy sauce|lemon juice|kale|orange juice|vinegar|caesar salad|chicken thighs|chili|white rice|green onions|garlic"
"dish_1567612954","cafe1","1567612954","train","train","cafe1_c04495","train","155.0","148.346344","2","olive oil|sweet potato"
"dish_1567612986","cafe1","1567612986","train","train","cafe1_c04496","train","524.0","340.226349","3","egg whites|sweet potato|olive oil"
"dish_1567613019","cafe1","1567613019","train","train","cafe1_c04497","train","645.0","376.526337","4","sweet potato|olive oil|watermelon|egg whites"
"dish_1567613057","cafe1","1567613057","train","train","cafe1_c04498","train","749.0","406.68631","5","olive oil|egg whites|watermelon|sweet potato|salsa"
"dish_1567625294","cafe1","1567625294","train","train","cafe1_c04499","train","32.0","51.200001","1","avocado"
"dish_1567625343","cafe1","1567625343","train","train","cafe1_c04500","train","74.0","65.480003","3","chard|avocado|kale"
"dish_1567625392","cafe1","1567625392","train","train","cafe1_c04501","train","171.0","208.233475","14","bulgur|parsley|cranberries|olive oil|mustard greens|shallots|chard|kale|arugula|lemon juice|garlic|avocado|apple|salt"
"dish_1567625434","cafe1","1567625434","train","train","cafe1_c04502","train","396.0","581.253052","18","salt|shallots|thyme|parsley|arugula|avocado|wheat berry|apple|bulgur|spinach (raw)|olive oil|mustard greens|lemon juice|kale|cranberries|chard|garlic|chicken"
"dish_1567628069","cafe1","1567628069","train","train","cafe1_c04503","train","73.0","107.433014","11","garlic|arugula|parsley|mustard greens|olive oil|cranberries|lemon juice|salt|bulgur|shallots|apple"
"dish_1567628099","cafe1","1567628099","train","train","cafe1_c04504","dev","132.0","127.493019","13","salt|chard|olive oil|mustard greens|lemon juice|cranberries|shallots|parsley|arugula|garlic|kale|apple|bulgur"
"dish_1567628157","cafe1","1567628157","train","train","cafe1_c04505","train","355.0","373.190979","17","green onions|fish|apple|arugula|onions|chard|country rice|cranberries|lemon juice|garlic|salt|parsley|kale|olive oil|mustard greens|shallots|bulgur"
"dish_1567628193","cafe1","1567628193","train","train","cafe1_c04506","train","439.0","492.683044","18","quinoa|apple|arugula|chard|onions|kale|garlic|cranberries|shallots|country rice|green onions|bulgur|fish|parsley|lemon juice|mustard greens|olive oil|salt"
"dish_1567629081","cafe1","1567629081","train","train","cafe1_c04507","train","90.0","239.309998","1","cheese pizza"
"dish_1567629106","cafe1","1567629106","train","train","cafe1_c04508","train","211.0","292.549988","2","caesar salad|cheese pizza"
"dish_1567629129","cafe1","1567629129","train","none","cafe1_c04509","train","294.0","334.049988","3","pineapple|caesar salad|cheese pizza"
"dish_1567711272","cafe1","1567711272","train","none","cafe1_c04510","dev","71.0","188.860001","1","pizza"
"dish_1567711356","cafe1","1567711356","train","none","cafe1_c04511","dev","207.0","337.362854","15","fish|corn|arugula|nopales|pizza|carrot|pepper|salt|lime|jicama|sour cream|parsley|olive oil|garlic|chive"
"dish_1567711402","cafe1","1567711402","train","none","cafe1_c04512","train","321.0","397.013336","16","pepper|sour cream|nopales|olive oil|chive|salt|fish|corn|jicama|arugula|parsley|pizza|green beans|carrot|garlic|lime"
"dish_1567714745","cafe1","1567714745","train","none","cafe1_c04513","train","32.0","8.96","1","mixed greens"
"dish_1567714780","cafe1","1567714780","train","none","cafe1_c04514","train","218.0","315.859985","2","mixed greens|chicken"
"dish_1567714813","cafe1","1567714813","train","none","cafe1_c04515","train","264.0","389.459991","3","avocado|mixed greens|chicken"
"dish_1567714839","cafe1","1567714839","train","none","cafe1_c04516","train","379.0","521.709961","4","avocado|chicken|mixed greens|olives"
"dish_1567714875","cafe1","1567714875","train","none","cafe1_c04517","train","416.0","681.06897","5","avocado|chicken|mixed greens|olives|parmesan cheese"
"dish_1567714934","cafe1","1567714934","train","none","cafe1_c04518","train","537.0","734.429993","6","parmesan cheese|caesar dressing|avocado|mixed greens|chicken|olives"
"dish_1567785130","cafe1","1567785130","train","train","cafe1_c04519","train","59.0","76.690483","5","raspberries|vinaigrette|granola|blackberries|mixed greens"
"dish_1567785165","cafe1","1567785165","train","train","cafe1_c04520","train","116.0","273.112488","6","mixed greens|blackberries|raspberries|sausage|vinaigrette|granola"
"dish_1567785223","cafe1","1567785223","train","train","cafe1_c04521","train","261.0","487.712494","7","vinaigrette|raspberries|sausage|mixed greens|scrambled eggs|granola|blackberries"
"dish_1567785622","cafe1","1567785622","test","test","cafe1_c04522","test","54.0","30.779999","1","berries"
"dish_1567785654","cafe1","1567785654","test","test","cafe1_c04523","test","96.0","51.779999","2","berries|pineapple"
"dish_1567785709","cafe1","1567785709","test","test","cafe1_c04524","test","138.0","131.250626","10","radishes|berries|salt|garlic|olive oil|vinegar|cucumbers|mustard|pineapple|bell peppers"
"dish_1567785739","cafe1","1567785739","test","test","cafe1_c04525","test","177.0","168.576462","11","salt|bell peppers|garlic|cucumbers|olive oil|mustard|sweet potato|vinegar|berries|pineapple|radishes"
"dish_1567785778","cafe1","1567785778","test","test","cafe1_c04526","test","310.0","303.507507","14","pineapple|bell peppers|berries|cucumbers|salt|mustard|olive oil|garlic|greek yogurt|vinegar|radishes|milk|chia seeds|sweet potato"
"dish_1567789154","cafe1","1567789154","train","train","cafe1_c04527","train","111.0","382.506012","1","sausage"
"dish_1567789190","cafe1","1567789190","train","train","cafe1_c04528","train","177.0","507.388397","9","salt|bell peppers|garlic|olive oil|cucumbers|vinegar|mustard|sausage|radishes"
"dish_1567789230","cafe1","1567789230","train","train","cafe1_c04529","train","300.0","689.428406","10","radishes|bell peppers|olive oil|garlic|mustard|vinegar|cucumbers|sausage|scrambled eggs|salt"
"dish_1567789256","cafe1","1567789256","train","train","cafe1_c04530","train","319.0","792.218384","11","salt|garlic|bell peppers|scrambled eggs|bacon|cucumbers|olive oil|mustard|vinegar|sausage|radishes"
"dish_1567798511","cafe1","1567798511","train","none","cafe1_c04531","train","18.0","22.220085","9","vinegar|chard|arugula|pepper|blueberries|olive oil|salt|mustard|walnuts"
"dish_1567801468","cafe1","1567801468","train","train","cafe1_c04532","train","196.0","86.239998","1","caesar salad"
"dish_1567801520","cafe1","1567801520","train","train","cafe1_c04533","dev","600.0","919.097168","9","white rice|sugar|garlic|soy sauce|caesar salad|salt|bok choy|pepper|pork"
"dish_1567801716","cafe1","1567801716","train","train","cafe1_c04534","train","38.0","101.042","1","cheese pizza"
"dish_1567801748","cafe1","1567801748","train","train","cafe1_c04535","train","71.0","169.072418","9","cheese pizza|sugar|soy sauce|garlic|salt|white rice|bok choy|pepper|pork"
"dish_1567801791","cafe1","1567801791","train","train","cafe1_c04536","train","111.0","225.472412","10","salt|sugar|cheese pizza|roasted potatoes|pork|bok choy|white rice|pepper|garlic|soy sauce"
"dish_1567801830","cafe1","1567801830","train","train","cafe1_c04537","train","201.0","265.072388","11","caesar salad|cheese pizza|bok choy|sugar|garlic|soy sauce|salt|pepper|white rice|roasted potatoes|pork"
"dish_1568044496","cafe1","1568044496","train","train","cafe1_c04538","train","118.0","35.400002","1","watermelon"
"dish_1568044528","cafe1","1568044528","train","train","cafe1_c04539","train","233.0","145.463409","3","sweet potato|olive oil|watermelon"
"dish_1568044581","cafe1","1568044581","train","train","cafe1_c04540","train","696.0","386.223419","4","sweet potato|egg whites|watermelon|olive oil"
"dish_1568044634","cafe1","1568044634","train","train","cafe1_c04541","train","789.0","413.19339","5","salsa|sweet potato|olive oil|egg whites|watermelon"
"dish_1568047932","cafe1","1568047932","train","train","cafe1_c04542","train","55.0","30.639025","2","broccoli|olive oil"
"dish_1568047973","cafe1","1568047973","train","train","cafe1_c04543","dev","234.0","295.559052","3","broccoli|olive oil|scrambled eggs"
"dish_1568048018","cafe1","1568048018","train","train","cafe1_c04544","dev","287.0","496.800018","4","turkey bacon|olive oil|scrambled eggs|broccoli"
"dish_1568048053","cafe1","1568048053","train","train","cafe1_c04545","train","356.0","607.200073","5","chicken apple sausage|turkey bacon|scrambled eggs|olive oil|broccoli"
"dish_1568055963","cafe1","1568055963","train","train","cafe1_c04546","train","32.0","36.799999","1","olives"
"dish_1568055986","cafe1","1568055986","train","train","cafe1_c04547","train","76.0","54.400002","2","olives|onions"
"dish_1568056019","cafe1","1568056019","train","train","cafe1_c04548","train","131.0","64.300003","3","olives|cherry tomatoes|onions"
"dish_1568056046","cafe1","1568056046","train","train","cafe1_c04549","train","189.0","88.080002","4","olives|carrot|cherry tomatoes|onions"
"dish_1568056217","cafe1","1568056217","train","train","cafe1_c04550","train","427.0","480.779968","5","carrot|chicken|onions|cherry tomatoes|olives"
"dish_1568056258","cafe1","1568056258","train","train","cafe1_c04551","train","485.0","506.357971","6","olives|carrot|chicken|caesar dressing|cherry tomatoes|onions"
"dish_1568060414","cafe1","1568060414","train","train","cafe1_c04552","train","146.0","53.598557","13","mangos|lime|cilantro|onions|mustard greens|olive oil|arugula|cucumbers|jalapenos|lemon juice|salt|cherry tomatoes|tomatoes"
"dish_1568060461","cafe1","1568060461","train","train","cafe1_c04553","train","304.0","376.762451","19","white rice|arugula|parsley|zucchini|olive oil|cherry tomatoes|lime|salt|mangos|pork|jalapenos|rosemary|cucumbers|lemon juice|onions|mustard greens|cilantro|garlic|tomatoes"
"dish_1568060501","cafe1","1568060501","train","train","cafe1_c04554","train","413.0","548.655457","20","tomatoes|cherry tomatoes|garlic|lemon juice|cucumbers|mustard greens|olive oil|parsley|rosemary|lime|fried rice|mangos|white rice|pork|zucchini|jalapenos|arugula|onions|cilantro|salt"
"dish_1568060542","cafe1","1568060542","train","train","cafe1_c04555","dev","481.0","583.376404","22","tomatoes|brussels sprouts|pepper|white rice|pork|arugula|onions|mustard greens|garlic|salt|cherry tomatoes|rosemary|parsley|zucchini|jalapenos|lemon juice|cucumbers|olive oil|fried rice|cilantro|lime|mangos"
"dish_1568060616","cafe1","1568060616","train","train","cafe1_c04556","train","61.0","17.08","1","mixed greens"
"dish_1568060646","cafe1","1568060646","train","train","cafe1_c04557","train","97.0","31.48","2","mixed greens|onions"
"dish_1568060697","cafe1","1568060697","train","train","cafe1_c04558","train","161.0","133.880005","3","onions|avocado|mixed greens"
"dish_1568060722","cafe1","1568060722","train","train","cafe1_c04559","train","359.0","460.579987","4","avocado|mixed greens|onions|chicken"
"dish_1568060746","cafe1","1568060746","train","train","cafe1_c04560","train","395.0","778.819946","5","olive oil|mixed greens|avocado|onions|chicken"
"dish_1568061097","cafe1","1568061097","train","train","cafe1_c04561","train","55.0","146.244995","1","cheese pizza"
"dish_1568061145","cafe1","1568061145","train","train","cafe1_c04562","train","196.0","187.053268","4","cheese pizza|olive oil|squash|salt"
"dish_1568061174","cafe1","1568061174","train","train","cafe1_c04563","train","287.0","232.553268","5","pineapple|squash|salt|cheese pizza|olive oil"
"dish_1568061202","cafe1","1568061202","train","train","cafe1_c04564","train","334.0","256.551605","7","salt|pepper|brussels sprouts|olive oil|squash|pineapple|cheese pizza"
"dish_1568061234","cafe1","1568061234","train","train","cafe1_c04565","train","358.0","290.692169","8","salt|cheese pizza|olive oil|brussels sprouts|squash|pineapple|pepper|quinoa"
"dish_1568061272","cafe1","1568061272","train","train","cafe1_c04566","train","415.0","380.394043","15","quinoa|chicken breast|wheat berry|parmesan cheese|spinach (raw)|olive oil|garlic|thyme|cherry tomatoes|salt|cheese pizza|pepper|pineapple|squash|brussels sprouts"
"dish_1568061320","cafe1","1568061320","train","train","cafe1_c04567","train","491.0","535.839905","22","cherry tomatoes|white rice|squash|pork|arugula|rosemary|thyme|olive oil|brussels sprouts|cheese pizza|salt|garlic|pineapple|wheat berry|onions|spinach (raw)|parmesan cheese|zucchini|parsley|quinoa|pepper|chicken breast"
"dish_1568132484","cafe1","1568132484","train","none","cafe1_c04568","train","134.0","76.379997","1","berries"
"dish_1568132521","cafe1","1568132521","train","none","cafe1_c04569","dev","156.0","159.914001","2","berries|turkey bacon"
"dish_1568132561","cafe1","1568132561","train","none","cafe1_c04570","train","177.0","273.523987","3","berries|turkey bacon|bacon"
"dish_1568132601","cafe1","1568132601","train","none","cafe1_c04571","train","246.0","375.643982","4","berries|turkey bacon|bacon|scrambled eggs"
"dish_1568141871","cafe1","1568141871","train","none","cafe1_c04572","train","110.0","292.48999","1","cheese pizza"
"dish_1568141915","cafe1","1568141915","train","none","cafe1_c04573","train","163.0","318.543915","5","cheese pizza|salt|carrot|olive oil|pepper"
"dish_1568141951","cafe1","1568141951","train","none","cafe1_c04574","train","216.0","361.81897","9","carrot|cheese pizza|salt|caesar dressing|kale|olive oil|parmesan cheese|pepper|croutons"
"dish_1568143252","cafe1","1568143252","train","none","cafe1_c04575","train","91.0","106.020744","9","olive oil|mustard|cucumbers|onions|garlic|salt|vinegar|spinach (raw)|sun dried tomatoes"
"dish_1568143288","cafe1","1568143288","train","none","cafe1_c04576","train","157.0","129.120743","10","sun dried tomatoes|salt|garlic|broccoli|onions|olive oil|mustard|vinegar|spinach (raw)|cucumbers"
"dish_1568143326","cafe1","1568143326","train","none","cafe1_c04577","train","230.0","306.131805","18","sun dried tomatoes|jalapenos|tatsoi|spinach (raw)|mustard|onions|vinegar|salt|broccoli|shallots|steak|brown rice|cucumbers|lemon juice|parsley|olive oil|garlic|cilantro"
"dish_1568143362","cafe1","1568143362","train","none","cafe1_c04578","train","323.0","553.511841","19","shallots|steak|vinegar|tatsoi|onions|mustard|cucumbers|lemon juice|spinach (raw)|broccoli|salt|cilantro|garlic|olive oil|pizza|parsley|jalapenos|brown rice|sun dried tomatoes"
"dish_1568143527","cafe1","1568143527","train","none","cafe1_c04579","train","45.0","119.654999","1","cheese pizza"
"dish_1568143572","cafe1","1568143572","train","none","cafe1_c04580","train","128.0","187.42543","5","kale|cheese pizza|parmesan cheese|caesar dressing|croutons"
"dish_1568143612","cafe1","1568143612","train","none","cafe1_c04581","train","166.0","200.725418","6","caesar dressing|croutons|kale|cheese pizza|parmesan cheese|broccoli"
"dish_1568144612","cafe1","1568144612","train","none","cafe1_c04582","train","78.0","27.299999","1","broccoli"
"dish_1568144643","cafe1","1568144643","train","none","cafe1_c04583","train","212.0","352.224365","13","garlic|vinegar|broccoli|salt|olive oil|lemon juice|tatsoi|parsley|brown rice|steak|jalapenos|shallots|cilantro"
"dish_1568144688","cafe1","1568144688","train","none","cafe1_c04584","train","343.0","504.847656","18","vinegar|brown rice|garlic|mustard|lemon juice|tatsoi|jalapenos|spinach (raw)|steak|sun dried tomatoes|cucumbers|cilantro|salt|shallots|broccoli|parsley|onions|olive oil"
"dish_1568144774","cafe1","1568144774","train","none","cafe1_c04585","train","62.0","30.478174","4","carrot|salt|pepper|olive oil"
"dish_1568144803","cafe1","1568144803","train","none","cafe1_c04586","train","93.0","66.128174","5","salt|pepper|carrot|olive oil|olives"
"dish_1568144828","cafe1","1568144828","train","none","cafe1_c04587","train","152.0","76.748177","6","salt|pepper|carrot|olive oil|olives|cherry tomatoes"
"dish_1568144855","cafe1","1568144855","train","none","cafe1_c04588","train","212.0","100.748169","7","cherry tomatoes|salt|carrot|onions|olives|olive oil|pepper"
"dish_1568144879","cafe1","1568144879","train","none","cafe1_c04589","train","278.0","127.808182","7","cherry tomatoes|salt|carrot|onions|olives|olive oil|pepper"
"dish_1568144925","cafe1","1568144925","train","none","cafe1_c04590","train","322.0","147.212189","8","olive oil|onions|salt|carrot|olives|pepper|cherry tomatoes|caesar dressing"
"dish_1568144954","cafe1","1568144954","train","none","cafe1_c04591","train","492.0","427.712158","9","carrot|chicken|salt|onions|caesar dressing|olive oil|pepper|cherry tomatoes|olives"
"dish_1568145027","cafe1","1568145027","train","none","cafe1_c04592","train","69.0","97.290001","1","roasted potatoes"
"dish_1568145059","cafe1","1568145059","train","none","cafe1_c04593","train","112.0","112.340004","2","broccoli|roasted potatoes"
"dish_1568145100","cafe1","1568145100","train","none","cafe1_c04594","train","128.0","130.981018","11","garlic|broccoli|cucumbers|onions|mustard|olive oil|salt|vinegar|spinach (raw)|sun dried tomatoes|roasted potatoes"
"dish_1568145136","cafe1","1568145136","train","none","cafe1_c04595","dev","154.0","143.762177","13","broccoli|garlic|roasted potatoes|salt|mustard|olive oil|cucumbers|onions|carrot|spinach (raw)|vinegar|pepper|sun dried tomatoes"
"dish_1568145177","cafe1","1568145177","train","none","cafe1_c04596","train","296.0","379.179016","19","wheat berry|chicken|sun dried tomatoes|pepper|salt|mustard|lemon juice|thyme|olive oil|spinach (raw)|vinegar|carrot|roasted potatoes|parsley|garlic|broccoli|cucumbers|onions|shallots"
"dish_1568146905","cafe1","1568146905","test","none","cafe1_c04597","test","74.0","20.719999","1","mixed greens"
"dish_1568146942","cafe1","1568146942","test","none","cafe1_c04598","test","274.0","350.720001","2","chicken|mixed greens"
"dish_1568146977","cafe1","1568146977","test","none","cafe1_c04599","test","345.0","375.570007","3","mixed greens|chicken|broccoli"
"dish_1568147009","cafe1","1568147009","test","none","cafe1_c04600","test","506.0","811.880005","4","broccoli|steak|mixed greens|chicken"
"dish_1568147044","cafe1","1568147044","test","none","cafe1_c04601","test","531.0","1032.880005","5","broccoli|steak|mixed greens|chicken|olive oil"
"dish_1568217267","cafe1","1568217267","train","none","cafe1_c04602","train","39.0","73.794151","8","olive oil|cucumbers|mustard|salt|bell peppers|garlic|radishes|vinegar"
"dish_1568217325","cafe1","1568217325","train","none","cafe1_c04603","train","106.0","304.676147","9","bell peppers|garlic|salt|cucumbers|mustard|olive oil|vinegar|radishes|sausage"
"dish_1568217372","cafe1","1568217372","train","none","cafe1_c04604","train","244.0","508.916168","10","bell peppers|scrambled eggs|salt|mustard|cucumbers|olive oil|vinegar|radishes|sausage|garlic"
"dish_1568217417","cafe1","1568217417","train","none","cafe1_c04605","train","300.0","587.87616","11","salt|roasted potatoes|garlic|bell peppers|cucumbers|olive oil|mustard|vinegar|scrambled eggs|sausage|radishes"
"dish_1568217465","cafe1","1568217465","train","none","cafe1_c04606","train","367.0","607.267273","12","olive oil|radishes|vinegar|roasted potatoes|sausage|scrambled eggs|bell peppers|garlic|cucumbers|salt|mustard|squash"
"dish_1568229399","cafe1","1568229399","train","none","cafe1_c04607","train","128.0","143.805573","8","mustard|salt|garlic|radishes|spinach (raw)|vinegar|blueberries|olive oil"
"dish_1568229442","cafe1","1568229442","train","none","cafe1_c04608","dev","349.0","465.773438","18","vinegar|radishes|bell peppers|garlic|hominy|chili|salt|lime|jalapenos|blueberries|chicken thighs|spinach (raw)|parsley|tomatoes|mustard|lemon juice|cabbage|olive oil"
"dish_1568233403","cafe1","1568233403","train","none","cafe1_c04609","train","38.0","10.64","1","mixed greens"
"dish_1568233444","cafe1","1568233444","train","none","cafe1_c04610","train","68.0","275.840027","2","olive oil|mixed greens"
"dish_1568233478","cafe1","1568233478","train","none","cafe1_c04611","dev","336.0","718.040039","3","mixed greens|chicken|olive oil"
"dish_1568233509","cafe1","1568233509","train","none","cafe1_c04612","train","422.0","748.140015","4","mixed greens|chicken|broccoli|olive oil"
"dish_1568305198","cafe1","1568305198","test","test","cafe1_c04613","test","82.0","311.354004","1","turkey bacon"
"dish_1568305225","cafe1","1568305225","test","test","cafe1_c04614","test","144.0","428.667786","9","bell peppers|garlic|salt|cucumbers|mustard|olive oil|vinegar|turkey bacon|radishes"
"dish_1568305257","cafe1","1568305257","test","test","cafe1_c04615","test","420.0","837.147766","10","turkey bacon|salt|bell peppers|mustard|olive oil|cucumbers|vinegar|scrambled eggs|garlic|radishes"
"dish_1568313487","cafe1","1568313487","train","train","cafe1_c04616","train","49.0","13.72","1","mixed greens"
"dish_1568313527","cafe1","1568313527","train","train","cafe1_c04617","train","71.0","48.920002","2","mixed greens|avocado"
"dish_1568313575","cafe1","1568313575","train","train","cafe1_c04618","train","112.0","57.940002","3","mushroom|mixed greens|avocado"
"dish_1568313640","cafe1","1568313640","train","train","cafe1_c04619","train","145.0","71.139999","4","onions|mushroom|mixed greens|avocado"
"dish_1568313676","cafe1","1568313676","train","train","cafe1_c04620","train","214.0","184.990005","5","mixed greens|avocado|chicken|mushroom|onions"
"dish_1568314823","cafe1","1568314823","train","train","cafe1_c04621","train","90.0","144.0","1","avocado"
"dish_1568314857","cafe1","1568314857","train","train","cafe1_c04622","train","162.0","295.537689","10","salt|beef|millet|bok choy|avocado|vinegar|onions|shallots|spinach (cooked)|olive oil"
"dish_1568314907","cafe1","1568314907","train","train","cafe1_c04623","train","281.0","481.169434","20","vinegar|jalapenos|spinach (raw)|beef|salt|lime|olive oil|ginger|brown rice|avocado|lemon juice|cilantro|salmon|bok choy|spinach (cooked)|shallots|millet|garlic|onions|chili"
"dish_1568314951","cafe1","1568314951","train","train","cafe1_c04624","dev","325.0","496.129456","21","salt|lime|spinach (cooked)|cilantro|olive oil|onions|avocado|spinach (raw)|jalapenos|lemon juice|salmon|chili|tomatoes|shallots|garlic|ginger|brown rice|vinegar|bok choy|millet|beef"
"dish_1568315001","cafe1","1568315001","train","train","cafe1_c04625","dev","364.0","504.709412","22","salmon|millet|beef|jalapenos|mushroom|onions|lime|spinach (cooked)|shallots|salt|bok choy|avocado|vinegar|brown rice|spinach (raw)|ginger|lemon juice|tomatoes|olive oil|garlic|cilantro|chili"
"dish_1568315040","cafe1","1568315040","train","train","cafe1_c04626","dev","400.0","555.92041","23","avocado|jalapenos|spinach (raw)|brown rice|ginger|chili|garlic|spinach (cooked)|onions|salt|lime|lemon juice|quinoa|cilantro|vinegar|salmon|beef|millet|bok choy|mushroom|shallots|tomatoes|olive oil"
"dish_1568315088","cafe1","1568315088","train","train","cafe1_c04627","train","423.0","582.370361","24","garlic|cilantro|onions|avocado|olives|salmon|quinoa|lime|salt|chili|spinach (cooked)|shallots|olive oil|lemon juice|ginger|jalapenos|spinach (raw)|brown rice|vinegar|tomatoes|mushroom|bok choy|millet|beef"
"dish_1568315132","cafe1","1568315132","train","train","cafe1_c04628","train","440.0","591.265503","25","salt|quinoa|ginger|mushroom|green beans|olive oil|olives|shallots|lime|tomatoes|beef|millet|bok choy|salmon|avocado|vinegar|onions|spinach (raw)|brown rice|jalapenos|lemon juice|chili|garlic|spinach (cooked)|cilantro"
"dish_1568315177","cafe1","1568315177","train","train","cafe1_c04629","train","497.0","637.806702","29","quinoa|ginger|jalapenos|brown rice|caesar dressing|olive oil|cilantro|chili|lime|salt|millet|bok choy|parmesan cheese|avocado|spinach (raw)|green beans|mushroom|garlic|olives|salmon|lemon juice|kale|beef|vinegar|onions|croutons|spinach (cooked)|shallots|tomatoes"
"dish_1568315988","cafe1","1568315988","train","train","cafe1_c04630","train","69.0","50.370003","1","tofu"
"dish_1568316041","cafe1","1568316041","train","train","cafe1_c04631","dev","149.0","149.125931","10","arugula|chard|vinegar|tofu|olive oil|pepper|salt|walnuts|mustard|blueberries"
"dish_1568316085","cafe1","1568316085","train","train","cafe1_c04632","dev","258.0","378.53714","16","arugula|vinegar|bok choy|beef|spinach (cooked)|shallots|onions|blueberries|chard|millet|pepper|walnuts|salt|tofu|olive oil|mustard"
"dish_1568318286","cafe1","1568318286","train","train","cafe1_c04633","train","115.0","32.200001","1","mixed greens"
"dish_1568318316","cafe1","1568318316","train","train","cafe1_c04634","train","297.0","525.419983","2","mixed greens|steak"
"dish_1568318361","cafe1","1568318361","train","train","cafe1_c04635","train","341.0","540.820007","3","steak|mixed greens|broccoli"
"dish_1568318408","cafe1","1568318408","train","train","cafe1_c04636","train","563.0","907.119995","4","mixed greens|chicken|broccoli|steak"
"dish_1568318480","cafe1","1568318480","train","train","cafe1_c04637","dev","587.0","1119.280029","5","mixed greens|chicken|olive oil|steak|broccoli"
"dish_1568319725","cafe1","1568319725","train","train","cafe1_c04638","train","59.0","111.637299","8","olive oil|mustard|cucumbers|salt|garlic|bell peppers|radishes|vinegar"
"dish_1568319769","cafe1","1568319769","train","train","cafe1_c04639","train","151.0","356.3573","9","garlic|vinegar|radishes|olive oil|pizza|mustard|salt|cucumbers|bell peppers"
"dish_1568319838","cafe1","1568319838","train","train","cafe1_c04640","train","312.0","607.506165","20","onions|pizza|mustard|bell peppers|lemon juice|cilantro|salt|salmon|vinegar|spinach (raw)|jalapenos|cucumbers|olive oil|ginger|lime|garlic|shallots|chili|radishes|brown rice"
"dish_1568319899","cafe1","1568319899","train","train","cafe1_c04641","train","377.0","627.65625","21","pizza|shallots|olive oil|bell peppers|lemon juice|cilantro|lime|salmon|green beans|vinegar|spinach (raw)|mustard|cucumbers|onions|jalapenos|garlic|salt|chili|radishes|ginger|brown rice"
"dish_1568320296","cafe1","1568320296","train","train","cafe1_c04642","dev","85.0","226.014999","1","cheese pizza"
"dish_1568320338","cafe1","1568320338","train","train","cafe1_c04643","train","163.0","390.180786","10","olive oil|onions|cheese pizza|millet|spinach (cooked)|shallots|salt|bok choy|beef|vinegar"
"dish_1568320383","cafe1","1568320383","train","train","cafe1_c04644","train","196.0","437.124115","11","vinegar|beef|bok choy|shallots|millet|spinach (cooked)|quinoa|cheese pizza|salt|onions|olive oil"
"dish_1568320427","cafe1","1568320427","train","train","cafe1_c04645","dev","240.0","450.764099","12","olive oil|onions|cheese pizza|spinach (cooked)|shallots|salt|bok choy|millet|beef|vinegar|quinoa|green beans"
"dish_1568320470","cafe1","1568320470","train","train","cafe1_c04646","train","341.0","521.038635","19","vinegar|feta cheese|olive oil|vinaigrette|spinach (cooked)|olives|lettuce|beef|quinoa|bok choy|millet|cherry tomatoes|cucumbers|onions|shallots|salt|cheese pizza|bell peppers|green beans"
"dish_1568400935","cafe1","1568400935","train","train","cafe1_c04647","train","42.0","11.76","1","mixed greens"
"dish_1568400967","cafe1","1568400967","train","train","cafe1_c04648","train","113.0","36.610001","2","broccoli|mixed greens"
"dish_1568401018","cafe1","1568401018","train","train","cafe1_c04649","train","447.0","587.709961","3","broccoli|chicken|mixed greens"
"dish_1568401064","cafe1","1568401064","train","train","cafe1_c04650","train","572.0","787.709961","4","broccoli|mixed greens|chicken|avocado"
"dish_1568401090","cafe1","1568401090","train","train","cafe1_c04651","train","614.0","1158.98999","5","broccoli|mixed greens|avocado|olive oil|chicken"
"dish_1568401167","cafe1","1568401167","test","test","cafe1_c04652","test","228.0","426.360016","1","tuna salad"
"dish_1568401199","cafe1","1568401199","test","test","cafe1_c04653","test","343.0","459.643372","4","tuna salad|squash|olive oil|salt"
"dish_1568401233","cafe1","1568401233","test","test","cafe1_c04654","test","418.0","490.393372","5","salt|squash|carrot|tuna salad|olive oil"
"dish_1568401261","cafe1","1568401261","test","test","cafe1_c04655","test","443.0","530.393372","6","salt|squash|carrot|avocado|tuna salad|olive oil"
"dish_1568401302","cafe1","1568401302","test","test","cafe1_c04656","test","561.0","716.47937","7","fried rice|salt|squash|carrot|avocado|olive oil|tuna salad"
"dish_1568404850","cafe1","1568404850","train","train","cafe1_c04657","train","100.0","157.699997","1","fried rice"
"dish_1568404889","cafe1","1568404889","train","train","cafe1_c04658","train","219.0","247.288361","11","olive oil|vinegar|radishes|soy sauce|carrot|fried rice|mixed greens|garlic|green onions|cabbage|rice noodles"
"dish_1568405183","cafe1","1568405183","train","train","cafe1_c04659","train","64.0","72.402832","9","salt|tomatoes|garlic|mustard|cucumbers|olive oil|mustard greens|spinach (raw)|vinegar"
"dish_1568405214","cafe1","1568405214","train","train","cafe1_c04660","train","152.0","144.255814","13","mustard greens|olive oil|cucumbers|kale|tomatoes|salt|garlic|caesar dressing|croutons|vinegar|spinach (raw)|parmesan cheese|mustard"
"dish_1568405273","cafe1","1568405273","train","train","cafe1_c04661","train","288.0","386.199768","18","tomatoes|salmon|vinegar|cucumbers|kale|mustard|thyme|pepper|salt|brown rice|parmesan cheese|spinach (raw)|arugula|mustard greens|caesar dressing|olive oil|garlic|croutons"
"dish_1568405306","cafe1","1568405306","train","train","cafe1_c04662","train","336.0","421.239746","19","garlic|kale|mustard greens|caesar dressing|spinach (raw)|vinegar|salmon|croutons|tomatoes|salt|cucumbers|olive oil|mustard|thyme|arugula|parmesan cheese|brown rice|tofu|pepper"
"dish_1568405405","cafe1","1568405405","train","train","cafe1_c04663","dev","74.0","83.715767","9","tomatoes|garlic|olive oil|mustard greens|cucumbers|mustard|vinegar|spinach (raw)|salt"
"dish_1568405430","cafe1","1568405430","train","train","cafe1_c04664","train","121.0","119.099396","16","green onions|rice noodles|cucumbers|spinach (raw)|tomatoes|olive oil|garlic|mustard greens|carrot|salt|radishes|mixed greens|mustard|vinegar|cabbage|soy sauce"
"dish_1568405466","cafe1","1568405466","train","train","cafe1_c04665","dev","189.0","153.099411","17","radishes|olive oil|cucumbers|rice noodles|tomatoes|carrot|mixed greens|soy sauce|green onions|pineapple|vinegar|spinach (raw)|cabbage|mustard greens|mustard|salt|garlic"
"dish_1568405499","cafe1","1568405499","train","train","cafe1_c04666","train","419.0","562.269348","22","radishes|pepper|vinegar|arugula|cabbage|brown rice|mustard greens|thyme|tomatoes|carrot|salt|salmon|pineapple|spinach (raw)|cucumbers|mustard|olive oil|rice noodles|mixed greens|garlic|soy sauce|green onions"
"dish_1568649312","cafe1","1568649312","train","train","cafe1_c04667","train","78.0","44.459999","1","berries"
"dish_1568649354","cafe1","1568649354","train","train","cafe1_c04668","dev","129.0","72.870728","3","broccoli|berries|olive oil"
"dish_1568649387","cafe1","1568649387","train","train","cafe1_c04669","train","192.0","163.858185","5","olive oil|sweet potato|broccoli|berries|yam"
"dish_1568649430","cafe1","1568649430","train","train","cafe1_c04670","dev","327.0","363.658203","6","broccoli|berries|yam|sweet potato|olive oil|scrambled eggs"
"dish_1568660810","cafe1","1568660810","train","train","cafe1_c04671","dev","47.0","132.539993","1","pepperoni pizza"
"dish_1568664931","cafe1","1568664931","train","train","cafe1_c04672","train","60.0","67.877647","9","tomatoes|vinegar|spinach (raw)|mustard|olive oil|cucumbers|mustard greens|garlic|salt"
"dish_1568664972","cafe1","1568664972","train","train","cafe1_c04673","train","221.0","303.422241","15","vinegar|garlic|jalapenos|bell peppers|mustard|mustard greens|olive oil|tomatoes|pepper|chicken|millet|spinach (raw)|cucumbers|onions|salt"
"dish_1568665012","cafe1","1568665012","train","train","cafe1_c04674","dev","268.0","327.420563","16","garlic|salt|tomatoes|onions|brussels sprouts|jalapenos|spinach (raw)|millet|chicken|bell peppers|cucumbers|mustard|olive oil|mustard greens|vinegar|pepper"
"dish_1568665052","cafe1","1568665052","train","train","cafe1_c04675","train","331.0","345.654053","17","jalapenos|spinach (raw)|squash|brussels sprouts|onions|cucumbers|mustard|garlic|salt|bell peppers|millet|pepper|vinegar|mustard greens|olive oil|tomatoes|chicken"
"dish_1568665935","cafe1","1568665935","train","train","cafe1_c04676","dev","58.0","154.222","1","cheese pizza"
"dish_1568665970","cafe1","1568665970","train","train","cafe1_c04677","train","167.0","202.182007","2","cheese pizza|caesar salad"
"dish_1568666000","cafe1","1568666000","train","train","cafe1_c04678","dev","197.0","209.934982","10","cucumbers|lemon juice|parsley|pepper|salt|cheese pizza|caesar salad|garlic|tatsoi|kale"
"dish_1568666032","cafe1","1568666032","train","train","cafe1_c04679","train","220.0","243.584183","18","tomatoes|pepper|millet|spinach (raw)|kale|bell peppers|caesar salad|tatsoi|cheese pizza|chicken|olive oil|jalapenos|cucumbers|lemon juice|parsley|onions|garlic|salt"
"dish_1568666061","cafe1","1568666061","train","train","cafe1_c04680","train","253.0","260.434052","19","garlic|jalapenos|tatsoi|cucumbers|parsley|bell peppers|salt|caesar salad|kale|millet|pepper|chicken|spinach (raw)|olive oil|brussels sprouts|lemon juice|cheese pizza|tomatoes|onions"
"dish_1568666089","cafe1","1568666089","train","train","cafe1_c04681","train","335.0","276.424072","21","cheese pizza|bell peppers|tomatoes|zucchini|lemon juice|olive oil|chayote squash|jalapenos|spinach (raw)|millet|caesar salad|garlic|brussels sprouts|onions|salt|parsley|cucumbers|tatsoi|kale|pepper|chicken"
"dish_1568666184","cafe1","1568666184","train","train","cafe1_c04682","train","190.0","28.500002","1","lettuce"
"dish_1568666230","cafe1","1568666230","train","train","cafe1_c04683","train","268.0","55.800003","2","lettuce|broccoli"
"dish_1568666263","cafe1","1568666263","train","train","cafe1_c04684","train","348.0","93.400002","3","lettuce|broccoli|artichokes"
"dish_1568666303","cafe1","1568666303","train","train","cafe1_c04685","train","560.0","443.199982","4","artichokes|chicken|lettuce|broccoli"
"dish_1568666329","cafe1","1568666329","train","train","cafe1_c04686","train","594.0","743.76001","5","artichokes|olive oil|lettuce|broccoli|chicken"
"dish_1568666357","cafe1","1568666357","train","train","cafe1_c04687","train","603.0","751.679993","6","chicken|artichokes|lettuce|broccoli||olive oil"
"dish_1571931457","cafe2","1571931457","no_rgb_split","none","cafe2_c00001","no_rgb_split","44.0","0.0","1","sausage"
"dish_1571931482","cafe2","1571931482","no_rgb_split","none","cafe2_c00002","no_rgb_split","337.0","0.0","3","sausage|egg whites|salsa"
"dish_1571931594","cafe2","1571931594","no_rgb_split","none","cafe2_c00003","no_rgb_split","66.0","0.0","1","roasted potatoes"
"dish_1571931623","cafe2","1571931623","no_rgb_split","none","cafe2_c00004","no_rgb_split","151.0","0.0","2","sausage|roasted potatoes"
"dish_1571931648","cafe2","1571931648","no_rgb_split","none","cafe2_c00005","no_rgb_split","231.0","0.0","3","sausage|egg whites|roasted potatoes"
"dish_1571931678","cafe2","1571931678","no_rgb_split","none","cafe2_c00006","no_rgb_split","351.0","0.0","4","scrambled eggs|sausage|egg whites|roasted potatoes"
"dish_1571931763","cafe2","1571931763","no_rgb_split","none","cafe2_c00007","no_rgb_split","70.0","0.0","1","scrambled eggs"
"dish_1571931782","cafe2","1571931782","no_rgb_split","none","cafe2_c00007","no_rgb_split","104.0","0.0","2","scrambled eggs|roasted potatoes"
"dish_1571931809","cafe2","1571931809","no_rgb_split","none","cafe2_c00008","no_rgb_split","139.0","0.0","3","strawberries|scrambled eggs|roasted potatoes"
"dish_1571932341","cafe2","1571932341","no_rgb_split","none","cafe2_c00009","no_rgb_split","45.0","0.0","1","sausage"
"dish_1571932375","cafe2","1571932375","no_rgb_split","none","cafe2_c00010","no_rgb_split","117.0","0.0","2","sausage|roasted potatoes"
"dish_1571932398","cafe2","1571932398","no_rgb_split","none","cafe2_c00011","no_rgb_split","220.0","0.0","3","scrambled eggs|sausage|roasted potatoes"
"dish_1571932448","cafe2","1571932448","no_rgb_split","none","cafe2_c00012","no_rgb_split","334.0","0.0","1","oatmeal"
"dish_1571934124","cafe2","1571934124","no_rgb_split","none","cafe2_c00013","no_rgb_split","98.0","0.0","1","roasted potatoes"
"dish_1571934154","cafe2","1571934154","no_rgb_split","none","cafe2_c00014","no_rgb_split","288.0","0.0","3","scrambled eggs|roasted potatoes|salsa"
"dish_1571934465","cafe2","1571934465","no_rgb_split","none","cafe2_c00015","no_rgb_split","232.0","0.0","1","strawberries"
"dish_1571934494","cafe2","1571934494","no_rgb_split","none","cafe2_c00016","no_rgb_split","232.0","0.0","1","egg whites"
"dish_1571935085","cafe2","1571935085","no_rgb_split","none","cafe2_c00017","no_rgb_split","85.0","0.0","7","brown rice|tomatoes|avocado|onions|mozzarella cheese|quinoa|arugula"
"dish_1571935895","cafe2","1571935895","no_rgb_split","none","cafe2_c00018","no_rgb_split","222.0","0.0","1","oatmeal"
"dish_1571944214","cafe2","1571944214","no_rgb_split","none","cafe2_c00019","no_rgb_split","225.0","0.0","8","celery|carrot|onions|apple cider|vinegar|broth|salt|pork"
"dish_1571944238","cafe2","1571944238","no_rgb_split","none","cafe2_c00020","no_rgb_split","349.0","0.0","12","squash|celery|carrot|onions|apple cider|olive oil|vinegar|seeds|broth|salt|honey|pork"
"dish_1571944487","cafe2","1571944487","no_rgb_split","none","cafe2_c00021","no_rgb_split","130.0","0.0","1","turkey"
"dish_1571944507","cafe2","1571944507","no_rgb_split","none","cafe2_c00021","no_rgb_split","150.0","0.0","2","turkey|cucumbers"
"dish_1571944531","cafe2","1571944531","no_rgb_split","none","cafe2_c00022","no_rgb_split","253.0","0.0","7","turkey|squash|cucumbers|olive oil|seeds|salt|honey"
"dish_1571944549","cafe2","1571944549","no_rgb_split","none","cafe2_c00022","no_rgb_split","283.0","0.0","8","turkey|squash|cucumbers|olive oil|seeds|pita bread|salt|honey"
"dish_1571944571","cafe2","1571944571","no_rgb_split","none","cafe2_c00023","no_rgb_split","344.0","0.0","9","turkey|squash|cucumbers|olive oil|seeds|pita bread|salt|honey|hummus"
"dish_1571944648","cafe2","1571944648","no_rgb_split","none","cafe2_c00024","no_rgb_split","88.0","0.0","7","celery|shrimp|mayonnaise|shallots|salt|sourdough bread|lemon juice"
"dish_1571945939","cafe2","1571945939","no_rgb_split","none","cafe2_c00025","no_rgb_split","97.0","0.0","7","celery|shrimp|mayonnaise|shallots|salt|sourdough bread|lemon juice"
"dish_1571946018","cafe2","1571946018","no_rgb_split","none","cafe2_c00026","no_rgb_split","97.0","0.0","7","onions|olive oil|mozzarella cheese|salt|eggplant||"
"dish_1571946063","cafe2","1571946063","no_rgb_split","none","cafe2_c00027","no_rgb_split","218.0","0.0","13","celery|shrimp|onions|mayonnaise|shallots|olive oil|mozzarella cheese|salt|sourdough bread|eggplant|lemon juice||"
"dish_1571946265","cafe2","1571946265","no_rgb_split","none","cafe2_c00028","no_rgb_split","86.0","0.0","7","onions|olive oil|mozzarella cheese|salt|eggplant||"
"dish_1571946303","cafe2","1571946303","no_rgb_split","none","cafe2_c00029","no_rgb_split","189.0","0.0","13","celery|carrot|onions|apple cider|olive oil|vinegar|mozzarella cheese|broth|salt|eggplant|pork||"
"dish_1571946737","cafe2","1571946737","no_rgb_split","none","cafe2_c00030","no_rgb_split","145.0","0.0","8","celery|carrot|onions|apple cider|vinegar|broth|salt|pork"
"dish_1571946767","cafe2","1571946767","no_rgb_split","none","cafe2_c00031","no_rgb_split","195.0","0.0","17","celery|carrot|orange|radishes|onions|apple cider|olive oil|vinegar|broth|salt|goat cheese|pork|beets|pistachios|arugula|lemon juice|"
"dish_1572021459","cafe2","1572021459","no_rgb_split","none","cafe2_c00032","no_rgb_split","108.0","0.0","1","omelets"
"dish_1572021481","cafe2","1572021481","no_rgb_split","none","cafe2_c00033","no_rgb_split","140.0","0.0","5","carrot|olive oil|omelets|salt|greek yogurt"
"dish_1572021506","cafe2","1572021506","no_rgb_split","none","cafe2_c00034","no_rgb_split","193.0","0.0","6","carrot|olive oil|fried rice|omelets|salt|greek yogurt"
"dish_1572029300","cafe2","1572029300","no_rgb_split","none","cafe2_c00035","no_rgb_split","40.0","0.0","5","olive oil|mozzarella cheese|basil||"
"dish_1572031211","cafe2","1572031211","no_rgb_split","none","cafe2_c00036","no_rgb_split","80.0","0.0","5","olive oil|mozzarella cheese|basil||"
"dish_1572031254","cafe2","1572031254","no_rgb_split","none","cafe2_c00037","no_rgb_split","133.0","0.0","6","olive oil|lamb|mozzarella cheese|basil||"
"dish_1572031580","cafe2","1572031580","no_rgb_split","none","cafe2_c00038","no_rgb_split","90.0","0.0","13","tomatoes|onions|garlic|chicken thighs|chili|salt|water|cream|lemon juice|cilantro|ginger|greek yogurt|"
"dish_1572031606","cafe2","1572031606","no_rgb_split","none","cafe2_c00039","no_rgb_split","150.0","0.0","17","tomatoes|cheese|onions|garlic|chicken thighs|olive oil|chili|corn on the cob|salt|water|cream|sour cream|lemon juice|cilantro|ginger|greek yogurt|"
"dish_1572032323","cafe2","1572032323","no_rgb_split","none","cafe2_c00040","no_rgb_split","75.0","0.0","5","cheese|olive oil|corn on the cob|salt|sour cream"
"dish_1572032356","cafe2","1572032356","no_rgb_split","none","cafe2_c00041","no_rgb_split","262.0","0.0","17","tomatoes|cheese|onions|garlic|chicken thighs|olive oil|chili|corn on the cob|salt|water|cream|sour cream|lemon juice|cilantro|ginger|greek yogurt|"
"dish_1572033988","cafe2","1572033988","no_rgb_split","none","cafe2_c00042","no_rgb_split","202.0","0.0","13","tomatoes|onions|garlic|chicken thighs|chili|salt|water|cream|lemon juice|cilantro|ginger|greek yogurt|"
"dish_1572034012","cafe2","1572034012","no_rgb_split","none","cafe2_c00043","no_rgb_split","271.0","0.0","14","white rice|tomatoes|onions|garlic|chicken thighs|chili|salt|water|cream|lemon juice|cilantro|ginger|greek yogurt|"
"dish_1572035271","cafe2","1572035271","no_rgb_split","none","cafe2_c00044","no_rgb_split","53.0","0.0","5","olive oil|mozzarella cheese|basil||"
"dish_1572035321","cafe2","1572035321","no_rgb_split","none","cafe2_c00045","no_rgb_split","104.0","0.0","6","white rice|olive oil|mozzarella cheese|basil||"
"dish_1572035359","cafe2","1572035359","no_rgb_split","none","cafe2_c00046","no_rgb_split","218.0","0.0","19","white rice|tomatoes|onions|garlic|chicken thighs|olive oil|chili|mozzarella cheese|salt|water|cream|lemon juice|basil|cilantro|ginger|greek yogurt|||"
"dish_1572278894","cafe2","1572278894","no_rgb_split","none","cafe2_c00047","no_rgb_split","61.0","0.0","1","bacon"
"dish_1572278943","cafe2","1572278943","no_rgb_split","none","cafe2_c00048","no_rgb_split","96.0","0.0","2","bacon|scrambled eggs"
"dish_1572278972","cafe2","1572278972","no_rgb_split","none","cafe2_c00049","no_rgb_split","181.0","0.0","3","bacon|scrambled eggs|spinach (cooked)"
"dish_1572279989","cafe2","1572279989","no_rgb_split","none","cafe2_c00050","no_rgb_split","243.0","0.0","1","strawberries"
"dish_1572280018","cafe2","1572280018","no_rgb_split","none","cafe2_c00051","no_rgb_split","261.0","0.0","2","egg whites|salsa"
"dish_1572291671","cafe2","1572291671","no_rgb_split","none","cafe2_c00052","no_rgb_split","108.0","0.0","11","chicken|tomatoes|bell peppers|spinach (raw)|onions|garlic|olive oil|salt|pepper|jalapenos|millet"
"dish_1572291695","cafe2","1572291695","no_rgb_split","none","cafe2_c00053","no_rgb_split","181.0","0.0","12","chicken|cucumbers|tomatoes|bell peppers|spinach (raw)|onions|garlic|olive oil|salt|pepper|jalapenos|millet"
"dish_1572291722","cafe2","1572291722","no_rgb_split","none","cafe2_c00054","no_rgb_split","245.0","0.0","13","chicken|cucumbers|tomatoes|bell peppers|spinach (raw)|onions|garlic|olive oil|salt|pepper|hummus|jalapenos|millet"
"dish_1572365415","cafe2","1572365415","no_rgb_split","none","cafe2_c00055","no_rgb_split","289.0","0.0","1","greek yogurt"
"dish_1572365610","cafe2","1572365610","no_rgb_split","none","cafe2_c00056","no_rgb_split","167.0","0.0","1","roasted potatoes"
"dish_1572376754","cafe2","1572376754","no_rgb_split","none","cafe2_c00057","no_rgb_split","60.0","0.0","1","cucumbers"
"dish_1572376778","cafe2","1572376778","no_rgb_split","none","cafe2_c00058","no_rgb_split","120.0","0.0","2","cucumbers|hummus"
"dish_1572376802","cafe2","1572376802","no_rgb_split","none","cafe2_c00059","no_rgb_split","150.0","0.0","3","cucumbers|cheddar cheese|hummus"
"dish_1572379407","cafe2","1572379407","no_rgb_split","none","cafe2_c00060","no_rgb_split","124.0","0.0","1","chili"
"dish_1572453675","cafe2","1572453675","no_rgb_split","none","cafe2_c00061","no_rgb_split","38.0","0.0","1","sausage"
"dish_1572453701","cafe2","1572453701","no_rgb_split","none","cafe2_c00062","no_rgb_split","85.0","0.0","3","broccoli|sausage|olive oil"
"dish_1572453726","cafe2","1572453726","no_rgb_split","none","cafe2_c00063","no_rgb_split","160.0","0.0","4","hash browns|broccoli|sausage|olive oil"
"dish_1572453753","cafe2","1572453753","no_rgb_split","none","cafe2_c00064","no_rgb_split","317.0","0.0","6","scrambled eggs|hash browns|broccoli|sausage|olive oil|salsa"
"dish_1572453962","cafe2","1572453962","no_rgb_split","none","cafe2_c00065","no_rgb_split","261.0","0.0","2","egg whites|salsa"
"dish_1572454041","cafe2","1572454041","no_rgb_split","none","cafe2_c00066","no_rgb_split","233.0","0.0","1","strawberries"
"dish_1572462136","cafe2","1572462136","no_rgb_split","none","cafe2_c00067","no_rgb_split","307.0","0.0","14","brown rice|spinach (raw)|onions|garlic|shallots|olive oil|chili|salt|salmon|lime|jalapenos|lemon juice|cilantro|ginger"
"dish_1572464284","cafe2","1572464284","no_rgb_split","none","cafe2_c00068","no_rgb_split","72.0","0.0","6","leeks|olive oil|yam|salt|salsa|parsley"
"dish_1572464329","cafe2","1572464329","no_rgb_split","none","cafe2_c00069","no_rgb_split","40.0","0.0","14","brown rice|spinach (raw)|onions|garlic|shallots|olive oil|chili|salt|salmon|lime|jalapenos|lemon juice|cilantro|ginger"
"dish_1572464354","cafe2","1572464354","no_rgb_split","none","cafe2_c00070","no_rgb_split","73.0","0.0","15","brown rice|spinach (raw)|tofu|onions|garlic|shallots|olive oil|chili|salt|salmon|lime|jalapenos|lemon juice|cilantro|ginger"
"dish_1572464400","cafe2","1572464400","no_rgb_split","none","cafe2_c00071","no_rgb_split","136.0","0.0","20","brown rice|cucumbers|bell peppers|spinach (raw)|tofu|radishes|onions|garlic|mustard|shallots|olive oil|vinegar|chili|salt|salmon|lime|jalapenos|lemon juice|cilantro|ginger"
"dish_1572464692","cafe2","1572464692","no_rgb_split","none","cafe2_c00072","no_rgb_split","56.0","0.0","1","hummus"
"dish_1572464738","cafe2","1572464738","no_rgb_split","none","cafe2_c00073","no_rgb_split","188.0","0.0","2","tofu|hummus"
"dish_1572538087","cafe2","1572538087","no_rgb_split","none","cafe2_c00074","no_rgb_split","334.0","0.0","2","egg whites|salsa"
"dish_1572538461","cafe2","1572538461","no_rgb_split","none","cafe2_c00075","no_rgb_split","167.0","0.0","1","scrambled eggs"
"dish_1572540136","cafe2","1572540136","no_rgb_split","none","cafe2_c00076","no_rgb_split","46.0","0.0","1","strawberries"
"dish_1572540173","cafe2","1572540173","no_rgb_split","none","cafe2_c00077","no_rgb_split","130.0","0.0","2","strawberries|roasted potatoes"
"dish_1572540208","cafe2","1572540208","no_rgb_split","none","cafe2_c00078","no_rgb_split","198.0","0.0","3","strawberries|scrambled eggs|roasted potatoes"
"dish_1572540238","cafe2","1572540238","no_rgb_split","none","cafe2_c00079","no_rgb_split","236.0","0.0","4","strawberries|scrambled eggs|sausage|roasted potatoes"
"dish_1572540876","cafe2","1572540876","no_rgb_split","none","cafe2_c00080","no_rgb_split","65.0","0.0","1","roasted potatoes"
"dish_1572540910","cafe2","1572540910","no_rgb_split","none","cafe2_c00081","no_rgb_split","266.0","0.0","2","scrambled eggs|roasted potatoes"
"dish_1572540934","cafe2","1572540934","no_rgb_split","none","cafe2_c00082","no_rgb_split","357.0","0.0","3","scrambled eggs|sausage|roasted potatoes"
"dish_1572541487","cafe2","1572541487","no_rgb_split","none","cafe2_c00083","no_rgb_split","199.0","0.0","1","greek yogurt"
"dish_1572548822","cafe2","1572548822","no_rgb_split","none","cafe2_c00084","no_rgb_split","77.0","0.0","9","avocado|radishes|multigrain bread|olive oil|salt|jalapenos|pistachios|arugula|lemon juice"
"dish_1572548878","cafe2","1572548878","no_rgb_split","none","cafe2_c00085","no_rgb_split","105.0","0.0","18","squash|avocado|cheese|apple|radishes|coleslaw|onions|multigrain bread|olive oil|bread crumbs|eggs|salt|water|jalapenos|pistachios|flatbread|arugula|lemon juice"
"dish_1572550690","cafe2","1572550690","no_rgb_split","none","cafe2_c00086","no_rgb_split","169.0","0.0","1","spaghetti"
"dish_1572550743","cafe2","1572550743","no_rgb_split","none","cafe2_c00087","no_rgb_split","107.0","0.0","10","mixed greens|lettuce|cucumbers|onions|olive oil|vinegar|salt|pepper|lime|cherry tomatoes"
"dish_1572552638","cafe2","1572552638","no_rgb_split","none","cafe2_c00088","no_rgb_split","165.0","0.0","1","spaghetti"
"dish_1572625763","cafe2","1572625763","no_rgb_split","none","cafe2_c00089","no_rgb_split","156.0","0.0","2","scrambled eggs|salsa"
"dish_1572625810","cafe2","1572625810","no_rgb_split","none","cafe2_c00090","no_rgb_split","199.0","0.0","3","bacon|scrambled eggs|salsa"
"dish_1572625859","cafe2","1572625859","no_rgb_split","none","cafe2_c00091","no_rgb_split","250.0","0.0","4","bacon|scrambled eggs|fried rice|salsa"
"dish_1572625898","cafe2","1572625898","no_rgb_split","none","cafe2_c00092","no_rgb_split","271.0","0.0","5","bacon|scrambled eggs|fried rice|salsa|zucchini"
"dish_1572627130","cafe2","1572627130","no_rgb_split","none","cafe2_c00093","no_rgb_split","231.0","0.0","2","scrambled eggs|salsa"
"dish_1572627152","cafe2","1572627152","no_rgb_split","none","cafe2_c00094","no_rgb_split","276.0","0.0","3","scrambled eggs|salsa|zucchini"
"dish_1572886987","cafe2","1572886987","no_rgb_split","none","cafe2_c00095","no_rgb_split","43.0","0.0","1","hash browns"
"dish_1572887017","cafe2","1572887017","no_rgb_split","none","cafe2_c00096","no_rgb_split","274.0","0.0","3","hash browns|egg whites|salsa"
"dish_1572889151","cafe2","1572889151","no_rgb_split","none","cafe2_c00097","no_rgb_split","174.0","0.0","1","greek yogurt"
"dish_1572889747","cafe2","1572889747","no_rgb_split","none","cafe2_c00098","no_rgb_split","39.0","0.0","1","bacon"
"dish_1572901583","cafe2","1572901583","no_rgb_split","none","cafe2_c00099","no_rgb_split","143.0","0.0","12","chicken|onions|garlic|vinegar|salt|water|lime|pinto beans|cilantro|parsley|jicama|"
"dish_1572974428","cafe2","1572974428","no_rgb_split","none","cafe2_c00100","no_rgb_split","74.0","0.0","8","tomatoes|avocado|multigrain bread|olive oil|edamame|salt|sunflower seeds|pumpkin seeds"
"dish_1572984706","cafe2","1572984706","no_rgb_split","none","cafe2_c00101","no_rgb_split","118.0","0.0","5","cauliflower|olive oil|salt|jalapenos|chive"
"dish_1572984755","cafe2","1572984755","no_rgb_split","none","cafe2_c00102","no_rgb_split","247.0","0.0","15","potatoes|cauliflower|beef|leeks|snow peas|garlic|mustard|olive oil|vinegar|salt|cream|sour cream|jalapenos|chive|"
"dish_1572984792","cafe2","1572984792","no_rgb_split","none","cafe2_c00103","no_rgb_split","315.0","0.0","16","potatoes|cauliflower|beef|leeks|snow peas|garlic|mustard|olive oil|vinegar|salt|cream|sour cream|sweet potato|jalapenos|chive|"
"dish_1572988741","cafe2","1572988741","no_rgb_split","none","cafe2_c00104","no_rgb_split","54.0","0.0","5","cheese|tortilla|onions|pork|salsa"
"dish_1572988785","cafe2","1572988785","no_rgb_split","none","cafe2_c00105","no_rgb_split","107.0","0.0","6","cheese|tortilla|onions|tacos|pork|salsa"
"dish_1573060410","cafe2","1573060410","no_rgb_split","none","cafe2_c00106","no_rgb_split","152.0","0.0","5","figs|granola|grapes|chia seeds|greek yogurt"
"dish_1573072381","cafe2","1573072381","no_rgb_split","none","cafe2_c00107","no_rgb_split","60.0","0.0","5","olive oil|mozzarella cheese|basil||"
"dish_1573072410","cafe2","1573072410","no_rgb_split","none","cafe2_c00108","no_rgb_split","139.0","0.0","6","olive oil|mozzarella cheese|barley|basil||"
"dish_1573072447","cafe2","1573072447","no_rgb_split","none","cafe2_c00109","no_rgb_split","196.0","0.0","7","snow peas|olive oil|mozzarella cheese|barley|basil||"
"dish_1573072479","cafe2","1573072479","no_rgb_split","none","cafe2_c00110","no_rgb_split","396.0","0.0","20","carrot|fish|onions|leeks|snow peas|garlic|cabbage|olive oil|mozzarella cheese|salt|butter|barley|milk|lemon juice|basil|cilantro|endive|||"
"dish_1573073600","cafe2","1573073600","no_rgb_split","none","cafe2_c00111","no_rgb_split","114.0","0.0","13","carrot|fish|onions|leeks|garlic|cabbage|salt|butter|milk|lemon juice|cilantro|endive|"
"dish_1573073666","cafe2","1573073666","no_rgb_split","none","cafe2_c00112","no_rgb_split","15.0","0.0","5","broccoli|olive oil|bread crumbs|salt|jalapenos"
"dish_1573073699","cafe2","1573073699","no_rgb_split","none","cafe2_c00113","no_rgb_split","85.0","0.0","9","broccoli|olive oil|bread crumbs|mozzarella cheese|salt|jalapenos|basil||"
"dish_1573073741","cafe2","1573073741","no_rgb_split","none","cafe2_c00114","no_rgb_split","327.0","0.0","21","broccoli|carrot|fish|onions|leeks|garlic|cabbage|olive oil|bread crumbs|mozzarella cheese|salt|butter|jalapenos|milk|lemon juice|basil|cilantro|endive|||"
"dish_1573147034","cafe2","1573147034","no_rgb_split","none","cafe2_c00115","no_rgb_split","101.0","0.0","7","olives|bell peppers|almonds|multigrain bread|olive oil|eggs|salt"
"dish_1573156908","cafe2","1573156908","no_rgb_split","none","cafe2_c00116","no_rgb_split","123.0","0.0","4","squash|olive oil|salt|dates"
"dish_1573156961","cafe2","1573156961","no_rgb_split","none","cafe2_c00117","no_rgb_split","318.0","0.0","10","cauliflower|squash|pickles|coleslaw|barbecue sauce|olive oil|salt|dates|flatbread|"
"dish_1573159511","cafe2","1573159511","no_rgb_split","none","cafe2_c00118","no_rgb_split","121.0","0.0","4","squash|olive oil|salt|dates"
"dish_1573159868","cafe2","1573159868","no_rgb_split","none","cafe2_c00119","no_rgb_split","66.0","0.0","5","olive oil|mozzarella cheese|basil||"
"dish_1573159903","cafe2","1573159903","no_rgb_split","none","cafe2_c00120","no_rgb_split","180.0","0.0","8","squash|olive oil|mozzarella cheese|salt|dates|basil||"
"dish_1573161475","cafe2","1573161475","no_rgb_split","none","cafe2_c00121","no_rgb_split","91.0","0.0","7","cauliflower|pickles|coleslaw|barbecue sauce|salt|flatbread|"
"dish_1573232405","cafe2","1573232405","no_rgb_split","none","cafe2_c00122","no_rgb_split","36.0","0.0","1","bacon"
"dish_1573232434","cafe2","1573232434","no_rgb_split","none","cafe2_c00123","no_rgb_split","83.0","0.0","3","bacon|broccoli|olive oil"
"dish_1573232461","cafe2","1573232461","no_rgb_split","none","cafe2_c00124","no_rgb_split","352.0","0.0","4","bacon|scrambled eggs|broccoli|olive oil"
"dish_1573232499","cafe2","1573232499","no_rgb_split","none","cafe2_c00125","no_rgb_split","474.0","0.0","5","bacon|scrambled eggs|broccoli|olive oil|fried rice"
"dish_1573232835","cafe2","1573232835","no_rgb_split","none","cafe2_c00126","no_rgb_split","27.0","0.0","1","bacon"
"dish_1573233271","cafe2","1573233271","no_rgb_split","none","cafe2_c00127","no_rgb_split","122.0","0.0","1","omelets"
"dish_1573233324","cafe2","1573233324","no_rgb_split","none","cafe2_c00128","no_rgb_split","189.0","0.0","2","hash browns|omelets"
"dish_1573234760","cafe2","1573234760","no_rgb_split","none","cafe2_c00129","no_rgb_split","21.0","0.0","1","bacon"
"dish_1573243053","cafe2","1573243053","no_rgb_split","none","cafe2_c00130","no_rgb_split","132.0","0.0","1","dumplings"
"dish_1573491305","cafe2","1573491305","no_rgb_split","none","cafe2_c00131","no_rgb_split","70.0","0.0","1","egg whites"
"dish_1573491330","cafe2","1573491330","no_rgb_split","none","cafe2_c00132","no_rgb_split","123.0","0.0","2","strawberries|egg whites"
"dish_1573491352","cafe2","1573491352","no_rgb_split","none","cafe2_c00133","no_rgb_split","164.0","0.0","3","strawberries|hash browns|egg whites"
"dish_1573492999","cafe2","1573492999","no_rgb_split","none","cafe2_c00134","no_rgb_split","113.0","0.0","5","banana|cashews|yogurt|salt|honey"
"dish_1573503054","cafe2","1573503054","no_rgb_split","none","cafe2_c00135","no_rgb_split","128.0","0.0","1","lasagna"
"dish_1573505208","cafe2","1573505208","no_rgb_split","none","cafe2_c00136","no_rgb_split","192.0","0.0","1","lasagna"
"dish_1573506378","cafe2","1573506378","no_rgb_split","none","cafe2_c00137","no_rgb_split","78.0","0.0","12","brown rice|chicken|carrot|garlic|olive oil|salt|rosemary|chard|lemon juice|basil|parsley|chive"
"dish_1573579355","cafe2","1573579355","no_rgb_split","none","cafe2_c00138","no_rgb_split","36.0","0.0","1","bacon"
"dish_1573579406","cafe2","1573579406","no_rgb_split","none","cafe2_c00139","no_rgb_split","110.0","0.0","2","bacon|hash browns"
"dish_1573579439","cafe2","1573579439","no_rgb_split","none","cafe2_c00140","no_rgb_split","216.0","0.0","4","bacon|scrambled eggs|hash browns|salsa"
"dish_1573579470","cafe2","1573579470","no_rgb_split","none","cafe2_c00141","no_rgb_split","301.0","0.0","9","bacon|cauliflower|scrambled eggs|hash browns|olive oil|salt|jalapenos|salsa|chive"
"dish_1573579635","cafe2","1573579635","no_rgb_split","none","cafe2_c00142","no_rgb_split","54.0","0.0","5","bread|lemon|butter|jams|cream cheese"
"dish_1573665025","cafe2","1573665025","no_rgb_split","none","cafe2_c00143","no_rgb_split","177.0","0.0","1","scrambled eggs"
"dish_1573665056","cafe2","1573665056","no_rgb_split","none","cafe2_c00144","no_rgb_split","277.0","0.0","2","scrambled eggs|sausage"
"dish_1573665080","cafe2","1573665080","no_rgb_split","none","cafe2_c00145","no_rgb_split","340.0","0.0","3","scrambled eggs|hash browns|sausage"
"dish_1573666680","cafe2","1573666680","no_rgb_split","none","cafe2_c00146","no_rgb_split","125.0","0.0","7","hash browns|bell peppers|spinach (raw)|mushroom|eggs|salt|"
"dish_1573679065","cafe2","1573679065","no_rgb_split","none","cafe2_c00147","no_rgb_split","90.0","0.0","10","white rice|onions|garlic|olive oil|salt|pork|zucchini|arugula|rosemary|parsley"
"dish_1573679099","cafe2","1573679099","no_rgb_split","none","cafe2_c00148","no_rgb_split","127.0","0.0","11","white rice|onions|garlic|olive oil|salt|pork|zucchini|arugula|rosemary|parsley|bok choy"
"dish_1573679123","cafe2","1573679123","no_rgb_split","none","cafe2_c00149","no_rgb_split","152.0","0.0","12","white rice|onions|garlic|olive oil|salt|lentils|pork|zucchini|arugula|rosemary|parsley|bok choy"
"dish_1573760161","cafe2","1573760161","no_rgb_split","none","cafe2_c00150","no_rgb_split","48.0","0.0","5","broccoli|olive oil|bread crumbs|salt|jalapenos"
"dish_1573760187","cafe2","1573760187","no_rgb_split","none","cafe2_c00151","no_rgb_split","388.0","0.0","8","broccoli|brisket|olive oil|bread crumbs|mashed potatoes|salt|butter|jalapenos"
"dish_1573762582","cafe2","1573762582","no_rgb_split","none","cafe2_c00152","no_rgb_split","425.0","0.0","3","brisket|mashed potatoes|butter"
"dish_1573762622","cafe2","1573762622","no_rgb_split","none","cafe2_c00153","no_rgb_split","477.0","0.0","8","brisket|olive oil|mozzarella cheese|mashed potatoes|butter|basil||"
"dish_1573763118","cafe2","1573763118","no_rgb_split","none","cafe2_c00154","no_rgb_split","167.0","0.0","3","brisket|mashed potatoes|butter"
"dish_1573763139","cafe2","1573763139","no_rgb_split","none","cafe2_c00155","no_rgb_split","216.0","0.0","8","broccoli|brisket|olive oil|bread crumbs|mashed potatoes|salt|butter|jalapenos"
"dish_1573764136","cafe2","1573764136","no_rgb_split","none","cafe2_c00156","no_rgb_split","211.0","0.0","4","mashed potatoes|butter|chard|celery root"
"dish_1573764183","cafe2","1573764183","no_rgb_split","none","cafe2_c00157","no_rgb_split","271.0","0.0","9","broccoli|olive oil|bread crumbs|mashed potatoes|salt|butter|jalapenos|chard|celery root"
"dish_1573848236","cafe2","1573848236","no_rgb_split","none","cafe2_c00158","no_rgb_split","41.0","0.0","5","olive oil|mozzarella cheese|basil||"
"dish_1573848859","cafe2","1573848859","no_rgb_split","none","cafe2_c00159","no_rgb_split","277.0","0.0","1","curries"
"dish_1573849852","cafe2","1573849852","no_rgb_split","none","cafe2_c00160","no_rgb_split","182.0","0.0","1","dumplings"
"dish_1573849915","cafe2","1573849915","no_rgb_split","none","cafe2_c00161","no_rgb_split","239.0","0.0","2","dumplings|spinach (cooked)"
"dish_1573849990","cafe2","1573849990","no_rgb_split","none","cafe2_c00162","no_rgb_split","373.0","0.0","9","bacon|onions|olive oil|dumplings|goat cheese|grapes|spinach (cooked)|chive|"
"dish_1573851578","cafe2","1573851578","no_rgb_split","none","cafe2_c00163","no_rgb_split","116.0","0.0","1","collards"
"dish_1573851615","cafe2","1573851615","no_rgb_split","none","cafe2_c00164","no_rgb_split","227.0","0.0","5","olive oil|collards|salt|cream|sweet potato"
"dish_1573851651","cafe2","1573851651","no_rgb_split","none","cafe2_c00165","no_rgb_split","420.0","0.0","9","squash|fish|olive oil|collards|salt|cream|curries|sweet potato|"
"dish_1574097565","cafe2","1574097565","no_rgb_split","none","cafe2_c00166","no_rgb_split","99.0","0.0","1","hash browns"
"dish_1574097587","cafe2","1574097587","no_rgb_split","none","cafe2_c00167","no_rgb_split","118.0","0.0","2","bacon|hash browns"
"dish_1574098164","cafe2","1574098164","no_rgb_split","none","cafe2_c00168","no_rgb_split","42.0","0.0","1","bacon"
"dish_1574098218","cafe2","1574098218","no_rgb_split","none","cafe2_c00169","no_rgb_split","116.0","0.0","3","bacon|egg whites|salsa"
"dish_1574098245","cafe2","1574098245","no_rgb_split","none","cafe2_c00170","no_rgb_split","167.0","0.0","4","strawberries|bacon|egg whites|salsa"
"dish_1574109245","cafe2","1574109245","no_rgb_split","none","cafe2_c00171","no_rgb_split","122.0","0.0","7","cauliflower|pickles|coleslaw|barbecue sauce|salt|flatbread|"
"dish_1574111587","cafe2","1574111587","no_rgb_split","none","cafe2_c00172","no_rgb_split","161.0","0.0","9","brown rice|white rice|broccoli|chicken|spinach (raw)|salt|teriyaki sauce|green onions|"
"dish_1574184971","cafe2","1574184971","no_rgb_split","none","cafe2_c00173","no_rgb_split","50.0","0.0","1","chicken apple sausage"
"dish_1574193218","cafe2","1574193218","no_rgb_split","none","cafe2_c00174","no_rgb_split","83.0","0.0","6","potatoes|steak|garlic|salt|salsa|"
"dish_1574193262","cafe2","1574193262","no_rgb_split","none","cafe2_c00175","no_rgb_split","203.0","0.0","7","potatoes|steak|carrot|garlic|salt|salsa|"
"dish_1574193316","cafe2","1574193316","no_rgb_split","none","cafe2_c00176","no_rgb_split","275.0","0.0","8","potatoes|cauliflower|steak|carrot|garlic|salt|salsa|"
"dish_1574197731","cafe2","1574197731","no_rgb_split","none","cafe2_c00177","no_rgb_split","145.0","0.0","6","potatoes|steak|garlic|salt|salsa|"
"dish_1574269354","cafe2","1574269354","no_rgb_split","none","cafe2_c00178","no_rgb_split","109.0","0.0","8","cauliflower|broccoli|avocado|kale|poached eggs|vinaigrette|sweet potato|pumpkin seeds"
"dish_1574269685","cafe2","1574269685","no_rgb_split","none","cafe2_c00179","no_rgb_split","149.0","0.0","1","hash browns"
"dish_1574280343","cafe2","1574280343","no_rgb_split","none","cafe2_c00180","no_rgb_split","71.0","0.0","1","cucumbers"
"dish_1574280383","cafe2","1574280383","no_rgb_split","none","cafe2_c00181","no_rgb_split","113.0","0.0","2","cucumbers|hummus"
"dish_1574281837","cafe2","1574281837","no_rgb_split","none","cafe2_c00182","no_rgb_split","42.0","0.0","17","cucumbers|corn|coleslaw|onions|garlic|eggs|cornmeal|salt|pepper|mangos|flatbread|zucchini|milk|cilantro|parsley|greek yogurt|"
"dish_1574357682","cafe2","1574357682","no_rgb_split","none","cafe2_c00183","no_rgb_split","68.0","0.0","1","sausage"
"dish_1574359130","cafe2","1574359130","no_rgb_split","none","cafe2_c00184","no_rgb_split","111.0","0.0","1","scrambled eggs"
"dish_1574359160","cafe2","1574359160","no_rgb_split","none","cafe2_c00185","no_rgb_split","211.0","0.0","2","scrambled eggs|crepes"
"dish_1574359199","cafe2","1574359199","no_rgb_split","none","cafe2_c00186","no_rgb_split","329.0","0.0","3","scrambled eggs|roasted potatoes|crepes"
"dish_1574369148","cafe2","1574369148","no_rgb_split","none","cafe2_c00187","no_rgb_split","68.0","0.0","1","dumplings"
"dish_1574443234","cafe2","1574443234","no_rgb_split","none","cafe2_c00188","no_rgb_split","129.0","0.0","1","hash browns"
"dish_1574443257","cafe2","1574443257","no_rgb_split","none","cafe2_c00189","no_rgb_split","160.0","0.0","2","bacon|hash browns"
"dish_1574443421","cafe2","1574443421","no_rgb_split","none","cafe2_c00190","no_rgb_split","91.0","0.0","4","banana|oats|almond milk|chia seeds"
"dish_1574444158","cafe2","1574444158","no_rgb_split","none","cafe2_c00191","no_rgb_split","162.0","0.0","2","scrambled eggs|salsa"
"dish_1574455444","cafe2","1574455444","no_rgb_split","none","cafe2_c00192","no_rgb_split","147.0","0.0","8","celery|carrot|onions|apple cider|vinegar|broth|salt|pork"
"dish_1574455483","cafe2","1574455483","no_rgb_split","none","cafe2_c00193","no_rgb_split","168.0","0.0","9","cucumbers|celery|carrot|onions|apple cider|vinegar|broth|salt|pork"
"dish_1574455517","cafe2","1574455517","no_rgb_split","none","cafe2_c00194","no_rgb_split","192.0","0.0","10","cucumbers|celery|carrot|onions|snow peas|apple cider|vinegar|broth|salt|pork"
"dish_1574702427","cafe2","1574702427","no_rgb_split","none","cafe2_c00195","no_rgb_split","114.0","0.0","1","hash browns"
"dish_1574702473","cafe2","1574702473","no_rgb_split","none","cafe2_c00196","no_rgb_split","161.0","0.0","2","bacon|hash browns"
"dish_1574711418","cafe2","1574711418","no_rgb_split","none","cafe2_c00197","no_rgb_split","55.0","0.0","5","broccoli|olive oil|bread crumbs|salt|jalapenos"
"dish_1574711451","cafe2","1574711451","no_rgb_split","none","cafe2_c00198","no_rgb_split","91.0","0.0","9","broccoli|olive oil|bread crumbs|mozzarella cheese|salt|jalapenos|basil||"
"dish_1574711517","cafe2","1574711517","no_rgb_split","none","cafe2_c00199","no_rgb_split","158.0","0.0","18","brown rice|broccoli|radishes|garlic|chicken thighs|olive oil|bread crumbs|vinegar|mozzarella cheese|salt|jalapenos|arugula|thyme|lemon juice|basil|parsley||"
"dish_1574711589","cafe2","1574711589","no_rgb_split","none","cafe2_c00200","no_rgb_split","190.0","0.0","19","brown rice|broccoli|radishes|garlic|chicken thighs|olive oil|bread crumbs|vinegar|mozzarella cheese|salt|jalapenos|spinach (cooked)|arugula|thyme|lemon juice|basil|parsley||"
"dish_1574720429","cafe2","1574720429","no_rgb_split","none","cafe2_c00201","no_rgb_split","96.0","0.0","1","chicken apple sausage"
"dish_1574728191","cafe2","1574728191","no_rgb_split","none","cafe2_c00202","no_rgb_split","145.0","0.0","5","olive oil|mozzarella cheese|basil||"
"dish_1574728229","cafe2","1574728229","no_rgb_split","none","cafe2_c00203","no_rgb_split","233.0","0.0","12","bacon|tomatoes|avocado|multigrain bread|olive oil|eggs|mozzarella cheese|salt|lemon juice|basil||"
"dish_1575307466","cafe2","1575307466","no_rgb_split","none","cafe2_c00204","no_rgb_split","82.0","0.0","5","banana|cashews|yogurt|salt|honey"
"dish_1575307819","cafe2","1575307819","no_rgb_split","none","cafe2_c00205","no_rgb_split","114.0","0.0","1","hash browns"
"dish_1575307845","cafe2","1575307845","no_rgb_split","none","cafe2_c00206","no_rgb_split","143.0","0.0","2","bacon|hash browns"
"dish_1575308389","cafe2","1575308389","no_rgb_split","none","cafe2_c00207","no_rgb_split","146.0","0.0","1","omelets"
"dish_1575393132","cafe2","1575393132","no_rgb_split","none","cafe2_c00208","no_rgb_split","162.0","0.0","8","tomatoes|avocado|multigrain bread|olive oil|edamame|salt|sunflower seeds|pumpkin seeds"
"dish_1575404926","cafe2","1575404926","no_rgb_split","none","cafe2_c00209","no_rgb_split","89.0","0.0","1","dumplings"
"dish_1575407477","cafe2","1575407477","no_rgb_split","none","cafe2_c00210","no_rgb_split","77.0","0.0","1","dumplings"
"dish_1575478635","cafe2","1575478635","no_rgb_split","none","cafe2_c00211","no_rgb_split","132.0","0.0","1","scrambled eggs"
"dish_1575478663","cafe2","1575478663","no_rgb_split","none","cafe2_c00212","no_rgb_split","220.0","0.0","2","scrambled eggs|hash browns"
"dish_1575481406","cafe2","1575481406","no_rgb_split","none","cafe2_c00213","no_rgb_split","27.0","0.0","1","sausage"
"dish_1575481443","cafe2","1575481443","no_rgb_split","none","cafe2_c00214","no_rgb_split","85.0","0.0","2","hash browns|sausage"
"dish_1575653017","cafe2","1575653017","no_rgb_split","none","cafe2_c00215","no_rgb_split","71.0","0.0","6","pears|honey|quinoa|parsley|ginger|greek yogurt"
"dish_1575664962","cafe2","1575664962","no_rgb_split","none","cafe2_c00216","no_rgb_split","82.0","0.0","11","fish|garlic|shallots|olive oil|salt|cherry tomatoes|wheat berry|chard|lemon juice|parsley|chive"
"dish_1575923584","cafe2","1575923584","no_rgb_split","none","cafe2_c00217","no_rgb_split","224.0","0.0","1","pasta"
"dish_1575923893","cafe2","1575923893","no_rgb_split","none","cafe2_c00218","no_rgb_split","115.0","0.0","1","pasta"
"dish_1575924356","cafe2","1575924356","no_rgb_split","none","cafe2_c00219","no_rgb_split","103.0","0.0","1","pasta"
"dish_1575997210","cafe2","1575997210","no_rgb_split","none","cafe2_c00220","no_rgb_split","3.0","0.0","1","grapes"
"dish_1575997241","cafe2","1575997241","no_rgb_split","none","cafe2_c00221","no_rgb_split","50.0","0.0","2","berries|grapes"
"dish_1575997268","cafe2","1575997268","no_rgb_split","none","cafe2_c00222","no_rgb_split","136.0","0.0","4","scrambled eggs|berries|grapes|salsa"
"dish_1575998399","cafe2","1575998399","no_rgb_split","none","cafe2_c00223","no_rgb_split","114.0","0.0","6","broccoli|eggs|yam|salt|lentils|"
"dish_1575999037","cafe2","1575999037","no_rgb_split","none","cafe2_c00224","no_rgb_split","156.0","0.0","2","scrambled eggs|salsa"
"dish_1576100046","cafe2","1576100046","no_rgb_split","none","cafe2_c00225","no_rgb_split","123.0","0.0","4","olive oil|salt|eggplant|pesto"
"dish_1576171118","cafe2","1576171118","no_rgb_split","none","cafe2_c00226","no_rgb_split","53.0","0.0","1","chicken apple sausage"
"dish_1576171157","cafe2","1576171157","no_rgb_split","none","cafe2_c00227","no_rgb_split","132.0","0.0","6","brussels sprouts|almonds|olive oil|chili|salt|chicken apple sausage"
"dish_1576171204","cafe2","1576171204","no_rgb_split","none","cafe2_c00228","no_rgb_split","252.0","0.0","8","scrambled eggs|brussels sprouts|almonds|olive oil|chili|salt|salsa|chicken apple sausage"
"dish_1576171237","cafe2","1576171237","no_rgb_split","none","cafe2_c00229","no_rgb_split","339.0","0.0","9","scrambled eggs|brussels sprouts|almonds|olive oil|chili|salt|roasted potatoes|salsa|chicken apple sausage"
"dish_1576183111","cafe2","1576183111","no_rgb_split","none","cafe2_c00230","no_rgb_split","34.0","0.0","5","olive oil|mozzarella cheese|basil||"
"dish_1576258613","cafe2","1576258613","no_rgb_split","none","cafe2_c00231","no_rgb_split","35.0","0.0","1","bacon"
"dish_1576258657","cafe2","1576258657","no_rgb_split","none","cafe2_c00232","no_rgb_split","168.0","0.0","3","bacon|scrambled eggs|salsa"
"dish_1576258685","cafe2","1576258685","no_rgb_split","none","cafe2_c00233","no_rgb_split","267.0","0.0","4","bacon|scrambled eggs|hash browns|salsa"
"dish_1576259732","cafe2","1576259732","no_rgb_split","none","cafe2_c00234","no_rgb_split","174.0","0.0","1","omelets"
"dish_1576259776","cafe2","1576259776","no_rgb_split","none","cafe2_c00235","no_rgb_split","203.0","0.0","2","hash browns|omelets"
